{"firmness":{"name":"hard","url":"https://pokeapi.co/api/v2/berry-firmness/3/"},"flavors":[{"flavor":{"name":"spicy","url":"https://pokeapi.co/api/v2/berry-flavor/1/"},"potency":0},{"flavor":{"name":"dry","url":"https://pokeapi.co/api/v2/berry-flavor/2/"},"potency":0},{"flavor":{"name":"sweet","url":"https://pokeapi.co/api/v2/berry-flavor/3/"},"potency":15},{"flavor":{"name":"bitter","url":"https://pokeapi.co/api/v2/berry-flavor/4/"},"potency":0},{"flavor":{"name":"sour","url":"https://pokeapi.co/api/v2/berry-flavor/5/"},"potency":0}],"growth_time":5,"id":13,"item":{"name":"mago-berry","url":"https://pokeapi.co/api/v2/item/138/"},"max_harvest":5,"name":"mago","natural_gift_power":60,"natural_gift_type":{"name":"ghost","url":"https://pokeapi.co/api/v2/type/8/"},"size":126,"smoothness":25,"soil_dryness":10}