{"firmness":{"name":"soft","url":"https://pokeapi.co/api/v2/berry-firmness/2/"},"flavors":[{"flavor":{"name":"spicy","url":"https://pokeapi.co/api/v2/berry-flavor/1/"},"potency":0},{"flavor":{"name":"dry","url":"https://pokeapi.co/api/v2/berry-flavor/2/"},"potency":0},{"flavor":{"name":"sweet","url":"https://pokeapi.co/api/v2/berry-flavor/3/"},"potency":0},{"flavor":{"name":"bitter","url":"https://pokeapi.co/api/v2/berry-flavor/4/"},"potency":0},{"flavor":{"name":"sour","url":"https://pokeapi.co/api/v2/berry-flavor/5/"},"potency":15}],"growth_time":5,"id":15,"item":{"name":"iapapa-berry","url":"https://pokeapi.co/api/v2/item/140/"},"max_harvest":5,"name":"iapapa","natural_gift_power":60,"natural_gift_type":{"name":"dark","url":"https://pokeapi.co/api/v2/type/17/"},"size":223,"smoothness":25,"soil_dryness":10}