{"firmness":{"name":"very-hard","url":"https://pokeapi.co/api/v2/berry-firmness/4/"},"flavors":[{"flavor":{"name":"spicy","url":"https://pokeapi.co/api/v2/berry-flavor/1/"},"potency":10},{"flavor":{"name":"dry","url":"https://pokeapi.co/api/v2/berry-flavor/2/"},"potency":10},{"flavor":{"name":"sweet","url":"https://pokeapi.co/api/v2/berry-flavor/3/"},"potency":0},{"flavor":{"name":"bitter","url":"https://pokeapi.co/api/v2/berry-flavor/4/"},"potency":0},{"flavor":{"name":"sour","url":"https://pokeapi.co/api/v2/berry-flavor/5/"},"potency":0}],"growth_time":2,"id":16,"item":{"name":"razz-berry","url":"https://pokeapi.co/api/v2/item/141/"},"max_harvest":10,"name":"razz","natural_gift_power":60,"natural_gift_type":{"name":"steel","url":"https://pokeapi.co/api/v2/type/9/"},"size":120,"smoothness":20,"soil_dryness":35}