{"firmness":{"name":"soft","url":"https://pokeapi.co/api/v2/berry-firmness/2/"},"flavors":[{"flavor":{"name":"spicy","url":"https://pokeapi.co/api/v2/berry-flavor/1/"},"potency":0},{"flavor":{"name":"dry","url":"https://pokeapi.co/api/v2/berry-flavor/2/"},"potency":10},{"flavor":{"name":"sweet","url":"https://pokeapi.co/api/v2/berry-flavor/3/"},"potency":10},{"flavor":{"name":"bitter","url":"https://pokeapi.co/api/v2/berry-flavor/4/"},"potency":0},{"flavor":{"name":"sour","url":"https://pokeapi.co/api/v2/berry-flavor/5/"},"potency":0}],"growth_time":2,"id":17,"item":{"name":"bluk-berry","url":"https://pokeapi.co/api/v2/item/142/"},"max_harvest":10,"name":"bluk","natural_gift_power":70,"natural_gift_type":{"name":"fire","url":"https://pokeapi.co/api/v2/type/10/"},"size":108,"smoothness":20,"soil_dryness":35}