{"firmness":{"name":"super-hard","url":"https://pokeapi.co/api/v2/berry-firmness/5/"},"flavors":[{"flavor":{"name":"spicy","url":"https://pokeapi.co/api/v2/berry-flavor/1/"},"potency":0},{"flavor":{"name":"dry","url":"https://pokeapi.co/api/v2/berry-flavor/2/"},"potency":0},{"flavor":{"name":"sweet","url":"https://pokeapi.co/api/v2/berry-flavor/3/"},"potency":0},{"flavor":{"name":"bitter","url":"https://pokeapi.co/api/v2/berry-flavor/4/"},"potency":10},{"flavor":{"name":"sour","url":"https://pokeapi.co/api/v2/berry-flavor/5/"},"potency":10}],"growth_time":2,"id":19,"item":{"name":"wepear-berry","url":"https://pokeapi.co/api/v2/item/144/"},"max_harvest":10,"name":"wepear","natural_gift_power":70,"natural_gift_type":{"name":"electric","url":"https://pokeapi.co/api/v2/type/13/"},"size":74,"smoothness":20,"soil_dryness":35}