{"firmness":{"name":"super-hard","url":"https://pokeapi.co/api/v2/berry-firmness/5/"},"flavors":[{"flavor":{"name":"spicy","url":"https://pokeapi.co/api/v2/berry-flavor/1/"},"potency":0},{"flavor":{"name":"dry","url":"https://pokeapi.co/api/v2/berry-flavor/2/"},"potency":10},{"flavor":{"name":"sweet","url":"https://pokeapi.co/api/v2/berry-flavor/3/"},"potency":0},{"flavor":{"name":"bitter","url":"https://pokeapi.co/api/v2/berry-flavor/4/"},"potency":0},{"flavor":{"name":"sour","url":"https://pokeapi.co/api/v2/berry-flavor/5/"},"potency":0}],"growth_time":3,"id":2,"item":{"name":"chesto-berry","url":"https://pokeapi.co/api/v2/item/127/"},"max_harvest":5,"name":"chesto","natural_gift_power":60,"natural_gift_type":{"name":"water","url":"https://pokeapi.co/api/v2/type/11/"},"size":80,"smoothness":25,"soil_dryness":15}