{"firmness":{"name":"hard","url":"https://pokeapi.co/api/v2/berry-firmness/3/"},"flavors":[{"flavor":{"name":"spicy","url":"https://pokeapi.co/api/v2/berry-flavor/1/"},"potency":10},{"flavor":{"name":"dry","url":"https://pokeapi.co/api/v2/berry-flavor/2/"},"potency":0},{"flavor":{"name":"sweet","url":"https://pokeapi.co/api/v2/berry-flavor/3/"},"potency":0},{"flavor":{"name":"bitter","url":"https://pokeapi.co/api/v2/berry-flavor/4/"},"potency":0},{"flavor":{"name":"sour","url":"https://pokeapi.co/api/v2/berry-flavor/5/"},"potency":10}],"growth_time":2,"id":20,"item":{"name":"pinap-berry","url":"https://pokeapi.co/api/v2/item/145/"},"max_harvest":10,"name":"pinap","natural_gift_power":70,"natural_gift_type":{"name":"grass","url":"https://pokeapi.co/api/v2/type/12/"},"size":80,"smoothness":20,"soil_dryness":35}