{"firmness":{"name":"very-hard","url":"https://pokeapi.co/api/v2/berry-firmness/4/"},"flavors":[{"flavor":{"name":"spicy","url":"https://pokeapi.co/api/v2/berry-flavor/1/"},"potency":10},{"flavor":{"name":"dry","url":"https://pokeapi.co/api/v2/berry-flavor/2/"},"potency":0},{"flavor":{"name":"sweet","url":"https://pokeapi.co/api/v2/berry-flavor/3/"},"potency":10},{"flavor":{"name":"bitter","url":"https://pokeapi.co/api/v2/berry-flavor/4/"},"potency":10},{"flavor":{"name":"sour","url":"https://pokeapi.co/api/v2/berry-flavor/5/"},"potency":0}],"growth_time":8,"id":21,"item":{"name":"pomeg-berry","url":"https://pokeapi.co/api/v2/item/146/"},"max_harvest":5,"name":"pomeg","natural_gift_power":70,"natural_gift_type":{"name":"ice","url":"https://pokeapi.co/api/v2/type/15/"},"size":135,"smoothness":20,"soil_dryness":8}