{"firmness":{"name":"hard","url":"https://pokeapi.co/api/v2/berry-firmness/3/"},"flavors":[{"flavor":{"name":"spicy","url":"https://pokeapi.co/api/v2/berry-flavor/1/"},"potency":0},{"flavor":{"name":"dry","url":"https://pokeapi.co/api/v2/berry-flavor/2/"},"potency":10},{"flavor":{"name":"sweet","url":"https://pokeapi.co/api/v2/berry-flavor/3/"},"potency":0},{"flavor":{"name":"bitter","url":"https://pokeapi.co/api/v2/berry-flavor/4/"},"potency":10},{"flavor":{"name":"sour","url":"https://pokeapi.co/api/v2/berry-flavor/5/"},"potency":10}],"growth_time":8,"id":22,"item":{"name":"kelpsy-berry","url":"https://pokeapi.co/api/v2/item/147/"},"max_harvest":5,"name":"kelpsy","natural_gift_power":70,"natural_gift_type":{"name":"fighting","url":"https://pokeapi.co/api/v2/type/2/"},"size":150,"smoothness":20,"soil_dryness":8}