{"firmness":{"name":"hard","url":"https://pokeapi.co/api/v2/berry-firmness/3/"},"flavors":[{"flavor":{"name":"spicy","url":"https://pokeapi.co/api/v2/berry-flavor/1/"},"potency":10},{"flavor":{"name":"dry","url":"https://pokeapi.co/api/v2/berry-flavor/2/"},"potency":0},{"flavor":{"name":"sweet","url":"https://pokeapi.co/api/v2/berry-flavor/3/"},"potency":10},{"flavor":{"name":"bitter","url":"https://pokeapi.co/api/v2/berry-flavor/4/"},"potency":0},{"flavor":{"name":"sour","url":"https://pokeapi.co/api/v2/berry-flavor/5/"},"potency":10}],"growth_time":8,"id":23,"item":{"name":"qualot-berry","url":"https://pokeapi.co/api/v2/item/148/"},"max_harvest":5,"name":"qualot","natural_gift_power":70,"natural_gift_type":{"name":"poison","url":"https://pokeapi.co/api/v2/type/4/"},"size":110,"smoothness":20,"soil_dryness":8}