{"firmness":{"name":"soft","url":"https://pokeapi.co/api/v2/berry-firmness/2/"},"flavors":[{"flavor":{"name":"spicy","url":"https://pokeapi.co/api/v2/berry-flavor/1/"},"potency":20},{"flavor":{"name":"dry","url":"https://pokeapi.co/api/v2/berry-flavor/2/"},"potency":10},{"flavor":{"name":"sweet","url":"https://pokeapi.co/api/v2/berry-flavor/3/"},"potency":0},{"flavor":{"name":"bitter","url":"https://pokeapi.co/api/v2/berry-flavor/4/"},"potency":0},{"flavor":{"name":"sour","url":"https://pokeapi.co/api/v2/berry-flavor/5/"},"potency":0}],"growth_time":8,"id":26,"item":{"name":"tamato-berry","url":"https://pokeapi.co/api/v2/item/151/"},"max_harvest":5,"name":"tamato","natural_gift_power":70,"natural_gift_type":{"name":"psychic","url":"https://pokeapi.co/api/v2/type/14/"},"size":200,"smoothness":30,"soil_dryness":8}