{"firmness":{"name":"hard","url":"https://pokeapi.co/api/v2/berry-firmness/3/"},"flavors":[{"flavor":{"name":"spicy","url":"https://pokeapi.co/api/v2/berry-flavor/1/"},"potency":0},{"flavor":{"name":"dry","url":"https://pokeapi.co/api/v2/berry-flavor/2/"},"potency":20},{"flavor":{"name":"sweet","url":"https://pokeapi.co/api/v2/berry-flavor/3/"},"potency":10},{"flavor":{"name":"bitter","url":"https://pokeapi.co/api/v2/berry-flavor/4/"},"potency":0},{"flavor":{"name":"sour","url":"https://pokeapi.co/api/v2/berry-flavor/5/"},"potency":0}],"growth_time":6,"id":27,"item":{"name":"cornn-berry","url":"https://pokeapi.co/api/v2/item/152/"},"max_harvest":10,"name":"cornn","natural_gift_power":70,"natural_gift_type":{"name":"bug","url":"https://pokeapi.co/api/v2/type/7/"},"size":75,"smoothness":30,"soil_dryness":10}