{"firmness":{"name":"soft","url":"https://pokeapi.co/api/v2/berry-firmness/2/"},"flavors":[{"flavor":{"name":"spicy","url":"https://pokeapi.co/api/v2/berry-flavor/1/"},"potency":0},{"flavor":{"name":"dry","url":"https://pokeapi.co/api/v2/berry-flavor/2/"},"potency":0},{"flavor":{"name":"sweet","url":"https://pokeapi.co/api/v2/berry-flavor/3/"},"potency":0},{"flavor":{"name":"bitter","url":"https://pokeapi.co/api/v2/berry-flavor/4/"},"potency":20},{"flavor":{"name":"sour","url":"https://pokeapi.co/api/v2/berry-flavor/5/"},"potency":10}],"growth_time":6,"id":29,"item":{"name":"rabuta-berry","url":"https://pokeapi.co/api/v2/item/154/"},"max_harvest":10,"name":"rabuta","natural_gift_power":70,"natural_gift_type":{"name":"ghost","url":"https://pokeapi.co/api/v2/type/8/"},"size":226,"smoothness":30,"soil_dryness":10}