{"firmness":{"name":"very-soft","url":"https://pokeapi.co/api/v2/berry-firmness/1/"},"flavors":[{"flavor":{"name":"spicy","url":"https://pokeapi.co/api/v2/berry-flavor/1/"},"potency":0},{"flavor":{"name":"dry","url":"https://pokeapi.co/api/v2/berry-flavor/2/"},"potency":0},{"flavor":{"name":"sweet","url":"https://pokeapi.co/api/v2/berry-flavor/3/"},"potency":10},{"flavor":{"name":"bitter","url":"https://pokeapi.co/api/v2/berry-flavor/4/"},"potency":0},{"flavor":{"name":"sour","url":"https://pokeapi.co/api/v2/berry-flavor/5/"},"potency":0}],"growth_time":3,"id":3,"item":{"name":"pecha-berry","url":"https://pokeapi.co/api/v2/item/128/"},"max_harvest":5,"name":"pecha","natural_gift_power":60,"natural_gift_type":{"name":"electric","url":"https://pokeapi.co/api/v2/type/13/"},"size":40,"smoothness":25,"soil_dryness":15}