{"firmness":{"name":"super-hard","url":"https://pokeapi.co/api/v2/berry-firmness/5/"},"flavors":[{"flavor":{"name":"spicy","url":"https://pokeapi.co/api/v2/berry-flavor/1/"},"potency":10},{"flavor":{"name":"dry","url":"https://pokeapi.co/api/v2/berry-flavor/2/"},"potency":0},{"flavor":{"name":"sweet","url":"https://pokeapi.co/api/v2/berry-flavor/3/"},"potency":0},{"flavor":{"name":"bitter","url":"https://pokeapi.co/api/v2/berry-flavor/4/"},"potency":0},{"flavor":{"name":"sour","url":"https://pokeapi.co/api/v2/berry-flavor/5/"},"potency":20}],"growth_time":6,"id":30,"item":{"name":"nomel-berry","url":"https://pokeapi.co/api/v2/item/155/"},"max_harvest":10,"name":"nomel","natural_gift_power":70,"natural_gift_type":{"name":"dragon","url":"https://pokeapi.co/api/v2/type/16/"},"size":285,"smoothness":30,"soil_dryness":10}