{"firmness":{"name":"soft","url":"https://pokeapi.co/api/v2/berry-firmness/2/"},"flavors":[{"flavor":{"name":"spicy","url":"https://pokeapi.co/api/v2/berry-flavor/1/"},"potency":30},{"flavor":{"name":"dry","url":"https://pokeapi.co/api/v2/berry-flavor/2/"},"potency":10},{"flavor":{"name":"sweet","url":"https://pokeapi.co/api/v2/berry-flavor/3/"},"potency":0},{"flavor":{"name":"bitter","url":"https://pokeapi.co/api/v2/berry-flavor/4/"},"potency":0},{"flavor":{"name":"sour","url":"https://pokeapi.co/api/v2/berry-flavor/5/"},"potency":0}],"growth_time":15,"id":31,"item":{"name":"spelon-berry","url":"https://pokeapi.co/api/v2/item/156/"},"max_harvest":15,"name":"spelon","natural_gift_power":70,"natural_gift_type":{"name":"dark","url":"https://pokeapi.co/api/v2/type/17/"},"size":133,"smoothness":35,"soil_dryness":8}