{"firmness":{"name":"very-soft","url":"https://pokeapi.co/api/v2/berry-firmness/1/"},"flavors":[{"flavor":{"name":"spicy","url":"https://pokeapi.co/api/v2/berry-flavor/1/"},"potency":0},{"flavor":{"name":"dry","url":"https://pokeapi.co/api/v2/berry-flavor/2/"},"potency":30},{"flavor":{"name":"sweet","url":"https://pokeapi.co/api/v2/berry-flavor/3/"},"potency":10},{"flavor":{"name":"bitter","url":"https://pokeapi.co/api/v2/berry-flavor/4/"},"potency":0},{"flavor":{"name":"sour","url":"https://pokeapi.co/api/v2/berry-flavor/5/"},"potency":0}],"growth_time":15,"id":32,"item":{"name":"pamtre-berry","url":"https://pokeapi.co/api/v2/item/157/"},"max_harvest":15,"name":"pamtre","natural_gift_power":70,"natural_gift_type":{"name":"steel","url":"https://pokeapi.co/api/v2/type/9/"},"size":244,"smoothness":35,"soil_dryness":8}