{"firmness":{"name":"soft","url":"https://pokeapi.co/api/v2/berry-firmness/2/"},"flavors":[{"flavor":{"name":"spicy","url":"https://pokeapi.co/api/v2/berry-flavor/1/"},"potency":0},{"flavor":{"name":"dry","url":"https://pokeapi.co/api/v2/berry-flavor/2/"},"potency":0},{"flavor":{"name":"sweet","url":"https://pokeapi.co/api/v2/berry-flavor/3/"},"potency":30},{"flavor":{"name":"bitter","url":"https://pokeapi.co/api/v2/berry-flavor/4/"},"potency":10},{"flavor":{"name":"sour","url":"https://pokeapi.co/api/v2/berry-flavor/5/"},"potency":0}],"growth_time":15,"id":33,"item":{"name":"watmel-berry","url":"https://pokeapi.co/api/v2/item/158/"},"max_harvest":15,"name":"watmel","natural_gift_power":80,"natural_gift_type":{"name":"fire","url":"https://pokeapi.co/api/v2/type/10/"},"size":250,"smoothness":35,"soil_dryness":8}