{"firmness":{"name":"hard","url":"https://pokeapi.co/api/v2/berry-firmness/3/"},"flavors":[{"flavor":{"name":"spicy","url":"https://pokeapi.co/api/v2/berry-flavor/1/"},"potency":0},{"flavor":{"name":"dry","url":"https://pokeapi.co/api/v2/berry-flavor/2/"},"potency":0},{"flavor":{"name":"sweet","url":"https://pokeapi.co/api/v2/berry-flavor/3/"},"potency":0},{"flavor":{"name":"bitter","url":"https://pokeapi.co/api/v2/berry-flavor/4/"},"potency":30},{"flavor":{"name":"sour","url":"https://pokeapi.co/api/v2/berry-flavor/5/"},"potency":10}],"growth_time":15,"id":34,"item":{"name":"durin-berry","url":"https://pokeapi.co/api/v2/item/159/"},"max_harvest":15,"name":"durin","natural_gift_power":80,"natural_gift_type":{"name":"water","url":"https://pokeapi.co/api/v2/type/11/"},"size":280,"smoothness":35,"soil_dryness":8}