{"firmness":{"name":"very-soft","url":"https://pokeapi.co/api/v2/berry-firmness/1/"},"flavors":[{"flavor":{"name":"spicy","url":"https://pokeapi.co/api/v2/berry-flavor/1/"},"potency":10},{"flavor":{"name":"dry","url":"https://pokeapi.co/api/v2/berry-flavor/2/"},"potency":0},{"flavor":{"name":"sweet","url":"https://pokeapi.co/api/v2/berry-flavor/3/"},"potency":0},{"flavor":{"name":"bitter","url":"https://pokeapi.co/api/v2/berry-flavor/4/"},"potency":0},{"flavor":{"name":"sour","url":"https://pokeapi.co/api/v2/berry-flavor/5/"},"potency":30}],"growth_time":15,"id":35,"item":{"name":"belue-berry","url":"https://pokeapi.co/api/v2/item/160/"},"max_harvest":15,"name":"belue","natural_gift_power":80,"natural_gift_type":{"name":"electric","url":"https://pokeapi.co/api/v2/type/13/"},"size":300,"smoothness":35,"soil_dryness":8}