{"firmness":{"name":"soft","url":"https://pokeapi.co/api/v2/berry-firmness/2/"},"flavors":[{"flavor":{"name":"spicy","url":"https://pokeapi.co/api/v2/berry-flavor/1/"},"potency":10},{"flavor":{"name":"dry","url":"https://pokeapi.co/api/v2/berry-flavor/2/"},"potency":0},{"flavor":{"name":"sweet","url":"https://pokeapi.co/api/v2/berry-flavor/3/"},"potency":0},{"flavor":{"name":"bitter","url":"https://pokeapi.co/api/v2/berry-flavor/4/"},"potency":15},{"flavor":{"name":"sour","url":"https://pokeapi.co/api/v2/berry-flavor/5/"},"potency":0}],"growth_time":18,"id":39,"item":{"name":"rindo-berry","url":"https://pokeapi.co/api/v2/item/164/"},"max_harvest":5,"name":"rindo","natural_gift_power":60,"natural_gift_type":{"name":"grass","url":"https://pokeapi.co/api/v2/type/12/"},"size":156,"smoothness":30,"soil_dryness":6}