{"firmness":{"name":"very-hard","url":"https://pokeapi.co/api/v2/berry-firmness/4/"},"flavors":[{"flavor":{"name":"spicy","url":"https://pokeapi.co/api/v2/berry-flavor/1/"},"potency":0},{"flavor":{"name":"dry","url":"https://pokeapi.co/api/v2/berry-flavor/2/"},"potency":10},{"flavor":{"name":"sweet","url":"https://pokeapi.co/api/v2/berry-flavor/3/"},"potency":0},{"flavor":{"name":"bitter","url":"https://pokeapi.co/api/v2/berry-flavor/4/"},"potency":0},{"flavor":{"name":"sour","url":"https://pokeapi.co/api/v2/berry-flavor/5/"},"potency":15}],"growth_time":18,"id":40,"item":{"name":"yache-berry","url":"https://pokeapi.co/api/v2/item/165/"},"max_harvest":5,"name":"yache","natural_gift_power":60,"natural_gift_type":{"name":"ice","url":"https://pokeapi.co/api/v2/type/15/"},"size":135,"smoothness":30,"soil_dryness":6}