{"firmness":{"name":"hard","url":"https://pokeapi.co/api/v2/berry-firmness/3/"},"flavors":[{"flavor":{"name":"spicy","url":"https://pokeapi.co/api/v2/berry-flavor/1/"},"potency":0},{"flavor":{"name":"dry","url":"https://pokeapi.co/api/v2/berry-flavor/2/"},"potency":15},{"flavor":{"name":"sweet","url":"https://pokeapi.co/api/v2/berry-flavor/3/"},"potency":0},{"flavor":{"name":"bitter","url":"https://pokeapi.co/api/v2/berry-flavor/4/"},"potency":0},{"flavor":{"name":"sour","url":"https://pokeapi.co/api/v2/berry-flavor/5/"},"potency":10}],"growth_time":18,"id":42,"item":{"name":"kebia-berry","url":"https://pokeapi.co/api/v2/item/167/"},"max_harvest":5,"name":"kebia","natural_gift_power":60,"natural_gift_type":{"name":"poison","url":"https://pokeapi.co/api/v2/type/4/"},"size":90,"smoothness":30,"soil_dryness":6}