{"firmness":{"name":"very-hard","url":"https://pokeapi.co/api/v2/berry-firmness/4/"},"flavors":[{"flavor":{"name":"spicy","url":"https://pokeapi.co/api/v2/berry-flavor/1/"},"potency":0},{"flavor":{"name":"dry","url":"https://pokeapi.co/api/v2/berry-flavor/2/"},"potency":10},{"flavor":{"name":"sweet","url":"https://pokeapi.co/api/v2/berry-flavor/3/"},"potency":0},{"flavor":{"name":"bitter","url":"https://pokeapi.co/api/v2/berry-flavor/4/"},"potency":15},{"flavor":{"name":"sour","url":"https://pokeapi.co/api/v2/berry-flavor/5/"},"potency":0}],"growth_time":18,"id":44,"item":{"name":"coba-berry","url":"https://pokeapi.co/api/v2/item/169/"},"max_harvest":5,"name":"coba","natural_gift_power":60,"natural_gift_type":{"name":"flying","url":"https://pokeapi.co/api/v2/type/3/"},"size":278,"smoothness":30,"soil_dryness":6}