{"firmness":{"name":"soft","url":"https://pokeapi.co/api/v2/berry-firmness/2/"},"flavors":[{"flavor":{"name":"spicy","url":"https://pokeapi.co/api/v2/berry-flavor/1/"},"potency":0},{"flavor":{"name":"dry","url":"https://pokeapi.co/api/v2/berry-flavor/2/"},"potency":0},{"flavor":{"name":"sweet","url":"https://pokeapi.co/api/v2/berry-flavor/3/"},"potency":10},{"flavor":{"name":"bitter","url":"https://pokeapi.co/api/v2/berry-flavor/4/"},"potency":0},{"flavor":{"name":"sour","url":"https://pokeapi.co/api/v2/berry-flavor/5/"},"potency":15}],"growth_time":18,"id":45,"item":{"name":"payapa-berry","url":"https://pokeapi.co/api/v2/item/170/"},"max_harvest":5,"name":"payapa","natural_gift_power":60,"natural_gift_type":{"name":"psychic","url":"https://pokeapi.co/api/v2/type/14/"},"size":252,"smoothness":30,"soil_dryness":6}