{"firmness":{"name":"very-soft","url":"https://pokeapi.co/api/v2/berry-firmness/1/"},"flavors":[{"flavor":{"name":"spicy","url":"https://pokeapi.co/api/v2/berry-flavor/1/"},"potency":20},{"flavor":{"name":"dry","url":"https://pokeapi.co/api/v2/berry-flavor/2/"},"potency":0},{"flavor":{"name":"sweet","url":"https://pokeapi.co/api/v2/berry-flavor/3/"},"potency":0},{"flavor":{"name":"bitter","url":"https://pokeapi.co/api/v2/berry-flavor/4/"},"potency":0},{"flavor":{"name":"sour","url":"https://pokeapi.co/api/v2/berry-flavor/5/"},"potency":10}],"growth_time":18,"id":46,"item":{"name":"tanga-berry","url":"https://pokeapi.co/api/v2/item/171/"},"max_harvest":5,"name":"tanga","natural_gift_power":60,"natural_gift_type":{"name":"bug","url":"https://pokeapi.co/api/v2/type/7/"},"size":42,"smoothness":35,"soil_dryness":6}