{"firmness":{"name":"hard","url":"https://pokeapi.co/api/v2/berry-firmness/3/"},"flavors":[{"flavor":{"name":"spicy","url":"https://pokeapi.co/api/v2/berry-flavor/1/"},"potency":0},{"flavor":{"name":"dry","url":"https://pokeapi.co/api/v2/berry-flavor/2/"},"potency":10},{"flavor":{"name":"sweet","url":"https://pokeapi.co/api/v2/berry-flavor/3/"},"potency":20},{"flavor":{"name":"bitter","url":"https://pokeapi.co/api/v2/berry-flavor/4/"},"potency":0},{"flavor":{"name":"sour","url":"https://pokeapi.co/api/v2/berry-flavor/5/"},"potency":0}],"growth_time":18,"id":48,"item":{"name":"kasib-berry","url":"https://pokeapi.co/api/v2/item/173/"},"max_harvest":5,"name":"kasib","natural_gift_power":60,"natural_gift_type":{"name":"ghost","url":"https://pokeapi.co/api/v2/type/8/"},"size":144,"smoothness":35,"soil_dryness":6}