{"firmness":{"name":"soft","url":"https://pokeapi.co/api/v2/berry-firmness/2/"},"flavors":[{"flavor":{"name":"spicy","url":"https://pokeapi.co/api/v2/berry-flavor/1/"},"potency":0},{"flavor":{"name":"dry","url":"https://pokeapi.co/api/v2/berry-flavor/2/"},"potency":0},{"flavor":{"name":"sweet","url":"https://pokeapi.co/api/v2/berry-flavor/3/"},"potency":10},{"flavor":{"name":"bitter","url":"https://pokeapi.co/api/v2/berry-flavor/4/"},"potency":20},{"flavor":{"name":"sour","url":"https://pokeapi.co/api/v2/berry-flavor/5/"},"potency":0}],"growth_time":18,"id":49,"item":{"name":"haban-berry","url":"https://pokeapi.co/api/v2/item/174/"},"max_harvest":5,"name":"haban","natural_gift_power":60,"natural_gift_type":{"name":"dragon","url":"https://pokeapi.co/api/v2/type/16/"},"size":23,"smoothness":35,"soil_dryness":6}