{"firmness":{"name":"super-hard","url":"https://pokeapi.co/api/v2/berry-firmness/5/"},"flavors":[{"flavor":{"name":"spicy","url":"https://pokeapi.co/api/v2/berry-flavor/1/"},"potency":0},{"flavor":{"name":"dry","url":"https://pokeapi.co/api/v2/berry-flavor/2/"},"potency":0},{"flavor":{"name":"sweet","url":"https://pokeapi.co/api/v2/berry-flavor/3/"},"potency":0},{"flavor":{"name":"bitter","url":"https://pokeapi.co/api/v2/berry-flavor/4/"},"potency":0},{"flavor":{"name":"sour","url":"https://pokeapi.co/api/v2/berry-flavor/5/"},"potency":10}],"growth_time":3,"id":5,"item":{"name":"aspear-berry","url":"https://pokeapi.co/api/v2/item/130/"},"max_harvest":5,"name":"aspear","natural_gift_power":60,"natural_gift_type":{"name":"ice","url":"https://pokeapi.co/api/v2/type/15/"},"size":50,"smoothness":25,"soil_dryness":15}