{"firmness":{"name":"super-hard","url":"https://pokeapi.co/api/v2/berry-firmness/5/"},"flavors":[{"flavor":{"name":"spicy","url":"https://pokeapi.co/api/v2/berry-flavor/1/"},"potency":0},{"flavor":{"name":"dry","url":"https://pokeapi.co/api/v2/berry-flavor/2/"},"potency":0},{"flavor":{"name":"sweet","url":"https://pokeapi.co/api/v2/berry-flavor/3/"},"potency":0},{"flavor":{"name":"bitter","url":"https://pokeapi.co/api/v2/berry-flavor/4/"},"potency":10},{"flavor":{"name":"sour","url":"https://pokeapi.co/api/v2/berry-flavor/5/"},"potency":20}],"growth_time":18,"id":50,"item":{"name":"colbur-berry","url":"https://pokeapi.co/api/v2/item/175/"},"max_harvest":5,"name":"colbur","natural_gift_power":60,"natural_gift_type":{"name":"dark","url":"https://pokeapi.co/api/v2/type/17/"},"size":39,"smoothness":35,"soil_dryness":6}