{"firmness":{"name":"very-soft","url":"https://pokeapi.co/api/v2/berry-firmness/1/"},"flavors":[{"flavor":{"name":"spicy","url":"https://pokeapi.co/api/v2/berry-flavor/1/"},"potency":0},{"flavor":{"name":"dry","url":"https://pokeapi.co/api/v2/berry-flavor/2/"},"potency":25},{"flavor":{"name":"sweet","url":"https://pokeapi.co/api/v2/berry-flavor/3/"},"potency":10},{"flavor":{"name":"bitter","url":"https://pokeapi.co/api/v2/berry-flavor/4/"},"potency":0},{"flavor":{"name":"sour","url":"https://pokeapi.co/api/v2/berry-flavor/5/"},"potency":0}],"growth_time":18,"id":52,"item":{"name":"chilan-berry","url":"https://pokeapi.co/api/v2/item/177/"},"max_harvest":5,"name":"chilan","natural_gift_power":60,"natural_gift_type":{"name":"normal","url":"https://pokeapi.co/api/v2/type/1/"},"size":34,"smoothness":35,"soil_dryness":6}