{"firmness":{"name":"very-hard","url":"https://pokeapi.co/api/v2/berry-firmness/4/"},"flavors":[{"flavor":{"name":"spicy","url":"https://pokeapi.co/api/v2/berry-flavor/1/"},"potency":0},{"flavor":{"name":"dry","url":"https://pokeapi.co/api/v2/berry-flavor/2/"},"potency":0},{"flavor":{"name":"sweet","url":"https://pokeapi.co/api/v2/berry-flavor/3/"},"potency":30},{"flavor":{"name":"bitter","url":"https://pokeapi.co/api/v2/berry-flavor/4/"},"potency":10},{"flavor":{"name":"sour","url":"https://pokeapi.co/api/v2/berry-flavor/5/"},"potency":30}],"growth_time":24,"id":55,"item":{"name":"salac-berry","url":"https://pokeapi.co/api/v2/item/180/"},"max_harvest":5,"name":"salac","natural_gift_power":80,"natural_gift_type":{"name":"fighting","url":"https://pokeapi.co/api/v2/type/2/"},"size":95,"smoothness":40,"soil_dryness":4}