{"firmness":{"name":"very-hard","url":"https://pokeapi.co/api/v2/berry-firmness/4/"},"flavors":[{"flavor":{"name":"spicy","url":"https://pokeapi.co/api/v2/berry-flavor/1/"},"potency":30},{"flavor":{"name":"dry","url":"https://pokeapi.co/api/v2/berry-flavor/2/"},"potency":0},{"flavor":{"name":"sweet","url":"https://pokeapi.co/api/v2/berry-flavor/3/"},"potency":0},{"flavor":{"name":"bitter","url":"https://pokeapi.co/api/v2/berry-flavor/4/"},"potency":30},{"flavor":{"name":"sour","url":"https://pokeapi.co/api/v2/berry-flavor/5/"},"potency":10}],"growth_time":24,"id":56,"item":{"name":"petaya-berry","url":"https://pokeapi.co/api/v2/item/181/"},"max_harvest":5,"name":"petaya","natural_gift_power":80,"natural_gift_type":{"name":"poison","url":"https://pokeapi.co/api/v2/type/4/"},"size":237,"smoothness":40,"soil_dryness":4}