{"firmness":{"name":"hard","url":"https://pokeapi.co/api/v2/berry-firmness/3/"},"flavors":[{"flavor":{"name":"spicy","url":"https://pokeapi.co/api/v2/berry-flavor/1/"},"potency":10},{"flavor":{"name":"dry","url":"https://pokeapi.co/api/v2/berry-flavor/2/"},"potency":30},{"flavor":{"name":"sweet","url":"https://pokeapi.co/api/v2/berry-flavor/3/"},"potency":0},{"flavor":{"name":"bitter","url":"https://pokeapi.co/api/v2/berry-flavor/4/"},"potency":0},{"flavor":{"name":"sour","url":"https://pokeapi.co/api/v2/berry-flavor/5/"},"potency":30}],"growth_time":24,"id":57,"item":{"name":"apicot-berry","url":"https://pokeapi.co/api/v2/item/182/"},"max_harvest":5,"name":"apicot","natural_gift_power":80,"natural_gift_type":{"name":"ground","url":"https://pokeapi.co/api/v2/type/5/"},"size":75,"smoothness":40,"soil_dryness":4}