{"firmness":{"name":"soft","url":"https://pokeapi.co/api/v2/berry-firmness/2/"},"flavors":[{"flavor":{"name":"spicy","url":"https://pokeapi.co/api/v2/berry-flavor/1/"},"potency":30},{"flavor":{"name":"dry","url":"https://pokeapi.co/api/v2/berry-flavor/2/"},"potency":10},{"flavor":{"name":"sweet","url":"https://pokeapi.co/api/v2/berry-flavor/3/"},"potency":30},{"flavor":{"name":"bitter","url":"https://pokeapi.co/api/v2/berry-flavor/4/"},"potency":10},{"flavor":{"name":"sour","url":"https://pokeapi.co/api/v2/berry-flavor/5/"},"potency":30}],"growth_time":24,"id":58,"item":{"name":"lansat-berry","url":"https://pokeapi.co/api/v2/item/183/"},"max_harvest":5,"name":"lansat","natural_gift_power":80,"natural_gift_type":{"name":"flying","url":"https://pokeapi.co/api/v2/type/3/"},"size":97,"smoothness":50,"soil_dryness":4}