{"firmness":{"name":"very-hard","url":"https://pokeapi.co/api/v2/berry-firmness/4/"},"flavors":[{"flavor":{"name":"spicy","url":"https://pokeapi.co/api/v2/berry-flavor/1/"},"potency":10},{"flavor":{"name":"dry","url":"https://pokeapi.co/api/v2/berry-flavor/2/"},"potency":0},{"flavor":{"name":"sweet","url":"https://pokeapi.co/api/v2/berry-flavor/3/"},"potency":10},{"flavor":{"name":"bitter","url":"https://pokeapi.co/api/v2/berry-flavor/4/"},"potency":10},{"flavor":{"name":"sour","url":"https://pokeapi.co/api/v2/berry-flavor/5/"},"potency":10}],"growth_time":4,"id":6,"item":{"name":"leppa-berry","url":"https://pokeapi.co/api/v2/item/131/"},"max_harvest":5,"name":"leppa","natural_gift_power":60,"natural_gift_type":{"name":"fighting","url":"https://pokeapi.co/api/v2/type/2/"},"size":28,"smoothness":20,"soil_dryness":15}