{"firmness":{"name":"hard","url":"https://pokeapi.co/api/v2/berry-firmness/3/"},"flavors":[{"flavor":{"name":"spicy","url":"https://pokeapi.co/api/v2/berry-flavor/1/"},"potency":40},{"flavor":{"name":"dry","url":"https://pokeapi.co/api/v2/berry-flavor/2/"},"potency":10},{"flavor":{"name":"sweet","url":"https://pokeapi.co/api/v2/berry-flavor/3/"},"potency":0},{"flavor":{"name":"bitter","url":"https://pokeapi.co/api/v2/berry-flavor/4/"},"potency":0},{"flavor":{"name":"sour","url":"https://pokeapi.co/api/v2/berry-flavor/5/"},"potency":0}],"growth_time":24,"id":60,"item":{"name":"enigma-berry","url":"https://pokeapi.co/api/v2/item/185/"},"max_harvest":5,"name":"enigma","natural_gift_power":80,"natural_gift_type":{"name":"bug","url":"https://pokeapi.co/api/v2/type/7/"},"size":155,"smoothness":60,"soil_dryness":7}