{"firmness":{"name":"soft","url":"https://pokeapi.co/api/v2/berry-firmness/2/"},"flavors":[{"flavor":{"name":"spicy","url":"https://pokeapi.co/api/v2/berry-flavor/1/"},"potency":0},{"flavor":{"name":"dry","url":"https://pokeapi.co/api/v2/berry-flavor/2/"},"potency":40},{"flavor":{"name":"sweet","url":"https://pokeapi.co/api/v2/berry-flavor/3/"},"potency":10},{"flavor":{"name":"bitter","url":"https://pokeapi.co/api/v2/berry-flavor/4/"},"potency":0},{"flavor":{"name":"sour","url":"https://pokeapi.co/api/v2/berry-flavor/5/"},"potency":0}],"growth_time":24,"id":61,"item":{"name":"micle-berry","url":"https://pokeapi.co/api/v2/item/186/"},"max_harvest":5,"name":"micle","natural_gift_power":80,"natural_gift_type":{"name":"rock","url":"https://pokeapi.co/api/v2/type/6/"},"size":41,"smoothness":60,"soil_dryness":7}