{"firmness":{"name":"super-hard","url":"https://pokeapi.co/api/v2/berry-firmness/5/"},"flavors":[{"flavor":{"name":"spicy","url":"https://pokeapi.co/api/v2/berry-flavor/1/"},"potency":0},{"flavor":{"name":"dry","url":"https://pokeapi.co/api/v2/berry-flavor/2/"},"potency":0},{"flavor":{"name":"sweet","url":"https://pokeapi.co/api/v2/berry-flavor/3/"},"potency":40},{"flavor":{"name":"bitter","url":"https://pokeapi.co/api/v2/berry-flavor/4/"},"potency":10},{"flavor":{"name":"sour","url":"https://pokeapi.co/api/v2/berry-flavor/5/"},"potency":0}],"growth_time":24,"id":62,"item":{"name":"custap-berry","url":"https://pokeapi.co/api/v2/item/187/"},"max_harvest":5,"name":"custap","natural_gift_power":80,"natural_gift_type":{"name":"ghost","url":"https://pokeapi.co/api/v2/type/8/"},"size":267,"smoothness":60,"soil_dryness":7}