{"firmness":{"name":"soft","url":"https://pokeapi.co/api/v2/berry-firmness/2/"},"flavors":[{"flavor":{"name":"spicy","url":"https://pokeapi.co/api/v2/berry-flavor/1/"},"potency":0},{"flavor":{"name":"dry","url":"https://pokeapi.co/api/v2/berry-flavor/2/"},"potency":0},{"flavor":{"name":"sweet","url":"https://pokeapi.co/api/v2/berry-flavor/3/"},"potency":0},{"flavor":{"name":"bitter","url":"https://pokeapi.co/api/v2/berry-flavor/4/"},"potency":40},{"flavor":{"name":"sour","url":"https://pokeapi.co/api/v2/berry-flavor/5/"},"potency":10}],"growth_time":24,"id":63,"item":{"name":"jaboca-berry","url":"https://pokeapi.co/api/v2/item/188/"},"max_harvest":5,"name":"jaboca","natural_gift_power":80,"natural_gift_type":{"name":"dragon","url":"https://pokeapi.co/api/v2/type/16/"},"size":33,"smoothness":60,"soil_dryness":7}