{"firmness":{"name":"very-soft","url":"https://pokeapi.co/api/v2/berry-firmness/1/"},"flavors":[{"flavor":{"name":"spicy","url":"https://pokeapi.co/api/v2/berry-flavor/1/"},"potency":10},{"flavor":{"name":"dry","url":"https://pokeapi.co/api/v2/berry-flavor/2/"},"potency":0},{"flavor":{"name":"sweet","url":"https://pokeapi.co/api/v2/berry-flavor/3/"},"potency":0},{"flavor":{"name":"bitter","url":"https://pokeapi.co/api/v2/berry-flavor/4/"},"potency":0},{"flavor":{"name":"sour","url":"https://pokeapi.co/api/v2/berry-flavor/5/"},"potency":40}],"growth_time":24,"id":64,"item":{"name":"rowap-berry","url":"https://pokeapi.co/api/v2/item/189/"},"max_harvest":5,"name":"rowap","natural_gift_power":80,"natural_gift_type":{"name":"dark","url":"https://pokeapi.co/api/v2/type/17/"},"size":52,"smoothness":60,"soil_dryness":7}