{"firmness":{"name":"super-hard","url":"https://pokeapi.co/api/v2/berry-firmness/5/"},"flavors":[{"flavor":{"name":"spicy","url":"https://pokeapi.co/api/v2/berry-flavor/1/"},"potency":10},{"flavor":{"name":"dry","url":"https://pokeapi.co/api/v2/berry-flavor/2/"},"potency":10},{"flavor":{"name":"sweet","url":"https://pokeapi.co/api/v2/berry-flavor/3/"},"potency":0},{"flavor":{"name":"bitter","url":"https://pokeapi.co/api/v2/berry-flavor/4/"},"potency":10},{"flavor":{"name":"sour","url":"https://pokeapi.co/api/v2/berry-flavor/5/"},"potency":10}],"growth_time":4,"id":7,"item":{"name":"oran-berry","url":"https://pokeapi.co/api/v2/item/132/"},"max_harvest":5,"name":"oran","natural_gift_power":60,"natural_gift_type":{"name":"poison","url":"https://pokeapi.co/api/v2/type/4/"},"size":35,"smoothness":20,"soil_dryness":15}