{"firmness":{"name":"hard","url":"https://pokeapi.co/api/v2/berry-firmness/3/"},"flavors":[{"flavor":{"name":"spicy","url":"https://pokeapi.co/api/v2/berry-flavor/1/"},"potency":10},{"flavor":{"name":"dry","url":"https://pokeapi.co/api/v2/berry-flavor/2/"},"potency":10},{"flavor":{"name":"sweet","url":"https://pokeapi.co/api/v2/berry-flavor/3/"},"potency":10},{"flavor":{"name":"bitter","url":"https://pokeapi.co/api/v2/berry-flavor/4/"},"potency":0},{"flavor":{"name":"sour","url":"https://pokeapi.co/api/v2/berry-flavor/5/"},"potency":10}],"growth_time":4,"id":8,"item":{"name":"persim-berry","url":"https://pokeapi.co/api/v2/item/133/"},"max_harvest":5,"name":"persim","natural_gift_power":60,"natural_gift_type":{"name":"ground","url":"https://pokeapi.co/api/v2/type/5/"},"size":47,"smoothness":20,"soil_dryness":15}