{"firmness":{"name":"super-hard","url":"https://pokeapi.co/api/v2/berry-firmness/5/"},"flavors":[{"flavor":{"name":"spicy","url":"https://pokeapi.co/api/v2/berry-flavor/1/"},"potency":10},{"flavor":{"name":"dry","url":"https://pokeapi.co/api/v2/berry-flavor/2/"},"potency":10},{"flavor":{"name":"sweet","url":"https://pokeapi.co/api/v2/berry-flavor/3/"},"potency":10},{"flavor":{"name":"bitter","url":"https://pokeapi.co/api/v2/berry-flavor/4/"},"potency":10},{"flavor":{"name":"sour","url":"https://pokeapi.co/api/v2/berry-flavor/5/"},"potency":0}],"growth_time":12,"id":9,"item":{"name":"lum-berry","url":"https://pokeapi.co/api/v2/item/134/"},"max_harvest":5,"name":"lum","natural_gift_power":60,"natural_gift_type":{"name":"flying","url":"https://pokeapi.co/api/v2/type/3/"},"size":34,"smoothness":20,"soil_dryness":8}