{"accuracy":100,"contest_combos":null,"contest_effect":{"url":"https://pokeapi.co/api/v2/contest-effect/21/"},"contest_type":{"name":"smart","url":"https://pokeapi.co/api/v2/contest-type/4/"},"damage_class":{"name":"status","url":"https://pokeapi.co/api/v2/move-damage-class/1/"},"effect_chance":null,"effect_changes":[],"effect_entries":[{"effect":"Confuses the target.","language":{"name":"en","url":"https://pokeapi.co/api/v2/language/9/"},"short_effect":"Confuses the target."}],"flavor_text_entries":[{"flavor_text":"A move that causes\nconfusion.","language":{"name":"en","url":"https://pokeapi.co/api/v2/language/9/"},"version_group":{"name":"gold-silver","url":"https://pokeapi.co/api/v2/version-group/3/"}},{"flavor_text":"A move that causes\nconfusion.","language":{"name":"en","url":"https://pokeapi.co/api/v2/language/9/"},"version_group":{"name":"crystal","url":"https://pokeapi.co/api/v2/version-group/4/"}},{"flavor_text":"A sinister ray that\nconfuses the foe.","language":{"name":"en","url":"https://pokeapi.co/api/v2/language/9/"},"version_group":{"name":"ruby-sapphire","url":"https://pokeapi.co/api/v2/version-group/5/"}},{"flavor_text":"A sinister ray that\nconfuses the foe.","language":{"name":"en","url":"https://pokeapi.co/api/v2/language/9/"},"version_group":{"name":"emerald","url":"https://pokeapi.co/api/v2/version-group/6/"}},{"flavor_text":"The foe is exposed\nto a sinister ray\nthat triggers\nconfusion.","language":{"name":"en","url":"https://pokeapi.co/api/v2/language/9/"},"version_group":{"name":"firered-leafgreen","url":"https://pokeapi.co/api/v2/version-group/7/"}},{"flavor_text":"The foe is exposed\nto a sinister ray\nthat triggers\nconfusion.\n","language":{"name":"en","url":"https://pokeapi.co/api/v2/language/9/"},"version_group":{"name":"diamond-pearl","url":"https://pokeapi.co/api/v2/version-group/8/"}},{"flavor_text":"The foe is exposed\nto a sinister ray\nthat triggers\nconfusion.\n","language":{"name":"en","url":"https://pokeapi.co/api/v2/language/9/"},"version_group":{"name":"platinum","url":"https://pokeapi.co/api/v2/version-group/9/"}},{"flavor_text":"The foe is exposed\nto a sinister ray\nthat triggers\nconfusion.\n","language":{"name":"en","url":"https://pokeapi.co/api/v2/language/9/"},"version_group":{"name":"heartgold-soulsilver","url":"https://pokeapi.co/api/v2/version-group/10/"}},{"flavor_text":"Un rayon sinistre qui plonge l’ennemi\ndans un état de confusion.","language":{"name":"fr","url":"https://pokeapi.co/api/v2/language/5/"},"version_group":{"name":"black-white","url":"https://pokeapi.co/api/v2/version-group/11/"}},{"flavor_text":"The target is exposed to a sinister\nray that triggers confusion.","language":{"name":"en","url":"https://pokeapi.co/api/v2/language/9/"},"version_group":{"name":"black-white","url":"https://pokeapi.co/api/v2/version-group/11/"}},{"flavor_text":"The target is exposed to a sinister\nray that triggers confusion.","language":{"name":"en","url":"https://pokeapi.co/api/v2/language/9/"},"version_group":{"name":"black-2-white-2","url":"https://pokeapi.co/api/v2/version-group/14/"}},{"flavor_text":"あやしい　ひかりを\nあいてに　みせて　まどわせる。\nあいてを　こんらん　させる。","language":{"name":"ja-Hrkt","url":"https://pokeapi.co/api/v2/language/1/"},"version_group":{"name":"x-y","url":"https://pokeapi.co/api/v2/version-group/15/"}},{"flavor_text":"이상한 빛을\n상대에게 비춰 당황하게 한다.\n상대를 혼란시킨다.","language":{"name":"ko","url":"https://pokeapi.co/api/v2/language/3/"},"version_group":{"name":"x-y","url":"https://pokeapi.co/api/v2/version-group/15/"}},{"flavor_text":"Un rayon sinistre qui plonge l’ennemi dans un état\nde confusion.","language":{"name":"fr","url":"https://pokeapi.co/api/v2/language/5/"},"version_group":{"name":"x-y","url":"https://pokeapi.co/api/v2/version-group/15/"}},{"flavor_text":"Ein fieser Strahl, der das Ziel verwirrt.","language":{"name":"de","url":"https://pokeapi.co/api/v2/language/6/"},"version_group":{"name":"x-y","url":"https://pokeapi.co/api/v2/version-group/15/"}},{"flavor_text":"Rayo siniestro que confunde al objetivo.","language":{"name":"es","url":"https://pokeapi.co/api/v2/language/7/"},"version_group":{"name":"x-y","url":"https://pokeapi.co/api/v2/version-group/15/"}},{"flavor_text":"Colpisce il bersaglio con un raggio funesto\nche lo confonde.","language":{"name":"it","url":"https://pokeapi.co/api/v2/language/8/"},"version_group":{"name":"x-y","url":"https://pokeapi.co/api/v2/version-group/15/"}},{"flavor_text":"The target is exposed to a sinister\nray that triggers confusion.","language":{"name":"en","url":"https://pokeapi.co/api/v2/language/9/"},"version_group":{"name":"x-y","url":"https://pokeapi.co/api/v2/version-group/15/"}},{"flavor_text":"怪しい　光を\n相手に　みせて　まどわせる。\n相手を　混乱させる。","language":{"name":"ja","url":"https://pokeapi.co/api/v2/language/11/"},"version_group":{"name":"x-y","url":"https://pokeapi.co/api/v2/version-group/15/"}},{"flavor_text":"あやしい　ひかりを\nあいてに　 せて　まどわせる。\nあいてを　こんらん　させる。","language":{"name":"ja-Hrkt","url":"https://pokeapi.co/api/v2/language/1/"},"version_group":{"name":"omega-ruby-alpha-sapphire","url":"https://pokeapi.co/api/v2/version-group/16/"}},{"flavor_text":"이상한 빛을\n상대에게 비춰 당황하게 한다.\n상대를 혼란시킨다.","language":{"name":"ko","url":"https://pokeapi.co/api/v2/language/3/"},"version_group":{"name":"omega-ruby-alpha-sapphire","url":"https://pokeapi.co/api/v2/version-group/16/"}},{"flavor_text":"Un rayon sinistre qui plonge l’ennemi dans un état\nde confusion.","language":{"name":"fr","url":"https://pokeapi.co/api/v2/language/5/"},"version_group":{"name":"omega-ruby-alpha-sapphire","url":"https://pokeapi.co/api/v2/version-group/16/"}},{"flavor_text":"Ein fieser Strahl, der das Ziel verwirrt.","language":{"name":"de","url":"https://pokeapi.co/api/v2/language/6/"},"version_group":{"name":"omega-ruby-alpha-sapphire","url":"https://pokeapi.co/api/v2/version-group/16/"}},{"flavor_text":"Rayo siniestro que confunde al objetivo.","language":{"name":"es","url":"https://pokeapi.co/api/v2/language/7/"},"version_group":{"name":"omega-ruby-alpha-sapphire","url":"https://pokeapi.co/api/v2/version-group/16/"}},{"flavor_text":"Colpisce il bersaglio con un raggio funesto\nche lo confonde.","language":{"name":"it","url":"https://pokeapi.co/api/v2/language/8/"},"version_group":{"name":"omega-ruby-alpha-sapphire","url":"https://pokeapi.co/api/v2/version-group/16/"}},{"flavor_text":"The target is exposed to a sinister\nray that triggers confusion.","language":{"name":"en","url":"https://pokeapi.co/api/v2/language/9/"},"version_group":{"name":"omega-ruby-alpha-sapphire","url":"https://pokeapi.co/api/v2/version-group/16/"}},{"flavor_text":"怪しい　光を\n相手に　 せて　まどわせる。\n相手を　混乱させる。","language":{"name":"ja","url":"https://pokeapi.co/api/v2/language/11/"},"version_group":{"name":"omega-ruby-alpha-sapphire","url":"https://pokeapi.co/api/v2/version-group/16/"}},{"flavor_text":"あやしい　ひかりを\nあいてに　みせて　まどわせる。\nあいてを　こんらん　させる。","language":{"name":"ja-Hrkt","url":"https://pokeapi.co/api/v2/language/1/"},"version_group":{"name":"sun-moon","url":"https://pokeapi.co/api/v2/version-group/17/"}},{"flavor_text":"이상한 빛을\n상대에게 비춰 당황하게 한다.\n상대를 혼란시킨다.","language":{"name":"ko","url":"https://pokeapi.co/api/v2/language/3/"},"version_group":{"name":"sun-moon","url":"https://pokeapi.co/api/v2/version-group/17/"}},{"flavor_text":"讓對手看奇怪的光線\n擾亂對手。\n使對手混亂。","language":{"name":"zh-Hant","url":"https://pokeapi.co/api/v2/language/4/"},"version_group":{"name":"sun-moon","url":"https://pokeapi.co/api/v2/version-group/17/"}},{"flavor_text":"Un rayon sinistre qui plonge l’ennemi dans un état\nde confusion.","language":{"name":"fr","url":"https://pokeapi.co/api/v2/language/5/"},"version_group":{"name":"sun-moon","url":"https://pokeapi.co/api/v2/version-group/17/"}},{"flavor_text":"Ein fieser Strahl, der das Ziel verwirrt.","language":{"name":"de","url":"https://pokeapi.co/api/v2/language/6/"},"version_group":{"name":"sun-moon","url":"https://pokeapi.co/api/v2/version-group/17/"}},{"flavor_text":"Rayo siniestro que confunde al objetivo.","language":{"name":"es","url":"https://pokeapi.co/api/v2/language/7/"},"version_group":{"name":"sun-moon","url":"https://pokeapi.co/api/v2/version-group/17/"}},{"flavor_text":"Colpisce il bersaglio con un raggio funesto\nche lo confonde.","language":{"name":"it","url":"https://pokeapi.co/api/v2/language/8/"},"version_group":{"name":"sun-moon","url":"https://pokeapi.co/api/v2/version-group/17/"}},{"flavor_text":"The target is exposed to a sinister ray that\ntriggers confusion.","language":{"name":"en","url":"https://pokeapi.co/api/v2/language/9/"},"version_group":{"name":"sun-moon","url":"https://pokeapi.co/api/v2/version-group/17/"}},{"flavor_text":"怪しい　光を\n相手に　みせて　まどわせる。\n相手を　混乱させる。","language":{"name":"ja","url":"https://pokeapi.co/api/v2/language/11/"},"version_group":{"name":"sun-moon","url":"https://pokeapi.co/api/v2/version-group/17/"}},{"flavor_text":"显示奇怪的光，\n扰乱对手。\n使对手混乱。","language":{"name":"zh-Hans","url":"https://pokeapi.co/api/v2/language/12/"},"version_group":{"name":"sun-moon","url":"https://pokeapi.co/api/v2/version-group/17/"}},{"flavor_text":"あやしい　ひかりを\nあいてに　みせて　まどわせる。\nあいてを　こんらん　させる。","language":{"name":"ja-Hrkt","url":"https://pokeapi.co/api/v2/language/1/"},"version_group":{"name":"ultra-sun-ultra-moon","url":"https://pokeapi.co/api/v2/version-group/18/"}},{"flavor_text":"이상한 빛을\n상대에게 비춰 당황하게 한다.\n상대를 혼란시킨다.","language":{"name":"ko","url":"https://pokeapi.co/api/v2/language/3/"},"version_group":{"name":"ultra-sun-ultra-moon","url":"https://pokeapi.co/api/v2/version-group/18/"}},{"flavor_text":"讓對手看奇怪的光線\n擾亂對手。\n使對手混亂。","language":{"name":"zh-Hant","url":"https://pokeapi.co/api/v2/language/4/"},"version_group":{"name":"ultra-sun-ultra-moon","url":"https://pokeapi.co/api/v2/version-group/18/"}},{"flavor_text":"Un rayon sinistre qui plonge l’ennemi dans un état\nde confusion.","language":{"name":"fr","url":"https://pokeapi.co/api/v2/language/5/"},"version_group":{"name":"ultra-sun-ultra-moon","url":"https://pokeapi.co/api/v2/version-group/18/"}},{"flavor_text":"Ein fieser Strahl, der das Ziel verwirrt.","language":{"name":"de","url":"https://pokeapi.co/api/v2/language/6/"},"version_group":{"name":"ultra-sun-ultra-moon","url":"https://pokeapi.co/api/v2/version-group/18/"}},{"flavor_text":"Rayo siniestro que confunde al objetivo.","language":{"name":"es","url":"https://pokeapi.co/api/v2/language/7/"},"version_group":{"name":"ultra-sun-ultra-moon","url":"https://pokeapi.co/api/v2/version-group/18/"}},{"flavor_text":"Colpisce il bersaglio con un raggio funesto\nche lo confonde.","language":{"name":"it","url":"https://pokeapi.co/api/v2/language/8/"},"version_group":{"name":"ultra-sun-ultra-moon","url":"https://pokeapi.co/api/v2/version-group/18/"}},{"flavor_text":"The target is exposed to a sinister ray that\ntriggers confusion.","language":{"name":"en","url":"https://pokeapi.co/api/v2/language/9/"},"version_group":{"name":"ultra-sun-ultra-moon","url":"https://pokeapi.co/api/v2/version-group/18/"}},{"flavor_text":"怪しい　光を\n相手に　みせて　まどわせる。\n相手を　混乱させる。","language":{"name":"ja","url":"https://pokeapi.co/api/v2/language/11/"},"version_group":{"name":"ultra-sun-ultra-moon","url":"https://pokeapi.co/api/v2/version-group/18/"}},{"flavor_text":"显示奇怪的光，\n扰乱对手。\n使对手混乱。","language":{"name":"zh-Hans","url":"https://pokeapi.co/api/v2/language/12/"},"version_group":{"name":"ultra-sun-ultra-moon","url":"https://pokeapi.co/api/v2/version-group/18/"}},{"flavor_text":"あやしい　ひかりを\nあいてに　みせて　まどわせる。\nあいてを　こんらん　させる。","language":{"name":"ja-Hrkt","url":"https://pokeapi.co/api/v2/language/1/"},"version_group":{"name":"lets-go-pikachu-lets-go-eevee","url":"https://pokeapi.co/api/v2/version-group/19/"}},{"flavor_text":"이상한 빛을\n상대에게 비춰 당황하게 한다.\n상대를 혼란시킨다.","language":{"name":"ko","url":"https://pokeapi.co/api/v2/language/3/"},"version_group":{"name":"lets-go-pikachu-lets-go-eevee","url":"https://pokeapi.co/api/v2/version-group/19/"}},{"flavor_text":"讓對手看奇怪的光線\n擾亂對手。\n使對手混亂。","language":{"name":"zh-Hant","url":"https://pokeapi.co/api/v2/language/4/"},"version_group":{"name":"lets-go-pikachu-lets-go-eevee","url":"https://pokeapi.co/api/v2/version-group/19/"}},{"flavor_text":"Un rayon sinistre qui plonge l’ennemi dans un état\nde confusion.","language":{"name":"fr","url":"https://pokeapi.co/api/v2/language/5/"},"version_group":{"name":"lets-go-pikachu-lets-go-eevee","url":"https://pokeapi.co/api/v2/version-group/19/"}},{"flavor_text":"Ein fieser Strahl, der das Ziel verwirrt.","language":{"name":"de","url":"https://pokeapi.co/api/v2/language/6/"},"version_group":{"name":"lets-go-pikachu-lets-go-eevee","url":"https://pokeapi.co/api/v2/version-group/19/"}},{"flavor_text":"Rayo siniestro que confunde al objetivo.","language":{"name":"es","url":"https://pokeapi.co/api/v2/language/7/"},"version_group":{"name":"lets-go-pikachu-lets-go-eevee","url":"https://pokeapi.co/api/v2/version-group/19/"}},{"flavor_text":"Colpisce il bersaglio con un raggio funesto\nche lo confonde.","language":{"name":"it","url":"https://pokeapi.co/api/v2/language/8/"},"version_group":{"name":"lets-go-pikachu-lets-go-eevee","url":"https://pokeapi.co/api/v2/version-group/19/"}},{"flavor_text":"The target is exposed to a sinister ray that\ntriggers confusion.","language":{"name":"en","url":"https://pokeapi.co/api/v2/language/9/"},"version_group":{"name":"lets-go-pikachu-lets-go-eevee","url":"https://pokeapi.co/api/v2/version-group/19/"}},{"flavor_text":"怪しい　光を\n相手に　みせて　まどわせる。\n相手を　混乱させる。","language":{"name":"ja","url":"https://pokeapi.co/api/v2/language/11/"},"version_group":{"name":"lets-go-pikachu-lets-go-eevee","url":"https://pokeapi.co/api/v2/version-group/19/"}},{"flavor_text":"显示奇怪的光，\n扰乱对手。\n使对手混乱。","language":{"name":"zh-Hans","url":"https://pokeapi.co/api/v2/language/12/"},"version_group":{"name":"lets-go-pikachu-lets-go-eevee","url":"https://pokeapi.co/api/v2/version-group/19/"}},{"flavor_text":"あやしい　ひかりを\nあいてに　みせて　まどわせる。\nあいてを　こんらん　させる。","language":{"name":"ja-Hrkt","url":"https://pokeapi.co/api/v2/language/1/"},"version_group":{"name":"sword-shield","url":"https://pokeapi.co/api/v2/version-group/20/"}},{"flavor_text":"이상한 빛을\n상대에게 비춰 당황하게 한다.\n상대를 혼란시킨다.","language":{"name":"ko","url":"https://pokeapi.co/api/v2/language/3/"},"version_group":{"name":"sword-shield","url":"https://pokeapi.co/api/v2/version-group/20/"}},{"flavor_text":"讓對手看奇怪的光線\n擾亂對手。\n使對手混亂。","language":{"name":"zh-Hant","url":"https://pokeapi.co/api/v2/language/4/"},"version_group":{"name":"sword-shield","url":"https://pokeapi.co/api/v2/version-group/20/"}},{"flavor_text":"Un rayon sinistre qui plonge l’ennemi dans un état\nde confusion.","language":{"name":"fr","url":"https://pokeapi.co/api/v2/language/5/"},"version_group":{"name":"sword-shield","url":"https://pokeapi.co/api/v2/version-group/20/"}},{"flavor_text":"Ein fieser Strahl, der das Ziel verwirrt.","language":{"name":"de","url":"https://pokeapi.co/api/v2/language/6/"},"version_group":{"name":"sword-shield","url":"https://pokeapi.co/api/v2/version-group/20/"}},{"flavor_text":"Rayo siniestro que confunde al objetivo.","language":{"name":"es","url":"https://pokeapi.co/api/v2/language/7/"},"version_group":{"name":"sword-shield","url":"https://pokeapi.co/api/v2/version-group/20/"}},{"flavor_text":"Colpisce il bersaglio con un raggio funesto\nche lo confonde.","language":{"name":"it","url":"https://pokeapi.co/api/v2/language/8/"},"version_group":{"name":"sword-shield","url":"https://pokeapi.co/api/v2/version-group/20/"}},{"flavor_text":"The target is exposed to a sinister ray that\ntriggers confusion.","language":{"name":"en","url":"https://pokeapi.co/api/v2/language/9/"},"version_group":{"name":"sword-shield","url":"https://pokeapi.co/api/v2/version-group/20/"}},{"flavor_text":"怪しい　光を\n相手に　みせて　まどわせる。\n相手を　混乱させる。","language":{"name":"ja","url":"https://pokeapi.co/api/v2/language/11/"},"version_group":{"name":"sword-shield","url":"https://pokeapi.co/api/v2/version-group/20/"}},{"flavor_text":"显示奇怪的光，\n扰乱对手。\n使对手混乱。","language":{"name":"zh-Hans","url":"https://pokeapi.co/api/v2/language/12/"},"version_group":{"name":"sword-shield","url":"https://pokeapi.co/api/v2/version-group/20/"}}],"generation":{"name":"generation-i","url":"https://pokeapi.co/api/v2/generation/1/"},"id":109,"learned_by_pokemon":[{"name":"vulpix","url":"https://pokeapi.co/api/v2/pokemon/37/"},{"name":"ninetales","url":"https://pokeapi.co/api/v2/pokemon/38/"},{"name":"zubat","url":"https://pokeapi.co/api/v2/pokemon/41/"},{"name":"golbat","url":"https://pokeapi.co/api/v2/pokemon/42/"},{"name":"venonat","url":"https://pokeapi.co/api/v2/pokemon/48/"},{"name":"venomoth","url":"https://pokeapi.co/api/v2/pokemon/49/"},{"name":"psyduck","url":"https://pokeapi.co/api/v2/pokemon/54/"},{"name":"golduck","url":"https://pokeapi.co/api/v2/pokemon/55/"},{"name":"tentacool","url":"https://pokeapi.co/api/v2/pokemon/72/"},{"name":"magnemite","url":"https://pokeapi.co/api/v2/pokemon/81/"},{"name":"magneton","url":"https://pokeapi.co/api/v2/pokemon/82/"},{"name":"grimer","url":"https://pokeapi.co/api/v2/pokemon/88/"},{"name":"muk","url":"https://pokeapi.co/api/v2/pokemon/89/"},{"name":"gastly","url":"https://pokeapi.co/api/v2/pokemon/92/"},{"name":"haunter","url":"https://pokeapi.co/api/v2/pokemon/93/"},{"name":"gengar","url":"https://pokeapi.co/api/v2/pokemon/94/"},{"name":"hypno","url":"https://pokeapi.co/api/v2/pokemon/97/"},{"name":"staryu","url":"https://pokeapi.co/api/v2/pokemon/120/"},{"name":"starmie","url":"https://pokeapi.co/api/v2/pokemon/121/"},{"name":"mr-mime","url":"https://pokeapi.co/api/v2/pokemon/122/"},{"name":"magmar","url":"https://pokeapi.co/api/v2/pokemon/126/"},{"name":"lapras","url":"https://pokeapi.co/api/v2/pokemon/131/"},{"name":"kabuto","url":"https://pokeapi.co/api/v2/pokemon/140/"},{"name":"kabutops","url":"https://pokeapi.co/api/v2/pokemon/141/"},{"name":"mewtwo","url":"https://pokeapi.co/api/v2/pokemon/150/"},{"name":"mew","url":"https://pokeapi.co/api/v2/pokemon/151/"},{"name":"crobat","url":"https://pokeapi.co/api/v2/pokemon/169/"},{"name":"chinchou","url":"https://pokeapi.co/api/v2/pokemon/170/"},{"name":"lanturn","url":"https://pokeapi.co/api/v2/pokemon/171/"},{"name":"natu","url":"https://pokeapi.co/api/v2/pokemon/177/"},{"name":"xatu","url":"https://pokeapi.co/api/v2/pokemon/178/"},{"name":"mareep","url":"https://pokeapi.co/api/v2/pokemon/179/"},{"name":"flaaffy","url":"https://pokeapi.co/api/v2/pokemon/180/"},{"name":"ampharos","url":"https://pokeapi.co/api/v2/pokemon/181/"},{"name":"espeon","url":"https://pokeapi.co/api/v2/pokemon/196/"},{"name":"umbreon","url":"https://pokeapi.co/api/v2/pokemon/197/"},{"name":"murkrow","url":"https://pokeapi.co/api/v2/pokemon/198/"},{"name":"misdreavus","url":"https://pokeapi.co/api/v2/pokemon/200/"},{"name":"girafarig","url":"https://pokeapi.co/api/v2/pokemon/203/"},{"name":"corsola","url":"https://pokeapi.co/api/v2/pokemon/222/"},{"name":"mantine","url":"https://pokeapi.co/api/v2/pokemon/226/"},{"name":"stantler","url":"https://pokeapi.co/api/v2/pokemon/234/"},{"name":"magby","url":"https://pokeapi.co/api/v2/pokemon/240/"},{"name":"ralts","url":"https://pokeapi.co/api/v2/pokemon/280/"},{"name":"kirlia","url":"https://pokeapi.co/api/v2/pokemon/281/"},{"name":"gardevoir","url":"https://pokeapi.co/api/v2/pokemon/282/"},{"name":"shedinja","url":"https://pokeapi.co/api/v2/pokemon/292/"},{"name":"sableye","url":"https://pokeapi.co/api/v2/pokemon/302/"},{"name":"volbeat","url":"https://pokeapi.co/api/v2/pokemon/313/"},{"name":"illumise","url":"https://pokeapi.co/api/v2/pokemon/314/"},{"name":"spoink","url":"https://pokeapi.co/api/v2/pokemon/325/"},{"name":"grumpig","url":"https://pokeapi.co/api/v2/pokemon/326/"},{"name":"lileep","url":"https://pokeapi.co/api/v2/pokemon/345/"},{"name":"cradily","url":"https://pokeapi.co/api/v2/pokemon/346/"},{"name":"feebas","url":"https://pokeapi.co/api/v2/pokemon/349/"},{"name":"shuppet","url":"https://pokeapi.co/api/v2/pokemon/353/"},{"name":"banette","url":"https://pokeapi.co/api/v2/pokemon/354/"},{"name":"duskull","url":"https://pokeapi.co/api/v2/pokemon/355/"},{"name":"dusclops","url":"https://pokeapi.co/api/v2/pokemon/356/"},{"name":"clamperl","url":"https://pokeapi.co/api/v2/pokemon/366/"},{"name":"shinx","url":"https://pokeapi.co/api/v2/pokemon/403/"},{"name":"luxio","url":"https://pokeapi.co/api/v2/pokemon/404/"},{"name":"luxray","url":"https://pokeapi.co/api/v2/pokemon/405/"},{"name":"vespiquen","url":"https://pokeapi.co/api/v2/pokemon/416/"},{"name":"mismagius","url":"https://pokeapi.co/api/v2/pokemon/429/"},{"name":"honchkrow","url":"https://pokeapi.co/api/v2/pokemon/430/"},{"name":"bronzor","url":"https://pokeapi.co/api/v2/pokemon/436/"},{"name":"bronzong","url":"https://pokeapi.co/api/v2/pokemon/437/"},{"name":"mime-jr","url":"https://pokeapi.co/api/v2/pokemon/439/"},{"name":"spiritomb","url":"https://pokeapi.co/api/v2/pokemon/442/"},{"name":"skorupi","url":"https://pokeapi.co/api/v2/pokemon/451/"},{"name":"finneon","url":"https://pokeapi.co/api/v2/pokemon/456/"},{"name":"lumineon","url":"https://pokeapi.co/api/v2/pokemon/457/"},{"name":"mantyke","url":"https://pokeapi.co/api/v2/pokemon/458/"},{"name":"magnezone","url":"https://pokeapi.co/api/v2/pokemon/462/"},{"name":"magmortar","url":"https://pokeapi.co/api/v2/pokemon/467/"},{"name":"gallade","url":"https://pokeapi.co/api/v2/pokemon/475/"},{"name":"dusknoir","url":"https://pokeapi.co/api/v2/pokemon/477/"},{"name":"froslass","url":"https://pokeapi.co/api/v2/pokemon/478/"},{"name":"rotom","url":"https://pokeapi.co/api/v2/pokemon/479/"},{"name":"uxie","url":"https://pokeapi.co/api/v2/pokemon/480/"},{"name":"mesprit","url":"https://pokeapi.co/api/v2/pokemon/481/"},{"name":"regigigas","url":"https://pokeapi.co/api/v2/pokemon/486/"},{"name":"giratina-altered","url":"https://pokeapi.co/api/v2/pokemon/487/"},{"name":"cresselia","url":"https://pokeapi.co/api/v2/pokemon/488/"},{"name":"arceus","url":"https://pokeapi.co/api/v2/pokemon/493/"},{"name":"watchog","url":"https://pokeapi.co/api/v2/pokemon/505/"},{"name":"zorua","url":"https://pokeapi.co/api/v2/pokemon/570/"},{"name":"zoroark","url":"https://pokeapi.co/api/v2/pokemon/571/"},{"name":"solosis","url":"https://pokeapi.co/api/v2/pokemon/577/"},{"name":"frillish","url":"https://pokeapi.co/api/v2/pokemon/592/"},{"name":"eelektross","url":"https://pokeapi.co/api/v2/pokemon/604/"},{"name":"litwick","url":"https://pokeapi.co/api/v2/pokemon/607/"},{"name":"lampent","url":"https://pokeapi.co/api/v2/pokemon/608/"},{"name":"chandelure","url":"https://pokeapi.co/api/v2/pokemon/609/"},{"name":"cryogonal","url":"https://pokeapi.co/api/v2/pokemon/615/"},{"name":"delphox","url":"https://pokeapi.co/api/v2/pokemon/655/"},{"name":"vivillon","url":"https://pokeapi.co/api/v2/pokemon/666/"},{"name":"phantump","url":"https://pokeapi.co/api/v2/pokemon/708/"},{"name":"trevenant","url":"https://pokeapi.co/api/v2/pokemon/709/"},{"name":"pumpkaboo-average","url":"https://pokeapi.co/api/v2/pokemon/710/"},{"name":"gourgeist-average","url":"https://pokeapi.co/api/v2/pokemon/711/"},{"name":"rowlet","url":"https://pokeapi.co/api/v2/pokemon/722/"},{"name":"decidueye","url":"https://pokeapi.co/api/v2/pokemon/724/"},{"name":"morelull","url":"https://pokeapi.co/api/v2/pokemon/755/"},{"name":"shiinotic","url":"https://pokeapi.co/api/v2/pokemon/756/"},{"name":"sandygast","url":"https://pokeapi.co/api/v2/pokemon/769/"},{"name":"palossand","url":"https://pokeapi.co/api/v2/pokemon/770/"},{"name":"minior-red-meteor","url":"https://pokeapi.co/api/v2/pokemon/774/"},{"name":"mimikyu-disguised","url":"https://pokeapi.co/api/v2/pokemon/778/"},{"name":"lunala","url":"https://pokeapi.co/api/v2/pokemon/792/"},{"name":"magearna","url":"https://pokeapi.co/api/v2/pokemon/801/"},{"name":"blacephalon","url":"https://pokeapi.co/api/v2/pokemon/806/"},{"name":"orbeetle","url":"https://pokeapi.co/api/v2/pokemon/826/"},{"name":"sinistea","url":"https://pokeapi.co/api/v2/pokemon/854/"},{"name":"polteageist","url":"https://pokeapi.co/api/v2/pokemon/855/"},{"name":"dreepy","url":"https://pokeapi.co/api/v2/pokemon/885/"},{"name":"eternatus","url":"https://pokeapi.co/api/v2/pokemon/890/"},{"name":"spectrier","url":"https://pokeapi.co/api/v2/pokemon/897/"},{"name":"wyrdeer","url":"https://pokeapi.co/api/v2/pokemon/899/"},{"name":"basculegion-male","url":"https://pokeapi.co/api/v2/pokemon/902/"},{"name":"charcadet","url":"https://pokeapi.co/api/v2/pokemon/935/"},{"name":"armarouge","url":"https://pokeapi.co/api/v2/pokemon/936/"},{"name":"ceruledge","url":"https://pokeapi.co/api/v2/pokemon/937/"},{"name":"tadbulb","url":"https://pokeapi.co/api/v2/pokemon/938/"},{"name":"bellibolt","url":"https://pokeapi.co/api/v2/pokemon/939/"},{"name":"bramblin","url":"https://pokeapi.co/api/v2/pokemon/946/"},{"name":"brambleghast","url":"https://pokeapi.co/api/v2/pokemon/947/"},{"name":"toedscool","url":"https://pokeapi.co/api/v2/pokemon/948/"},{"name":"toedscruel","url":"https://pokeapi.co/api/v2/pokemon/949/"},{"name":"rabsca","url":"https://pokeapi.co/api/v2/pokemon/954/"},{"name":"flittle","url":"https://pokeapi.co/api/v2/pokemon/955/"},{"name":"espathra","url":"https://pokeapi.co/api/v2/pokemon/956/"},{"name":"glimmet","url":"https://pokeapi.co/api/v2/pokemon/969/"},{"name":"glimmora","url":"https://pokeapi.co/api/v2/pokemon/970/"},{"name":"greavard","url":"https://pokeapi.co/api/v2/pokemon/971/"},{"name":"houndstone","url":"https://pokeapi.co/api/v2/pokemon/972/"},{"name":"farigiraf","url":"https://pokeapi.co/api/v2/pokemon/981/"},{"name":"brute-bonnet","url":"https://pokeapi.co/api/v2/pokemon/986/"},{"name":"flutter-mane","url":"https://pokeapi.co/api/v2/pokemon/987/"},{"name":"iron-moth","url":"https://pokeapi.co/api/v2/pokemon/994/"},{"name":"gimmighoul","url":"https://pokeapi.co/api/v2/pokemon/999/"},{"name":"gholdengo","url":"https://pokeapi.co/api/v2/pokemon/1000/"},{"name":"chi-yu","url":"https://pokeapi.co/api/v2/pokemon/1004/"},{"name":"iron-valiant","url":"https://pokeapi.co/api/v2/pokemon/1006/"},{"name":"miraidon","url":"https://pokeapi.co/api/v2/pokemon/1008/"},{"name":"giratina-origin","url":"https://pokeapi.co/api/v2/pokemon/10007/"},{"name":"rotom-heat","url":"https://pokeapi.co/api/v2/pokemon/10008/"},{"name":"rotom-wash","url":"https://pokeapi.co/api/v2/pokemon/10009/"},{"name":"rotom-frost","url":"https://pokeapi.co/api/v2/pokemon/10010/"},{"name":"rotom-fan","url":"https://pokeapi.co/api/v2/pokemon/10011/"},{"name":"rotom-mow","url":"https://pokeapi.co/api/v2/pokemon/10012/"},{"name":"pumpkaboo-small","url":"https://pokeapi.co/api/v2/pokemon/10027/"},{"name":"pumpkaboo-large","url":"https://pokeapi.co/api/v2/pokemon/10028/"},{"name":"pumpkaboo-super","url":"https://pokeapi.co/api/v2/pokemon/10029/"},{"name":"gourgeist-small","url":"https://pokeapi.co/api/v2/pokemon/10030/"},{"name":"gourgeist-large","url":"https://pokeapi.co/api/v2/pokemon/10031/"},{"name":"gourgeist-super","url":"https://pokeapi.co/api/v2/pokemon/10032/"},{"name":"gengar-mega","url":"https://pokeapi.co/api/v2/pokemon/10038/"},{"name":"mewtwo-mega-x","url":"https://pokeapi.co/api/v2/pokemon/10043/"},{"name":"mewtwo-mega-y","url":"https://pokeapi.co/api/v2/pokemon/10044/"},{"name":"ampharos-mega","url":"https://pokeapi.co/api/v2/pokemon/10045/"},{"name":"sableye-mega","url":"https://pokeapi.co/api/v2/pokemon/10066/"},{"name":"vulpix-alola","url":"https://pokeapi.co/api/v2/pokemon/10103/"},{"name":"ninetales-alola","url":"https://pokeapi.co/api/v2/pokemon/10104/"},{"name":"meowth-alola","url":"https://pokeapi.co/api/v2/pokemon/10107/"},{"name":"persian-alola","url":"https://pokeapi.co/api/v2/pokemon/10108/"},{"name":"minior-orange-meteor","url":"https://pokeapi.co/api/v2/pokemon/10130/"},{"name":"minior-yellow-meteor","url":"https://pokeapi.co/api/v2/pokemon/10131/"},{"name":"minior-green-meteor","url":"https://pokeapi.co/api/v2/pokemon/10132/"},{"name":"minior-blue-meteor","url":"https://pokeapi.co/api/v2/pokemon/10133/"},{"name":"minior-indigo-meteor","url":"https://pokeapi.co/api/v2/pokemon/10134/"},{"name":"minior-violet-meteor","url":"https://pokeapi.co/api/v2/pokemon/10135/"},{"name":"minior-red","url":"https://pokeapi.co/api/v2/pokemon/10136/"},{"name":"minior-orange","url":"https://pokeapi.co/api/v2/pokemon/10137/"},{"name":"minior-yellow","url":"https://pokeapi.co/api/v2/pokemon/10138/"},{"name":"minior-green","url":"https://pokeapi.co/api/v2/pokemon/10139/"},{"name":"minior-blue","url":"https://pokeapi.co/api/v2/pokemon/10140/"},{"name":"minior-indigo","url":"https://pokeapi.co/api/v2/pokemon/10141/"},{"name":"minior-violet","url":"https://pokeapi.co/api/v2/pokemon/10142/"},{"name":"mimikyu-busted","url":"https://pokeapi.co/api/v2/pokemon/10143/"},{"name":"magearna-original","url":"https://pokeapi.co/api/v2/pokemon/10147/"},{"name":"mr-mime-galar","url":"https://pokeapi.co/api/v2/pokemon/10168/"},{"name":"corsola-galar","url":"https://pokeapi.co/api/v2/pokemon/10173/"},{"name":"eternatus-eternamax","url":"https://pokeapi.co/api/v2/pokemon/10190/"},{"name":"calyrex-shadow","url":"https://pokeapi.co/api/v2/pokemon/10194/"},{"name":"typhlosion-hisui","url":"https://pokeapi.co/api/v2/pokemon/10233/"},{"name":"zorua-hisui","url":"https://pokeapi.co/api/v2/pokemon/10238/"},{"name":"zoroark-hisui","url":"https://pokeapi.co/api/v2/pokemon/10239/"},{"name":"braviary-hisui","url":"https://pokeapi.co/api/v2/pokemon/10240/"},{"name":"basculegion-female","url":"https://pokeapi.co/api/v2/pokemon/10248/"},{"name":"gimmighoul-roaming","url":"https://pokeapi.co/api/v2/pokemon/10263/"},{"name":"miraidon-low-power-mode","url":"https://pokeapi.co/api/v2/pokemon/10268/"},{"name":"miraidon-drive-mode","url":"https://pokeapi.co/api/v2/pokemon/10269/"},{"name":"miraidon-aquatic-mode","url":"https://pokeapi.co/api/v2/pokemon/10270/"},{"name":"miraidon-glide-mode","url":"https://pokeapi.co/api/v2/pokemon/10271/"}],"machines":[],"meta":{"ailment":{"name":"confusion","url":"https://pokeapi.co/api/v2/move-ailment/6/"},"ailment_chance":0,"category":{"name":"ailment","url":"https://pokeapi.co/api/v2/move-category/1/"},"crit_rate":0,"drain":0,"flinch_chance":0,"healing":0,"max_hits":null,"max_turns":5,"min_hits":null,"min_turns":2,"stat_chance":0},"name":"confuse-ray","names":[{"language":{"name":"ja-Hrkt","url":"https://pokeapi.co/api/v2/language/1/"},"name":"あやしいひかり"},{"language":{"name":"ko","url":"https://pokeapi.co/api/v2/language/3/"},"name":"이상한빛"},{"language":{"name":"zh-Hant","url":"https://pokeapi.co/api/v2/language/4/"},"name":"奇異之光"},{"language":{"name":"fr","url":"https://pokeapi.co/api/v2/language/5/"},"name":"Onde Folie"},{"language":{"name":"de","url":"https://pokeapi.co/api/v2/language/6/"},"name":"Konfusstrahl"},{"language":{"name":"es","url":"https://pokeapi.co/api/v2/language/7/"},"name":"Rayo Confuso"},{"language":{"name":"it","url":"https://pokeapi.co/api/v2/language/8/"},"name":"Stordiraggio"},{"language":{"name":"en","url":"https://pokeapi.co/api/v2/language/9/"},"name":"Confuse Ray"},{"language":{"name":"ja","url":"https://pokeapi.co/api/v2/language/11/"},"name":"あやしいひかり"},{"language":{"name":"zh-Hans","url":"https://pokeapi.co/api/v2/language/12/"},"name":"奇异之光"}],"past_values":[],"power":null,"pp":10,"priority":0,"stat_changes":[],"super_contest_effect":{"url":"https://pokeapi.co/api/v2/super-contest-effect/10/"},"target":{"name":"selected-pokemon","url":"https://pokeapi.co/api/v2/move-target/10/"},"type":{"name":"ghost","url":"https://pokeapi.co/api/v2/type/8/"}}