{"accuracy":null,"contest_combos":{"normal":{"use_after":[{"name":"rain-dance","url":"https://pokeapi.co/api/v2/move/240/"}],"use_before":null},"super":{"use_after":null,"use_before":null}},"contest_effect":{"url":"https://pokeapi.co/api/v2/contest-effect/15/"},"contest_type":{"name":"cute","url":"https://pokeapi.co/api/v2/contest-type/3/"},"damage_class":{"name":"status","url":"https://pokeapi.co/api/v2/move-damage-class/1/"},"effect_chance":null,"effect_changes":[],"effect_entries":[{"effect":"Raises the user's Defense by one stage.","language":{"name":"en","url":"https://pokeapi.co/api/v2/language/9/"},"short_effect":"Raises the user's Defense by one stage."}],"flavor_text_entries":[{"flavor_text":"Heightens the\nuser's DEFENSE.","language":{"name":"en","url":"https://pokeapi.co/api/v2/language/9/"},"version_group":{"name":"gold-silver","url":"https://pokeapi.co/api/v2/version-group/3/"}},{"flavor_text":"Heightens the\nuser's DEFENSE.","language":{"name":"en","url":"https://pokeapi.co/api/v2/language/9/"},"version_group":{"name":"crystal","url":"https://pokeapi.co/api/v2/version-group/4/"}},{"flavor_text":"Withdraws the body into its\nhard shell to raise DEFENSE.","language":{"name":"en","url":"https://pokeapi.co/api/v2/language/9/"},"version_group":{"name":"ruby-sapphire","url":"https://pokeapi.co/api/v2/version-group/5/"}},{"flavor_text":"Withdraws the body into its\nhard shell to raise DEFENSE.","language":{"name":"en","url":"https://pokeapi.co/api/v2/language/9/"},"version_group":{"name":"emerald","url":"https://pokeapi.co/api/v2/version-group/6/"}},{"flavor_text":"The user withdraws\nits body in its hard\nshell, raising its\nDEFENSE stat.","language":{"name":"en","url":"https://pokeapi.co/api/v2/language/9/"},"version_group":{"name":"firered-leafgreen","url":"https://pokeapi.co/api/v2/version-group/7/"}},{"flavor_text":"The user withdraws\nits body into its hard\nshell, raising its\nDefense stat.\n","language":{"name":"en","url":"https://pokeapi.co/api/v2/language/9/"},"version_group":{"name":"diamond-pearl","url":"https://pokeapi.co/api/v2/version-group/8/"}},{"flavor_text":"The user withdraws\nits body into its hard\nshell, raising its\nDefense stat.\n","language":{"name":"en","url":"https://pokeapi.co/api/v2/language/9/"},"version_group":{"name":"platinum","url":"https://pokeapi.co/api/v2/version-group/9/"}},{"flavor_text":"The user withdraws\nits body into its hard\nshell, raising its\nDefense stat.\n","language":{"name":"en","url":"https://pokeapi.co/api/v2/language/9/"},"version_group":{"name":"heartgold-soulsilver","url":"https://pokeapi.co/api/v2/version-group/10/"}},{"flavor_text":"Le lanceur se recroqueville dans sa\ncarapace, ce qui augmente sa Défense.","language":{"name":"fr","url":"https://pokeapi.co/api/v2/language/5/"},"version_group":{"name":"black-white","url":"https://pokeapi.co/api/v2/version-group/11/"}},{"flavor_text":"The user withdraws its body into its hard\nshell, raising its Defense stat.","language":{"name":"en","url":"https://pokeapi.co/api/v2/language/9/"},"version_group":{"name":"black-white","url":"https://pokeapi.co/api/v2/version-group/11/"}},{"flavor_text":"The user withdraws its body into its hard\nshell, raising its Defense stat.","language":{"name":"en","url":"https://pokeapi.co/api/v2/language/9/"},"version_group":{"name":"black-2-white-2","url":"https://pokeapi.co/api/v2/version-group/14/"}},{"flavor_text":"からに　もぐりこんで　みをまもり\nじぶんの　ぼうぎょを　あげる。\n","language":{"name":"ja-Hrkt","url":"https://pokeapi.co/api/v2/language/1/"},"version_group":{"name":"x-y","url":"https://pokeapi.co/api/v2/version-group/15/"}},{"flavor_text":"껍질에 숨어 몸을 보호하여\n자신의 방어를 올린다.","language":{"name":"ko","url":"https://pokeapi.co/api/v2/language/3/"},"version_group":{"name":"x-y","url":"https://pokeapi.co/api/v2/version-group/15/"}},{"flavor_text":"Le lanceur se recroqueville dans sa carapace,\nce qui augmente sa Défense.","language":{"name":"fr","url":"https://pokeapi.co/api/v2/language/5/"},"version_group":{"name":"x-y","url":"https://pokeapi.co/api/v2/version-group/15/"}},{"flavor_text":"Rückzug in den harten Panzer.\nErhöht den Verteidigungs-Wert.","language":{"name":"de","url":"https://pokeapi.co/api/v2/language/6/"},"version_group":{"name":"x-y","url":"https://pokeapi.co/api/v2/version-group/15/"}},{"flavor_text":"El usuario se protege en su coraza y sube la\nDefensa.","language":{"name":"es","url":"https://pokeapi.co/api/v2/language/7/"},"version_group":{"name":"x-y","url":"https://pokeapi.co/api/v2/version-group/15/"}},{"flavor_text":"Il corpo si ritira nel suo duro guscio per aumentare\nla Difesa.","language":{"name":"it","url":"https://pokeapi.co/api/v2/language/8/"},"version_group":{"name":"x-y","url":"https://pokeapi.co/api/v2/version-group/15/"}},{"flavor_text":"The user withdraws its body into its hard\nshell, raising its Defense stat.","language":{"name":"en","url":"https://pokeapi.co/api/v2/language/9/"},"version_group":{"name":"x-y","url":"https://pokeapi.co/api/v2/version-group/15/"}},{"flavor_text":"殻に　潜りこんで　身を守り\n自分の　防御を　あげる。\n","language":{"name":"ja","url":"https://pokeapi.co/api/v2/language/11/"},"version_group":{"name":"x-y","url":"https://pokeapi.co/api/v2/version-group/15/"}},{"flavor_text":"からに　もぐりこんで　 をまもり\nじぶんの　ぼうぎょを　あげる。\n","language":{"name":"ja-Hrkt","url":"https://pokeapi.co/api/v2/language/1/"},"version_group":{"name":"omega-ruby-alpha-sapphire","url":"https://pokeapi.co/api/v2/version-group/16/"}},{"flavor_text":"껍질에 숨어 몸을 보호하여\n자신의 방어를 올린다.","language":{"name":"ko","url":"https://pokeapi.co/api/v2/language/3/"},"version_group":{"name":"omega-ruby-alpha-sapphire","url":"https://pokeapi.co/api/v2/version-group/16/"}},{"flavor_text":"Le lanceur se recroqueville dans sa carapace,\nce qui augmente sa Défense.","language":{"name":"fr","url":"https://pokeapi.co/api/v2/language/5/"},"version_group":{"name":"omega-ruby-alpha-sapphire","url":"https://pokeapi.co/api/v2/version-group/16/"}},{"flavor_text":"Rückzug in den harten Panzer.\nErhöht den Verteidigungs-Wert.","language":{"name":"de","url":"https://pokeapi.co/api/v2/language/6/"},"version_group":{"name":"omega-ruby-alpha-sapphire","url":"https://pokeapi.co/api/v2/version-group/16/"}},{"flavor_text":"El usuario se resguarda en su coraza por lo que le\nsube la Defensa. ","language":{"name":"es","url":"https://pokeapi.co/api/v2/language/7/"},"version_group":{"name":"omega-ruby-alpha-sapphire","url":"https://pokeapi.co/api/v2/version-group/16/"}},{"flavor_text":"Il corpo si ritira nel suo duro guscio per aumentare\nla Difesa.","language":{"name":"it","url":"https://pokeapi.co/api/v2/language/8/"},"version_group":{"name":"omega-ruby-alpha-sapphire","url":"https://pokeapi.co/api/v2/version-group/16/"}},{"flavor_text":"The user withdraws its body into its hard\nshell, raising its Defense stat.","language":{"name":"en","url":"https://pokeapi.co/api/v2/language/9/"},"version_group":{"name":"omega-ruby-alpha-sapphire","url":"https://pokeapi.co/api/v2/version-group/16/"}},{"flavor_text":"殻に　潜りこんで　身を守り\n自分の　防御を　あげる。\n","language":{"name":"ja","url":"https://pokeapi.co/api/v2/language/11/"},"version_group":{"name":"omega-ruby-alpha-sapphire","url":"https://pokeapi.co/api/v2/version-group/16/"}},{"flavor_text":"からに　もぐりこんで　みをまもり\nじぶんの　ぼうぎょを　あげる。","language":{"name":"ja-Hrkt","url":"https://pokeapi.co/api/v2/language/1/"},"version_group":{"name":"sun-moon","url":"https://pokeapi.co/api/v2/version-group/17/"}},{"flavor_text":"껍질에 숨어 몸을 보호하여\n자신의 방어를 올린다.","language":{"name":"ko","url":"https://pokeapi.co/api/v2/language/3/"},"version_group":{"name":"sun-moon","url":"https://pokeapi.co/api/v2/version-group/17/"}},{"flavor_text":"縮入殼中保護身體，\n提高自己的防禦。","language":{"name":"zh-Hant","url":"https://pokeapi.co/api/v2/language/4/"},"version_group":{"name":"sun-moon","url":"https://pokeapi.co/api/v2/version-group/17/"}},{"flavor_text":"Le lanceur se recroqueville dans sa carapace,\nce qui augmente sa Défense.","language":{"name":"fr","url":"https://pokeapi.co/api/v2/language/5/"},"version_group":{"name":"sun-moon","url":"https://pokeapi.co/api/v2/version-group/17/"}},{"flavor_text":"Rückzug in den harten Panzer. Erhöht den\nVerteidigungs-Wert.","language":{"name":"de","url":"https://pokeapi.co/api/v2/language/6/"},"version_group":{"name":"sun-moon","url":"https://pokeapi.co/api/v2/version-group/17/"}},{"flavor_text":"El usuario se resguarda en su coraza por lo que le\nsube la Defensa. ","language":{"name":"es","url":"https://pokeapi.co/api/v2/language/7/"},"version_group":{"name":"sun-moon","url":"https://pokeapi.co/api/v2/version-group/17/"}},{"flavor_text":"Il corpo si ritira nel suo duro guscio per aumentare\nla Difesa.","language":{"name":"it","url":"https://pokeapi.co/api/v2/language/8/"},"version_group":{"name":"sun-moon","url":"https://pokeapi.co/api/v2/version-group/17/"}},{"flavor_text":"The user withdraws its body into its hard shell,\nraising its Defense stat.","language":{"name":"en","url":"https://pokeapi.co/api/v2/language/9/"},"version_group":{"name":"sun-moon","url":"https://pokeapi.co/api/v2/version-group/17/"}},{"flavor_text":"殻に　潜りこんで　身を守り\n自分の　防御を　あげる。","language":{"name":"ja","url":"https://pokeapi.co/api/v2/language/11/"},"version_group":{"name":"sun-moon","url":"https://pokeapi.co/api/v2/version-group/17/"}},{"flavor_text":"缩入壳里保护身体，\n从而提高自己的防御。","language":{"name":"zh-Hans","url":"https://pokeapi.co/api/v2/language/12/"},"version_group":{"name":"sun-moon","url":"https://pokeapi.co/api/v2/version-group/17/"}},{"flavor_text":"からに　もぐりこんで　みをまもり\nじぶんの　ぼうぎょを　あげる。","language":{"name":"ja-Hrkt","url":"https://pokeapi.co/api/v2/language/1/"},"version_group":{"name":"ultra-sun-ultra-moon","url":"https://pokeapi.co/api/v2/version-group/18/"}},{"flavor_text":"껍질에 숨어 몸을 보호하여\n자신의 방어를 올린다.","language":{"name":"ko","url":"https://pokeapi.co/api/v2/language/3/"},"version_group":{"name":"ultra-sun-ultra-moon","url":"https://pokeapi.co/api/v2/version-group/18/"}},{"flavor_text":"縮入殼中保護身體，\n提高自己的防禦。","language":{"name":"zh-Hant","url":"https://pokeapi.co/api/v2/language/4/"},"version_group":{"name":"ultra-sun-ultra-moon","url":"https://pokeapi.co/api/v2/version-group/18/"}},{"flavor_text":"Le lanceur se recroqueville dans sa carapace,\nce qui augmente sa Défense.","language":{"name":"fr","url":"https://pokeapi.co/api/v2/language/5/"},"version_group":{"name":"ultra-sun-ultra-moon","url":"https://pokeapi.co/api/v2/version-group/18/"}},{"flavor_text":"Rückzug in den harten Panzer. Erhöht den\nVerteidigungs-Wert.","language":{"name":"de","url":"https://pokeapi.co/api/v2/language/6/"},"version_group":{"name":"ultra-sun-ultra-moon","url":"https://pokeapi.co/api/v2/version-group/18/"}},{"flavor_text":"El usuario se resguarda en su coraza por lo que le\nsube la Defensa. ","language":{"name":"es","url":"https://pokeapi.co/api/v2/language/7/"},"version_group":{"name":"ultra-sun-ultra-moon","url":"https://pokeapi.co/api/v2/version-group/18/"}},{"flavor_text":"Il corpo si ritira nel suo duro guscio per aumentare\nla Difesa.","language":{"name":"it","url":"https://pokeapi.co/api/v2/language/8/"},"version_group":{"name":"ultra-sun-ultra-moon","url":"https://pokeapi.co/api/v2/version-group/18/"}},{"flavor_text":"The user withdraws its body into its hard shell,\nraising its Defense stat.","language":{"name":"en","url":"https://pokeapi.co/api/v2/language/9/"},"version_group":{"name":"ultra-sun-ultra-moon","url":"https://pokeapi.co/api/v2/version-group/18/"}},{"flavor_text":"殻に　潜りこんで　身を守り\n自分の　防御を　あげる。","language":{"name":"ja","url":"https://pokeapi.co/api/v2/language/11/"},"version_group":{"name":"ultra-sun-ultra-moon","url":"https://pokeapi.co/api/v2/version-group/18/"}},{"flavor_text":"缩入壳里保护身体，\n从而提高自己的防御。","language":{"name":"zh-Hans","url":"https://pokeapi.co/api/v2/language/12/"},"version_group":{"name":"ultra-sun-ultra-moon","url":"https://pokeapi.co/api/v2/version-group/18/"}},{"flavor_text":"からに　もぐりこんで　みをまもり\nじぶんの　ぼうぎょを　あげる。","language":{"name":"ja-Hrkt","url":"https://pokeapi.co/api/v2/language/1/"},"version_group":{"name":"lets-go-pikachu-lets-go-eevee","url":"https://pokeapi.co/api/v2/version-group/19/"}},{"flavor_text":"껍질에 숨어 몸을 보호하여\n자신의 방어를 올린다.","language":{"name":"ko","url":"https://pokeapi.co/api/v2/language/3/"},"version_group":{"name":"lets-go-pikachu-lets-go-eevee","url":"https://pokeapi.co/api/v2/version-group/19/"}},{"flavor_text":"縮入殼中保護身體，\n提高自己的防禦。","language":{"name":"zh-Hant","url":"https://pokeapi.co/api/v2/language/4/"},"version_group":{"name":"lets-go-pikachu-lets-go-eevee","url":"https://pokeapi.co/api/v2/version-group/19/"}},{"flavor_text":"Le lanceur se recroqueville dans sa carapace,\nce qui augmente sa Défense.","language":{"name":"fr","url":"https://pokeapi.co/api/v2/language/5/"},"version_group":{"name":"lets-go-pikachu-lets-go-eevee","url":"https://pokeapi.co/api/v2/version-group/19/"}},{"flavor_text":"Rückzug in den harten Panzer. Erhöht den\nVerteidigungs-Wert.","language":{"name":"de","url":"https://pokeapi.co/api/v2/language/6/"},"version_group":{"name":"lets-go-pikachu-lets-go-eevee","url":"https://pokeapi.co/api/v2/version-group/19/"}},{"flavor_text":"El usuario se resguarda en su coraza por lo que le\nsube la Defensa. ","language":{"name":"es","url":"https://pokeapi.co/api/v2/language/7/"},"version_group":{"name":"lets-go-pikachu-lets-go-eevee","url":"https://pokeapi.co/api/v2/version-group/19/"}},{"flavor_text":"Il corpo si ritira nel suo duro guscio per aumentare\nla Difesa.","language":{"name":"it","url":"https://pokeapi.co/api/v2/language/8/"},"version_group":{"name":"lets-go-pikachu-lets-go-eevee","url":"https://pokeapi.co/api/v2/version-group/19/"}},{"flavor_text":"The user withdraws its body into its hard shell,\nraising its Defense stat.","language":{"name":"en","url":"https://pokeapi.co/api/v2/language/9/"},"version_group":{"name":"lets-go-pikachu-lets-go-eevee","url":"https://pokeapi.co/api/v2/version-group/19/"}},{"flavor_text":"殻に　潜りこんで　身を守り\n自分の　防御を　あげる。","language":{"name":"ja","url":"https://pokeapi.co/api/v2/language/11/"},"version_group":{"name":"lets-go-pikachu-lets-go-eevee","url":"https://pokeapi.co/api/v2/version-group/19/"}},{"flavor_text":"缩入壳里保护身体，\n从而提高自己的防御。","language":{"name":"zh-Hans","url":"https://pokeapi.co/api/v2/language/12/"},"version_group":{"name":"lets-go-pikachu-lets-go-eevee","url":"https://pokeapi.co/api/v2/version-group/19/"}},{"flavor_text":"からに　もぐりこんで　みをまもり\nじぶんの　ぼうぎょを　あげる。","language":{"name":"ja-Hrkt","url":"https://pokeapi.co/api/v2/language/1/"},"version_group":{"name":"sword-shield","url":"https://pokeapi.co/api/v2/version-group/20/"}},{"flavor_text":"껍질에 숨어 몸을 보호하여\n자신의 방어를 올린다.","language":{"name":"ko","url":"https://pokeapi.co/api/v2/language/3/"},"version_group":{"name":"sword-shield","url":"https://pokeapi.co/api/v2/version-group/20/"}},{"flavor_text":"縮入殼中保護身體，\n提高自己的防禦。","language":{"name":"zh-Hant","url":"https://pokeapi.co/api/v2/language/4/"},"version_group":{"name":"sword-shield","url":"https://pokeapi.co/api/v2/version-group/20/"}},{"flavor_text":"Le lanceur se recroqueville dans sa carapace,\nce qui augmente sa Défense.","language":{"name":"fr","url":"https://pokeapi.co/api/v2/language/5/"},"version_group":{"name":"sword-shield","url":"https://pokeapi.co/api/v2/version-group/20/"}},{"flavor_text":"Rückzug in den harten Panzer. Erhöht den\nVerteidigungs-Wert.","language":{"name":"de","url":"https://pokeapi.co/api/v2/language/6/"},"version_group":{"name":"sword-shield","url":"https://pokeapi.co/api/v2/version-group/20/"}},{"flavor_text":"El usuario se resguarda en su coraza, por lo que le sube\nla Defensa.","language":{"name":"es","url":"https://pokeapi.co/api/v2/language/7/"},"version_group":{"name":"sword-shield","url":"https://pokeapi.co/api/v2/version-group/20/"}},{"flavor_text":"Il corpo si ritira nel suo duro guscio per aumentare\nla Difesa.","language":{"name":"it","url":"https://pokeapi.co/api/v2/language/8/"},"version_group":{"name":"sword-shield","url":"https://pokeapi.co/api/v2/version-group/20/"}},{"flavor_text":"The user withdraws its body into its hard shell,\nraising its Defense stat.","language":{"name":"en","url":"https://pokeapi.co/api/v2/language/9/"},"version_group":{"name":"sword-shield","url":"https://pokeapi.co/api/v2/version-group/20/"}},{"flavor_text":"殻に　潜りこんで　身を守り\n自分の　防御を　あげる。","language":{"name":"ja","url":"https://pokeapi.co/api/v2/language/11/"},"version_group":{"name":"sword-shield","url":"https://pokeapi.co/api/v2/version-group/20/"}},{"flavor_text":"缩入壳里保护身体，\n从而提高自己的防御。","language":{"name":"zh-Hans","url":"https://pokeapi.co/api/v2/language/12/"},"version_group":{"name":"sword-shield","url":"https://pokeapi.co/api/v2/version-group/20/"}}],"generation":{"name":"generation-i","url":"https://pokeapi.co/api/v2/generation/1/"},"id":110,"learned_by_pokemon":[{"name":"squirtle","url":"https://pokeapi.co/api/v2/pokemon/7/"},{"name":"wartortle","url":"https://pokeapi.co/api/v2/pokemon/8/"},{"name":"blastoise","url":"https://pokeapi.co/api/v2/pokemon/9/"},{"name":"slowbro","url":"https://pokeapi.co/api/v2/pokemon/80/"},{"name":"shellder","url":"https://pokeapi.co/api/v2/pokemon/90/"},{"name":"cloyster","url":"https://pokeapi.co/api/v2/pokemon/91/"},{"name":"omanyte","url":"https://pokeapi.co/api/v2/pokemon/138/"},{"name":"omastar","url":"https://pokeapi.co/api/v2/pokemon/139/"},{"name":"shuckle","url":"https://pokeapi.co/api/v2/pokemon/213/"},{"name":"torkoal","url":"https://pokeapi.co/api/v2/pokemon/324/"},{"name":"turtwig","url":"https://pokeapi.co/api/v2/pokemon/387/"},{"name":"grotle","url":"https://pokeapi.co/api/v2/pokemon/388/"},{"name":"torterra","url":"https://pokeapi.co/api/v2/pokemon/389/"},{"name":"dwebble","url":"https://pokeapi.co/api/v2/pokemon/557/"},{"name":"crustle","url":"https://pokeapi.co/api/v2/pokemon/558/"},{"name":"tirtouga","url":"https://pokeapi.co/api/v2/pokemon/564/"},{"name":"carracosta","url":"https://pokeapi.co/api/v2/pokemon/565/"},{"name":"binacle","url":"https://pokeapi.co/api/v2/pokemon/688/"},{"name":"barbaracle","url":"https://pokeapi.co/api/v2/pokemon/689/"},{"name":"tapu-koko","url":"https://pokeapi.co/api/v2/pokemon/785/"},{"name":"tapu-lele","url":"https://pokeapi.co/api/v2/pokemon/786/"},{"name":"tapu-bulu","url":"https://pokeapi.co/api/v2/pokemon/787/"},{"name":"tapu-fini","url":"https://pokeapi.co/api/v2/pokemon/788/"},{"name":"applin","url":"https://pokeapi.co/api/v2/pokemon/840/"},{"name":"flapple","url":"https://pokeapi.co/api/v2/pokemon/841/"},{"name":"appletun","url":"https://pokeapi.co/api/v2/pokemon/842/"},{"name":"sinistea","url":"https://pokeapi.co/api/v2/pokemon/854/"},{"name":"polteageist","url":"https://pokeapi.co/api/v2/pokemon/855/"},{"name":"blastoise-mega","url":"https://pokeapi.co/api/v2/pokemon/10036/"},{"name":"slowbro-mega","url":"https://pokeapi.co/api/v2/pokemon/10071/"},{"name":"slowbro-galar","url":"https://pokeapi.co/api/v2/pokemon/10165/"}],"machines":[],"meta":{"ailment":{"name":"none","url":"https://pokeapi.co/api/v2/move-ailment/0/"},"ailment_chance":0,"category":{"name":"net-good-stats","url":"https://pokeapi.co/api/v2/move-category/2/"},"crit_rate":0,"drain":0,"flinch_chance":0,"healing":0,"max_hits":null,"max_turns":null,"min_hits":null,"min_turns":null,"stat_chance":0},"name":"withdraw","names":[{"language":{"name":"ja-Hrkt","url":"https://pokeapi.co/api/v2/language/1/"},"name":"からにこもる"},{"language":{"name":"ko","url":"https://pokeapi.co/api/v2/language/3/"},"name":"껍질에숨기"},{"language":{"name":"zh-Hant","url":"https://pokeapi.co/api/v2/language/4/"},"name":"縮入殼中"},{"language":{"name":"fr","url":"https://pokeapi.co/api/v2/language/5/"},"name":"Repli"},{"language":{"name":"de","url":"https://pokeapi.co/api/v2/language/6/"},"name":"Panzerschutz"},{"language":{"name":"es","url":"https://pokeapi.co/api/v2/language/7/"},"name":"Refugio"},{"language":{"name":"it","url":"https://pokeapi.co/api/v2/language/8/"},"name":"Ritirata"},{"language":{"name":"en","url":"https://pokeapi.co/api/v2/language/9/"},"name":"Withdraw"},{"language":{"name":"ja","url":"https://pokeapi.co/api/v2/language/11/"},"name":"からにこもる"},{"language":{"name":"zh-Hans","url":"https://pokeapi.co/api/v2/language/12/"},"name":"缩入壳中"}],"past_values":[],"power":null,"pp":40,"priority":0,"stat_changes":[{"change":1,"stat":{"name":"defense","url":"https://pokeapi.co/api/v2/stat/3/"}}],"super_contest_effect":{"url":"https://pokeapi.co/api/v2/super-contest-effect/13/"},"target":{"name":"user","url":"https://pokeapi.co/api/v2/move-target/7/"},"type":{"name":"water","url":"https://pokeapi.co/api/v2/type/11/"}}