{"accuracy":100,"contest_combos":{"normal":{"use_after":[{"name":"calm-mind","url":"https://pokeapi.co/api/v2/move/347/"}],"use_before":null},"super":{"use_after":null,"use_before":null}},"contest_effect":{"url":"https://pokeapi.co/api/v2/contest-effect/14/"},"contest_type":{"name":"smart","url":"https://pokeapi.co/api/v2/contest-type/4/"},"damage_class":{"name":"special","url":"https://pokeapi.co/api/v2/move-damage-class/3/"},"effect_chance":null,"effect_changes":[],"effect_entries":[{"effect":"Inflicts typeless damage between 50% and 150% of the user's level, selected at random in increments of 10%.","language":{"name":"en","url":"https://pokeapi.co/api/v2/language/9/"},"short_effect":"Inflicts damage between 50% and 150% of the user's level."}],"flavor_text_entries":[{"flavor_text":"An attack with\nvariable power.","language":{"name":"en","url":"https://pokeapi.co/api/v2/language/9/"},"version_group":{"name":"gold-silver","url":"https://pokeapi.co/api/v2/version-group/3/"}},{"flavor_text":"An attack with\nvariable power.","language":{"name":"en","url":"https://pokeapi.co/api/v2/language/9/"},"version_group":{"name":"crystal","url":"https://pokeapi.co/api/v2/version-group/4/"}},{"flavor_text":"Attacks with a psychic\nwave of varying intensity.","language":{"name":"en","url":"https://pokeapi.co/api/v2/language/9/"},"version_group":{"name":"ruby-sapphire","url":"https://pokeapi.co/api/v2/version-group/5/"}},{"flavor_text":"Attacks with a psychic\nwave of varying intensity.","language":{"name":"en","url":"https://pokeapi.co/api/v2/language/9/"},"version_group":{"name":"emerald","url":"https://pokeapi.co/api/v2/version-group/6/"}},{"flavor_text":"The foe is attacked\nwith an odd, hot\nenergy wave that\nvaries in intensity.","language":{"name":"en","url":"https://pokeapi.co/api/v2/language/9/"},"version_group":{"name":"firered-leafgreen","url":"https://pokeapi.co/api/v2/version-group/7/"}},{"flavor_text":"The foe is attacked\nwith an odd, hot\nenergy wave.\nThe attack varies in\nintensity.","language":{"name":"en","url":"https://pokeapi.co/api/v2/language/9/"},"version_group":{"name":"diamond-pearl","url":"https://pokeapi.co/api/v2/version-group/8/"}},{"flavor_text":"The foe is attacked\nwith an odd, hot\nenergy wave.\nThe attack varies in\nintensity.","language":{"name":"en","url":"https://pokeapi.co/api/v2/language/9/"},"version_group":{"name":"platinum","url":"https://pokeapi.co/api/v2/version-group/9/"}},{"flavor_text":"The foe is attacked\nwith an odd, hot\nenergy wave.\nThe attack varies in\nintensity.","language":{"name":"en","url":"https://pokeapi.co/api/v2/language/9/"},"version_group":{"name":"heartgold-soulsilver","url":"https://pokeapi.co/api/v2/version-group/10/"}},{"flavor_text":"Une étrange onde d’énergie chaude\nfrappe l’ennemi. Cette attaque est\nd’intensité variable.","language":{"name":"fr","url":"https://pokeapi.co/api/v2/language/5/"},"version_group":{"name":"black-white","url":"https://pokeapi.co/api/v2/version-group/11/"}},{"flavor_text":"The target is attacked with an odd \npsychic wave.\nThe attack varies in intensity.","language":{"name":"en","url":"https://pokeapi.co/api/v2/language/9/"},"version_group":{"name":"black-white","url":"https://pokeapi.co/api/v2/version-group/11/"}},{"flavor_text":"The target is attacked with an odd\npsychic wave.\nThe attack varies in intensity.","language":{"name":"en","url":"https://pokeapi.co/api/v2/language/9/"},"version_group":{"name":"black-2-white-2","url":"https://pokeapi.co/api/v2/version-group/14/"}},{"flavor_text":"ふしぎな　ねんぱを\nあいてに　はっしゃして　こうげきする。\nつかう　たびに　ダメージが　かわる。","language":{"name":"ja-Hrkt","url":"https://pokeapi.co/api/v2/language/1/"},"version_group":{"name":"x-y","url":"https://pokeapi.co/api/v2/version-group/15/"}},{"flavor_text":"이상한 염력파를\n상대에게 발사하여 공격한다.\n사용할 때마다 데미지가 바뀐다.","language":{"name":"ko","url":"https://pokeapi.co/api/v2/language/3/"},"version_group":{"name":"x-y","url":"https://pokeapi.co/api/v2/version-group/15/"}},{"flavor_text":"Une étrange onde d’énergie chaude frappe\nl’ennemi. Cette attaque est d’intensité variable.","language":{"name":"fr","url":"https://pokeapi.co/api/v2/language/5/"},"version_group":{"name":"x-y","url":"https://pokeapi.co/api/v2/version-group/15/"}},{"flavor_text":"Anwender erzeugt eine mysteriöse Energiewelle,\nderen Intensität von Mal zu Mal anders ausfällt.","language":{"name":"de","url":"https://pokeapi.co/api/v2/language/6/"},"version_group":{"name":"x-y","url":"https://pokeapi.co/api/v2/version-group/15/"}},{"flavor_text":"Ataque con una onda de energía de intensidad\nvariable.","language":{"name":"es","url":"https://pokeapi.co/api/v2/language/7/"},"version_group":{"name":"x-y","url":"https://pokeapi.co/api/v2/version-group/15/"}},{"flavor_text":"Colpisce il bersaglio con una strana onda psichica.\nHa un’intensità variabile.","language":{"name":"it","url":"https://pokeapi.co/api/v2/language/8/"},"version_group":{"name":"x-y","url":"https://pokeapi.co/api/v2/version-group/15/"}},{"flavor_text":"The target is attacked with an odd\npsychic wave.\nThe attack varies in intensity.","language":{"name":"en","url":"https://pokeapi.co/api/v2/language/9/"},"version_group":{"name":"x-y","url":"https://pokeapi.co/api/v2/version-group/15/"}},{"flavor_text":"不思議な　念波を\n相手に　発射して　攻撃する。\n使うたびに　ダメージが　変わる。","language":{"name":"ja","url":"https://pokeapi.co/api/v2/language/11/"},"version_group":{"name":"x-y","url":"https://pokeapi.co/api/v2/version-group/15/"}},{"flavor_text":"ふしぎな　ねんぱを\nあいてに　はっしゃして　こうげきする。\nつかう　たびに　ダメージが　かわる。","language":{"name":"ja-Hrkt","url":"https://pokeapi.co/api/v2/language/1/"},"version_group":{"name":"omega-ruby-alpha-sapphire","url":"https://pokeapi.co/api/v2/version-group/16/"}},{"flavor_text":"이상한 염력파를\n상대에게 발사하여 공격한다.\n사용할 때마다 데미지가 바뀐다.","language":{"name":"ko","url":"https://pokeapi.co/api/v2/language/3/"},"version_group":{"name":"omega-ruby-alpha-sapphire","url":"https://pokeapi.co/api/v2/version-group/16/"}},{"flavor_text":"Une étrange onde d’énergie chaude frappe\nl’ennemi. Cette attaque est d’intensité variable.","language":{"name":"fr","url":"https://pokeapi.co/api/v2/language/5/"},"version_group":{"name":"omega-ruby-alpha-sapphire","url":"https://pokeapi.co/api/v2/version-group/16/"}},{"flavor_text":"Anwender erzeugt eine mysteriöse Energiewelle,\nderen Intensität von Mal zu Mal anders ausfällt.","language":{"name":"de","url":"https://pokeapi.co/api/v2/language/6/"},"version_group":{"name":"omega-ruby-alpha-sapphire","url":"https://pokeapi.co/api/v2/version-group/16/"}},{"flavor_text":"Ataque con una onda de energía de intensidad \nvariable.","language":{"name":"es","url":"https://pokeapi.co/api/v2/language/7/"},"version_group":{"name":"omega-ruby-alpha-sapphire","url":"https://pokeapi.co/api/v2/version-group/16/"}},{"flavor_text":"Colpisce il bersaglio con una strana onda psichica.\nHa un’intensità variabile.","language":{"name":"it","url":"https://pokeapi.co/api/v2/language/8/"},"version_group":{"name":"omega-ruby-alpha-sapphire","url":"https://pokeapi.co/api/v2/version-group/16/"}},{"flavor_text":"The target is attacked with an odd\npsychic wave.\nThe attack varies in intensity.","language":{"name":"en","url":"https://pokeapi.co/api/v2/language/9/"},"version_group":{"name":"omega-ruby-alpha-sapphire","url":"https://pokeapi.co/api/v2/version-group/16/"}},{"flavor_text":"不思議な　念波を\n相手に　発射して　攻撃する。\n使うたびに　ダメージが　変わる。","language":{"name":"ja","url":"https://pokeapi.co/api/v2/language/11/"},"version_group":{"name":"omega-ruby-alpha-sapphire","url":"https://pokeapi.co/api/v2/version-group/16/"}},{"flavor_text":"ふしぎな　ねんぱを\nあいてに　はっしゃして　こうげきする。\nつかう　たびに　ダメージが　かわる。","language":{"name":"ja-Hrkt","url":"https://pokeapi.co/api/v2/language/1/"},"version_group":{"name":"sun-moon","url":"https://pokeapi.co/api/v2/version-group/17/"}},{"flavor_text":"이상한 염력파를\n상대에게 발사하여 공격한다.\n사용할 때마다 데미지가 바뀐다.","language":{"name":"ko","url":"https://pokeapi.co/api/v2/language/3/"},"version_group":{"name":"sun-moon","url":"https://pokeapi.co/api/v2/version-group/17/"}},{"flavor_text":"向對手發射\n神奇的念力波進行攻擊。\n每次給予的傷害都不同。","language":{"name":"zh-Hant","url":"https://pokeapi.co/api/v2/language/4/"},"version_group":{"name":"sun-moon","url":"https://pokeapi.co/api/v2/version-group/17/"}},{"flavor_text":"Une étrange onde d’énergie chaude frappe\nl’ennemi. Cette attaque est d’intensité variable.","language":{"name":"fr","url":"https://pokeapi.co/api/v2/language/5/"},"version_group":{"name":"sun-moon","url":"https://pokeapi.co/api/v2/version-group/17/"}},{"flavor_text":"Anwender erzeugt eine mysteriöse Energiewelle,\nderen Intensität von Mal zu Mal anders ausfällt.","language":{"name":"de","url":"https://pokeapi.co/api/v2/language/6/"},"version_group":{"name":"sun-moon","url":"https://pokeapi.co/api/v2/version-group/17/"}},{"flavor_text":"Ataque con una onda de energía de intensidad \nvariable.","language":{"name":"es","url":"https://pokeapi.co/api/v2/language/7/"},"version_group":{"name":"sun-moon","url":"https://pokeapi.co/api/v2/version-group/17/"}},{"flavor_text":"Colpisce il bersaglio con una strana onda psichica.\nHa un’intensità variabile.","language":{"name":"it","url":"https://pokeapi.co/api/v2/language/8/"},"version_group":{"name":"sun-moon","url":"https://pokeapi.co/api/v2/version-group/17/"}},{"flavor_text":"The target is attacked with an odd psychic wave.\nThe attack varies in intensity.","language":{"name":"en","url":"https://pokeapi.co/api/v2/language/9/"},"version_group":{"name":"sun-moon","url":"https://pokeapi.co/api/v2/version-group/17/"}},{"flavor_text":"不思議な　念波を\n相手に　発射して　攻撃する。\n使うたびに　ダメージが　変わる。","language":{"name":"ja","url":"https://pokeapi.co/api/v2/language/11/"},"version_group":{"name":"sun-moon","url":"https://pokeapi.co/api/v2/version-group/17/"}},{"flavor_text":"向对手发射\n神奇的念波进行攻击。\n每次使用，伤害都会改变。","language":{"name":"zh-Hans","url":"https://pokeapi.co/api/v2/language/12/"},"version_group":{"name":"sun-moon","url":"https://pokeapi.co/api/v2/version-group/17/"}},{"flavor_text":"ふしぎな　ねんぱを\nあいてに　はっしゃして　こうげきする。\nつかう　たびに　ダメージが　かわる。","language":{"name":"ja-Hrkt","url":"https://pokeapi.co/api/v2/language/1/"},"version_group":{"name":"ultra-sun-ultra-moon","url":"https://pokeapi.co/api/v2/version-group/18/"}},{"flavor_text":"이상한 염력파를\n상대에게 발사하여 공격한다.\n사용할 때마다 데미지가 바뀐다.","language":{"name":"ko","url":"https://pokeapi.co/api/v2/language/3/"},"version_group":{"name":"ultra-sun-ultra-moon","url":"https://pokeapi.co/api/v2/version-group/18/"}},{"flavor_text":"向對手發射\n神奇的念力波進行攻擊。\n每次給予的傷害都不同。","language":{"name":"zh-Hant","url":"https://pokeapi.co/api/v2/language/4/"},"version_group":{"name":"ultra-sun-ultra-moon","url":"https://pokeapi.co/api/v2/version-group/18/"}},{"flavor_text":"Une étrange onde d’énergie chaude frappe\nl’ennemi. Cette attaque est d’intensité variable.","language":{"name":"fr","url":"https://pokeapi.co/api/v2/language/5/"},"version_group":{"name":"ultra-sun-ultra-moon","url":"https://pokeapi.co/api/v2/version-group/18/"}},{"flavor_text":"Anwender erzeugt eine mysteriöse Energiewelle,\nderen Intensität von Mal zu Mal anders ausfällt.","language":{"name":"de","url":"https://pokeapi.co/api/v2/language/6/"},"version_group":{"name":"ultra-sun-ultra-moon","url":"https://pokeapi.co/api/v2/version-group/18/"}},{"flavor_text":"Ataque con una onda de energía de intensidad \nvariable.","language":{"name":"es","url":"https://pokeapi.co/api/v2/language/7/"},"version_group":{"name":"ultra-sun-ultra-moon","url":"https://pokeapi.co/api/v2/version-group/18/"}},{"flavor_text":"Colpisce il bersaglio con una strana onda psichica.\nHa un’intensità variabile.","language":{"name":"it","url":"https://pokeapi.co/api/v2/language/8/"},"version_group":{"name":"ultra-sun-ultra-moon","url":"https://pokeapi.co/api/v2/version-group/18/"}},{"flavor_text":"The target is attacked with an odd psychic wave.\nThe attack varies in intensity.","language":{"name":"en","url":"https://pokeapi.co/api/v2/language/9/"},"version_group":{"name":"ultra-sun-ultra-moon","url":"https://pokeapi.co/api/v2/version-group/18/"}},{"flavor_text":"不思議な　念波を\n相手に　発射して　攻撃する。\n使うたびに　ダメージが　変わる。","language":{"name":"ja","url":"https://pokeapi.co/api/v2/language/11/"},"version_group":{"name":"ultra-sun-ultra-moon","url":"https://pokeapi.co/api/v2/version-group/18/"}},{"flavor_text":"向对手发射\n神奇的念波进行攻击。\n每次使用，伤害都会改变。","language":{"name":"zh-Hans","url":"https://pokeapi.co/api/v2/language/12/"},"version_group":{"name":"ultra-sun-ultra-moon","url":"https://pokeapi.co/api/v2/version-group/18/"}},{"flavor_text":"ふしぎな　ねんぱを\nあいてに　はっしゃして　こうげきする。\nつかう　たびに　ダメージが　かわる。","language":{"name":"ja-Hrkt","url":"https://pokeapi.co/api/v2/language/1/"},"version_group":{"name":"lets-go-pikachu-lets-go-eevee","url":"https://pokeapi.co/api/v2/version-group/19/"}},{"flavor_text":"이상한 염력파를\n상대에게 발사하여 공격한다.\n사용할 때마다 데미지가 바뀐다.","language":{"name":"ko","url":"https://pokeapi.co/api/v2/language/3/"},"version_group":{"name":"lets-go-pikachu-lets-go-eevee","url":"https://pokeapi.co/api/v2/version-group/19/"}},{"flavor_text":"向對手發射\n神奇的念力波進行攻擊。\n每次給予的傷害都不同。","language":{"name":"zh-Hant","url":"https://pokeapi.co/api/v2/language/4/"},"version_group":{"name":"lets-go-pikachu-lets-go-eevee","url":"https://pokeapi.co/api/v2/version-group/19/"}},{"flavor_text":"Une étrange onde d’énergie chaude frappe l’ennemi.\nCette attaque est d’intensité variable.","language":{"name":"fr","url":"https://pokeapi.co/api/v2/language/5/"},"version_group":{"name":"lets-go-pikachu-lets-go-eevee","url":"https://pokeapi.co/api/v2/version-group/19/"}},{"flavor_text":"Anwender erzeugt eine mysteriöse Energiewelle,\nderen Intensität von Mal zu Mal anders ausfällt.","language":{"name":"de","url":"https://pokeapi.co/api/v2/language/6/"},"version_group":{"name":"lets-go-pikachu-lets-go-eevee","url":"https://pokeapi.co/api/v2/version-group/19/"}},{"flavor_text":"Ataque con una onda de energía de intensidad \nvariable.","language":{"name":"es","url":"https://pokeapi.co/api/v2/language/7/"},"version_group":{"name":"lets-go-pikachu-lets-go-eevee","url":"https://pokeapi.co/api/v2/version-group/19/"}},{"flavor_text":"Colpisce il bersaglio con una strana onda psichica.\nHa un’intensità variabile.","language":{"name":"it","url":"https://pokeapi.co/api/v2/language/8/"},"version_group":{"name":"lets-go-pikachu-lets-go-eevee","url":"https://pokeapi.co/api/v2/version-group/19/"}},{"flavor_text":"The target is attacked with an odd psychic wave.\nThe attack varies in intensity.","language":{"name":"en","url":"https://pokeapi.co/api/v2/language/9/"},"version_group":{"name":"lets-go-pikachu-lets-go-eevee","url":"https://pokeapi.co/api/v2/version-group/19/"}},{"flavor_text":"不思議な　念波を\n相手に　発射して　攻撃する。\n使うたびに　ダメージが　変わる。","language":{"name":"ja","url":"https://pokeapi.co/api/v2/language/11/"},"version_group":{"name":"lets-go-pikachu-lets-go-eevee","url":"https://pokeapi.co/api/v2/version-group/19/"}},{"flavor_text":"向对手发射\n神奇的念波进行攻击。\n每次使用，伤害都会改变。","language":{"name":"zh-Hans","url":"https://pokeapi.co/api/v2/language/12/"},"version_group":{"name":"lets-go-pikachu-lets-go-eevee","url":"https://pokeapi.co/api/v2/version-group/19/"}},{"flavor_text":"このわざは　つかえません\nおもいだすことが　できなくなりますが\nわざを　わすれることを　おすすめします","language":{"name":"ja-Hrkt","url":"https://pokeapi.co/api/v2/language/1/"},"version_group":{"name":"sword-shield","url":"https://pokeapi.co/api/v2/version-group/20/"}},{"flavor_text":"사용할 수 없는 기술입니다.\n다시 배우게 할 수 없지만\n기술을 잊게 하는 것을 권장합니다.","language":{"name":"ko","url":"https://pokeapi.co/api/v2/language/3/"},"version_group":{"name":"sword-shield","url":"https://pokeapi.co/api/v2/version-group/20/"}},{"flavor_text":"無法使用此招式。\n雖然忘記後將無法再想起來，\n但還是建議忘記此招式。","language":{"name":"zh-Hant","url":"https://pokeapi.co/api/v2/language/4/"},"version_group":{"name":"sword-shield","url":"https://pokeapi.co/api/v2/version-group/20/"}},{"flavor_text":"Cette capacité ne peut pas être utilisée.\nIl est recommandé de l’oublier, même s’il sera\nimpossible de se la remémorer une fois oubliée.","language":{"name":"fr","url":"https://pokeapi.co/api/v2/language/5/"},"version_group":{"name":"sword-shield","url":"https://pokeapi.co/api/v2/version-group/20/"}},{"flavor_text":"Diese Attacke kann nicht eingesetzt werden. Du solltest\ndein Pokémon sie vergessen lassen. Beachte aber,\ndass es sich danach nicht wieder an sie erinnern kann.","language":{"name":"de","url":"https://pokeapi.co/api/v2/language/6/"},"version_group":{"name":"sword-shield","url":"https://pokeapi.co/api/v2/version-group/20/"}},{"flavor_text":"Este movimiento no se puede usar, por lo que sería\nmejor olvidarlo, aunque eso implique que no se pueda\nrecordar posteriormente.","language":{"name":"es","url":"https://pokeapi.co/api/v2/language/7/"},"version_group":{"name":"sword-shield","url":"https://pokeapi.co/api/v2/version-group/20/"}},{"flavor_text":"Questa mossa non può essere usata.\nÈ consigliabile farla dimenticare al Pokémon. Tuttavia,\nuna volta dimenticata, non potrà più essere ricordata.","language":{"name":"it","url":"https://pokeapi.co/api/v2/language/8/"},"version_group":{"name":"sword-shield","url":"https://pokeapi.co/api/v2/version-group/20/"}},{"flavor_text":"This move can’t be used.\nIt’s recommended that this move is forgotten.\nOnce forgotten, this move can’t be remembered.","language":{"name":"en","url":"https://pokeapi.co/api/v2/language/9/"},"version_group":{"name":"sword-shield","url":"https://pokeapi.co/api/v2/version-group/20/"}},{"flavor_text":"この技は　使えません\n思い出すことが　できなくなりますが\n技を　忘れることを　おすすめします","language":{"name":"ja","url":"https://pokeapi.co/api/v2/language/11/"},"version_group":{"name":"sword-shield","url":"https://pokeapi.co/api/v2/version-group/20/"}},{"flavor_text":"无法使用这个招式。\n虽然忘记之后就再也想不起来了，\n但还是建议忘记这个招式。","language":{"name":"zh-Hans","url":"https://pokeapi.co/api/v2/language/12/"},"version_group":{"name":"sword-shield","url":"https://pokeapi.co/api/v2/version-group/20/"}}],"generation":{"name":"generation-i","url":"https://pokeapi.co/api/v2/generation/1/"},"id":149,"learned_by_pokemon":[{"name":"butterfree","url":"https://pokeapi.co/api/v2/pokemon/12/"},{"name":"clefairy","url":"https://pokeapi.co/api/v2/pokemon/35/"},{"name":"clefable","url":"https://pokeapi.co/api/v2/pokemon/36/"},{"name":"jigglypuff","url":"https://pokeapi.co/api/v2/pokemon/39/"},{"name":"wigglytuff","url":"https://pokeapi.co/api/v2/pokemon/40/"},{"name":"venonat","url":"https://pokeapi.co/api/v2/pokemon/48/"},{"name":"venomoth","url":"https://pokeapi.co/api/v2/pokemon/49/"},{"name":"poliwag","url":"https://pokeapi.co/api/v2/pokemon/60/"},{"name":"poliwhirl","url":"https://pokeapi.co/api/v2/pokemon/61/"},{"name":"poliwrath","url":"https://pokeapi.co/api/v2/pokemon/62/"},{"name":"abra","url":"https://pokeapi.co/api/v2/pokemon/63/"},{"name":"kadabra","url":"https://pokeapi.co/api/v2/pokemon/64/"},{"name":"alakazam","url":"https://pokeapi.co/api/v2/pokemon/65/"},{"name":"slowpoke","url":"https://pokeapi.co/api/v2/pokemon/79/"},{"name":"slowbro","url":"https://pokeapi.co/api/v2/pokemon/80/"},{"name":"gastly","url":"https://pokeapi.co/api/v2/pokemon/92/"},{"name":"haunter","url":"https://pokeapi.co/api/v2/pokemon/93/"},{"name":"gengar","url":"https://pokeapi.co/api/v2/pokemon/94/"},{"name":"drowzee","url":"https://pokeapi.co/api/v2/pokemon/96/"},{"name":"hypno","url":"https://pokeapi.co/api/v2/pokemon/97/"},{"name":"exeggcute","url":"https://pokeapi.co/api/v2/pokemon/102/"},{"name":"exeggutor","url":"https://pokeapi.co/api/v2/pokemon/103/"},{"name":"koffing","url":"https://pokeapi.co/api/v2/pokemon/109/"},{"name":"chansey","url":"https://pokeapi.co/api/v2/pokemon/113/"},{"name":"staryu","url":"https://pokeapi.co/api/v2/pokemon/120/"},{"name":"starmie","url":"https://pokeapi.co/api/v2/pokemon/121/"},{"name":"mr-mime","url":"https://pokeapi.co/api/v2/pokemon/122/"},{"name":"jynx","url":"https://pokeapi.co/api/v2/pokemon/124/"},{"name":"electabuzz","url":"https://pokeapi.co/api/v2/pokemon/125/"},{"name":"magmar","url":"https://pokeapi.co/api/v2/pokemon/126/"},{"name":"lapras","url":"https://pokeapi.co/api/v2/pokemon/131/"},{"name":"porygon","url":"https://pokeapi.co/api/v2/pokemon/137/"},{"name":"snorlax","url":"https://pokeapi.co/api/v2/pokemon/143/"},{"name":"mewtwo","url":"https://pokeapi.co/api/v2/pokemon/150/"},{"name":"mew","url":"https://pokeapi.co/api/v2/pokemon/151/"},{"name":"misdreavus","url":"https://pokeapi.co/api/v2/pokemon/200/"},{"name":"spoink","url":"https://pokeapi.co/api/v2/pokemon/325/"},{"name":"grumpig","url":"https://pokeapi.co/api/v2/pokemon/326/"},{"name":"lunatone","url":"https://pokeapi.co/api/v2/pokemon/337/"},{"name":"solrock","url":"https://pokeapi.co/api/v2/pokemon/338/"},{"name":"chimecho","url":"https://pokeapi.co/api/v2/pokemon/358/"},{"name":"latias","url":"https://pokeapi.co/api/v2/pokemon/380/"},{"name":"latios","url":"https://pokeapi.co/api/v2/pokemon/381/"},{"name":"mismagius","url":"https://pokeapi.co/api/v2/pokemon/429/"},{"name":"bronzor","url":"https://pokeapi.co/api/v2/pokemon/436/"},{"name":"bronzong","url":"https://pokeapi.co/api/v2/pokemon/437/"},{"name":"munna","url":"https://pokeapi.co/api/v2/pokemon/517/"},{"name":"sigilyph","url":"https://pokeapi.co/api/v2/pokemon/561/"},{"name":"solosis","url":"https://pokeapi.co/api/v2/pokemon/577/"},{"name":"duosion","url":"https://pokeapi.co/api/v2/pokemon/578/"},{"name":"reuniclus","url":"https://pokeapi.co/api/v2/pokemon/579/"},{"name":"inkay","url":"https://pokeapi.co/api/v2/pokemon/686/"},{"name":"malamar","url":"https://pokeapi.co/api/v2/pokemon/687/"},{"name":"bruxish","url":"https://pokeapi.co/api/v2/pokemon/779/"},{"name":"tapu-lele","url":"https://pokeapi.co/api/v2/pokemon/786/"},{"name":"nihilego","url":"https://pokeapi.co/api/v2/pokemon/793/"},{"name":"mewtwo-mega-x","url":"https://pokeapi.co/api/v2/pokemon/10043/"},{"name":"mewtwo-mega-y","url":"https://pokeapi.co/api/v2/pokemon/10044/"},{"name":"latias-mega","url":"https://pokeapi.co/api/v2/pokemon/10062/"},{"name":"latios-mega","url":"https://pokeapi.co/api/v2/pokemon/10063/"}],"machines":[{"machine":{"url":"https://pokeapi.co/api/v2/machine/902/"},"version_group":{"name":"red-blue","url":"https://pokeapi.co/api/v2/version-group/1/"}},{"machine":{"url":"https://pokeapi.co/api/v2/machine/903/"},"version_group":{"name":"yellow","url":"https://pokeapi.co/api/v2/version-group/2/"}}],"meta":{"ailment":{"name":"none","url":"https://pokeapi.co/api/v2/move-ailment/0/"},"ailment_chance":0,"category":{"name":"damage","url":"https://pokeapi.co/api/v2/move-category/0/"},"crit_rate":0,"drain":0,"flinch_chance":0,"healing":0,"max_hits":null,"max_turns":null,"min_hits":null,"min_turns":null,"stat_chance":0},"name":"psywave","names":[{"language":{"name":"ja-Hrkt","url":"https://pokeapi.co/api/v2/language/1/"},"name":"サイコウェーブ"},{"language":{"name":"ko","url":"https://pokeapi.co/api/v2/language/3/"},"name":"사이코웨이브"},{"language":{"name":"zh-Hant","url":"https://pokeapi.co/api/v2/language/4/"},"name":"精神波"},{"language":{"name":"fr","url":"https://pokeapi.co/api/v2/language/5/"},"name":"Vague Psy"},{"language":{"name":"de","url":"https://pokeapi.co/api/v2/language/6/"},"name":"Psywelle"},{"language":{"name":"es","url":"https://pokeapi.co/api/v2/language/7/"},"name":"Psicoonda"},{"language":{"name":"it","url":"https://pokeapi.co/api/v2/language/8/"},"name":"Psiconda"},{"language":{"name":"en","url":"https://pokeapi.co/api/v2/language/9/"},"name":"Psywave"},{"language":{"name":"ja","url":"https://pokeapi.co/api/v2/language/11/"},"name":"サイコウェーブ"},{"language":{"name":"zh-Hans","url":"https://pokeapi.co/api/v2/language/12/"},"name":"精神波"}],"past_values":[{"accuracy":80,"effect_chance":null,"effect_entries":[],"power":null,"pp":null,"type":null,"version_group":{"name":"x-y","url":"https://pokeapi.co/api/v2/version-group/15/"}}],"power":null,"pp":15,"priority":0,"stat_changes":[],"super_contest_effect":{"url":"https://pokeapi.co/api/v2/super-contest-effect/5/"},"target":{"name":"selected-pokemon","url":"https://pokeapi.co/api/v2/move-target/10/"},"type":{"name":"psychic","url":"https://pokeapi.co/api/v2/type/14/"}}