{"accuracy":null,"contest_combos":null,"contest_effect":{"url":"https://pokeapi.co/api/v2/contest-effect/12/"},"contest_type":{"name":"beauty","url":"https://pokeapi.co/api/v2/contest-type/2/"},"damage_class":{"name":"status","url":"https://pokeapi.co/api/v2/move-damage-class/1/"},"effect_chance":null,"effect_changes":[],"effect_entries":[{"effect":"User's type changes to the type of one of its moves, selected at random.  hidden power and weather ball are treated as normal.  Only moves with a different type are eligible, and curse is never eligible.  If the user has no suitable moves, this move will fail.","language":{"name":"en","url":"https://pokeapi.co/api/v2/language/9/"},"short_effect":"User's type changes to the type of one of its moves at random."}],"flavor_text_entries":[{"flavor_text":"Change user's type\nto a move's type.","language":{"name":"en","url":"https://pokeapi.co/api/v2/language/9/"},"version_group":{"name":"gold-silver","url":"https://pokeapi.co/api/v2/version-group/3/"}},{"flavor_text":"Change user's type\nto a move's type.","language":{"name":"en","url":"https://pokeapi.co/api/v2/language/9/"},"version_group":{"name":"crystal","url":"https://pokeapi.co/api/v2/version-group/4/"}},{"flavor_text":"Changes the user’s type\ninto an own move’s type.","language":{"name":"en","url":"https://pokeapi.co/api/v2/language/9/"},"version_group":{"name":"ruby-sapphire","url":"https://pokeapi.co/api/v2/version-group/5/"}},{"flavor_text":"Changes the user’s type\ninto a known move’s type.","language":{"name":"en","url":"https://pokeapi.co/api/v2/language/9/"},"version_group":{"name":"emerald","url":"https://pokeapi.co/api/v2/version-group/6/"}},{"flavor_text":"The user changes\nits type to match\nthe type of one of\nits moves.","language":{"name":"en","url":"https://pokeapi.co/api/v2/language/9/"},"version_group":{"name":"firered-leafgreen","url":"https://pokeapi.co/api/v2/version-group/7/"}},{"flavor_text":"The user changes its\ntype to become the\nsame type as one of\nits moves.\n","language":{"name":"en","url":"https://pokeapi.co/api/v2/language/9/"},"version_group":{"name":"diamond-pearl","url":"https://pokeapi.co/api/v2/version-group/8/"}},{"flavor_text":"The user changes its\ntype to become the\nsame type as one of\nits moves.\n","language":{"name":"en","url":"https://pokeapi.co/api/v2/language/9/"},"version_group":{"name":"platinum","url":"https://pokeapi.co/api/v2/version-group/9/"}},{"flavor_text":"The user changes its\ntype to become the\nsame type as one of\nits moves.\n","language":{"name":"en","url":"https://pokeapi.co/api/v2/language/9/"},"version_group":{"name":"heartgold-soulsilver","url":"https://pokeapi.co/api/v2/version-group/10/"}},{"flavor_text":"Le lanceur change de type pour prendre\ncelui de l’une de ses capacités.","language":{"name":"fr","url":"https://pokeapi.co/api/v2/language/5/"},"version_group":{"name":"black-white","url":"https://pokeapi.co/api/v2/version-group/11/"}},{"flavor_text":"The user changes its type to become the\nsame type as one of its moves.","language":{"name":"en","url":"https://pokeapi.co/api/v2/language/9/"},"version_group":{"name":"black-white","url":"https://pokeapi.co/api/v2/version-group/11/"}},{"flavor_text":"The user changes its type to become the\nsame type as one of its moves.","language":{"name":"en","url":"https://pokeapi.co/api/v2/language/9/"},"version_group":{"name":"black-2-white-2","url":"https://pokeapi.co/api/v2/version-group/14/"}},{"flavor_text":"じぶんの　タイプを\nおぼえている　わざで　いちばん　うえの\nわざと　おなじ　タイプに　する。","language":{"name":"ja-Hrkt","url":"https://pokeapi.co/api/v2/language/1/"},"version_group":{"name":"x-y","url":"https://pokeapi.co/api/v2/version-group/15/"}},{"flavor_text":"자신의 타입을 배운 기술 중\n가장 위에 있는 기술과\n같은 타입으로 바꾼다.","language":{"name":"ko","url":"https://pokeapi.co/api/v2/language/3/"},"version_group":{"name":"x-y","url":"https://pokeapi.co/api/v2/version-group/15/"}},{"flavor_text":"Le lanceur change de type pour prendre celui\nde la première capacité de sa liste.","language":{"name":"fr","url":"https://pokeapi.co/api/v2/language/5/"},"version_group":{"name":"x-y","url":"https://pokeapi.co/api/v2/version-group/15/"}},{"flavor_text":"Wandelt den Typ des Anwenders in den Typ\nder ersten Attacke des Anwenders um.","language":{"name":"de","url":"https://pokeapi.co/api/v2/language/6/"},"version_group":{"name":"x-y","url":"https://pokeapi.co/api/v2/version-group/15/"}},{"flavor_text":"Cambia el tipo del usuario por el del primero de\nsus movimientos.","language":{"name":"es","url":"https://pokeapi.co/api/v2/language/7/"},"version_group":{"name":"x-y","url":"https://pokeapi.co/api/v2/version-group/15/"}},{"flavor_text":"Il tipo di chi la usa muta in quello della prima\nmossa nella lista delle sue mosse.","language":{"name":"it","url":"https://pokeapi.co/api/v2/language/8/"},"version_group":{"name":"x-y","url":"https://pokeapi.co/api/v2/version-group/15/"}},{"flavor_text":"The user changes its type to become the\nsame type as the move at the top of the\nlist of moves it knows.","language":{"name":"en","url":"https://pokeapi.co/api/v2/language/9/"},"version_group":{"name":"x-y","url":"https://pokeapi.co/api/v2/version-group/15/"}},{"flavor_text":"自分の　タイプを\nおぼえている　技で　一番　上の\n技と　同じ　タイプに　する。","language":{"name":"ja","url":"https://pokeapi.co/api/v2/language/11/"},"version_group":{"name":"x-y","url":"https://pokeapi.co/api/v2/version-group/15/"}},{"flavor_text":"じぶんの　タイプを\nおぼえている　わざで　いちばん　うえの\nわざと　おなじ　タイプに　する。","language":{"name":"ja-Hrkt","url":"https://pokeapi.co/api/v2/language/1/"},"version_group":{"name":"omega-ruby-alpha-sapphire","url":"https://pokeapi.co/api/v2/version-group/16/"}},{"flavor_text":"자신의 타입을 배운 기술 중\n가장 위에 있는 기술과\n같은 타입으로 바꾼다.","language":{"name":"ko","url":"https://pokeapi.co/api/v2/language/3/"},"version_group":{"name":"omega-ruby-alpha-sapphire","url":"https://pokeapi.co/api/v2/version-group/16/"}},{"flavor_text":"Le lanceur change de type pour prendre celui\nde la première capacité de sa liste.","language":{"name":"fr","url":"https://pokeapi.co/api/v2/language/5/"},"version_group":{"name":"omega-ruby-alpha-sapphire","url":"https://pokeapi.co/api/v2/version-group/16/"}},{"flavor_text":"Wandelt den Typ des Anwenders in den Typ\nder ersten Attacke des Anwenders um.","language":{"name":"de","url":"https://pokeapi.co/api/v2/language/6/"},"version_group":{"name":"omega-ruby-alpha-sapphire","url":"https://pokeapi.co/api/v2/version-group/16/"}},{"flavor_text":"Cambia el tipo del usuario por el del primero de sus \nmovimientos.","language":{"name":"es","url":"https://pokeapi.co/api/v2/language/7/"},"version_group":{"name":"omega-ruby-alpha-sapphire","url":"https://pokeapi.co/api/v2/version-group/16/"}},{"flavor_text":"Il tipo di chi la usa muta in quello della prima\nmossa nella lista delle sue mosse.","language":{"name":"it","url":"https://pokeapi.co/api/v2/language/8/"},"version_group":{"name":"omega-ruby-alpha-sapphire","url":"https://pokeapi.co/api/v2/version-group/16/"}},{"flavor_text":"The user changes its type to become the\nsame type as the move at the top of the\nlist of moves it knows.","language":{"name":"en","url":"https://pokeapi.co/api/v2/language/9/"},"version_group":{"name":"omega-ruby-alpha-sapphire","url":"https://pokeapi.co/api/v2/version-group/16/"}},{"flavor_text":"自分の　タイプを\nおぼえている　技で　一番　上の\n技と　同じ　タイプに　する。","language":{"name":"ja","url":"https://pokeapi.co/api/v2/language/11/"},"version_group":{"name":"omega-ruby-alpha-sapphire","url":"https://pokeapi.co/api/v2/version-group/16/"}},{"flavor_text":"じぶんの　タイプを\nおぼえている　わざで　いちばん　うえの\nわざと　おなじ　タイプに　する。","language":{"name":"ja-Hrkt","url":"https://pokeapi.co/api/v2/language/1/"},"version_group":{"name":"sun-moon","url":"https://pokeapi.co/api/v2/version-group/17/"}},{"flavor_text":"자신의 타입을 배운 기술 중\n가장 위에 있는 기술과\n같은 타입으로 바꾼다.","language":{"name":"ko","url":"https://pokeapi.co/api/v2/language/3/"},"version_group":{"name":"sun-moon","url":"https://pokeapi.co/api/v2/version-group/17/"}},{"flavor_text":"將自己的屬性轉換成\n與已學會的招式中\n第１個招式相同的屬性。","language":{"name":"zh-Hant","url":"https://pokeapi.co/api/v2/language/4/"},"version_group":{"name":"sun-moon","url":"https://pokeapi.co/api/v2/version-group/17/"}},{"flavor_text":"Le lanceur change de type pour prendre celui\nde la première capacité de sa liste.","language":{"name":"fr","url":"https://pokeapi.co/api/v2/language/5/"},"version_group":{"name":"sun-moon","url":"https://pokeapi.co/api/v2/version-group/17/"}},{"flavor_text":"Wandelt den Typ des Anwenders in den Typ der\nersten Attacke des Anwenders um.","language":{"name":"de","url":"https://pokeapi.co/api/v2/language/6/"},"version_group":{"name":"sun-moon","url":"https://pokeapi.co/api/v2/version-group/17/"}},{"flavor_text":"Cambia el tipo del usuario por el del primero de sus \nmovimientos.","language":{"name":"es","url":"https://pokeapi.co/api/v2/language/7/"},"version_group":{"name":"sun-moon","url":"https://pokeapi.co/api/v2/version-group/17/"}},{"flavor_text":"Il tipo di chi la usa muta in quello della prima\nmossa nella lista delle sue mosse.","language":{"name":"it","url":"https://pokeapi.co/api/v2/language/8/"},"version_group":{"name":"sun-moon","url":"https://pokeapi.co/api/v2/version-group/17/"}},{"flavor_text":"The user changes its type to become the same type\nas the move at the top of the list of moves it knows.","language":{"name":"en","url":"https://pokeapi.co/api/v2/language/9/"},"version_group":{"name":"sun-moon","url":"https://pokeapi.co/api/v2/version-group/17/"}},{"flavor_text":"自分の　タイプを\nおぼえている　技で　一番　上の\n技と　同じ　タイプに　する。","language":{"name":"ja","url":"https://pokeapi.co/api/v2/language/11/"},"version_group":{"name":"sun-moon","url":"https://pokeapi.co/api/v2/version-group/17/"}},{"flavor_text":"将自己的属性转换成\n和已学会的招式中\n第一个招式相同的属性。","language":{"name":"zh-Hans","url":"https://pokeapi.co/api/v2/language/12/"},"version_group":{"name":"sun-moon","url":"https://pokeapi.co/api/v2/version-group/17/"}},{"flavor_text":"じぶんの　タイプを\nおぼえている　わざで　いちばん　うえの\nわざと　おなじ　タイプに　する。","language":{"name":"ja-Hrkt","url":"https://pokeapi.co/api/v2/language/1/"},"version_group":{"name":"ultra-sun-ultra-moon","url":"https://pokeapi.co/api/v2/version-group/18/"}},{"flavor_text":"자신의 타입을 배운 기술 중\n가장 위에 있는 기술과\n같은 타입으로 바꾼다.","language":{"name":"ko","url":"https://pokeapi.co/api/v2/language/3/"},"version_group":{"name":"ultra-sun-ultra-moon","url":"https://pokeapi.co/api/v2/version-group/18/"}},{"flavor_text":"將自己的屬性轉換成\n與已學會的招式中\n第１個招式相同的屬性。","language":{"name":"zh-Hant","url":"https://pokeapi.co/api/v2/language/4/"},"version_group":{"name":"ultra-sun-ultra-moon","url":"https://pokeapi.co/api/v2/version-group/18/"}},{"flavor_text":"Le lanceur change de type pour prendre celui\nde la première capacité de sa liste.","language":{"name":"fr","url":"https://pokeapi.co/api/v2/language/5/"},"version_group":{"name":"ultra-sun-ultra-moon","url":"https://pokeapi.co/api/v2/version-group/18/"}},{"flavor_text":"Wandelt den Typ des Anwenders in den Typ der\nersten Attacke des Anwenders um.","language":{"name":"de","url":"https://pokeapi.co/api/v2/language/6/"},"version_group":{"name":"ultra-sun-ultra-moon","url":"https://pokeapi.co/api/v2/version-group/18/"}},{"flavor_text":"Cambia el tipo del usuario por el del primero de sus \nmovimientos.","language":{"name":"es","url":"https://pokeapi.co/api/v2/language/7/"},"version_group":{"name":"ultra-sun-ultra-moon","url":"https://pokeapi.co/api/v2/version-group/18/"}},{"flavor_text":"Il tipo di chi la usa muta in quello della prima\nmossa nella lista delle sue mosse.","language":{"name":"it","url":"https://pokeapi.co/api/v2/language/8/"},"version_group":{"name":"ultra-sun-ultra-moon","url":"https://pokeapi.co/api/v2/version-group/18/"}},{"flavor_text":"The user changes its type to become the same type\nas the move at the top of the list of moves it knows.","language":{"name":"en","url":"https://pokeapi.co/api/v2/language/9/"},"version_group":{"name":"ultra-sun-ultra-moon","url":"https://pokeapi.co/api/v2/version-group/18/"}},{"flavor_text":"自分の　タイプを\nおぼえている　技で　一番　上の\n技と　同じ　タイプに　する。","language":{"name":"ja","url":"https://pokeapi.co/api/v2/language/11/"},"version_group":{"name":"ultra-sun-ultra-moon","url":"https://pokeapi.co/api/v2/version-group/18/"}},{"flavor_text":"将自己的属性转换成\n和已学会的招式中\n第一个招式相同的属性。","language":{"name":"zh-Hans","url":"https://pokeapi.co/api/v2/language/12/"},"version_group":{"name":"ultra-sun-ultra-moon","url":"https://pokeapi.co/api/v2/version-group/18/"}},{"flavor_text":"じぶんの　タイプを\nおぼえている　わざで　いちばん　うえの\nわざと　おなじ　タイプに　する。","language":{"name":"ja-Hrkt","url":"https://pokeapi.co/api/v2/language/1/"},"version_group":{"name":"lets-go-pikachu-lets-go-eevee","url":"https://pokeapi.co/api/v2/version-group/19/"}},{"flavor_text":"자신의 타입을 배운 기술 중\n가장 위에 있는 기술과\n같은 타입으로 바꾼다.","language":{"name":"ko","url":"https://pokeapi.co/api/v2/language/3/"},"version_group":{"name":"lets-go-pikachu-lets-go-eevee","url":"https://pokeapi.co/api/v2/version-group/19/"}},{"flavor_text":"將自己的屬性轉換成\n與已學會的招式中\n第１個招式相同的屬性。","language":{"name":"zh-Hant","url":"https://pokeapi.co/api/v2/language/4/"},"version_group":{"name":"lets-go-pikachu-lets-go-eevee","url":"https://pokeapi.co/api/v2/version-group/19/"}},{"flavor_text":"Le lanceur change de type pour prendre celui\nde la première capacité de sa liste.","language":{"name":"fr","url":"https://pokeapi.co/api/v2/language/5/"},"version_group":{"name":"lets-go-pikachu-lets-go-eevee","url":"https://pokeapi.co/api/v2/version-group/19/"}},{"flavor_text":"Wandelt den Typ des Anwenders in den Typ der\nersten Attacke des Anwenders um.","language":{"name":"de","url":"https://pokeapi.co/api/v2/language/6/"},"version_group":{"name":"lets-go-pikachu-lets-go-eevee","url":"https://pokeapi.co/api/v2/version-group/19/"}},{"flavor_text":"Cambia el tipo del usuario por el del primero de sus \nmovimientos.","language":{"name":"es","url":"https://pokeapi.co/api/v2/language/7/"},"version_group":{"name":"lets-go-pikachu-lets-go-eevee","url":"https://pokeapi.co/api/v2/version-group/19/"}},{"flavor_text":"Il tipo di chi la usa muta in quello della prima\nmossa nella lista delle sue mosse.","language":{"name":"it","url":"https://pokeapi.co/api/v2/language/8/"},"version_group":{"name":"lets-go-pikachu-lets-go-eevee","url":"https://pokeapi.co/api/v2/version-group/19/"}},{"flavor_text":"The user changes its type to become the same type\nas the move at the top of the list of moves it knows.","language":{"name":"en","url":"https://pokeapi.co/api/v2/language/9/"},"version_group":{"name":"lets-go-pikachu-lets-go-eevee","url":"https://pokeapi.co/api/v2/version-group/19/"}},{"flavor_text":"自分の　タイプを\nおぼえている　技で　一番　上の\n技と　同じ　タイプに　する。","language":{"name":"ja","url":"https://pokeapi.co/api/v2/language/11/"},"version_group":{"name":"lets-go-pikachu-lets-go-eevee","url":"https://pokeapi.co/api/v2/version-group/19/"}},{"flavor_text":"将自己的属性转换成\n和已学会的招式中\n第一个招式相同的属性。","language":{"name":"zh-Hans","url":"https://pokeapi.co/api/v2/language/12/"},"version_group":{"name":"lets-go-pikachu-lets-go-eevee","url":"https://pokeapi.co/api/v2/version-group/19/"}},{"flavor_text":"じぶんの　タイプを\nおぼえている　わざで　いちばん　うえの\nわざと　おなじ　タイプに　する。","language":{"name":"ja-Hrkt","url":"https://pokeapi.co/api/v2/language/1/"},"version_group":{"name":"sword-shield","url":"https://pokeapi.co/api/v2/version-group/20/"}},{"flavor_text":"자신의 타입을 배운 기술 중\n가장 위에 있는 기술과\n같은 타입으로 바꾼다.","language":{"name":"ko","url":"https://pokeapi.co/api/v2/language/3/"},"version_group":{"name":"sword-shield","url":"https://pokeapi.co/api/v2/version-group/20/"}},{"flavor_text":"將自己的屬性轉換成\n與已學會的招式中\n第１個招式相同的屬性。","language":{"name":"zh-Hant","url":"https://pokeapi.co/api/v2/language/4/"},"version_group":{"name":"sword-shield","url":"https://pokeapi.co/api/v2/version-group/20/"}},{"flavor_text":"Le lanceur change de type pour prendre celui\nde la première capacité de sa liste.","language":{"name":"fr","url":"https://pokeapi.co/api/v2/language/5/"},"version_group":{"name":"sword-shield","url":"https://pokeapi.co/api/v2/version-group/20/"}},{"flavor_text":"Wandelt den Typ des Anwenders in den Typ seiner\nersten Attacke um.","language":{"name":"de","url":"https://pokeapi.co/api/v2/language/6/"},"version_group":{"name":"sword-shield","url":"https://pokeapi.co/api/v2/version-group/20/"}},{"flavor_text":"Cambia el tipo del usuario por el del primero de sus \nmovimientos.","language":{"name":"es","url":"https://pokeapi.co/api/v2/language/7/"},"version_group":{"name":"sword-shield","url":"https://pokeapi.co/api/v2/version-group/20/"}},{"flavor_text":"Il tipo di chi la usa muta in quello della prima\nmossa nella lista delle sue mosse.","language":{"name":"it","url":"https://pokeapi.co/api/v2/language/8/"},"version_group":{"name":"sword-shield","url":"https://pokeapi.co/api/v2/version-group/20/"}},{"flavor_text":"The user changes its type to become the same type\nas the move at the top of the list of moves it knows.","language":{"name":"en","url":"https://pokeapi.co/api/v2/language/9/"},"version_group":{"name":"sword-shield","url":"https://pokeapi.co/api/v2/version-group/20/"}},{"flavor_text":"自分の　タイプを\nおぼえている　技で　一番　上の\n技と　同じ　タイプに　する。","language":{"name":"ja","url":"https://pokeapi.co/api/v2/language/11/"},"version_group":{"name":"sword-shield","url":"https://pokeapi.co/api/v2/version-group/20/"}},{"flavor_text":"将自己的属性转换成\n和已学会的招式中\n第一个招式相同的属性。","language":{"name":"zh-Hans","url":"https://pokeapi.co/api/v2/language/12/"},"version_group":{"name":"sword-shield","url":"https://pokeapi.co/api/v2/version-group/20/"}}],"generation":{"name":"generation-i","url":"https://pokeapi.co/api/v2/generation/1/"},"id":160,"learned_by_pokemon":[{"name":"porygon","url":"https://pokeapi.co/api/v2/pokemon/137/"},{"name":"porygon2","url":"https://pokeapi.co/api/v2/pokemon/233/"},{"name":"porygon-z","url":"https://pokeapi.co/api/v2/pokemon/474/"}],"machines":[],"meta":{"ailment":{"name":"none","url":"https://pokeapi.co/api/v2/move-ailment/0/"},"ailment_chance":0,"category":{"name":"unique","url":"https://pokeapi.co/api/v2/move-category/13/"},"crit_rate":0,"drain":0,"flinch_chance":0,"healing":0,"max_hits":null,"max_turns":null,"min_hits":null,"min_turns":null,"stat_chance":0},"name":"conversion","names":[{"language":{"name":"ja-Hrkt","url":"https://pokeapi.co/api/v2/language/1/"},"name":"テクスチャー"},{"language":{"name":"ko","url":"https://pokeapi.co/api/v2/language/3/"},"name":"텍스처"},{"language":{"name":"zh-Hant","url":"https://pokeapi.co/api/v2/language/4/"},"name":"紋理"},{"language":{"name":"fr","url":"https://pokeapi.co/api/v2/language/5/"},"name":"Conversion"},{"language":{"name":"de","url":"https://pokeapi.co/api/v2/language/6/"},"name":"Umwandlung"},{"language":{"name":"es","url":"https://pokeapi.co/api/v2/language/7/"},"name":"Conversión"},{"language":{"name":"it","url":"https://pokeapi.co/api/v2/language/8/"},"name":"Conversione"},{"language":{"name":"en","url":"https://pokeapi.co/api/v2/language/9/"},"name":"Conversion"},{"language":{"name":"ja","url":"https://pokeapi.co/api/v2/language/11/"},"name":"テクスチャー"},{"language":{"name":"zh-Hans","url":"https://pokeapi.co/api/v2/language/12/"},"name":"纹理"}],"past_values":[],"power":null,"pp":30,"priority":0,"stat_changes":[],"super_contest_effect":{"url":"https://pokeapi.co/api/v2/super-contest-effect/23/"},"target":{"name":"user","url":"https://pokeapi.co/api/v2/move-target/7/"},"type":{"name":"normal","url":"https://pokeapi.co/api/v2/type/1/"}}