{"accuracy":null,"contest_combos":null,"contest_effect":{"url":"https://pokeapi.co/api/v2/contest-effect/19/"},"contest_type":{"name":"smart","url":"https://pokeapi.co/api/v2/contest-type/4/"},"damage_class":{"name":"status","url":"https://pokeapi.co/api/v2/move-damage-class/1/"},"effect_chance":null,"effect_changes":[],"effect_entries":[{"effect":"Permanently replaces itself with the target's last used move.  If that move is chatter or struggle, this move will fail.\n\nThis move cannot be copied by mimic or mirror move, nor selected by assist or metronome, nor forced by encore.","language":{"name":"en","url":"https://pokeapi.co/api/v2/language/9/"},"short_effect":"Permanently becomes the target's last used move."}],"flavor_text_entries":[{"flavor_text":"Copies the foe's\nmove permanently.","language":{"name":"en","url":"https://pokeapi.co/api/v2/language/9/"},"version_group":{"name":"gold-silver","url":"https://pokeapi.co/api/v2/version-group/3/"}},{"flavor_text":"Copies the foe's\nmove permanently.","language":{"name":"en","url":"https://pokeapi.co/api/v2/language/9/"},"version_group":{"name":"crystal","url":"https://pokeapi.co/api/v2/version-group/4/"}},{"flavor_text":"Copies the foe’s last move\npermanently.","language":{"name":"en","url":"https://pokeapi.co/api/v2/language/9/"},"version_group":{"name":"ruby-sapphire","url":"https://pokeapi.co/api/v2/version-group/5/"}},{"flavor_text":"Copies the foe’s last move\npermanently.","language":{"name":"en","url":"https://pokeapi.co/api/v2/language/9/"},"version_group":{"name":"emerald","url":"https://pokeapi.co/api/v2/version-group/6/"}},{"flavor_text":"This move copies\nthe move last used\nby the foe, then\ndisappears.","language":{"name":"en","url":"https://pokeapi.co/api/v2/language/9/"},"version_group":{"name":"firered-leafgreen","url":"https://pokeapi.co/api/v2/version-group/7/"}},{"flavor_text":"It enables the user\nto learn a move used\nby the foe.\nOnce used, the move\nSketch disappears.","language":{"name":"en","url":"https://pokeapi.co/api/v2/language/9/"},"version_group":{"name":"diamond-pearl","url":"https://pokeapi.co/api/v2/version-group/8/"}},{"flavor_text":"It enables the user\nto learn a move used\nby the foe.\nOnce used, the move\nSketch disappears.","language":{"name":"en","url":"https://pokeapi.co/api/v2/language/9/"},"version_group":{"name":"platinum","url":"https://pokeapi.co/api/v2/version-group/9/"}},{"flavor_text":"It enables the user\nto permanently learn\nthe move last used by\nthe foe. Once used,\nSketch disappears.","language":{"name":"en","url":"https://pokeapi.co/api/v2/language/9/"},"version_group":{"name":"heartgold-soulsilver","url":"https://pokeapi.co/api/v2/version-group/10/"}},{"flavor_text":"Le lanceur apprend le dernier coup\nutilisé par la cible. Gribouille disparaît\naprès utilisation.","language":{"name":"fr","url":"https://pokeapi.co/api/v2/language/5/"},"version_group":{"name":"black-white","url":"https://pokeapi.co/api/v2/version-group/11/"}},{"flavor_text":"It enables the user to permanently learn\nthe move last used by the target.\nOnce used, Sketch disappears.","language":{"name":"en","url":"https://pokeapi.co/api/v2/language/9/"},"version_group":{"name":"black-white","url":"https://pokeapi.co/api/v2/version-group/11/"}},{"flavor_text":"It enables the user to permanently learn\nthe move last used by the target.\nOnce used, Sketch disappears.","language":{"name":"en","url":"https://pokeapi.co/api/v2/language/9/"},"version_group":{"name":"black-2-white-2","url":"https://pokeapi.co/api/v2/version-group/14/"}},{"flavor_text":"あいてが　つかった　わざを\nじぶんの　ものに　する。\n１かい　つかうと　スケッチは　きえる。","language":{"name":"ja-Hrkt","url":"https://pokeapi.co/api/v2/language/1/"},"version_group":{"name":"x-y","url":"https://pokeapi.co/api/v2/version-group/15/"}},{"flavor_text":"상대가 쓴 기술을\n자신의 것으로 만든다.\n한 번 사용하면 스케치는 사라진다.","language":{"name":"ko","url":"https://pokeapi.co/api/v2/language/3/"},"version_group":{"name":"x-y","url":"https://pokeapi.co/api/v2/version-group/15/"}},{"flavor_text":"Le lanceur apprend le dernier coup utilisé par la\ncible. Gribouille disparaît après utilisation.","language":{"name":"fr","url":"https://pokeapi.co/api/v2/language/5/"},"version_group":{"name":"x-y","url":"https://pokeapi.co/api/v2/version-group/15/"}},{"flavor_text":"Anwender lernt die letzte Attacke des Zieles\ndauerhaft. Nachahmer verschwindet nach\nGebrauch.","language":{"name":"de","url":"https://pokeapi.co/api/v2/language/6/"},"version_group":{"name":"x-y","url":"https://pokeapi.co/api/v2/version-group/15/"}},{"flavor_text":"Aprende de forma permanente el último movimiento\nutilizado por el objetivo. Es de un solo uso.","language":{"name":"es","url":"https://pokeapi.co/api/v2/language/7/"},"version_group":{"name":"x-y","url":"https://pokeapi.co/api/v2/version-group/15/"}},{"flavor_text":"Permette a chi la usa di imparare l’ultima mossa\nusata dal bersaglio. La nuova mossa appresa\nsostituisce Schizzo.","language":{"name":"it","url":"https://pokeapi.co/api/v2/language/8/"},"version_group":{"name":"x-y","url":"https://pokeapi.co/api/v2/version-group/15/"}},{"flavor_text":"It enables the user to permanently learn\nthe move last used by the target.\nOnce used, Sketch disappears.","language":{"name":"en","url":"https://pokeapi.co/api/v2/language/9/"},"version_group":{"name":"x-y","url":"https://pokeapi.co/api/v2/version-group/15/"}},{"flavor_text":"相手が　使った　技を\n自分の　ものに　する。\n１回　使うと　スケッチは　消える。","language":{"name":"ja","url":"https://pokeapi.co/api/v2/language/11/"},"version_group":{"name":"x-y","url":"https://pokeapi.co/api/v2/version-group/15/"}},{"flavor_text":"あいてが　つかった　わざを\nじぶんの　ものに　する。\n１かい　つかうと　スケッチは　きえる。","language":{"name":"ja-Hrkt","url":"https://pokeapi.co/api/v2/language/1/"},"version_group":{"name":"omega-ruby-alpha-sapphire","url":"https://pokeapi.co/api/v2/version-group/16/"}},{"flavor_text":"상대가 쓴 기술을\n자신의 것으로 만든다.\n한 번 사용하면 스케치는 사라진다.","language":{"name":"ko","url":"https://pokeapi.co/api/v2/language/3/"},"version_group":{"name":"omega-ruby-alpha-sapphire","url":"https://pokeapi.co/api/v2/version-group/16/"}},{"flavor_text":"Le lanceur apprend la dernière capacité utilisée par la \ncible. Gribouille disparaît après utilisation.","language":{"name":"fr","url":"https://pokeapi.co/api/v2/language/5/"},"version_group":{"name":"omega-ruby-alpha-sapphire","url":"https://pokeapi.co/api/v2/version-group/16/"}},{"flavor_text":"Anwender lernt die letzte Attacke des Zieles\ndauerhaft. Nachahmer verschwindet nach\nGebrauch.","language":{"name":"de","url":"https://pokeapi.co/api/v2/language/6/"},"version_group":{"name":"omega-ruby-alpha-sapphire","url":"https://pokeapi.co/api/v2/version-group/16/"}},{"flavor_text":"Aprende de forma permanente el último movimiento \nutilizado por el objetivo. Es de un solo uso.","language":{"name":"es","url":"https://pokeapi.co/api/v2/language/7/"},"version_group":{"name":"omega-ruby-alpha-sapphire","url":"https://pokeapi.co/api/v2/version-group/16/"}},{"flavor_text":"Permette a chi la usa di imparare l’ultima mossa\nusata dal bersaglio. La nuova mossa appresa\nsostituisce Schizzo.","language":{"name":"it","url":"https://pokeapi.co/api/v2/language/8/"},"version_group":{"name":"omega-ruby-alpha-sapphire","url":"https://pokeapi.co/api/v2/version-group/16/"}},{"flavor_text":"It enables the user to permanently learn\nthe move last used by the target.\nOnce used, Sketch disappears.","language":{"name":"en","url":"https://pokeapi.co/api/v2/language/9/"},"version_group":{"name":"omega-ruby-alpha-sapphire","url":"https://pokeapi.co/api/v2/version-group/16/"}},{"flavor_text":"相手が　使った　技を\n自分の　ものに　する。\n１回　使うと　スケッチは　消える。","language":{"name":"ja","url":"https://pokeapi.co/api/v2/language/11/"},"version_group":{"name":"omega-ruby-alpha-sapphire","url":"https://pokeapi.co/api/v2/version-group/16/"}},{"flavor_text":"あいてが　つかった　わざを\nじぶんの　ものに　する。\n１かい　つかうと　スケッチは　きえる。","language":{"name":"ja-Hrkt","url":"https://pokeapi.co/api/v2/language/1/"},"version_group":{"name":"sun-moon","url":"https://pokeapi.co/api/v2/version-group/17/"}},{"flavor_text":"상대가 쓴 기술을\n자신의 것으로 만든다.\n한 번 사용하면 스케치는 사라진다.","language":{"name":"ko","url":"https://pokeapi.co/api/v2/language/3/"},"version_group":{"name":"sun-moon","url":"https://pokeapi.co/api/v2/version-group/17/"}},{"flavor_text":"將對手使用的招式變成自己的。\n寫生在使用１次之後就會消失。","language":{"name":"zh-Hant","url":"https://pokeapi.co/api/v2/language/4/"},"version_group":{"name":"sun-moon","url":"https://pokeapi.co/api/v2/version-group/17/"}},{"flavor_text":"Le lanceur apprend la dernière capacité utilisée\npar la cible. Gribouille disparaît après utilisation.","language":{"name":"fr","url":"https://pokeapi.co/api/v2/language/5/"},"version_group":{"name":"sun-moon","url":"https://pokeapi.co/api/v2/version-group/17/"}},{"flavor_text":"Anwender erlernt die letzte Attacke des Zieles\ndauerhaft. Nachahmer verschwindet nach Gebrauch.","language":{"name":"de","url":"https://pokeapi.co/api/v2/language/6/"},"version_group":{"name":"sun-moon","url":"https://pokeapi.co/api/v2/version-group/17/"}},{"flavor_text":"Aprende de forma permanente el último movimiento \nutilizado por el objetivo. Es de un solo uso.","language":{"name":"es","url":"https://pokeapi.co/api/v2/language/7/"},"version_group":{"name":"sun-moon","url":"https://pokeapi.co/api/v2/version-group/17/"}},{"flavor_text":"Permette a chi la usa di imparare l’ultima mossa\nusata dal bersaglio. La nuova mossa appresa\nsostituisce Schizzo.","language":{"name":"it","url":"https://pokeapi.co/api/v2/language/8/"},"version_group":{"name":"sun-moon","url":"https://pokeapi.co/api/v2/version-group/17/"}},{"flavor_text":"It enables the user to permanently learn the move\nlast used by the target. Once used,\nSketch disappears.","language":{"name":"en","url":"https://pokeapi.co/api/v2/language/9/"},"version_group":{"name":"sun-moon","url":"https://pokeapi.co/api/v2/version-group/17/"}},{"flavor_text":"相手が　使った　技を\n自分の　ものに　する。\n１回　使うと　スケッチは　消える。","language":{"name":"ja","url":"https://pokeapi.co/api/v2/language/11/"},"version_group":{"name":"sun-moon","url":"https://pokeapi.co/api/v2/version-group/17/"}},{"flavor_text":"将对手使用的招式\n变成自己的招式。\n使用１次后写生消失。","language":{"name":"zh-Hans","url":"https://pokeapi.co/api/v2/language/12/"},"version_group":{"name":"sun-moon","url":"https://pokeapi.co/api/v2/version-group/17/"}},{"flavor_text":"あいてが　つかった　わざを\nじぶんの　ものに　する。\n１かい　つかうと　スケッチは　きえる。","language":{"name":"ja-Hrkt","url":"https://pokeapi.co/api/v2/language/1/"},"version_group":{"name":"ultra-sun-ultra-moon","url":"https://pokeapi.co/api/v2/version-group/18/"}},{"flavor_text":"상대가 쓴 기술을\n자신의 것으로 만든다.\n한 번 사용하면 스케치는 사라진다.","language":{"name":"ko","url":"https://pokeapi.co/api/v2/language/3/"},"version_group":{"name":"ultra-sun-ultra-moon","url":"https://pokeapi.co/api/v2/version-group/18/"}},{"flavor_text":"將對手使用的招式變成自己的。\n寫生在使用１次之後就會消失。","language":{"name":"zh-Hant","url":"https://pokeapi.co/api/v2/language/4/"},"version_group":{"name":"ultra-sun-ultra-moon","url":"https://pokeapi.co/api/v2/version-group/18/"}},{"flavor_text":"Le lanceur apprend la dernière capacité utilisée\npar la cible. Gribouille disparaît après utilisation.","language":{"name":"fr","url":"https://pokeapi.co/api/v2/language/5/"},"version_group":{"name":"ultra-sun-ultra-moon","url":"https://pokeapi.co/api/v2/version-group/18/"}},{"flavor_text":"Anwender erlernt die letzte Attacke des Zieles\ndauerhaft. Nachahmer verschwindet nach Gebrauch.","language":{"name":"de","url":"https://pokeapi.co/api/v2/language/6/"},"version_group":{"name":"ultra-sun-ultra-moon","url":"https://pokeapi.co/api/v2/version-group/18/"}},{"flavor_text":"Aprende de forma permanente el último movimiento \nutilizado por el objetivo. Es de un solo uso.","language":{"name":"es","url":"https://pokeapi.co/api/v2/language/7/"},"version_group":{"name":"ultra-sun-ultra-moon","url":"https://pokeapi.co/api/v2/version-group/18/"}},{"flavor_text":"Permette a chi la usa di imparare l’ultima mossa\nusata dal bersaglio. La nuova mossa appresa\nsostituisce Schizzo.","language":{"name":"it","url":"https://pokeapi.co/api/v2/language/8/"},"version_group":{"name":"ultra-sun-ultra-moon","url":"https://pokeapi.co/api/v2/version-group/18/"}},{"flavor_text":"It enables the user to permanently learn the move\nlast used by the target. Once used,\nSketch disappears.","language":{"name":"en","url":"https://pokeapi.co/api/v2/language/9/"},"version_group":{"name":"ultra-sun-ultra-moon","url":"https://pokeapi.co/api/v2/version-group/18/"}},{"flavor_text":"相手が　使った　技を\n自分の　ものに　する。\n１回　使うと　スケッチは　消える。","language":{"name":"ja","url":"https://pokeapi.co/api/v2/language/11/"},"version_group":{"name":"ultra-sun-ultra-moon","url":"https://pokeapi.co/api/v2/version-group/18/"}},{"flavor_text":"将对手使用的招式\n变成自己的招式。\n使用１次后写生消失。","language":{"name":"zh-Hans","url":"https://pokeapi.co/api/v2/language/12/"},"version_group":{"name":"ultra-sun-ultra-moon","url":"https://pokeapi.co/api/v2/version-group/18/"}},{"flavor_text":"あいてが　つかった　わざを\nじぶんの　ものに　する。\n１かい　つかうと　スケッチは　きえる。","language":{"name":"ja-Hrkt","url":"https://pokeapi.co/api/v2/language/1/"},"version_group":{"name":"lets-go-pikachu-lets-go-eevee","url":"https://pokeapi.co/api/v2/version-group/19/"}},{"flavor_text":"상대가 쓴 기술을\n자신의 것으로 만든다.\n한 번 사용하면 스케치는 사라진다.","language":{"name":"ko","url":"https://pokeapi.co/api/v2/language/3/"},"version_group":{"name":"lets-go-pikachu-lets-go-eevee","url":"https://pokeapi.co/api/v2/version-group/19/"}},{"flavor_text":"將對手使用的招式變成自己的。\n寫生在使用１次之後就會消失。","language":{"name":"zh-Hant","url":"https://pokeapi.co/api/v2/language/4/"},"version_group":{"name":"lets-go-pikachu-lets-go-eevee","url":"https://pokeapi.co/api/v2/version-group/19/"}},{"flavor_text":"Le lanceur apprend la dernière capacité utilisée\npar la cible. Gribouille disparaît après utilisation.","language":{"name":"fr","url":"https://pokeapi.co/api/v2/language/5/"},"version_group":{"name":"lets-go-pikachu-lets-go-eevee","url":"https://pokeapi.co/api/v2/version-group/19/"}},{"flavor_text":"Anwender erlernt die letzte Attacke des Zieles\ndauerhaft. Nachahmer verschwindet nach Gebrauch.","language":{"name":"de","url":"https://pokeapi.co/api/v2/language/6/"},"version_group":{"name":"lets-go-pikachu-lets-go-eevee","url":"https://pokeapi.co/api/v2/version-group/19/"}},{"flavor_text":"Aprende de forma permanente el último movimiento \nutilizado por el objetivo. Es de un solo uso.","language":{"name":"es","url":"https://pokeapi.co/api/v2/language/7/"},"version_group":{"name":"lets-go-pikachu-lets-go-eevee","url":"https://pokeapi.co/api/v2/version-group/19/"}},{"flavor_text":"Permette a chi la usa di imparare l’ultima mossa\nusata dal bersaglio. La nuova mossa appresa\nsostituisce Schizzo.","language":{"name":"it","url":"https://pokeapi.co/api/v2/language/8/"},"version_group":{"name":"lets-go-pikachu-lets-go-eevee","url":"https://pokeapi.co/api/v2/version-group/19/"}},{"flavor_text":"It enables the user to permanently learn the move\nlast used by the target. Once used,\nSketch disappears.","language":{"name":"en","url":"https://pokeapi.co/api/v2/language/9/"},"version_group":{"name":"lets-go-pikachu-lets-go-eevee","url":"https://pokeapi.co/api/v2/version-group/19/"}},{"flavor_text":"相手が　使った　技を\n自分の　ものに　する。\n１回　使うと　スケッチは　消える。","language":{"name":"ja","url":"https://pokeapi.co/api/v2/language/11/"},"version_group":{"name":"lets-go-pikachu-lets-go-eevee","url":"https://pokeapi.co/api/v2/version-group/19/"}},{"flavor_text":"将对手使用的招式\n变成自己的招式。\n使用１次后写生消失。","language":{"name":"zh-Hans","url":"https://pokeapi.co/api/v2/language/12/"},"version_group":{"name":"lets-go-pikachu-lets-go-eevee","url":"https://pokeapi.co/api/v2/version-group/19/"}},{"flavor_text":"あいてが　つかった　わざを\nじぶんの　ものに　する。\n１かい　つかうと　スケッチは　きえる。","language":{"name":"ja-Hrkt","url":"https://pokeapi.co/api/v2/language/1/"},"version_group":{"name":"sword-shield","url":"https://pokeapi.co/api/v2/version-group/20/"}},{"flavor_text":"상대가 쓴 기술을\n자신의 것으로 만든다.\n한 번 사용하면 스케치는 사라진다.","language":{"name":"ko","url":"https://pokeapi.co/api/v2/language/3/"},"version_group":{"name":"sword-shield","url":"https://pokeapi.co/api/v2/version-group/20/"}},{"flavor_text":"將對手使用的招式變成自己的。\n寫生在使用１次之後就會消失。","language":{"name":"zh-Hant","url":"https://pokeapi.co/api/v2/language/4/"},"version_group":{"name":"sword-shield","url":"https://pokeapi.co/api/v2/version-group/20/"}},{"flavor_text":"Le lanceur apprend la dernière capacité utilisée\npar la cible. Gribouille disparaît après utilisation.","language":{"name":"fr","url":"https://pokeapi.co/api/v2/language/5/"},"version_group":{"name":"sword-shield","url":"https://pokeapi.co/api/v2/version-group/20/"}},{"flavor_text":"Anwender erlernt die letzte Attacke des Zieles\ndauerhaft. Nachahmer verschwindet nach Gebrauch.","language":{"name":"de","url":"https://pokeapi.co/api/v2/language/6/"},"version_group":{"name":"sword-shield","url":"https://pokeapi.co/api/v2/version-group/20/"}},{"flavor_text":"Aprende de forma permanente el último movimiento \nutilizado por el objetivo. Es de un solo uso.","language":{"name":"es","url":"https://pokeapi.co/api/v2/language/7/"},"version_group":{"name":"sword-shield","url":"https://pokeapi.co/api/v2/version-group/20/"}},{"flavor_text":"Permette a chi la usa di imparare l’ultima mossa\nusata dal bersaglio. La nuova mossa appresa\nsostituisce Schizzo.","language":{"name":"it","url":"https://pokeapi.co/api/v2/language/8/"},"version_group":{"name":"sword-shield","url":"https://pokeapi.co/api/v2/version-group/20/"}},{"flavor_text":"It enables the user to permanently learn the move\nlast used by the target. Once used,\nSketch disappears.","language":{"name":"en","url":"https://pokeapi.co/api/v2/language/9/"},"version_group":{"name":"sword-shield","url":"https://pokeapi.co/api/v2/version-group/20/"}},{"flavor_text":"相手が　使った　技を\n自分の　ものに　する。\n１回　使うと　スケッチは　消える。","language":{"name":"ja","url":"https://pokeapi.co/api/v2/language/11/"},"version_group":{"name":"sword-shield","url":"https://pokeapi.co/api/v2/version-group/20/"}},{"flavor_text":"将对手使用的招式\n变成自己的招式。\n使用１次后写生消失。","language":{"name":"zh-Hans","url":"https://pokeapi.co/api/v2/language/12/"},"version_group":{"name":"sword-shield","url":"https://pokeapi.co/api/v2/version-group/20/"}}],"generation":{"name":"generation-ii","url":"https://pokeapi.co/api/v2/generation/2/"},"id":166,"learned_by_pokemon":[{"name":"smeargle","url":"https://pokeapi.co/api/v2/pokemon/235/"}],"machines":[],"meta":{"ailment":{"name":"none","url":"https://pokeapi.co/api/v2/move-ailment/0/"},"ailment_chance":0,"category":{"name":"unique","url":"https://pokeapi.co/api/v2/move-category/13/"},"crit_rate":0,"drain":0,"flinch_chance":0,"healing":0,"max_hits":null,"max_turns":null,"min_hits":null,"min_turns":null,"stat_chance":0},"name":"sketch","names":[{"language":{"name":"ja-Hrkt","url":"https://pokeapi.co/api/v2/language/1/"},"name":"スケッチ"},{"language":{"name":"ko","url":"https://pokeapi.co/api/v2/language/3/"},"name":"스케치"},{"language":{"name":"zh-Hant","url":"https://pokeapi.co/api/v2/language/4/"},"name":"寫生"},{"language":{"name":"fr","url":"https://pokeapi.co/api/v2/language/5/"},"name":"Gribouille"},{"language":{"name":"de","url":"https://pokeapi.co/api/v2/language/6/"},"name":"Nachahmer"},{"language":{"name":"es","url":"https://pokeapi.co/api/v2/language/7/"},"name":"Esquema"},{"language":{"name":"it","url":"https://pokeapi.co/api/v2/language/8/"},"name":"Schizzo"},{"language":{"name":"en","url":"https://pokeapi.co/api/v2/language/9/"},"name":"Sketch"},{"language":{"name":"ja","url":"https://pokeapi.co/api/v2/language/11/"},"name":"スケッチ"},{"language":{"name":"zh-Hans","url":"https://pokeapi.co/api/v2/language/12/"},"name":"写生"}],"past_values":[],"power":null,"pp":1,"priority":0,"stat_changes":[],"super_contest_effect":{"url":"https://pokeapi.co/api/v2/super-contest-effect/23/"},"target":{"name":"selected-pokemon","url":"https://pokeapi.co/api/v2/move-target/10/"},"type":{"name":"normal","url":"https://pokeapi.co/api/v2/type/1/"}}