{"accuracy":100,"contest_combos":null,"contest_effect":{"url":"https://pokeapi.co/api/v2/contest-effect/20/"},"contest_type":{"name":"tough","url":"https://pokeapi.co/api/v2/contest-type/5/"},"damage_class":{"name":"physical","url":"https://pokeapi.co/api/v2/move-damage-class/2/"},"effect_chance":null,"effect_changes":[],"effect_entries":[{"effect":"Inflicts regular damage.  If the target is holding an item and the user is not, the user will permanently take the item.  Damage is still inflicted if an item cannot be taken.\n\nPokémon with sticky hold or multitype are immune to the item theft effect.\n\nThe target cannot recover its item with recycle.\n\nThis move cannot be selected by assist or metronome.","language":{"name":"en","url":"https://pokeapi.co/api/v2/language/9/"},"short_effect":"Takes the target's item."}],"flavor_text_entries":[{"flavor_text":"An attack that may\nsteal a held item.","language":{"name":"en","url":"https://pokeapi.co/api/v2/language/9/"},"version_group":{"name":"gold-silver","url":"https://pokeapi.co/api/v2/version-group/3/"}},{"flavor_text":"An attack that may\nsteal a held item.","language":{"name":"en","url":"https://pokeapi.co/api/v2/language/9/"},"version_group":{"name":"crystal","url":"https://pokeapi.co/api/v2/version-group/4/"}},{"flavor_text":"While attacking, it may\nsteal the foe’s held item.","language":{"name":"en","url":"https://pokeapi.co/api/v2/language/9/"},"version_group":{"name":"ruby-sapphire","url":"https://pokeapi.co/api/v2/version-group/5/"}},{"flavor_text":"While attacking, it may\nsteal the foe’s held item.","language":{"name":"en","url":"https://pokeapi.co/api/v2/language/9/"},"version_group":{"name":"emerald","url":"https://pokeapi.co/api/v2/version-group/6/"}},{"flavor_text":"An attack that may\ntake the foe’s held\nitem if the user\nisn’t holding one.","language":{"name":"en","url":"https://pokeapi.co/api/v2/language/9/"},"version_group":{"name":"firered-leafgreen","url":"https://pokeapi.co/api/v2/version-group/7/"}},{"flavor_text":"The user attacks and\nsteals the foe’s held\nitem simultaneously.\nIt can’t steal if the\nuser holds an item.","language":{"name":"en","url":"https://pokeapi.co/api/v2/language/9/"},"version_group":{"name":"diamond-pearl","url":"https://pokeapi.co/api/v2/version-group/8/"}},{"flavor_text":"The user attacks and\nsteals the foe’s held\nitem simultaneously.\nIt can’t steal if the\nuser holds an item.","language":{"name":"en","url":"https://pokeapi.co/api/v2/language/9/"},"version_group":{"name":"platinum","url":"https://pokeapi.co/api/v2/version-group/9/"}},{"flavor_text":"The user attacks and\nsteals the foe’s held\nitem simultaneously.\nIt can’t steal if the\nuser holds an item.","language":{"name":"en","url":"https://pokeapi.co/api/v2/language/9/"},"version_group":{"name":"heartgold-soulsilver","url":"https://pokeapi.co/api/v2/version-group/10/"}},{"flavor_text":"Le lanceur attaque la cible et vole\nson objet. Le lanceur ne peut rien\nvoler s’il tient déjà un objet.","language":{"name":"fr","url":"https://pokeapi.co/api/v2/language/5/"},"version_group":{"name":"black-white","url":"https://pokeapi.co/api/v2/version-group/11/"}},{"flavor_text":"The user attacks and steals the target’s\nheld item simultaneously.\nIt can’t steal if the user holds an item.","language":{"name":"en","url":"https://pokeapi.co/api/v2/language/9/"},"version_group":{"name":"black-white","url":"https://pokeapi.co/api/v2/version-group/11/"}},{"flavor_text":"The user attacks and steals the target’s\nheld item simultaneously.\nIt can’t steal if the user holds an item.","language":{"name":"en","url":"https://pokeapi.co/api/v2/language/9/"},"version_group":{"name":"black-2-white-2","url":"https://pokeapi.co/api/v2/version-group/14/"}},{"flavor_text":"こうげきと　どうじに　どうぐを　ぬすむ。\nじぶんが　どうぐを　もっている　ばあいは\nぬすめない。","language":{"name":"ja-Hrkt","url":"https://pokeapi.co/api/v2/language/1/"},"version_group":{"name":"x-y","url":"https://pokeapi.co/api/v2/version-group/15/"}},{"flavor_text":"공격과 동시에 도구를 훔친다.\n자신이 도구를 지니고 있을 경우에는\n훔칠 수 없다.","language":{"name":"ko","url":"https://pokeapi.co/api/v2/language/3/"},"version_group":{"name":"x-y","url":"https://pokeapi.co/api/v2/version-group/15/"}},{"flavor_text":"Le lanceur attaque la cible et vole son objet.\nLe lanceur ne peut rien voler s’il tient déjà\nun objet.","language":{"name":"fr","url":"https://pokeapi.co/api/v2/language/5/"},"version_group":{"name":"x-y","url":"https://pokeapi.co/api/v2/version-group/15/"}},{"flavor_text":"Erlaubt es, das Item des Zieles zu stehlen,\nsolang der Anwender selbst keins bei sich trägt.","language":{"name":"de","url":"https://pokeapi.co/api/v2/language/6/"},"version_group":{"name":"x-y","url":"https://pokeapi.co/api/v2/version-group/15/"}},{"flavor_text":"Ataca y le quita al objetivo el objeto que lleve.\nSi el agresor lleva un objeto, no robará el del\nobjetivo.","language":{"name":"es","url":"https://pokeapi.co/api/v2/language/7/"},"version_group":{"name":"x-y","url":"https://pokeapi.co/api/v2/version-group/15/"}},{"flavor_text":"Chi la usa attacca il bersaglio e può rubargli\nlo strumento, se non ne ha già uno.","language":{"name":"it","url":"https://pokeapi.co/api/v2/language/8/"},"version_group":{"name":"x-y","url":"https://pokeapi.co/api/v2/version-group/15/"}},{"flavor_text":"The user attacks and steals the target’s\nheld item simultaneously. The user can’t\nsteal anything if it already holds an item.","language":{"name":"en","url":"https://pokeapi.co/api/v2/language/9/"},"version_group":{"name":"x-y","url":"https://pokeapi.co/api/v2/version-group/15/"}},{"flavor_text":"攻撃と　同時に　道具を　盗む。\n自分が　道具を　持っている　場合は\n盗めない。","language":{"name":"ja","url":"https://pokeapi.co/api/v2/language/11/"},"version_group":{"name":"x-y","url":"https://pokeapi.co/api/v2/version-group/15/"}},{"flavor_text":"こうげきと　どうじに　どうぐを　ぬすむ。\nじぶんが　どうぐを　もっている　ばあいは\nぬすめない。","language":{"name":"ja-Hrkt","url":"https://pokeapi.co/api/v2/language/1/"},"version_group":{"name":"omega-ruby-alpha-sapphire","url":"https://pokeapi.co/api/v2/version-group/16/"}},{"flavor_text":"공격과 동시에 도구를 훔친다.\n자신이 도구를 지니고 있을 경우에는\n훔칠 수 없다.","language":{"name":"ko","url":"https://pokeapi.co/api/v2/language/3/"},"version_group":{"name":"omega-ruby-alpha-sapphire","url":"https://pokeapi.co/api/v2/version-group/16/"}},{"flavor_text":"Le lanceur attaque la cible et vole son objet.\nLe lanceur ne peut rien voler s’il tient déjà\nun objet.","language":{"name":"fr","url":"https://pokeapi.co/api/v2/language/5/"},"version_group":{"name":"omega-ruby-alpha-sapphire","url":"https://pokeapi.co/api/v2/version-group/16/"}},{"flavor_text":"Erlaubt es, das Item des Zieles zu stehlen,\nsolang der Anwender selbst keins bei sich trägt.","language":{"name":"de","url":"https://pokeapi.co/api/v2/language/6/"},"version_group":{"name":"omega-ruby-alpha-sapphire","url":"https://pokeapi.co/api/v2/version-group/16/"}},{"flavor_text":"Ataca y le quita el objeto al objetivo siempre y \ncuando el agresor no lleve ninguno. ","language":{"name":"es","url":"https://pokeapi.co/api/v2/language/7/"},"version_group":{"name":"omega-ruby-alpha-sapphire","url":"https://pokeapi.co/api/v2/version-group/16/"}},{"flavor_text":"Chi la usa attacca il bersaglio e può rubargli\nlo strumento, se non ne ha già uno.","language":{"name":"it","url":"https://pokeapi.co/api/v2/language/8/"},"version_group":{"name":"omega-ruby-alpha-sapphire","url":"https://pokeapi.co/api/v2/version-group/16/"}},{"flavor_text":"The user attacks and steals the target’s\nheld item simultaneously. The user can’t\nsteal anything if it already holds an item.","language":{"name":"en","url":"https://pokeapi.co/api/v2/language/9/"},"version_group":{"name":"omega-ruby-alpha-sapphire","url":"https://pokeapi.co/api/v2/version-group/16/"}},{"flavor_text":"攻撃と　同時に　道具を　盗む。\n自分が　道具を　持っている　場合は\n盗めない。","language":{"name":"ja","url":"https://pokeapi.co/api/v2/language/11/"},"version_group":{"name":"omega-ruby-alpha-sapphire","url":"https://pokeapi.co/api/v2/version-group/16/"}},{"flavor_text":"こうげきと　どうじに　どうぐを　ぬすむ。\nじぶんが　どうぐを　もっている　ばあいは\nぬすめない。","language":{"name":"ja-Hrkt","url":"https://pokeapi.co/api/v2/language/1/"},"version_group":{"name":"sun-moon","url":"https://pokeapi.co/api/v2/version-group/17/"}},{"flavor_text":"공격과 동시에 도구를 훔친다.\n자신이 도구를 지니고 있을 경우에는\n훔칠 수 없다.","language":{"name":"ko","url":"https://pokeapi.co/api/v2/language/3/"},"version_group":{"name":"sun-moon","url":"https://pokeapi.co/api/v2/version-group/17/"}},{"flavor_text":"在攻擊的同時偷取道具。\n當寶可夢自己有攜帶道具時，\n則無法偷取。","language":{"name":"zh-Hant","url":"https://pokeapi.co/api/v2/language/4/"},"version_group":{"name":"sun-moon","url":"https://pokeapi.co/api/v2/version-group/17/"}},{"flavor_text":"Le lanceur attaque la cible et vole son objet.\nLe lanceur ne peut rien voler s’il tient déjà\nun objet.","language":{"name":"fr","url":"https://pokeapi.co/api/v2/language/5/"},"version_group":{"name":"sun-moon","url":"https://pokeapi.co/api/v2/version-group/17/"}},{"flavor_text":"Ermöglicht es, das Item des Zieles zu stehlen, solang\nder Anwender selbst keins bei sich trägt.","language":{"name":"de","url":"https://pokeapi.co/api/v2/language/6/"},"version_group":{"name":"sun-moon","url":"https://pokeapi.co/api/v2/version-group/17/"}},{"flavor_text":"Ataca y le quita el objeto al objetivo siempre y \ncuando el agresor no lleve ninguno. ","language":{"name":"es","url":"https://pokeapi.co/api/v2/language/7/"},"version_group":{"name":"sun-moon","url":"https://pokeapi.co/api/v2/version-group/17/"}},{"flavor_text":"Chi la usa attacca il bersaglio e può rubargli\nlo strumento, se non ne ha già uno.","language":{"name":"it","url":"https://pokeapi.co/api/v2/language/8/"},"version_group":{"name":"sun-moon","url":"https://pokeapi.co/api/v2/version-group/17/"}},{"flavor_text":"The user attacks and steals the target’s held item\nsimultaneously. The user can’t steal anything if it\nalready holds an item.","language":{"name":"en","url":"https://pokeapi.co/api/v2/language/9/"},"version_group":{"name":"sun-moon","url":"https://pokeapi.co/api/v2/version-group/17/"}},{"flavor_text":"攻撃と　同時に　道具を　盗む。\n自分が　道具を　持っている　場合は\n盗めない。","language":{"name":"ja","url":"https://pokeapi.co/api/v2/language/11/"},"version_group":{"name":"sun-moon","url":"https://pokeapi.co/api/v2/version-group/17/"}},{"flavor_text":"攻击的同时盗取道具。\n当自己携带道具时，\n不会去盗取。","language":{"name":"zh-Hans","url":"https://pokeapi.co/api/v2/language/12/"},"version_group":{"name":"sun-moon","url":"https://pokeapi.co/api/v2/version-group/17/"}},{"flavor_text":"こうげきと　どうじに　どうぐを　ぬすむ。\nじぶんが　どうぐを　もっている　ばあいは\nぬすめない。","language":{"name":"ja-Hrkt","url":"https://pokeapi.co/api/v2/language/1/"},"version_group":{"name":"ultra-sun-ultra-moon","url":"https://pokeapi.co/api/v2/version-group/18/"}},{"flavor_text":"공격과 동시에 도구를 훔친다.\n자신이 도구를 지니고 있을 경우에는\n훔칠 수 없다.","language":{"name":"ko","url":"https://pokeapi.co/api/v2/language/3/"},"version_group":{"name":"ultra-sun-ultra-moon","url":"https://pokeapi.co/api/v2/version-group/18/"}},{"flavor_text":"在攻擊的同時偷取道具。\n當寶可夢自己有攜帶道具時，\n則無法偷取。","language":{"name":"zh-Hant","url":"https://pokeapi.co/api/v2/language/4/"},"version_group":{"name":"ultra-sun-ultra-moon","url":"https://pokeapi.co/api/v2/version-group/18/"}},{"flavor_text":"Le lanceur attaque la cible et vole son objet.\nLe lanceur ne peut rien voler s’il tient déjà\nun objet.","language":{"name":"fr","url":"https://pokeapi.co/api/v2/language/5/"},"version_group":{"name":"ultra-sun-ultra-moon","url":"https://pokeapi.co/api/v2/version-group/18/"}},{"flavor_text":"Ermöglicht es, das Item des Zieles zu stehlen, solang\nder Anwender selbst keins bei sich trägt.","language":{"name":"de","url":"https://pokeapi.co/api/v2/language/6/"},"version_group":{"name":"ultra-sun-ultra-moon","url":"https://pokeapi.co/api/v2/version-group/18/"}},{"flavor_text":"Ataca y le quita el objeto al objetivo siempre y \ncuando el agresor no lleve ninguno. ","language":{"name":"es","url":"https://pokeapi.co/api/v2/language/7/"},"version_group":{"name":"ultra-sun-ultra-moon","url":"https://pokeapi.co/api/v2/version-group/18/"}},{"flavor_text":"Chi la usa attacca il bersaglio e può rubargli\nlo strumento, se non ne ha già uno.","language":{"name":"it","url":"https://pokeapi.co/api/v2/language/8/"},"version_group":{"name":"ultra-sun-ultra-moon","url":"https://pokeapi.co/api/v2/version-group/18/"}},{"flavor_text":"The user attacks and steals the target’s held item\nsimultaneously. The user can’t steal anything if it\nalready holds an item.","language":{"name":"en","url":"https://pokeapi.co/api/v2/language/9/"},"version_group":{"name":"ultra-sun-ultra-moon","url":"https://pokeapi.co/api/v2/version-group/18/"}},{"flavor_text":"攻撃と　同時に　道具を　盗む。\n自分が　道具を　持っている　場合は\n盗めない。","language":{"name":"ja","url":"https://pokeapi.co/api/v2/language/11/"},"version_group":{"name":"ultra-sun-ultra-moon","url":"https://pokeapi.co/api/v2/version-group/18/"}},{"flavor_text":"攻击的同时盗取道具。\n当自己携带道具时，\n不会去盗取。","language":{"name":"zh-Hans","url":"https://pokeapi.co/api/v2/language/12/"},"version_group":{"name":"ultra-sun-ultra-moon","url":"https://pokeapi.co/api/v2/version-group/18/"}},{"flavor_text":"こうげきと　どうじに　どうぐを　ぬすむ。\nじぶんが　どうぐを　もっている　ばあいは\nぬすめない。","language":{"name":"ja-Hrkt","url":"https://pokeapi.co/api/v2/language/1/"},"version_group":{"name":"lets-go-pikachu-lets-go-eevee","url":"https://pokeapi.co/api/v2/version-group/19/"}},{"flavor_text":"공격과 동시에 도구를 훔친다.\n자신이 도구를 지니고 있을 경우에는\n훔칠 수 없다.","language":{"name":"ko","url":"https://pokeapi.co/api/v2/language/3/"},"version_group":{"name":"lets-go-pikachu-lets-go-eevee","url":"https://pokeapi.co/api/v2/version-group/19/"}},{"flavor_text":"在攻擊的同時偷取道具。\n當寶可夢自己有攜帶道具時，\n則無法偷取。","language":{"name":"zh-Hant","url":"https://pokeapi.co/api/v2/language/4/"},"version_group":{"name":"lets-go-pikachu-lets-go-eevee","url":"https://pokeapi.co/api/v2/version-group/19/"}},{"flavor_text":"Le lanceur attaque la cible et vole son objet.\nLe lanceur ne peut rien voler s’il tient déjà un objet.","language":{"name":"fr","url":"https://pokeapi.co/api/v2/language/5/"},"version_group":{"name":"lets-go-pikachu-lets-go-eevee","url":"https://pokeapi.co/api/v2/version-group/19/"}},{"flavor_text":"Ermöglicht es, das Item des Zieles zu stehlen, solang\nder Anwender selbst keins bei sich trägt.","language":{"name":"de","url":"https://pokeapi.co/api/v2/language/6/"},"version_group":{"name":"lets-go-pikachu-lets-go-eevee","url":"https://pokeapi.co/api/v2/version-group/19/"}},{"flavor_text":"Ataca y le quita el objeto al objetivo siempre y \ncuando el agresor no lleve ninguno. ","language":{"name":"es","url":"https://pokeapi.co/api/v2/language/7/"},"version_group":{"name":"lets-go-pikachu-lets-go-eevee","url":"https://pokeapi.co/api/v2/version-group/19/"}},{"flavor_text":"Chi la usa attacca il bersaglio e può rubargli\nlo strumento, se non ne ha già uno.","language":{"name":"it","url":"https://pokeapi.co/api/v2/language/8/"},"version_group":{"name":"lets-go-pikachu-lets-go-eevee","url":"https://pokeapi.co/api/v2/version-group/19/"}},{"flavor_text":"The user attacks and steals the target’s held item\nsimultaneously. The user can’t steal anything if it\nalready holds an item.","language":{"name":"en","url":"https://pokeapi.co/api/v2/language/9/"},"version_group":{"name":"lets-go-pikachu-lets-go-eevee","url":"https://pokeapi.co/api/v2/version-group/19/"}},{"flavor_text":"攻撃と　同時に　道具を　盗む。\n自分が　道具を　持っている　場合は\n盗めない。","language":{"name":"ja","url":"https://pokeapi.co/api/v2/language/11/"},"version_group":{"name":"lets-go-pikachu-lets-go-eevee","url":"https://pokeapi.co/api/v2/version-group/19/"}},{"flavor_text":"攻击的同时盗取道具。\n当自己携带道具时，\n不会去盗取。","language":{"name":"zh-Hans","url":"https://pokeapi.co/api/v2/language/12/"},"version_group":{"name":"lets-go-pikachu-lets-go-eevee","url":"https://pokeapi.co/api/v2/version-group/19/"}},{"flavor_text":"こうげきと　どうじに　どうぐを　ぬすむ。\nじぶんが　どうぐを　もっている　ばあいは\nぬすめない。","language":{"name":"ja-Hrkt","url":"https://pokeapi.co/api/v2/language/1/"},"version_group":{"name":"sword-shield","url":"https://pokeapi.co/api/v2/version-group/20/"}},{"flavor_text":"공격과 동시에 도구를 훔친다.\n자신이 도구를 지니고 있을 경우에는\n훔칠 수 없다.","language":{"name":"ko","url":"https://pokeapi.co/api/v2/language/3/"},"version_group":{"name":"sword-shield","url":"https://pokeapi.co/api/v2/version-group/20/"}},{"flavor_text":"在攻擊的同時偷取道具。\n當寶可夢自己有攜帶道具時，\n則無法偷取。","language":{"name":"zh-Hant","url":"https://pokeapi.co/api/v2/language/4/"},"version_group":{"name":"sword-shield","url":"https://pokeapi.co/api/v2/version-group/20/"}},{"flavor_text":"Le lanceur attaque la cible et vole son objet.\nLe lanceur ne peut rien voler s’il tient déjà un objet.","language":{"name":"fr","url":"https://pokeapi.co/api/v2/language/5/"},"version_group":{"name":"sword-shield","url":"https://pokeapi.co/api/v2/version-group/20/"}},{"flavor_text":"Ermöglicht es, das Item des Zieles zu stehlen, solang\nder Anwender selbst keins bei sich trägt.","language":{"name":"de","url":"https://pokeapi.co/api/v2/language/6/"},"version_group":{"name":"sword-shield","url":"https://pokeapi.co/api/v2/version-group/20/"}},{"flavor_text":"El agresor ataca y le quita el objeto al objetivo siempre\ny cuando no lleve ninguno.","language":{"name":"es","url":"https://pokeapi.co/api/v2/language/7/"},"version_group":{"name":"sword-shield","url":"https://pokeapi.co/api/v2/version-group/20/"}},{"flavor_text":"Chi la usa attacca il bersaglio e può rubargli\nlo strumento, se non ne ha già uno.","language":{"name":"it","url":"https://pokeapi.co/api/v2/language/8/"},"version_group":{"name":"sword-shield","url":"https://pokeapi.co/api/v2/version-group/20/"}},{"flavor_text":"The user attacks and steals the target’s held item\nsimultaneously. The user can’t steal anything if it\nalready holds an item.","language":{"name":"en","url":"https://pokeapi.co/api/v2/language/9/"},"version_group":{"name":"sword-shield","url":"https://pokeapi.co/api/v2/version-group/20/"}},{"flavor_text":"攻撃と　同時に　道具を　盗む。\n自分が　道具を　持っている　場合は\n盗めない。","language":{"name":"ja","url":"https://pokeapi.co/api/v2/language/11/"},"version_group":{"name":"sword-shield","url":"https://pokeapi.co/api/v2/version-group/20/"}},{"flavor_text":"攻击的同时盗取道具。\n当自己携带道具时，\n不会去盗取。","language":{"name":"zh-Hans","url":"https://pokeapi.co/api/v2/language/12/"},"version_group":{"name":"sword-shield","url":"https://pokeapi.co/api/v2/version-group/20/"}}],"generation":{"name":"generation-ii","url":"https://pokeapi.co/api/v2/generation/2/"},"id":168,"learned_by_pokemon":[{"name":"butterfree","url":"https://pokeapi.co/api/v2/pokemon/12/"},{"name":"beedrill","url":"https://pokeapi.co/api/v2/pokemon/15/"},{"name":"pidgey","url":"https://pokeapi.co/api/v2/pokemon/16/"},{"name":"pidgeotto","url":"https://pokeapi.co/api/v2/pokemon/17/"},{"name":"pidgeot","url":"https://pokeapi.co/api/v2/pokemon/18/"},{"name":"rattata","url":"https://pokeapi.co/api/v2/pokemon/19/"},{"name":"raticate","url":"https://pokeapi.co/api/v2/pokemon/20/"},{"name":"spearow","url":"https://pokeapi.co/api/v2/pokemon/21/"},{"name":"fearow","url":"https://pokeapi.co/api/v2/pokemon/22/"},{"name":"ekans","url":"https://pokeapi.co/api/v2/pokemon/23/"},{"name":"arbok","url":"https://pokeapi.co/api/v2/pokemon/24/"},{"name":"pikachu","url":"https://pokeapi.co/api/v2/pokemon/25/"},{"name":"raichu","url":"https://pokeapi.co/api/v2/pokemon/26/"},{"name":"sandshrew","url":"https://pokeapi.co/api/v2/pokemon/27/"},{"name":"sandslash","url":"https://pokeapi.co/api/v2/pokemon/28/"},{"name":"nidoran-f","url":"https://pokeapi.co/api/v2/pokemon/29/"},{"name":"nidorina","url":"https://pokeapi.co/api/v2/pokemon/30/"},{"name":"nidoqueen","url":"https://pokeapi.co/api/v2/pokemon/31/"},{"name":"nidoran-m","url":"https://pokeapi.co/api/v2/pokemon/32/"},{"name":"nidorino","url":"https://pokeapi.co/api/v2/pokemon/33/"},{"name":"nidoking","url":"https://pokeapi.co/api/v2/pokemon/34/"},{"name":"jigglypuff","url":"https://pokeapi.co/api/v2/pokemon/39/"},{"name":"wigglytuff","url":"https://pokeapi.co/api/v2/pokemon/40/"},{"name":"zubat","url":"https://pokeapi.co/api/v2/pokemon/41/"},{"name":"golbat","url":"https://pokeapi.co/api/v2/pokemon/42/"},{"name":"paras","url":"https://pokeapi.co/api/v2/pokemon/46/"},{"name":"parasect","url":"https://pokeapi.co/api/v2/pokemon/47/"},{"name":"venonat","url":"https://pokeapi.co/api/v2/pokemon/48/"},{"name":"venomoth","url":"https://pokeapi.co/api/v2/pokemon/49/"},{"name":"diglett","url":"https://pokeapi.co/api/v2/pokemon/50/"},{"name":"dugtrio","url":"https://pokeapi.co/api/v2/pokemon/51/"},{"name":"meowth","url":"https://pokeapi.co/api/v2/pokemon/52/"},{"name":"persian","url":"https://pokeapi.co/api/v2/pokemon/53/"},{"name":"psyduck","url":"https://pokeapi.co/api/v2/pokemon/54/"},{"name":"golduck","url":"https://pokeapi.co/api/v2/pokemon/55/"},{"name":"mankey","url":"https://pokeapi.co/api/v2/pokemon/56/"},{"name":"primeape","url":"https://pokeapi.co/api/v2/pokemon/57/"},{"name":"growlithe","url":"https://pokeapi.co/api/v2/pokemon/58/"},{"name":"arcanine","url":"https://pokeapi.co/api/v2/pokemon/59/"},{"name":"poliwag","url":"https://pokeapi.co/api/v2/pokemon/60/"},{"name":"poliwhirl","url":"https://pokeapi.co/api/v2/pokemon/61/"},{"name":"poliwrath","url":"https://pokeapi.co/api/v2/pokemon/62/"},{"name":"abra","url":"https://pokeapi.co/api/v2/pokemon/63/"},{"name":"kadabra","url":"https://pokeapi.co/api/v2/pokemon/64/"},{"name":"alakazam","url":"https://pokeapi.co/api/v2/pokemon/65/"},{"name":"machop","url":"https://pokeapi.co/api/v2/pokemon/66/"},{"name":"machoke","url":"https://pokeapi.co/api/v2/pokemon/67/"},{"name":"machamp","url":"https://pokeapi.co/api/v2/pokemon/68/"},{"name":"bellsprout","url":"https://pokeapi.co/api/v2/pokemon/69/"},{"name":"weepinbell","url":"https://pokeapi.co/api/v2/pokemon/70/"},{"name":"victreebel","url":"https://pokeapi.co/api/v2/pokemon/71/"},{"name":"tentacool","url":"https://pokeapi.co/api/v2/pokemon/72/"},{"name":"tentacruel","url":"https://pokeapi.co/api/v2/pokemon/73/"},{"name":"farfetchd","url":"https://pokeapi.co/api/v2/pokemon/83/"},{"name":"doduo","url":"https://pokeapi.co/api/v2/pokemon/84/"},{"name":"dodrio","url":"https://pokeapi.co/api/v2/pokemon/85/"},{"name":"seel","url":"https://pokeapi.co/api/v2/pokemon/86/"},{"name":"dewgong","url":"https://pokeapi.co/api/v2/pokemon/87/"},{"name":"grimer","url":"https://pokeapi.co/api/v2/pokemon/88/"},{"name":"muk","url":"https://pokeapi.co/api/v2/pokemon/89/"},{"name":"gastly","url":"https://pokeapi.co/api/v2/pokemon/92/"},{"name":"haunter","url":"https://pokeapi.co/api/v2/pokemon/93/"},{"name":"gengar","url":"https://pokeapi.co/api/v2/pokemon/94/"},{"name":"drowzee","url":"https://pokeapi.co/api/v2/pokemon/96/"},{"name":"hypno","url":"https://pokeapi.co/api/v2/pokemon/97/"},{"name":"krabby","url":"https://pokeapi.co/api/v2/pokemon/98/"},{"name":"kingler","url":"https://pokeapi.co/api/v2/pokemon/99/"},{"name":"voltorb","url":"https://pokeapi.co/api/v2/pokemon/100/"},{"name":"electrode","url":"https://pokeapi.co/api/v2/pokemon/101/"},{"name":"exeggcute","url":"https://pokeapi.co/api/v2/pokemon/102/"},{"name":"exeggutor","url":"https://pokeapi.co/api/v2/pokemon/103/"},{"name":"cubone","url":"https://pokeapi.co/api/v2/pokemon/104/"},{"name":"marowak","url":"https://pokeapi.co/api/v2/pokemon/105/"},{"name":"hitmonlee","url":"https://pokeapi.co/api/v2/pokemon/106/"},{"name":"hitmonchan","url":"https://pokeapi.co/api/v2/pokemon/107/"},{"name":"lickitung","url":"https://pokeapi.co/api/v2/pokemon/108/"},{"name":"koffing","url":"https://pokeapi.co/api/v2/pokemon/109/"},{"name":"weezing","url":"https://pokeapi.co/api/v2/pokemon/110/"},{"name":"rhyhorn","url":"https://pokeapi.co/api/v2/pokemon/111/"},{"name":"rhydon","url":"https://pokeapi.co/api/v2/pokemon/112/"},{"name":"chansey","url":"https://pokeapi.co/api/v2/pokemon/113/"},{"name":"tangela","url":"https://pokeapi.co/api/v2/pokemon/114/"},{"name":"kangaskhan","url":"https://pokeapi.co/api/v2/pokemon/115/"},{"name":"mr-mime","url":"https://pokeapi.co/api/v2/pokemon/122/"},{"name":"scyther","url":"https://pokeapi.co/api/v2/pokemon/123/"},{"name":"jynx","url":"https://pokeapi.co/api/v2/pokemon/124/"},{"name":"electabuzz","url":"https://pokeapi.co/api/v2/pokemon/125/"},{"name":"magmar","url":"https://pokeapi.co/api/v2/pokemon/126/"},{"name":"pinsir","url":"https://pokeapi.co/api/v2/pokemon/127/"},{"name":"tauros","url":"https://pokeapi.co/api/v2/pokemon/128/"},{"name":"porygon","url":"https://pokeapi.co/api/v2/pokemon/137/"},{"name":"omanyte","url":"https://pokeapi.co/api/v2/pokemon/138/"},{"name":"omastar","url":"https://pokeapi.co/api/v2/pokemon/139/"},{"name":"kabuto","url":"https://pokeapi.co/api/v2/pokemon/140/"},{"name":"kabutops","url":"https://pokeapi.co/api/v2/pokemon/141/"},{"name":"aerodactyl","url":"https://pokeapi.co/api/v2/pokemon/142/"},{"name":"mew","url":"https://pokeapi.co/api/v2/pokemon/151/"},{"name":"sentret","url":"https://pokeapi.co/api/v2/pokemon/161/"},{"name":"furret","url":"https://pokeapi.co/api/v2/pokemon/162/"},{"name":"hoothoot","url":"https://pokeapi.co/api/v2/pokemon/163/"},{"name":"noctowl","url":"https://pokeapi.co/api/v2/pokemon/164/"},{"name":"ledyba","url":"https://pokeapi.co/api/v2/pokemon/165/"},{"name":"ledian","url":"https://pokeapi.co/api/v2/pokemon/166/"},{"name":"spinarak","url":"https://pokeapi.co/api/v2/pokemon/167/"},{"name":"ariados","url":"https://pokeapi.co/api/v2/pokemon/168/"},{"name":"crobat","url":"https://pokeapi.co/api/v2/pokemon/169/"},{"name":"natu","url":"https://pokeapi.co/api/v2/pokemon/177/"},{"name":"xatu","url":"https://pokeapi.co/api/v2/pokemon/178/"},{"name":"sudowoodo","url":"https://pokeapi.co/api/v2/pokemon/185/"},{"name":"politoed","url":"https://pokeapi.co/api/v2/pokemon/186/"},{"name":"hoppip","url":"https://pokeapi.co/api/v2/pokemon/187/"},{"name":"skiploom","url":"https://pokeapi.co/api/v2/pokemon/188/"},{"name":"jumpluff","url":"https://pokeapi.co/api/v2/pokemon/189/"},{"name":"aipom","url":"https://pokeapi.co/api/v2/pokemon/190/"},{"name":"yanma","url":"https://pokeapi.co/api/v2/pokemon/193/"},{"name":"quagsire","url":"https://pokeapi.co/api/v2/pokemon/195/"},{"name":"umbreon","url":"https://pokeapi.co/api/v2/pokemon/197/"},{"name":"murkrow","url":"https://pokeapi.co/api/v2/pokemon/198/"},{"name":"misdreavus","url":"https://pokeapi.co/api/v2/pokemon/200/"},{"name":"girafarig","url":"https://pokeapi.co/api/v2/pokemon/203/"},{"name":"dunsparce","url":"https://pokeapi.co/api/v2/pokemon/206/"},{"name":"gligar","url":"https://pokeapi.co/api/v2/pokemon/207/"},{"name":"snubbull","url":"https://pokeapi.co/api/v2/pokemon/209/"},{"name":"granbull","url":"https://pokeapi.co/api/v2/pokemon/210/"},{"name":"scizor","url":"https://pokeapi.co/api/v2/pokemon/212/"},{"name":"heracross","url":"https://pokeapi.co/api/v2/pokemon/214/"},{"name":"sneasel","url":"https://pokeapi.co/api/v2/pokemon/215/"},{"name":"teddiursa","url":"https://pokeapi.co/api/v2/pokemon/216/"},{"name":"ursaring","url":"https://pokeapi.co/api/v2/pokemon/217/"},{"name":"remoraid","url":"https://pokeapi.co/api/v2/pokemon/223/"},{"name":"octillery","url":"https://pokeapi.co/api/v2/pokemon/224/"},{"name":"delibird","url":"https://pokeapi.co/api/v2/pokemon/225/"},{"name":"skarmory","url":"https://pokeapi.co/api/v2/pokemon/227/"},{"name":"houndour","url":"https://pokeapi.co/api/v2/pokemon/228/"},{"name":"houndoom","url":"https://pokeapi.co/api/v2/pokemon/229/"},{"name":"phanpy","url":"https://pokeapi.co/api/v2/pokemon/231/"},{"name":"donphan","url":"https://pokeapi.co/api/v2/pokemon/232/"},{"name":"porygon2","url":"https://pokeapi.co/api/v2/pokemon/233/"},{"name":"stantler","url":"https://pokeapi.co/api/v2/pokemon/234/"},{"name":"tyrogue","url":"https://pokeapi.co/api/v2/pokemon/236/"},{"name":"hitmontop","url":"https://pokeapi.co/api/v2/pokemon/237/"},{"name":"smoochum","url":"https://pokeapi.co/api/v2/pokemon/238/"},{"name":"elekid","url":"https://pokeapi.co/api/v2/pokemon/239/"},{"name":"magby","url":"https://pokeapi.co/api/v2/pokemon/240/"},{"name":"blissey","url":"https://pokeapi.co/api/v2/pokemon/242/"},{"name":"poochyena","url":"https://pokeapi.co/api/v2/pokemon/261/"},{"name":"mightyena","url":"https://pokeapi.co/api/v2/pokemon/262/"},{"name":"zigzagoon","url":"https://pokeapi.co/api/v2/pokemon/263/"},{"name":"linoone","url":"https://pokeapi.co/api/v2/pokemon/264/"},{"name":"beautifly","url":"https://pokeapi.co/api/v2/pokemon/267/"},{"name":"dustox","url":"https://pokeapi.co/api/v2/pokemon/269/"},{"name":"lotad","url":"https://pokeapi.co/api/v2/pokemon/270/"},{"name":"lombre","url":"https://pokeapi.co/api/v2/pokemon/271/"},{"name":"ludicolo","url":"https://pokeapi.co/api/v2/pokemon/272/"},{"name":"nuzleaf","url":"https://pokeapi.co/api/v2/pokemon/274/"},{"name":"shiftry","url":"https://pokeapi.co/api/v2/pokemon/275/"},{"name":"taillow","url":"https://pokeapi.co/api/v2/pokemon/276/"},{"name":"swellow","url":"https://pokeapi.co/api/v2/pokemon/277/"},{"name":"wingull","url":"https://pokeapi.co/api/v2/pokemon/278/"},{"name":"pelipper","url":"https://pokeapi.co/api/v2/pokemon/279/"},{"name":"ralts","url":"https://pokeapi.co/api/v2/pokemon/280/"},{"name":"kirlia","url":"https://pokeapi.co/api/v2/pokemon/281/"},{"name":"gardevoir","url":"https://pokeapi.co/api/v2/pokemon/282/"},{"name":"surskit","url":"https://pokeapi.co/api/v2/pokemon/283/"},{"name":"masquerain","url":"https://pokeapi.co/api/v2/pokemon/284/"},{"name":"slakoth","url":"https://pokeapi.co/api/v2/pokemon/287/"},{"name":"vigoroth","url":"https://pokeapi.co/api/v2/pokemon/288/"},{"name":"slaking","url":"https://pokeapi.co/api/v2/pokemon/289/"},{"name":"ninjask","url":"https://pokeapi.co/api/v2/pokemon/291/"},{"name":"shedinja","url":"https://pokeapi.co/api/v2/pokemon/292/"},{"name":"makuhita","url":"https://pokeapi.co/api/v2/pokemon/296/"},{"name":"hariyama","url":"https://pokeapi.co/api/v2/pokemon/297/"},{"name":"sableye","url":"https://pokeapi.co/api/v2/pokemon/302/"},{"name":"meditite","url":"https://pokeapi.co/api/v2/pokemon/307/"},{"name":"medicham","url":"https://pokeapi.co/api/v2/pokemon/308/"},{"name":"electrike","url":"https://pokeapi.co/api/v2/pokemon/309/"},{"name":"manectric","url":"https://pokeapi.co/api/v2/pokemon/310/"},{"name":"volbeat","url":"https://pokeapi.co/api/v2/pokemon/313/"},{"name":"illumise","url":"https://pokeapi.co/api/v2/pokemon/314/"},{"name":"gulpin","url":"https://pokeapi.co/api/v2/pokemon/316/"},{"name":"swalot","url":"https://pokeapi.co/api/v2/pokemon/317/"},{"name":"carvanha","url":"https://pokeapi.co/api/v2/pokemon/318/"},{"name":"sharpedo","url":"https://pokeapi.co/api/v2/pokemon/319/"},{"name":"spoink","url":"https://pokeapi.co/api/v2/pokemon/325/"},{"name":"grumpig","url":"https://pokeapi.co/api/v2/pokemon/326/"},{"name":"spinda","url":"https://pokeapi.co/api/v2/pokemon/327/"},{"name":"cacnea","url":"https://pokeapi.co/api/v2/pokemon/331/"},{"name":"cacturne","url":"https://pokeapi.co/api/v2/pokemon/332/"},{"name":"swablu","url":"https://pokeapi.co/api/v2/pokemon/333/"},{"name":"altaria","url":"https://pokeapi.co/api/v2/pokemon/334/"},{"name":"zangoose","url":"https://pokeapi.co/api/v2/pokemon/335/"},{"name":"seviper","url":"https://pokeapi.co/api/v2/pokemon/336/"},{"name":"castform","url":"https://pokeapi.co/api/v2/pokemon/351/"},{"name":"kecleon","url":"https://pokeapi.co/api/v2/pokemon/352/"},{"name":"shuppet","url":"https://pokeapi.co/api/v2/pokemon/353/"},{"name":"banette","url":"https://pokeapi.co/api/v2/pokemon/354/"},{"name":"duskull","url":"https://pokeapi.co/api/v2/pokemon/355/"},{"name":"dusclops","url":"https://pokeapi.co/api/v2/pokemon/356/"},{"name":"absol","url":"https://pokeapi.co/api/v2/pokemon/359/"},{"name":"starly","url":"https://pokeapi.co/api/v2/pokemon/396/"},{"name":"staravia","url":"https://pokeapi.co/api/v2/pokemon/397/"},{"name":"staraptor","url":"https://pokeapi.co/api/v2/pokemon/398/"},{"name":"bidoof","url":"https://pokeapi.co/api/v2/pokemon/399/"},{"name":"bibarel","url":"https://pokeapi.co/api/v2/pokemon/400/"},{"name":"shinx","url":"https://pokeapi.co/api/v2/pokemon/403/"},{"name":"luxio","url":"https://pokeapi.co/api/v2/pokemon/404/"},{"name":"luxray","url":"https://pokeapi.co/api/v2/pokemon/405/"},{"name":"cranidos","url":"https://pokeapi.co/api/v2/pokemon/408/"},{"name":"rampardos","url":"https://pokeapi.co/api/v2/pokemon/409/"},{"name":"wormadam-plant","url":"https://pokeapi.co/api/v2/pokemon/413/"},{"name":"mothim","url":"https://pokeapi.co/api/v2/pokemon/414/"},{"name":"vespiquen","url":"https://pokeapi.co/api/v2/pokemon/416/"},{"name":"pachirisu","url":"https://pokeapi.co/api/v2/pokemon/417/"},{"name":"buizel","url":"https://pokeapi.co/api/v2/pokemon/418/"},{"name":"floatzel","url":"https://pokeapi.co/api/v2/pokemon/419/"},{"name":"ambipom","url":"https://pokeapi.co/api/v2/pokemon/424/"},{"name":"drifloon","url":"https://pokeapi.co/api/v2/pokemon/425/"},{"name":"drifblim","url":"https://pokeapi.co/api/v2/pokemon/426/"},{"name":"mismagius","url":"https://pokeapi.co/api/v2/pokemon/429/"},{"name":"honchkrow","url":"https://pokeapi.co/api/v2/pokemon/430/"},{"name":"glameow","url":"https://pokeapi.co/api/v2/pokemon/431/"},{"name":"purugly","url":"https://pokeapi.co/api/v2/pokemon/432/"},{"name":"stunky","url":"https://pokeapi.co/api/v2/pokemon/434/"},{"name":"skuntank","url":"https://pokeapi.co/api/v2/pokemon/435/"},{"name":"bonsly","url":"https://pokeapi.co/api/v2/pokemon/438/"},{"name":"mime-jr","url":"https://pokeapi.co/api/v2/pokemon/439/"},{"name":"chatot","url":"https://pokeapi.co/api/v2/pokemon/441/"},{"name":"spiritomb","url":"https://pokeapi.co/api/v2/pokemon/442/"},{"name":"skorupi","url":"https://pokeapi.co/api/v2/pokemon/451/"},{"name":"drapion","url":"https://pokeapi.co/api/v2/pokemon/452/"},{"name":"croagunk","url":"https://pokeapi.co/api/v2/pokemon/453/"},{"name":"toxicroak","url":"https://pokeapi.co/api/v2/pokemon/454/"},{"name":"carnivine","url":"https://pokeapi.co/api/v2/pokemon/455/"},{"name":"finneon","url":"https://pokeapi.co/api/v2/pokemon/456/"},{"name":"lumineon","url":"https://pokeapi.co/api/v2/pokemon/457/"},{"name":"weavile","url":"https://pokeapi.co/api/v2/pokemon/461/"},{"name":"lickilicky","url":"https://pokeapi.co/api/v2/pokemon/463/"},{"name":"rhyperior","url":"https://pokeapi.co/api/v2/pokemon/464/"},{"name":"tangrowth","url":"https://pokeapi.co/api/v2/pokemon/465/"},{"name":"electivire","url":"https://pokeapi.co/api/v2/pokemon/466/"},{"name":"magmortar","url":"https://pokeapi.co/api/v2/pokemon/467/"},{"name":"yanmega","url":"https://pokeapi.co/api/v2/pokemon/469/"},{"name":"gliscor","url":"https://pokeapi.co/api/v2/pokemon/472/"},{"name":"porygon-z","url":"https://pokeapi.co/api/v2/pokemon/474/"},{"name":"gallade","url":"https://pokeapi.co/api/v2/pokemon/475/"},{"name":"dusknoir","url":"https://pokeapi.co/api/v2/pokemon/477/"},{"name":"rotom","url":"https://pokeapi.co/api/v2/pokemon/479/"},{"name":"darkrai","url":"https://pokeapi.co/api/v2/pokemon/491/"},{"name":"oshawott","url":"https://pokeapi.co/api/v2/pokemon/501/"},{"name":"dewott","url":"https://pokeapi.co/api/v2/pokemon/502/"},{"name":"samurott","url":"https://pokeapi.co/api/v2/pokemon/503/"},{"name":"purrloin","url":"https://pokeapi.co/api/v2/pokemon/509/"},{"name":"liepard","url":"https://pokeapi.co/api/v2/pokemon/510/"},{"name":"pansage","url":"https://pokeapi.co/api/v2/pokemon/511/"},{"name":"simisage","url":"https://pokeapi.co/api/v2/pokemon/512/"},{"name":"pansear","url":"https://pokeapi.co/api/v2/pokemon/513/"},{"name":"simisear","url":"https://pokeapi.co/api/v2/pokemon/514/"},{"name":"panpour","url":"https://pokeapi.co/api/v2/pokemon/515/"},{"name":"simipour","url":"https://pokeapi.co/api/v2/pokemon/516/"},{"name":"woobat","url":"https://pokeapi.co/api/v2/pokemon/527/"},{"name":"swoobat","url":"https://pokeapi.co/api/v2/pokemon/528/"},{"name":"whimsicott","url":"https://pokeapi.co/api/v2/pokemon/547/"},{"name":"sandile","url":"https://pokeapi.co/api/v2/pokemon/551/"},{"name":"krokorok","url":"https://pokeapi.co/api/v2/pokemon/552/"},{"name":"krookodile","url":"https://pokeapi.co/api/v2/pokemon/553/"},{"name":"darumaka","url":"https://pokeapi.co/api/v2/pokemon/554/"},{"name":"darmanitan-standard","url":"https://pokeapi.co/api/v2/pokemon/555/"},{"name":"scraggy","url":"https://pokeapi.co/api/v2/pokemon/559/"},{"name":"scrafty","url":"https://pokeapi.co/api/v2/pokemon/560/"},{"name":"sigilyph","url":"https://pokeapi.co/api/v2/pokemon/561/"},{"name":"yamask","url":"https://pokeapi.co/api/v2/pokemon/562/"},{"name":"cofagrigus","url":"https://pokeapi.co/api/v2/pokemon/563/"},{"name":"trubbish","url":"https://pokeapi.co/api/v2/pokemon/568/"},{"name":"garbodor","url":"https://pokeapi.co/api/v2/pokemon/569/"},{"name":"zorua","url":"https://pokeapi.co/api/v2/pokemon/570/"},{"name":"zoroark","url":"https://pokeapi.co/api/v2/pokemon/571/"},{"name":"minccino","url":"https://pokeapi.co/api/v2/pokemon/572/"},{"name":"cinccino","url":"https://pokeapi.co/api/v2/pokemon/573/"},{"name":"gothita","url":"https://pokeapi.co/api/v2/pokemon/574/"},{"name":"gothorita","url":"https://pokeapi.co/api/v2/pokemon/575/"},{"name":"gothitelle","url":"https://pokeapi.co/api/v2/pokemon/576/"},{"name":"joltik","url":"https://pokeapi.co/api/v2/pokemon/595/"},{"name":"galvantula","url":"https://pokeapi.co/api/v2/pokemon/596/"},{"name":"elgyem","url":"https://pokeapi.co/api/v2/pokemon/605/"},{"name":"beheeyem","url":"https://pokeapi.co/api/v2/pokemon/606/"},{"name":"litwick","url":"https://pokeapi.co/api/v2/pokemon/607/"},{"name":"lampent","url":"https://pokeapi.co/api/v2/pokemon/608/"},{"name":"chandelure","url":"https://pokeapi.co/api/v2/pokemon/609/"},{"name":"cubchoo","url":"https://pokeapi.co/api/v2/pokemon/613/"},{"name":"beartic","url":"https://pokeapi.co/api/v2/pokemon/614/"},{"name":"golett","url":"https://pokeapi.co/api/v2/pokemon/622/"},{"name":"golurk","url":"https://pokeapi.co/api/v2/pokemon/623/"},{"name":"pawniard","url":"https://pokeapi.co/api/v2/pokemon/624/"},{"name":"bisharp","url":"https://pokeapi.co/api/v2/pokemon/625/"},{"name":"vullaby","url":"https://pokeapi.co/api/v2/pokemon/629/"},{"name":"mandibuzz","url":"https://pokeapi.co/api/v2/pokemon/630/"},{"name":"heatmor","url":"https://pokeapi.co/api/v2/pokemon/631/"},{"name":"deino","url":"https://pokeapi.co/api/v2/pokemon/633/"},{"name":"zweilous","url":"https://pokeapi.co/api/v2/pokemon/634/"},{"name":"hydreigon","url":"https://pokeapi.co/api/v2/pokemon/635/"},{"name":"tornadus-incarnate","url":"https://pokeapi.co/api/v2/pokemon/641/"},{"name":"thundurus-incarnate","url":"https://pokeapi.co/api/v2/pokemon/642/"},{"name":"fennekin","url":"https://pokeapi.co/api/v2/pokemon/653/"},{"name":"braixen","url":"https://pokeapi.co/api/v2/pokemon/654/"},{"name":"delphox","url":"https://pokeapi.co/api/v2/pokemon/655/"},{"name":"froakie","url":"https://pokeapi.co/api/v2/pokemon/656/"},{"name":"frogadier","url":"https://pokeapi.co/api/v2/pokemon/657/"},{"name":"greninja","url":"https://pokeapi.co/api/v2/pokemon/658/"},{"name":"bunnelby","url":"https://pokeapi.co/api/v2/pokemon/659/"},{"name":"diggersby","url":"https://pokeapi.co/api/v2/pokemon/660/"},{"name":"fletchling","url":"https://pokeapi.co/api/v2/pokemon/661/"},{"name":"fletchinder","url":"https://pokeapi.co/api/v2/pokemon/662/"},{"name":"talonflame","url":"https://pokeapi.co/api/v2/pokemon/663/"},{"name":"vivillon","url":"https://pokeapi.co/api/v2/pokemon/666/"},{"name":"litleo","url":"https://pokeapi.co/api/v2/pokemon/667/"},{"name":"pyroar","url":"https://pokeapi.co/api/v2/pokemon/668/"},{"name":"pangoro","url":"https://pokeapi.co/api/v2/pokemon/675/"},{"name":"swirlix","url":"https://pokeapi.co/api/v2/pokemon/684/"},{"name":"slurpuff","url":"https://pokeapi.co/api/v2/pokemon/685/"},{"name":"inkay","url":"https://pokeapi.co/api/v2/pokemon/686/"},{"name":"malamar","url":"https://pokeapi.co/api/v2/pokemon/687/"},{"name":"binacle","url":"https://pokeapi.co/api/v2/pokemon/688/"},{"name":"barbaracle","url":"https://pokeapi.co/api/v2/pokemon/689/"},{"name":"skrelp","url":"https://pokeapi.co/api/v2/pokemon/690/"},{"name":"dragalge","url":"https://pokeapi.co/api/v2/pokemon/691/"},{"name":"clauncher","url":"https://pokeapi.co/api/v2/pokemon/692/"},{"name":"clawitzer","url":"https://pokeapi.co/api/v2/pokemon/693/"},{"name":"hawlucha","url":"https://pokeapi.co/api/v2/pokemon/701/"},{"name":"dedenne","url":"https://pokeapi.co/api/v2/pokemon/702/"},{"name":"klefki","url":"https://pokeapi.co/api/v2/pokemon/707/"},{"name":"phantump","url":"https://pokeapi.co/api/v2/pokemon/708/"},{"name":"trevenant","url":"https://pokeapi.co/api/v2/pokemon/709/"},{"name":"pumpkaboo-average","url":"https://pokeapi.co/api/v2/pokemon/710/"},{"name":"gourgeist-average","url":"https://pokeapi.co/api/v2/pokemon/711/"},{"name":"noibat","url":"https://pokeapi.co/api/v2/pokemon/714/"},{"name":"noivern","url":"https://pokeapi.co/api/v2/pokemon/715/"},{"name":"yveltal","url":"https://pokeapi.co/api/v2/pokemon/717/"},{"name":"hoopa","url":"https://pokeapi.co/api/v2/pokemon/720/"},{"name":"pikipek","url":"https://pokeapi.co/api/v2/pokemon/731/"},{"name":"trumbeak","url":"https://pokeapi.co/api/v2/pokemon/732/"},{"name":"toucannon","url":"https://pokeapi.co/api/v2/pokemon/733/"},{"name":"yungoos","url":"https://pokeapi.co/api/v2/pokemon/734/"},{"name":"gumshoos","url":"https://pokeapi.co/api/v2/pokemon/735/"},{"name":"crabrawler","url":"https://pokeapi.co/api/v2/pokemon/739/"},{"name":"crabominable","url":"https://pokeapi.co/api/v2/pokemon/740/"},{"name":"cutiefly","url":"https://pokeapi.co/api/v2/pokemon/742/"},{"name":"ribombee","url":"https://pokeapi.co/api/v2/pokemon/743/"},{"name":"salandit","url":"https://pokeapi.co/api/v2/pokemon/757/"},{"name":"salazzle","url":"https://pokeapi.co/api/v2/pokemon/758/"},{"name":"comfey","url":"https://pokeapi.co/api/v2/pokemon/764/"},{"name":"passimian","url":"https://pokeapi.co/api/v2/pokemon/766/"},{"name":"komala","url":"https://pokeapi.co/api/v2/pokemon/775/"},{"name":"togedemaru","url":"https://pokeapi.co/api/v2/pokemon/777/"},{"name":"mimikyu-disguised","url":"https://pokeapi.co/api/v2/pokemon/778/"},{"name":"dhelmise","url":"https://pokeapi.co/api/v2/pokemon/781/"},{"name":"tapu-koko","url":"https://pokeapi.co/api/v2/pokemon/785/"},{"name":"tapu-lele","url":"https://pokeapi.co/api/v2/pokemon/786/"},{"name":"guzzlord","url":"https://pokeapi.co/api/v2/pokemon/799/"},{"name":"necrozma","url":"https://pokeapi.co/api/v2/pokemon/800/"},{"name":"marshadow","url":"https://pokeapi.co/api/v2/pokemon/802/"},{"name":"naganadel","url":"https://pokeapi.co/api/v2/pokemon/804/"},{"name":"blacephalon","url":"https://pokeapi.co/api/v2/pokemon/806/"},{"name":"grookey","url":"https://pokeapi.co/api/v2/pokemon/810/"},{"name":"thwackey","url":"https://pokeapi.co/api/v2/pokemon/811/"},{"name":"rillaboom","url":"https://pokeapi.co/api/v2/pokemon/812/"},{"name":"skwovet","url":"https://pokeapi.co/api/v2/pokemon/819/"},{"name":"greedent","url":"https://pokeapi.co/api/v2/pokemon/820/"},{"name":"rookidee","url":"https://pokeapi.co/api/v2/pokemon/821/"},{"name":"corvisquire","url":"https://pokeapi.co/api/v2/pokemon/822/"},{"name":"corviknight","url":"https://pokeapi.co/api/v2/pokemon/823/"},{"name":"nickit","url":"https://pokeapi.co/api/v2/pokemon/827/"},{"name":"thievul","url":"https://pokeapi.co/api/v2/pokemon/828/"},{"name":"cramorant","url":"https://pokeapi.co/api/v2/pokemon/845/"},{"name":"toxtricity-amped","url":"https://pokeapi.co/api/v2/pokemon/849/"},{"name":"impidimp","url":"https://pokeapi.co/api/v2/pokemon/859/"},{"name":"morgrem","url":"https://pokeapi.co/api/v2/pokemon/860/"},{"name":"grimmsnarl","url":"https://pokeapi.co/api/v2/pokemon/861/"},{"name":"obstagoon","url":"https://pokeapi.co/api/v2/pokemon/862/"},{"name":"perrserker","url":"https://pokeapi.co/api/v2/pokemon/863/"},{"name":"mr-rime","url":"https://pokeapi.co/api/v2/pokemon/866/"},{"name":"runerigus","url":"https://pokeapi.co/api/v2/pokemon/867/"},{"name":"morpeko-full-belly","url":"https://pokeapi.co/api/v2/pokemon/877/"},{"name":"drakloak","url":"https://pokeapi.co/api/v2/pokemon/886/"},{"name":"dragapult","url":"https://pokeapi.co/api/v2/pokemon/887/"},{"name":"zarude","url":"https://pokeapi.co/api/v2/pokemon/893/"},{"name":"wyrdeer","url":"https://pokeapi.co/api/v2/pokemon/899/"},{"name":"kleavor","url":"https://pokeapi.co/api/v2/pokemon/900/"},{"name":"ursaluna","url":"https://pokeapi.co/api/v2/pokemon/901/"},{"name":"sneasler","url":"https://pokeapi.co/api/v2/pokemon/903/"},{"name":"meowscarada","url":"https://pokeapi.co/api/v2/pokemon/908/"},{"name":"lechonk","url":"https://pokeapi.co/api/v2/pokemon/915/"},{"name":"oinkologne","url":"https://pokeapi.co/api/v2/pokemon/916/"},{"name":"tarountula","url":"https://pokeapi.co/api/v2/pokemon/917/"},{"name":"spidops","url":"https://pokeapi.co/api/v2/pokemon/918/"},{"name":"nymble","url":"https://pokeapi.co/api/v2/pokemon/919/"},{"name":"lokix","url":"https://pokeapi.co/api/v2/pokemon/920/"},{"name":"pawmi","url":"https://pokeapi.co/api/v2/pokemon/921/"},{"name":"pawmo","url":"https://pokeapi.co/api/v2/pokemon/922/"},{"name":"pawmot","url":"https://pokeapi.co/api/v2/pokemon/923/"},{"name":"tandemaus","url":"https://pokeapi.co/api/v2/pokemon/924/"},{"name":"maushold","url":"https://pokeapi.co/api/v2/pokemon/925/"},{"name":"squawkabilly","url":"https://pokeapi.co/api/v2/pokemon/931/"},{"name":"maschiff","url":"https://pokeapi.co/api/v2/pokemon/942/"},{"name":"mabosstiff","url":"https://pokeapi.co/api/v2/pokemon/943/"},{"name":"shroodle","url":"https://pokeapi.co/api/v2/pokemon/944/"},{"name":"grafaiai","url":"https://pokeapi.co/api/v2/pokemon/945/"},{"name":"bramblin","url":"https://pokeapi.co/api/v2/pokemon/946/"},{"name":"brambleghast","url":"https://pokeapi.co/api/v2/pokemon/947/"},{"name":"klawf","url":"https://pokeapi.co/api/v2/pokemon/950/"},{"name":"capsakid","url":"https://pokeapi.co/api/v2/pokemon/951/"},{"name":"scovillain","url":"https://pokeapi.co/api/v2/pokemon/952/"},{"name":"rellor","url":"https://pokeapi.co/api/v2/pokemon/953/"},{"name":"rabsca","url":"https://pokeapi.co/api/v2/pokemon/954/"},{"name":"flittle","url":"https://pokeapi.co/api/v2/pokemon/955/"},{"name":"espathra","url":"https://pokeapi.co/api/v2/pokemon/956/"},{"name":"tinkatink","url":"https://pokeapi.co/api/v2/pokemon/957/"},{"name":"tinkatuff","url":"https://pokeapi.co/api/v2/pokemon/958/"},{"name":"tinkaton","url":"https://pokeapi.co/api/v2/pokemon/959/"},{"name":"bombirdier","url":"https://pokeapi.co/api/v2/pokemon/962/"},{"name":"varoom","url":"https://pokeapi.co/api/v2/pokemon/965/"},{"name":"revavroom","url":"https://pokeapi.co/api/v2/pokemon/966/"},{"name":"cyclizar","url":"https://pokeapi.co/api/v2/pokemon/967/"},{"name":"greavard","url":"https://pokeapi.co/api/v2/pokemon/971/"},{"name":"houndstone","url":"https://pokeapi.co/api/v2/pokemon/972/"},{"name":"flamigo","url":"https://pokeapi.co/api/v2/pokemon/973/"},{"name":"annihilape","url":"https://pokeapi.co/api/v2/pokemon/979/"},{"name":"farigiraf","url":"https://pokeapi.co/api/v2/pokemon/981/"},{"name":"dudunsparce","url":"https://pokeapi.co/api/v2/pokemon/982/"},{"name":"kingambit","url":"https://pokeapi.co/api/v2/pokemon/983/"},{"name":"brute-bonnet","url":"https://pokeapi.co/api/v2/pokemon/986/"},{"name":"iron-bundle","url":"https://pokeapi.co/api/v2/pokemon/991/"},{"name":"gimmighoul","url":"https://pokeapi.co/api/v2/pokemon/999/"},{"name":"gholdengo","url":"https://pokeapi.co/api/v2/pokemon/1000/"},{"name":"wormadam-sandy","url":"https://pokeapi.co/api/v2/pokemon/10004/"},{"name":"wormadam-trash","url":"https://pokeapi.co/api/v2/pokemon/10005/"},{"name":"rotom-heat","url":"https://pokeapi.co/api/v2/pokemon/10008/"},{"name":"rotom-wash","url":"https://pokeapi.co/api/v2/pokemon/10009/"},{"name":"rotom-frost","url":"https://pokeapi.co/api/v2/pokemon/10010/"},{"name":"rotom-fan","url":"https://pokeapi.co/api/v2/pokemon/10011/"},{"name":"rotom-mow","url":"https://pokeapi.co/api/v2/pokemon/10012/"},{"name":"castform-sunny","url":"https://pokeapi.co/api/v2/pokemon/10013/"},{"name":"castform-rainy","url":"https://pokeapi.co/api/v2/pokemon/10014/"},{"name":"castform-snowy","url":"https://pokeapi.co/api/v2/pokemon/10015/"},{"name":"darmanitan-zen","url":"https://pokeapi.co/api/v2/pokemon/10017/"},{"name":"tornadus-therian","url":"https://pokeapi.co/api/v2/pokemon/10019/"},{"name":"thundurus-therian","url":"https://pokeapi.co/api/v2/pokemon/10020/"},{"name":"pumpkaboo-small","url":"https://pokeapi.co/api/v2/pokemon/10027/"},{"name":"pumpkaboo-large","url":"https://pokeapi.co/api/v2/pokemon/10028/"},{"name":"pumpkaboo-super","url":"https://pokeapi.co/api/v2/pokemon/10029/"},{"name":"gourgeist-small","url":"https://pokeapi.co/api/v2/pokemon/10030/"},{"name":"gourgeist-large","url":"https://pokeapi.co/api/v2/pokemon/10031/"},{"name":"gourgeist-super","url":"https://pokeapi.co/api/v2/pokemon/10032/"},{"name":"alakazam-mega","url":"https://pokeapi.co/api/v2/pokemon/10037/"},{"name":"gengar-mega","url":"https://pokeapi.co/api/v2/pokemon/10038/"},{"name":"kangaskhan-mega","url":"https://pokeapi.co/api/v2/pokemon/10039/"},{"name":"pinsir-mega","url":"https://pokeapi.co/api/v2/pokemon/10040/"},{"name":"aerodactyl-mega","url":"https://pokeapi.co/api/v2/pokemon/10042/"},{"name":"scizor-mega","url":"https://pokeapi.co/api/v2/pokemon/10046/"},{"name":"heracross-mega","url":"https://pokeapi.co/api/v2/pokemon/10047/"},{"name":"houndoom-mega","url":"https://pokeapi.co/api/v2/pokemon/10048/"},{"name":"gardevoir-mega","url":"https://pokeapi.co/api/v2/pokemon/10051/"},{"name":"manectric-mega","url":"https://pokeapi.co/api/v2/pokemon/10055/"},{"name":"banette-mega","url":"https://pokeapi.co/api/v2/pokemon/10056/"},{"name":"absol-mega","url":"https://pokeapi.co/api/v2/pokemon/10057/"},{"name":"sableye-mega","url":"https://pokeapi.co/api/v2/pokemon/10066/"},{"name":"altaria-mega","url":"https://pokeapi.co/api/v2/pokemon/10067/"},{"name":"gallade-mega","url":"https://pokeapi.co/api/v2/pokemon/10068/"},{"name":"sharpedo-mega","url":"https://pokeapi.co/api/v2/pokemon/10070/"},{"name":"pidgeot-mega","url":"https://pokeapi.co/api/v2/pokemon/10073/"},{"name":"hoopa-unbound","url":"https://pokeapi.co/api/v2/pokemon/10086/"},{"name":"beedrill-mega","url":"https://pokeapi.co/api/v2/pokemon/10090/"},{"name":"rattata-alola","url":"https://pokeapi.co/api/v2/pokemon/10091/"},{"name":"raticate-alola","url":"https://pokeapi.co/api/v2/pokemon/10092/"},{"name":"raticate-totem-alola","url":"https://pokeapi.co/api/v2/pokemon/10093/"},{"name":"pikachu-original-cap","url":"https://pokeapi.co/api/v2/pokemon/10094/"},{"name":"pikachu-hoenn-cap","url":"https://pokeapi.co/api/v2/pokemon/10095/"},{"name":"pikachu-sinnoh-cap","url":"https://pokeapi.co/api/v2/pokemon/10096/"},{"name":"pikachu-unova-cap","url":"https://pokeapi.co/api/v2/pokemon/10097/"},{"name":"pikachu-kalos-cap","url":"https://pokeapi.co/api/v2/pokemon/10098/"},{"name":"pikachu-alola-cap","url":"https://pokeapi.co/api/v2/pokemon/10099/"},{"name":"raichu-alola","url":"https://pokeapi.co/api/v2/pokemon/10100/"},{"name":"sandshrew-alola","url":"https://pokeapi.co/api/v2/pokemon/10101/"},{"name":"sandslash-alola","url":"https://pokeapi.co/api/v2/pokemon/10102/"},{"name":"diglett-alola","url":"https://pokeapi.co/api/v2/pokemon/10105/"},{"name":"dugtrio-alola","url":"https://pokeapi.co/api/v2/pokemon/10106/"},{"name":"meowth-alola","url":"https://pokeapi.co/api/v2/pokemon/10107/"},{"name":"persian-alola","url":"https://pokeapi.co/api/v2/pokemon/10108/"},{"name":"grimer-alola","url":"https://pokeapi.co/api/v2/pokemon/10112/"},{"name":"muk-alola","url":"https://pokeapi.co/api/v2/pokemon/10113/"},{"name":"exeggutor-alola","url":"https://pokeapi.co/api/v2/pokemon/10114/"},{"name":"marowak-alola","url":"https://pokeapi.co/api/v2/pokemon/10115/"},{"name":"greninja-battle-bond","url":"https://pokeapi.co/api/v2/pokemon/10116/"},{"name":"greninja-ash","url":"https://pokeapi.co/api/v2/pokemon/10117/"},{"name":"gumshoos-totem","url":"https://pokeapi.co/api/v2/pokemon/10121/"},{"name":"salazzle-totem","url":"https://pokeapi.co/api/v2/pokemon/10129/"},{"name":"mimikyu-busted","url":"https://pokeapi.co/api/v2/pokemon/10143/"},{"name":"mimikyu-totem-disguised","url":"https://pokeapi.co/api/v2/pokemon/10144/"},{"name":"mimikyu-totem-busted","url":"https://pokeapi.co/api/v2/pokemon/10145/"},{"name":"pikachu-partner-cap","url":"https://pokeapi.co/api/v2/pokemon/10148/"},{"name":"marowak-totem","url":"https://pokeapi.co/api/v2/pokemon/10149/"},{"name":"ribombee-totem","url":"https://pokeapi.co/api/v2/pokemon/10150/"},{"name":"togedemaru-totem","url":"https://pokeapi.co/api/v2/pokemon/10154/"},{"name":"necrozma-dusk","url":"https://pokeapi.co/api/v2/pokemon/10155/"},{"name":"necrozma-dawn","url":"https://pokeapi.co/api/v2/pokemon/10156/"},{"name":"necrozma-ultra","url":"https://pokeapi.co/api/v2/pokemon/10157/"},{"name":"pikachu-world-cap","url":"https://pokeapi.co/api/v2/pokemon/10160/"},{"name":"meowth-galar","url":"https://pokeapi.co/api/v2/pokemon/10161/"},{"name":"weezing-galar","url":"https://pokeapi.co/api/v2/pokemon/10167/"},{"name":"mr-mime-galar","url":"https://pokeapi.co/api/v2/pokemon/10168/"},{"name":"moltres-galar","url":"https://pokeapi.co/api/v2/pokemon/10171/"},{"name":"zigzagoon-galar","url":"https://pokeapi.co/api/v2/pokemon/10174/"},{"name":"linoone-galar","url":"https://pokeapi.co/api/v2/pokemon/10175/"},{"name":"darumaka-galar","url":"https://pokeapi.co/api/v2/pokemon/10176/"},{"name":"darmanitan-galar-standard","url":"https://pokeapi.co/api/v2/pokemon/10177/"},{"name":"darmanitan-galar-zen","url":"https://pokeapi.co/api/v2/pokemon/10178/"},{"name":"yamask-galar","url":"https://pokeapi.co/api/v2/pokemon/10179/"},{"name":"cramorant-gulping","url":"https://pokeapi.co/api/v2/pokemon/10182/"},{"name":"cramorant-gorging","url":"https://pokeapi.co/api/v2/pokemon/10183/"},{"name":"toxtricity-low-key","url":"https://pokeapi.co/api/v2/pokemon/10184/"},{"name":"morpeko-hangry","url":"https://pokeapi.co/api/v2/pokemon/10187/"},{"name":"zarude-dada","url":"https://pokeapi.co/api/v2/pokemon/10192/"},{"name":"arcanine-hisui","url":"https://pokeapi.co/api/v2/pokemon/10230/"},{"name":"voltorb-hisui","url":"https://pokeapi.co/api/v2/pokemon/10231/"},{"name":"electrode-hisui","url":"https://pokeapi.co/api/v2/pokemon/10232/"},{"name":"sneasel-hisui","url":"https://pokeapi.co/api/v2/pokemon/10235/"},{"name":"samurott-hisui","url":"https://pokeapi.co/api/v2/pokemon/10236/"},{"name":"zorua-hisui","url":"https://pokeapi.co/api/v2/pokemon/10238/"},{"name":"zoroark-hisui","url":"https://pokeapi.co/api/v2/pokemon/10239/"},{"name":"tauros-paldea-combat-breed","url":"https://pokeapi.co/api/v2/pokemon/10250/"},{"name":"tauros-paldea-blaze-breed","url":"https://pokeapi.co/api/v2/pokemon/10251/"},{"name":"tauros-paldea-aqua-breed","url":"https://pokeapi.co/api/v2/pokemon/10252/"},{"name":"oinkologne-female","url":"https://pokeapi.co/api/v2/pokemon/10254/"},{"name":"dudunsparce-three-segment","url":"https://pokeapi.co/api/v2/pokemon/10255/"},{"name":"maushold-family-of-three","url":"https://pokeapi.co/api/v2/pokemon/10257/"},{"name":"squawkabilly-blue-plumage","url":"https://pokeapi.co/api/v2/pokemon/10260/"},{"name":"squawkabilly-yellow-plumage","url":"https://pokeapi.co/api/v2/pokemon/10261/"},{"name":"squawkabilly-white-plumage","url":"https://pokeapi.co/api/v2/pokemon/10262/"},{"name":"gimmighoul-roaming","url":"https://pokeapi.co/api/v2/pokemon/10263/"}],"machines":[{"machine":{"url":"https://pokeapi.co/api/v2/machine/461/"},"version_group":{"name":"sword-shield","url":"https://pokeapi.co/api/v2/version-group/20/"}},{"machine":{"url":"https://pokeapi.co/api/v2/machine/904/"},"version_group":{"name":"gold-silver","url":"https://pokeapi.co/api/v2/version-group/3/"}},{"machine":{"url":"https://pokeapi.co/api/v2/machine/905/"},"version_group":{"name":"crystal","url":"https://pokeapi.co/api/v2/version-group/4/"}},{"machine":{"url":"https://pokeapi.co/api/v2/machine/906/"},"version_group":{"name":"ruby-sapphire","url":"https://pokeapi.co/api/v2/version-group/5/"}},{"machine":{"url":"https://pokeapi.co/api/v2/machine/907/"},"version_group":{"name":"emerald","url":"https://pokeapi.co/api/v2/version-group/6/"}},{"machine":{"url":"https://pokeapi.co/api/v2/machine/908/"},"version_group":{"name":"firered-leafgreen","url":"https://pokeapi.co/api/v2/version-group/7/"}},{"machine":{"url":"https://pokeapi.co/api/v2/machine/909/"},"version_group":{"name":"diamond-pearl","url":"https://pokeapi.co/api/v2/version-group/8/"}},{"machine":{"url":"https://pokeapi.co/api/v2/machine/910/"},"version_group":{"name":"platinum","url":"https://pokeapi.co/api/v2/version-group/9/"}},{"machine":{"url":"https://pokeapi.co/api/v2/machine/911/"},"version_group":{"name":"heartgold-soulsilver","url":"https://pokeapi.co/api/v2/version-group/10/"}},{"machine":{"url":"https://pokeapi.co/api/v2/machine/912/"},"version_group":{"name":"black-white","url":"https://pokeapi.co/api/v2/version-group/11/"}},{"machine":{"url":"https://pokeapi.co/api/v2/machine/913/"},"version_group":{"name":"colosseum","url":"https://pokeapi.co/api/v2/version-group/12/"}},{"machine":{"url":"https://pokeapi.co/api/v2/machine/914/"},"version_group":{"name":"xd","url":"https://pokeapi.co/api/v2/version-group/13/"}},{"machine":{"url":"https://pokeapi.co/api/v2/machine/915/"},"version_group":{"name":"black-2-white-2","url":"https://pokeapi.co/api/v2/version-group/14/"}},{"machine":{"url":"https://pokeapi.co/api/v2/machine/916/"},"version_group":{"name":"x-y","url":"https://pokeapi.co/api/v2/version-group/15/"}},{"machine":{"url":"https://pokeapi.co/api/v2/machine/917/"},"version_group":{"name":"omega-ruby-alpha-sapphire","url":"https://pokeapi.co/api/v2/version-group/16/"}},{"machine":{"url":"https://pokeapi.co/api/v2/machine/918/"},"version_group":{"name":"sun-moon","url":"https://pokeapi.co/api/v2/version-group/17/"}},{"machine":{"url":"https://pokeapi.co/api/v2/machine/919/"},"version_group":{"name":"ultra-sun-ultra-moon","url":"https://pokeapi.co/api/v2/version-group/18/"}}],"meta":{"ailment":{"name":"none","url":"https://pokeapi.co/api/v2/move-ailment/0/"},"ailment_chance":0,"category":{"name":"damage","url":"https://pokeapi.co/api/v2/move-category/0/"},"crit_rate":0,"drain":0,"flinch_chance":0,"healing":0,"max_hits":null,"max_turns":null,"min_hits":null,"min_turns":null,"stat_chance":0},"name":"thief","names":[{"language":{"name":"ja-Hrkt","url":"https://pokeapi.co/api/v2/language/1/"},"name":"どろぼう"},{"language":{"name":"ko","url":"https://pokeapi.co/api/v2/language/3/"},"name":"도둑질"},{"language":{"name":"zh-Hant","url":"https://pokeapi.co/api/v2/language/4/"},"name":"小偷"},{"language":{"name":"fr","url":"https://pokeapi.co/api/v2/language/5/"},"name":"Larcin"},{"language":{"name":"de","url":"https://pokeapi.co/api/v2/language/6/"},"name":"Raub"},{"language":{"name":"es","url":"https://pokeapi.co/api/v2/language/7/"},"name":"Ladrón"},{"language":{"name":"it","url":"https://pokeapi.co/api/v2/language/8/"},"name":"Furto"},{"language":{"name":"en","url":"https://pokeapi.co/api/v2/language/9/"},"name":"Thief"},{"language":{"name":"ja","url":"https://pokeapi.co/api/v2/language/11/"},"name":"どろぼう"},{"language":{"name":"zh-Hans","url":"https://pokeapi.co/api/v2/language/12/"},"name":"小偷"}],"past_values":[{"accuracy":null,"effect_chance":null,"effect_entries":[],"power":40,"pp":10,"type":null,"version_group":{"name":"x-y","url":"https://pokeapi.co/api/v2/version-group/15/"}}],"power":60,"pp":25,"priority":0,"stat_changes":[],"super_contest_effect":{"url":"https://pokeapi.co/api/v2/super-contest-effect/12/"},"target":{"name":"selected-pokemon","url":"https://pokeapi.co/api/v2/move-target/10/"},"type":{"name":"dark","url":"https://pokeapi.co/api/v2/type/17/"}}