{"accuracy":100,"contest_combos":{"normal":{"use_after":[{"name":"endure","url":"https://pokeapi.co/api/v2/move/203/"}],"use_before":null},"super":{"use_after":null,"use_before":null}},"contest_effect":{"url":"https://pokeapi.co/api/v2/contest-effect/28/"},"contest_type":{"name":"cool","url":"https://pokeapi.co/api/v2/contest-type/1/"},"damage_class":{"name":"physical","url":"https://pokeapi.co/api/v2/move-damage-class/2/"},"effect_chance":null,"effect_changes":[],"effect_entries":[{"effect":"Inflicts regular damage.  Power varies inversely with the user's proportional remaining HP.\n\n64 * current HP / max HP | Power\n-----------------------: | ----:\n 0– 1                    |  200\n 2– 5                    |  150\n 6–12                    |  100\n13–21                    |   80\n22–42                    |   40\n43–64                    |   20\n","language":{"name":"en","url":"https://pokeapi.co/api/v2/language/9/"},"short_effect":"Inflicts more damage when the user has less HP remaining, with a maximum of 200 power."}],"flavor_text_entries":[{"flavor_text":"Ataque desesperado que causa más daño cuantos \nmenos PS tenga el usuario.","language":{"name":"es","url":"https://pokeapi.co/api/v2/language/7/"},"version_group":{"name":"ultra-sun-ultra-moon","url":"https://pokeapi.co/api/v2/version-group/18/"}},{"flavor_text":"Stronger if the\nuser's HP is low.","language":{"name":"en","url":"https://pokeapi.co/api/v2/language/9/"},"version_group":{"name":"gold-silver","url":"https://pokeapi.co/api/v2/version-group/3/"}},{"flavor_text":"Stronger if the\nuser's HP is low.","language":{"name":"en","url":"https://pokeapi.co/api/v2/language/9/"},"version_group":{"name":"crystal","url":"https://pokeapi.co/api/v2/version-group/4/"}},{"flavor_text":"Inflicts more damage when\nthe user’s HP is down.","language":{"name":"en","url":"https://pokeapi.co/api/v2/language/9/"},"version_group":{"name":"ruby-sapphire","url":"https://pokeapi.co/api/v2/version-group/5/"}},{"flavor_text":"Inflicts more damage when\nthe user’s HP is down.","language":{"name":"en","url":"https://pokeapi.co/api/v2/language/9/"},"version_group":{"name":"emerald","url":"https://pokeapi.co/api/v2/version-group/6/"}},{"flavor_text":"An all-out attack\nthat becomes more\npowerful the less\nHP the user has.","language":{"name":"en","url":"https://pokeapi.co/api/v2/language/9/"},"version_group":{"name":"firered-leafgreen","url":"https://pokeapi.co/api/v2/version-group/7/"}},{"flavor_text":"An all-out attack\nthat becomes more\npowerful the less\nHP the user has.\n","language":{"name":"en","url":"https://pokeapi.co/api/v2/language/9/"},"version_group":{"name":"diamond-pearl","url":"https://pokeapi.co/api/v2/version-group/8/"}},{"flavor_text":"An all-out attack\nthat becomes more\npowerful the less\nHP the user has.\n","language":{"name":"en","url":"https://pokeapi.co/api/v2/language/9/"},"version_group":{"name":"platinum","url":"https://pokeapi.co/api/v2/version-group/9/"}},{"flavor_text":"An all-out attack\nthat becomes more\npowerful the less\nHP the user has.\n","language":{"name":"en","url":"https://pokeapi.co/api/v2/language/9/"},"version_group":{"name":"heartgold-soulsilver","url":"https://pokeapi.co/api/v2/version-group/10/"}},{"flavor_text":"Le lanceur ne retient plus ses coups. Plus\nses PV sont bas et plus l’attaque est\npuissante.","language":{"name":"fr","url":"https://pokeapi.co/api/v2/language/5/"},"version_group":{"name":"black-white","url":"https://pokeapi.co/api/v2/version-group/11/"}},{"flavor_text":"An all-out attack that becomes more\npowerful the less HP the user has.","language":{"name":"en","url":"https://pokeapi.co/api/v2/language/9/"},"version_group":{"name":"black-white","url":"https://pokeapi.co/api/v2/version-group/11/"}},{"flavor_text":"An all-out attack that becomes more\npowerful the less HP the user has.","language":{"name":"en","url":"https://pokeapi.co/api/v2/language/9/"},"version_group":{"name":"black-2-white-2","url":"https://pokeapi.co/api/v2/version-group/14/"}},{"flavor_text":"ちからを　ふりしぼり　こうげきする。\nじぶんの　ＨＰが　すくないほど\nわざの　いりょくは　あがる。","language":{"name":"ja-Hrkt","url":"https://pokeapi.co/api/v2/language/1/"},"version_group":{"name":"x-y","url":"https://pokeapi.co/api/v2/version-group/15/"}},{"flavor_text":"힘을 쥐어짜서 공격한다.\n자신의 HP가 적을수록\n기술의 위력이 올라간다.","language":{"name":"ko","url":"https://pokeapi.co/api/v2/language/3/"},"version_group":{"name":"x-y","url":"https://pokeapi.co/api/v2/version-group/15/"}},{"flavor_text":"Le lanceur ne retient plus ses coups.\nPlus ses PV sont bas et plus l’attaque est\npuissante.","language":{"name":"fr","url":"https://pokeapi.co/api/v2/language/5/"},"version_group":{"name":"x-y","url":"https://pokeapi.co/api/v2/version-group/15/"}},{"flavor_text":"Richtet mehr Schaden an, wenn eigene KP\nniedrig sind.","language":{"name":"de","url":"https://pokeapi.co/api/v2/language/6/"},"version_group":{"name":"x-y","url":"https://pokeapi.co/api/v2/version-group/15/"}},{"flavor_text":"Ataque desesperado que causa más daño cuantos\nmenos PS tenga el usuario.","language":{"name":"es","url":"https://pokeapi.co/api/v2/language/7/"},"version_group":{"name":"x-y","url":"https://pokeapi.co/api/v2/version-group/15/"}},{"flavor_text":"Chi la usa attacca con tutte le sue forze.\nPiù i PS sono bassi, maggiore è la potenza\ndi questa mossa.","language":{"name":"it","url":"https://pokeapi.co/api/v2/language/8/"},"version_group":{"name":"x-y","url":"https://pokeapi.co/api/v2/version-group/15/"}},{"flavor_text":"An all-out attack that becomes more\npowerful the less HP the user has.","language":{"name":"en","url":"https://pokeapi.co/api/v2/language/9/"},"version_group":{"name":"x-y","url":"https://pokeapi.co/api/v2/version-group/15/"}},{"flavor_text":"力を　ふりしぼり　攻撃する。\n自分の　ＨＰが　少ないほど\n技の　威力は　あがる。","language":{"name":"ja","url":"https://pokeapi.co/api/v2/language/11/"},"version_group":{"name":"x-y","url":"https://pokeapi.co/api/v2/version-group/15/"}},{"flavor_text":"ちからを　ふりしぼり　こうげきする。\nじぶんの　ＨＰが　すくないほど\nわざの　いりょくは　あがる。","language":{"name":"ja-Hrkt","url":"https://pokeapi.co/api/v2/language/1/"},"version_group":{"name":"omega-ruby-alpha-sapphire","url":"https://pokeapi.co/api/v2/version-group/16/"}},{"flavor_text":"힘을 쥐어짜서 공격한다.\n자신의 HP가 적을수록\n기술의 위력이 올라간다.","language":{"name":"ko","url":"https://pokeapi.co/api/v2/language/3/"},"version_group":{"name":"omega-ruby-alpha-sapphire","url":"https://pokeapi.co/api/v2/version-group/16/"}},{"flavor_text":"Le lanceur ne retient plus ses coups.\nPlus ses PV sont bas et plus l’attaque est\npuissante.","language":{"name":"fr","url":"https://pokeapi.co/api/v2/language/5/"},"version_group":{"name":"omega-ruby-alpha-sapphire","url":"https://pokeapi.co/api/v2/version-group/16/"}},{"flavor_text":"Richtet mehr Schaden an, wenn eigene KP\nniedrig sind.","language":{"name":"de","url":"https://pokeapi.co/api/v2/language/6/"},"version_group":{"name":"omega-ruby-alpha-sapphire","url":"https://pokeapi.co/api/v2/version-group/16/"}},{"flavor_text":"Ataque desesperado que causa más daño cuantos \nmenos PS tenga el usuario.","language":{"name":"es","url":"https://pokeapi.co/api/v2/language/7/"},"version_group":{"name":"omega-ruby-alpha-sapphire","url":"https://pokeapi.co/api/v2/version-group/16/"}},{"flavor_text":"Chi la usa attacca con tutte le sue forze.\nPiù i PS sono bassi, maggiore è la potenza\ndi questa mossa.","language":{"name":"it","url":"https://pokeapi.co/api/v2/language/8/"},"version_group":{"name":"omega-ruby-alpha-sapphire","url":"https://pokeapi.co/api/v2/version-group/16/"}},{"flavor_text":"An all-out attack that becomes more\npowerful the less HP the user has.","language":{"name":"en","url":"https://pokeapi.co/api/v2/language/9/"},"version_group":{"name":"omega-ruby-alpha-sapphire","url":"https://pokeapi.co/api/v2/version-group/16/"}},{"flavor_text":"力を　ふりしぼり　攻撃する。\n自分の　ＨＰが　少ないほど\n技の　威力は　あがる。","language":{"name":"ja","url":"https://pokeapi.co/api/v2/language/11/"},"version_group":{"name":"omega-ruby-alpha-sapphire","url":"https://pokeapi.co/api/v2/version-group/16/"}},{"flavor_text":"ちからを　ふりしぼり　こうげきする。\nじぶんの　ＨＰが　すくないほど\nわざの　いりょくは　あがる。","language":{"name":"ja-Hrkt","url":"https://pokeapi.co/api/v2/language/1/"},"version_group":{"name":"sun-moon","url":"https://pokeapi.co/api/v2/version-group/17/"}},{"flavor_text":"힘을 쥐어짜서 공격한다.\n자신의 HP가 적을수록\n기술의 위력이 올라간다.","language":{"name":"ko","url":"https://pokeapi.co/api/v2/language/3/"},"version_group":{"name":"sun-moon","url":"https://pokeapi.co/api/v2/version-group/17/"}},{"flavor_text":"竭盡全力進行攻擊。\n自己的ＨＰ越少，\n招式的威力越大。","language":{"name":"zh-Hant","url":"https://pokeapi.co/api/v2/language/4/"},"version_group":{"name":"sun-moon","url":"https://pokeapi.co/api/v2/version-group/17/"}},{"flavor_text":"Le lanceur ne retient plus ses coups.\nPlus ses PV sont bas et plus l’attaque est puissante.","language":{"name":"fr","url":"https://pokeapi.co/api/v2/language/5/"},"version_group":{"name":"sun-moon","url":"https://pokeapi.co/api/v2/version-group/17/"}},{"flavor_text":"Richtet mehr Schaden an, wenn eigene KP\nniedrig sind.","language":{"name":"de","url":"https://pokeapi.co/api/v2/language/6/"},"version_group":{"name":"sun-moon","url":"https://pokeapi.co/api/v2/version-group/17/"}},{"flavor_text":"Ataque desesperado que causa más daño cuantos \nmenos PS tenga el usuario.","language":{"name":"es","url":"https://pokeapi.co/api/v2/language/7/"},"version_group":{"name":"sun-moon","url":"https://pokeapi.co/api/v2/version-group/17/"}},{"flavor_text":"Chi la usa attacca con tutte le sue forze.\nPiù i PS sono bassi, maggiore è la potenza\ndi questa mossa.","language":{"name":"it","url":"https://pokeapi.co/api/v2/language/8/"},"version_group":{"name":"sun-moon","url":"https://pokeapi.co/api/v2/version-group/17/"}},{"flavor_text":"An all-out attack that becomes more powerful the\nless HP the user has.","language":{"name":"en","url":"https://pokeapi.co/api/v2/language/9/"},"version_group":{"name":"sun-moon","url":"https://pokeapi.co/api/v2/version-group/17/"}},{"flavor_text":"力を　ふりしぼり　攻撃する。\n自分の　ＨＰが　少ないほど\n技の　威力は　あがる。","language":{"name":"ja","url":"https://pokeapi.co/api/v2/language/11/"},"version_group":{"name":"sun-moon","url":"https://pokeapi.co/api/v2/version-group/17/"}},{"flavor_text":"竭尽全力进行攻击。\n自己的ＨＰ越少，\n招式的威力越大。","language":{"name":"zh-Hans","url":"https://pokeapi.co/api/v2/language/12/"},"version_group":{"name":"sun-moon","url":"https://pokeapi.co/api/v2/version-group/17/"}},{"flavor_text":"ちからを　ふりしぼり　こうげきする。\nじぶんの　ＨＰが　すくないほど\nわざの　いりょくは　あがる。","language":{"name":"ja-Hrkt","url":"https://pokeapi.co/api/v2/language/1/"},"version_group":{"name":"ultra-sun-ultra-moon","url":"https://pokeapi.co/api/v2/version-group/18/"}},{"flavor_text":"힘을 쥐어짜서 공격한다.\n자신의 HP가 적을수록\n기술의 위력이 올라간다.","language":{"name":"ko","url":"https://pokeapi.co/api/v2/language/3/"},"version_group":{"name":"ultra-sun-ultra-moon","url":"https://pokeapi.co/api/v2/version-group/18/"}},{"flavor_text":"竭盡全力進行攻擊。\n自己的ＨＰ越少，\n招式的威力越大。","language":{"name":"zh-Hant","url":"https://pokeapi.co/api/v2/language/4/"},"version_group":{"name":"ultra-sun-ultra-moon","url":"https://pokeapi.co/api/v2/version-group/18/"}},{"flavor_text":"Le lanceur ne retient plus ses coups.\nPlus ses PV sont bas et plus l’attaque est puissante.","language":{"name":"fr","url":"https://pokeapi.co/api/v2/language/5/"},"version_group":{"name":"ultra-sun-ultra-moon","url":"https://pokeapi.co/api/v2/version-group/18/"}},{"flavor_text":"Richtet mehr Schaden an, wenn eigene KP\nniedrig sind.","language":{"name":"de","url":"https://pokeapi.co/api/v2/language/6/"},"version_group":{"name":"ultra-sun-ultra-moon","url":"https://pokeapi.co/api/v2/version-group/18/"}},{"flavor_text":"Chi la usa attacca con tutte le sue forze.\nPiù i PS sono bassi, maggiore è la potenza\ndi questa mossa.","language":{"name":"it","url":"https://pokeapi.co/api/v2/language/8/"},"version_group":{"name":"ultra-sun-ultra-moon","url":"https://pokeapi.co/api/v2/version-group/18/"}},{"flavor_text":"An all-out attack that becomes more powerful the\nless HP the user has.","language":{"name":"en","url":"https://pokeapi.co/api/v2/language/9/"},"version_group":{"name":"ultra-sun-ultra-moon","url":"https://pokeapi.co/api/v2/version-group/18/"}},{"flavor_text":"力を　ふりしぼり　攻撃する。\n自分の　ＨＰが　少ないほど\n技の　威力は　あがる。","language":{"name":"ja","url":"https://pokeapi.co/api/v2/language/11/"},"version_group":{"name":"ultra-sun-ultra-moon","url":"https://pokeapi.co/api/v2/version-group/18/"}},{"flavor_text":"竭尽全力进行攻击。\n自己的ＨＰ越少，\n招式的威力越大。","language":{"name":"zh-Hans","url":"https://pokeapi.co/api/v2/language/12/"},"version_group":{"name":"ultra-sun-ultra-moon","url":"https://pokeapi.co/api/v2/version-group/18/"}},{"flavor_text":"ちからを　ふりしぼり　こうげきする。\nじぶんの　ＨＰが　すくないほど\nわざの　いりょくは　あがる。","language":{"name":"ja-Hrkt","url":"https://pokeapi.co/api/v2/language/1/"},"version_group":{"name":"lets-go-pikachu-lets-go-eevee","url":"https://pokeapi.co/api/v2/version-group/19/"}},{"flavor_text":"힘을 쥐어짜서 공격한다.\n자신의 HP가 적을수록\n기술의 위력이 올라간다.","language":{"name":"ko","url":"https://pokeapi.co/api/v2/language/3/"},"version_group":{"name":"lets-go-pikachu-lets-go-eevee","url":"https://pokeapi.co/api/v2/version-group/19/"}},{"flavor_text":"竭盡全力進行攻擊。\n自己的HP越少，\n招式的威力越大。","language":{"name":"zh-Hant","url":"https://pokeapi.co/api/v2/language/4/"},"version_group":{"name":"lets-go-pikachu-lets-go-eevee","url":"https://pokeapi.co/api/v2/version-group/19/"}},{"flavor_text":"Le lanceur ne retient plus ses coups.\nPlus ses PV sont bas et plus l’attaque est puissante.","language":{"name":"fr","url":"https://pokeapi.co/api/v2/language/5/"},"version_group":{"name":"lets-go-pikachu-lets-go-eevee","url":"https://pokeapi.co/api/v2/version-group/19/"}},{"flavor_text":"Richtet mehr Schaden an, wenn eigene KP\nniedrig sind.","language":{"name":"de","url":"https://pokeapi.co/api/v2/language/6/"},"version_group":{"name":"lets-go-pikachu-lets-go-eevee","url":"https://pokeapi.co/api/v2/version-group/19/"}},{"flavor_text":"Ataque desesperado que causa más daño cuantos \nmenos PS tenga el usuario.","language":{"name":"es","url":"https://pokeapi.co/api/v2/language/7/"},"version_group":{"name":"lets-go-pikachu-lets-go-eevee","url":"https://pokeapi.co/api/v2/version-group/19/"}},{"flavor_text":"Chi la usa attacca con tutte le sue forze.\nPiù i PS sono bassi, maggiore è la potenza\ndi questa mossa.","language":{"name":"it","url":"https://pokeapi.co/api/v2/language/8/"},"version_group":{"name":"lets-go-pikachu-lets-go-eevee","url":"https://pokeapi.co/api/v2/version-group/19/"}},{"flavor_text":"An all-out attack that becomes more powerful the\nless HP the user has.","language":{"name":"en","url":"https://pokeapi.co/api/v2/language/9/"},"version_group":{"name":"lets-go-pikachu-lets-go-eevee","url":"https://pokeapi.co/api/v2/version-group/19/"}},{"flavor_text":"力を　ふりしぼり　攻撃する。\n自分の　ＨＰが　少ないほど\n技の　威力は　あがる。","language":{"name":"ja","url":"https://pokeapi.co/api/v2/language/11/"},"version_group":{"name":"lets-go-pikachu-lets-go-eevee","url":"https://pokeapi.co/api/v2/version-group/19/"}},{"flavor_text":"竭尽全力进行攻击。\n自己的HP越少，\n招式的威力越大。","language":{"name":"zh-Hans","url":"https://pokeapi.co/api/v2/language/12/"},"version_group":{"name":"lets-go-pikachu-lets-go-eevee","url":"https://pokeapi.co/api/v2/version-group/19/"}},{"flavor_text":"ちからを　ふりしぼり　こうげきする。\nじぶんの　ＨＰが　すくないほど\nわざの　いりょくは　あがる。","language":{"name":"ja-Hrkt","url":"https://pokeapi.co/api/v2/language/1/"},"version_group":{"name":"sword-shield","url":"https://pokeapi.co/api/v2/version-group/20/"}},{"flavor_text":"힘을 쥐어짜서 공격한다.\n자신의 HP가 적을수록\n기술의 위력이 올라간다.","language":{"name":"ko","url":"https://pokeapi.co/api/v2/language/3/"},"version_group":{"name":"sword-shield","url":"https://pokeapi.co/api/v2/version-group/20/"}},{"flavor_text":"竭盡全力進行攻擊。\n自己的ＨＰ越少，\n招式的威力越大。","language":{"name":"zh-Hant","url":"https://pokeapi.co/api/v2/language/4/"},"version_group":{"name":"sword-shield","url":"https://pokeapi.co/api/v2/version-group/20/"}},{"flavor_text":"Le lanceur ne retient plus ses coups.\nPlus ses PV sont bas, plus l’attaque est puissante.","language":{"name":"fr","url":"https://pokeapi.co/api/v2/language/5/"},"version_group":{"name":"sword-shield","url":"https://pokeapi.co/api/v2/version-group/20/"}},{"flavor_text":"Richtet mehr Schaden an, wenn eigene KP niedrig sind.","language":{"name":"de","url":"https://pokeapi.co/api/v2/language/6/"},"version_group":{"name":"sword-shield","url":"https://pokeapi.co/api/v2/version-group/20/"}},{"flavor_text":"Ataque desesperado que causa más daño cuantos\nmenos PS tenga el usuario.","language":{"name":"es","url":"https://pokeapi.co/api/v2/language/7/"},"version_group":{"name":"sword-shield","url":"https://pokeapi.co/api/v2/version-group/20/"}},{"flavor_text":"Chi la usa attacca con tutte le sue forze.\nPiù i PS sono bassi, maggiore è la potenza\ndi questa mossa.","language":{"name":"it","url":"https://pokeapi.co/api/v2/language/8/"},"version_group":{"name":"sword-shield","url":"https://pokeapi.co/api/v2/version-group/20/"}},{"flavor_text":"An all-out attack that becomes more powerful the\nless HP the user has.","language":{"name":"en","url":"https://pokeapi.co/api/v2/language/9/"},"version_group":{"name":"sword-shield","url":"https://pokeapi.co/api/v2/version-group/20/"}},{"flavor_text":"力を　ふりしぼり　攻撃する。\n自分の　ＨＰが　少ないほど\n技の　威力は　あがる。","language":{"name":"ja","url":"https://pokeapi.co/api/v2/language/11/"},"version_group":{"name":"sword-shield","url":"https://pokeapi.co/api/v2/version-group/20/"}},{"flavor_text":"竭尽全力进行攻击。\n自己的ＨＰ越少，\n招式的威力越大。","language":{"name":"zh-Hans","url":"https://pokeapi.co/api/v2/language/12/"},"version_group":{"name":"sword-shield","url":"https://pokeapi.co/api/v2/version-group/20/"}}],"generation":{"name":"generation-ii","url":"https://pokeapi.co/api/v2/generation/2/"},"id":179,"learned_by_pokemon":[{"name":"rattata","url":"https://pokeapi.co/api/v2/pokemon/19/"},{"name":"pikachu","url":"https://pokeapi.co/api/v2/pokemon/25/"},{"name":"raichu","url":"https://pokeapi.co/api/v2/pokemon/26/"},{"name":"diglett","url":"https://pokeapi.co/api/v2/pokemon/50/"},{"name":"dugtrio","url":"https://pokeapi.co/api/v2/pokemon/51/"},{"name":"mankey","url":"https://pokeapi.co/api/v2/pokemon/56/"},{"name":"primeape","url":"https://pokeapi.co/api/v2/pokemon/57/"},{"name":"growlithe","url":"https://pokeapi.co/api/v2/pokemon/58/"},{"name":"arcanine","url":"https://pokeapi.co/api/v2/pokemon/59/"},{"name":"poliwrath","url":"https://pokeapi.co/api/v2/pokemon/62/"},{"name":"machop","url":"https://pokeapi.co/api/v2/pokemon/66/"},{"name":"machoke","url":"https://pokeapi.co/api/v2/pokemon/67/"},{"name":"machamp","url":"https://pokeapi.co/api/v2/pokemon/68/"},{"name":"hitmonlee","url":"https://pokeapi.co/api/v2/pokemon/106/"},{"name":"rhyhorn","url":"https://pokeapi.co/api/v2/pokemon/111/"},{"name":"rhydon","url":"https://pokeapi.co/api/v2/pokemon/112/"},{"name":"kangaskhan","url":"https://pokeapi.co/api/v2/pokemon/115/"},{"name":"scyther","url":"https://pokeapi.co/api/v2/pokemon/123/"},{"name":"pinsir","url":"https://pokeapi.co/api/v2/pokemon/127/"},{"name":"tauros","url":"https://pokeapi.co/api/v2/pokemon/128/"},{"name":"mewtwo","url":"https://pokeapi.co/api/v2/pokemon/150/"},{"name":"mew","url":"https://pokeapi.co/api/v2/pokemon/151/"},{"name":"cyndaquil","url":"https://pokeapi.co/api/v2/pokemon/155/"},{"name":"quilava","url":"https://pokeapi.co/api/v2/pokemon/156/"},{"name":"typhlosion","url":"https://pokeapi.co/api/v2/pokemon/157/"},{"name":"sentret","url":"https://pokeapi.co/api/v2/pokemon/161/"},{"name":"pichu","url":"https://pokeapi.co/api/v2/pokemon/172/"},{"name":"yanma","url":"https://pokeapi.co/api/v2/pokemon/193/"},{"name":"pineco","url":"https://pokeapi.co/api/v2/pokemon/204/"},{"name":"forretress","url":"https://pokeapi.co/api/v2/pokemon/205/"},{"name":"qwilfish","url":"https://pokeapi.co/api/v2/pokemon/211/"},{"name":"scizor","url":"https://pokeapi.co/api/v2/pokemon/212/"},{"name":"shuckle","url":"https://pokeapi.co/api/v2/pokemon/213/"},{"name":"heracross","url":"https://pokeapi.co/api/v2/pokemon/214/"},{"name":"sneasel","url":"https://pokeapi.co/api/v2/pokemon/215/"},{"name":"delibird","url":"https://pokeapi.co/api/v2/pokemon/225/"},{"name":"houndour","url":"https://pokeapi.co/api/v2/pokemon/228/"},{"name":"houndoom","url":"https://pokeapi.co/api/v2/pokemon/229/"},{"name":"miltank","url":"https://pokeapi.co/api/v2/pokemon/241/"},{"name":"entei","url":"https://pokeapi.co/api/v2/pokemon/244/"},{"name":"torchic","url":"https://pokeapi.co/api/v2/pokemon/255/"},{"name":"combusken","url":"https://pokeapi.co/api/v2/pokemon/256/"},{"name":"blaziken","url":"https://pokeapi.co/api/v2/pokemon/257/"},{"name":"taillow","url":"https://pokeapi.co/api/v2/pokemon/276/"},{"name":"swellow","url":"https://pokeapi.co/api/v2/pokemon/277/"},{"name":"breloom","url":"https://pokeapi.co/api/v2/pokemon/286/"},{"name":"vigoroth","url":"https://pokeapi.co/api/v2/pokemon/288/"},{"name":"slaking","url":"https://pokeapi.co/api/v2/pokemon/289/"},{"name":"makuhita","url":"https://pokeapi.co/api/v2/pokemon/296/"},{"name":"hariyama","url":"https://pokeapi.co/api/v2/pokemon/297/"},{"name":"aron","url":"https://pokeapi.co/api/v2/pokemon/304/"},{"name":"lairon","url":"https://pokeapi.co/api/v2/pokemon/305/"},{"name":"aggron","url":"https://pokeapi.co/api/v2/pokemon/306/"},{"name":"meditite","url":"https://pokeapi.co/api/v2/pokemon/307/"},{"name":"medicham","url":"https://pokeapi.co/api/v2/pokemon/308/"},{"name":"zangoose","url":"https://pokeapi.co/api/v2/pokemon/335/"},{"name":"seviper","url":"https://pokeapi.co/api/v2/pokemon/336/"},{"name":"vespiquen","url":"https://pokeapi.co/api/v2/pokemon/416/"},{"name":"lopunny","url":"https://pokeapi.co/api/v2/pokemon/428/"},{"name":"riolu","url":"https://pokeapi.co/api/v2/pokemon/447/"},{"name":"lucario","url":"https://pokeapi.co/api/v2/pokemon/448/"},{"name":"croagunk","url":"https://pokeapi.co/api/v2/pokemon/453/"},{"name":"toxicroak","url":"https://pokeapi.co/api/v2/pokemon/454/"},{"name":"rhyperior","url":"https://pokeapi.co/api/v2/pokemon/464/"},{"name":"gallade","url":"https://pokeapi.co/api/v2/pokemon/475/"},{"name":"victini","url":"https://pokeapi.co/api/v2/pokemon/494/"},{"name":"lillipup","url":"https://pokeapi.co/api/v2/pokemon/506/"},{"name":"herdier","url":"https://pokeapi.co/api/v2/pokemon/507/"},{"name":"stoutland","url":"https://pokeapi.co/api/v2/pokemon/508/"},{"name":"timburr","url":"https://pokeapi.co/api/v2/pokemon/532/"},{"name":"gurdurr","url":"https://pokeapi.co/api/v2/pokemon/533/"},{"name":"conkeldurr","url":"https://pokeapi.co/api/v2/pokemon/534/"},{"name":"throh","url":"https://pokeapi.co/api/v2/pokemon/538/"},{"name":"sawk","url":"https://pokeapi.co/api/v2/pokemon/539/"},{"name":"basculin-red-striped","url":"https://pokeapi.co/api/v2/pokemon/550/"},{"name":"darmanitan-standard","url":"https://pokeapi.co/api/v2/pokemon/555/"},{"name":"escavalier","url":"https://pokeapi.co/api/v2/pokemon/589/"},{"name":"axew","url":"https://pokeapi.co/api/v2/pokemon/610/"},{"name":"fraxure","url":"https://pokeapi.co/api/v2/pokemon/611/"},{"name":"haxorus","url":"https://pokeapi.co/api/v2/pokemon/612/"},{"name":"beartic","url":"https://pokeapi.co/api/v2/pokemon/614/"},{"name":"accelgor","url":"https://pokeapi.co/api/v2/pokemon/617/"},{"name":"mienfoo","url":"https://pokeapi.co/api/v2/pokemon/619/"},{"name":"mienshao","url":"https://pokeapi.co/api/v2/pokemon/620/"},{"name":"bisharp","url":"https://pokeapi.co/api/v2/pokemon/625/"},{"name":"bouffalant","url":"https://pokeapi.co/api/v2/pokemon/626/"},{"name":"braviary","url":"https://pokeapi.co/api/v2/pokemon/628/"},{"name":"cobalion","url":"https://pokeapi.co/api/v2/pokemon/638/"},{"name":"terrakion","url":"https://pokeapi.co/api/v2/pokemon/639/"},{"name":"virizion","url":"https://pokeapi.co/api/v2/pokemon/640/"},{"name":"tornadus-incarnate","url":"https://pokeapi.co/api/v2/pokemon/641/"},{"name":"keldeo-ordinary","url":"https://pokeapi.co/api/v2/pokemon/647/"},{"name":"meloetta-aria","url":"https://pokeapi.co/api/v2/pokemon/648/"},{"name":"chesnaught","url":"https://pokeapi.co/api/v2/pokemon/652/"},{"name":"pangoro","url":"https://pokeapi.co/api/v2/pokemon/675/"},{"name":"honedge","url":"https://pokeapi.co/api/v2/pokemon/679/"},{"name":"doublade","url":"https://pokeapi.co/api/v2/pokemon/680/"},{"name":"aegislash-shield","url":"https://pokeapi.co/api/v2/pokemon/681/"},{"name":"malamar","url":"https://pokeapi.co/api/v2/pokemon/687/"},{"name":"hawlucha","url":"https://pokeapi.co/api/v2/pokemon/701/"},{"name":"zygarde-50","url":"https://pokeapi.co/api/v2/pokemon/718/"},{"name":"incineroar","url":"https://pokeapi.co/api/v2/pokemon/727/"},{"name":"yungoos","url":"https://pokeapi.co/api/v2/pokemon/734/"},{"name":"gumshoos","url":"https://pokeapi.co/api/v2/pokemon/735/"},{"name":"crabrawler","url":"https://pokeapi.co/api/v2/pokemon/739/"},{"name":"crabominable","url":"https://pokeapi.co/api/v2/pokemon/740/"},{"name":"oricorio-baile","url":"https://pokeapi.co/api/v2/pokemon/741/"},{"name":"bewear","url":"https://pokeapi.co/api/v2/pokemon/760/"},{"name":"passimian","url":"https://pokeapi.co/api/v2/pokemon/766/"},{"name":"silvally","url":"https://pokeapi.co/api/v2/pokemon/773/"},{"name":"komala","url":"https://pokeapi.co/api/v2/pokemon/775/"},{"name":"togedemaru","url":"https://pokeapi.co/api/v2/pokemon/777/"},{"name":"jangmo-o","url":"https://pokeapi.co/api/v2/pokemon/782/"},{"name":"hakamo-o","url":"https://pokeapi.co/api/v2/pokemon/783/"},{"name":"kommo-o","url":"https://pokeapi.co/api/v2/pokemon/784/"},{"name":"buzzwole","url":"https://pokeapi.co/api/v2/pokemon/794/"},{"name":"marshadow","url":"https://pokeapi.co/api/v2/pokemon/802/"},{"name":"zeraora","url":"https://pokeapi.co/api/v2/pokemon/807/"},{"name":"scorbunny","url":"https://pokeapi.co/api/v2/pokemon/813/"},{"name":"raboot","url":"https://pokeapi.co/api/v2/pokemon/814/"},{"name":"cinderace","url":"https://pokeapi.co/api/v2/pokemon/815/"},{"name":"rookidee","url":"https://pokeapi.co/api/v2/pokemon/821/"},{"name":"corvisquire","url":"https://pokeapi.co/api/v2/pokemon/822/"},{"name":"corviknight","url":"https://pokeapi.co/api/v2/pokemon/823/"},{"name":"wooloo","url":"https://pokeapi.co/api/v2/pokemon/831/"},{"name":"dubwool","url":"https://pokeapi.co/api/v2/pokemon/832/"},{"name":"cramorant","url":"https://pokeapi.co/api/v2/pokemon/845/"},{"name":"clobbopus","url":"https://pokeapi.co/api/v2/pokemon/852/"},{"name":"grapploct","url":"https://pokeapi.co/api/v2/pokemon/853/"},{"name":"obstagoon","url":"https://pokeapi.co/api/v2/pokemon/862/"},{"name":"falinks","url":"https://pokeapi.co/api/v2/pokemon/870/"},{"name":"pincurchin","url":"https://pokeapi.co/api/v2/pokemon/871/"},{"name":"eiscue-ice","url":"https://pokeapi.co/api/v2/pokemon/875/"},{"name":"zacian","url":"https://pokeapi.co/api/v2/pokemon/888/"},{"name":"zamazenta","url":"https://pokeapi.co/api/v2/pokemon/889/"},{"name":"kubfu","url":"https://pokeapi.co/api/v2/pokemon/891/"},{"name":"urshifu-single-strike","url":"https://pokeapi.co/api/v2/pokemon/892/"},{"name":"regidrago","url":"https://pokeapi.co/api/v2/pokemon/895/"},{"name":"kleavor","url":"https://pokeapi.co/api/v2/pokemon/900/"},{"name":"sneasler","url":"https://pokeapi.co/api/v2/pokemon/903/"},{"name":"overqwil","url":"https://pokeapi.co/api/v2/pokemon/904/"},{"name":"quaquaval","url":"https://pokeapi.co/api/v2/pokemon/914/"},{"name":"spidops","url":"https://pokeapi.co/api/v2/pokemon/918/"},{"name":"lokix","url":"https://pokeapi.co/api/v2/pokemon/920/"},{"name":"squawkabilly","url":"https://pokeapi.co/api/v2/pokemon/931/"},{"name":"maschiff","url":"https://pokeapi.co/api/v2/pokemon/942/"},{"name":"mabosstiff","url":"https://pokeapi.co/api/v2/pokemon/943/"},{"name":"klawf","url":"https://pokeapi.co/api/v2/pokemon/950/"},{"name":"palafin","url":"https://pokeapi.co/api/v2/pokemon/964/"},{"name":"flamigo","url":"https://pokeapi.co/api/v2/pokemon/973/"},{"name":"annihilape","url":"https://pokeapi.co/api/v2/pokemon/979/"},{"name":"kingambit","url":"https://pokeapi.co/api/v2/pokemon/983/"},{"name":"great-tusk","url":"https://pokeapi.co/api/v2/pokemon/984/"},{"name":"slither-wing","url":"https://pokeapi.co/api/v2/pokemon/988/"},{"name":"iron-hands","url":"https://pokeapi.co/api/v2/pokemon/992/"},{"name":"iron-valiant","url":"https://pokeapi.co/api/v2/pokemon/1006/"},{"name":"koraidon","url":"https://pokeapi.co/api/v2/pokemon/1007/"},{"name":"iron-leaves","url":"https://pokeapi.co/api/v2/pokemon/1010/"},{"name":"basculin-blue-striped","url":"https://pokeapi.co/api/v2/pokemon/10016/"},{"name":"darmanitan-zen","url":"https://pokeapi.co/api/v2/pokemon/10017/"},{"name":"meloetta-pirouette","url":"https://pokeapi.co/api/v2/pokemon/10018/"},{"name":"tornadus-therian","url":"https://pokeapi.co/api/v2/pokemon/10019/"},{"name":"keldeo-resolute","url":"https://pokeapi.co/api/v2/pokemon/10024/"},{"name":"aegislash-blade","url":"https://pokeapi.co/api/v2/pokemon/10026/"},{"name":"kangaskhan-mega","url":"https://pokeapi.co/api/v2/pokemon/10039/"},{"name":"heracross-mega","url":"https://pokeapi.co/api/v2/pokemon/10047/"},{"name":"medicham-mega","url":"https://pokeapi.co/api/v2/pokemon/10054/"},{"name":"rattata-alola","url":"https://pokeapi.co/api/v2/pokemon/10091/"},{"name":"pikachu-original-cap","url":"https://pokeapi.co/api/v2/pokemon/10094/"},{"name":"pikachu-hoenn-cap","url":"https://pokeapi.co/api/v2/pokemon/10095/"},{"name":"pikachu-sinnoh-cap","url":"https://pokeapi.co/api/v2/pokemon/10096/"},{"name":"pikachu-unova-cap","url":"https://pokeapi.co/api/v2/pokemon/10097/"},{"name":"pikachu-kalos-cap","url":"https://pokeapi.co/api/v2/pokemon/10098/"},{"name":"pikachu-alola-cap","url":"https://pokeapi.co/api/v2/pokemon/10099/"},{"name":"raichu-alola","url":"https://pokeapi.co/api/v2/pokemon/10100/"},{"name":"diglett-alola","url":"https://pokeapi.co/api/v2/pokemon/10105/"},{"name":"dugtrio-alola","url":"https://pokeapi.co/api/v2/pokemon/10106/"},{"name":"zygarde-10-power-construct","url":"https://pokeapi.co/api/v2/pokemon/10118/"},{"name":"zygarde-50-power-construct","url":"https://pokeapi.co/api/v2/pokemon/10119/"},{"name":"zygarde-complete","url":"https://pokeapi.co/api/v2/pokemon/10120/"},{"name":"oricorio-pom-pom","url":"https://pokeapi.co/api/v2/pokemon/10123/"},{"name":"oricorio-pau","url":"https://pokeapi.co/api/v2/pokemon/10124/"},{"name":"oricorio-sensu","url":"https://pokeapi.co/api/v2/pokemon/10125/"},{"name":"lycanroc-midnight","url":"https://pokeapi.co/api/v2/pokemon/10126/"},{"name":"pikachu-partner-cap","url":"https://pokeapi.co/api/v2/pokemon/10148/"},{"name":"lycanroc-dusk","url":"https://pokeapi.co/api/v2/pokemon/10152/"},{"name":"togedemaru-totem","url":"https://pokeapi.co/api/v2/pokemon/10154/"},{"name":"pikachu-world-cap","url":"https://pokeapi.co/api/v2/pokemon/10160/"},{"name":"zapdos-galar","url":"https://pokeapi.co/api/v2/pokemon/10170/"},{"name":"darmanitan-galar-standard","url":"https://pokeapi.co/api/v2/pokemon/10177/"},{"name":"darmanitan-galar-zen","url":"https://pokeapi.co/api/v2/pokemon/10178/"},{"name":"zygarde-10","url":"https://pokeapi.co/api/v2/pokemon/10181/"},{"name":"cramorant-gulping","url":"https://pokeapi.co/api/v2/pokemon/10182/"},{"name":"cramorant-gorging","url":"https://pokeapi.co/api/v2/pokemon/10183/"},{"name":"eiscue-noice","url":"https://pokeapi.co/api/v2/pokemon/10185/"},{"name":"zacian-crowned","url":"https://pokeapi.co/api/v2/pokemon/10188/"},{"name":"zamazenta-crowned","url":"https://pokeapi.co/api/v2/pokemon/10189/"},{"name":"urshifu-rapid-strike","url":"https://pokeapi.co/api/v2/pokemon/10191/"},{"name":"growlithe-hisui","url":"https://pokeapi.co/api/v2/pokemon/10229/"},{"name":"arcanine-hisui","url":"https://pokeapi.co/api/v2/pokemon/10230/"},{"name":"typhlosion-hisui","url":"https://pokeapi.co/api/v2/pokemon/10233/"},{"name":"qwilfish-hisui","url":"https://pokeapi.co/api/v2/pokemon/10234/"},{"name":"sneasel-hisui","url":"https://pokeapi.co/api/v2/pokemon/10235/"},{"name":"braviary-hisui","url":"https://pokeapi.co/api/v2/pokemon/10240/"},{"name":"decidueye-hisui","url":"https://pokeapi.co/api/v2/pokemon/10244/"},{"name":"tauros-paldea-combat-breed","url":"https://pokeapi.co/api/v2/pokemon/10250/"},{"name":"tauros-paldea-blaze-breed","url":"https://pokeapi.co/api/v2/pokemon/10251/"},{"name":"tauros-paldea-aqua-breed","url":"https://pokeapi.co/api/v2/pokemon/10252/"},{"name":"palafin-hero","url":"https://pokeapi.co/api/v2/pokemon/10256/"},{"name":"squawkabilly-blue-plumage","url":"https://pokeapi.co/api/v2/pokemon/10260/"},{"name":"squawkabilly-yellow-plumage","url":"https://pokeapi.co/api/v2/pokemon/10261/"},{"name":"squawkabilly-white-plumage","url":"https://pokeapi.co/api/v2/pokemon/10262/"},{"name":"koraidon-limited-build","url":"https://pokeapi.co/api/v2/pokemon/10264/"},{"name":"koraidon-sprinting-build","url":"https://pokeapi.co/api/v2/pokemon/10265/"},{"name":"koraidon-swimming-build","url":"https://pokeapi.co/api/v2/pokemon/10266/"},{"name":"koraidon-gliding-build","url":"https://pokeapi.co/api/v2/pokemon/10267/"}],"machines":[{"machine":{"url":"https://pokeapi.co/api/v2/machine/1610/"},"version_group":{"name":"sword-shield","url":"https://pokeapi.co/api/v2/version-group/20/"}}],"meta":{"ailment":{"name":"none","url":"https://pokeapi.co/api/v2/move-ailment/0/"},"ailment_chance":0,"category":{"name":"damage","url":"https://pokeapi.co/api/v2/move-category/0/"},"crit_rate":0,"drain":0,"flinch_chance":0,"healing":0,"max_hits":null,"max_turns":null,"min_hits":null,"min_turns":null,"stat_chance":0},"name":"reversal","names":[{"language":{"name":"ja-Hrkt","url":"https://pokeapi.co/api/v2/language/1/"},"name":"きしかいせい"},{"language":{"name":"ko","url":"https://pokeapi.co/api/v2/language/3/"},"name":"기사회생"},{"language":{"name":"zh-Hant","url":"https://pokeapi.co/api/v2/language/4/"},"name":"起死回生"},{"language":{"name":"fr","url":"https://pokeapi.co/api/v2/language/5/"},"name":"Contre"},{"language":{"name":"de","url":"https://pokeapi.co/api/v2/language/6/"},"name":"Gegenschlag"},{"language":{"name":"es","url":"https://pokeapi.co/api/v2/language/7/"},"name":"Inversión"},{"language":{"name":"it","url":"https://pokeapi.co/api/v2/language/8/"},"name":"Contropiede"},{"language":{"name":"en","url":"https://pokeapi.co/api/v2/language/9/"},"name":"Reversal"},{"language":{"name":"ja","url":"https://pokeapi.co/api/v2/language/11/"},"name":"きしかいせい"},{"language":{"name":"zh-Hans","url":"https://pokeapi.co/api/v2/language/12/"},"name":"起死回生"}],"past_values":[],"power":null,"pp":15,"priority":0,"stat_changes":[],"super_contest_effect":{"url":"https://pokeapi.co/api/v2/super-contest-effect/15/"},"target":{"name":"selected-pokemon","url":"https://pokeapi.co/api/v2/move-target/10/"},"type":{"name":"fighting","url":"https://pokeapi.co/api/v2/type/2/"}}