{"accuracy":null,"contest_combos":{"normal":{"use_after":null,"use_before":[{"name":"rest","url":"https://pokeapi.co/api/v2/move/156/"}]},"super":{"use_after":null,"use_before":null}},"contest_effect":{"url":"https://pokeapi.co/api/v2/contest-effect/32/"},"contest_type":{"name":"cute","url":"https://pokeapi.co/api/v2/contest-type/3/"},"damage_class":{"name":"status","url":"https://pokeapi.co/api/v2/move-damage-class/1/"},"effect_chance":null,"effect_changes":[],"effect_entries":[{"effect":"User pays half its max HP to raise its Attack to +6 stages.  If the user cannot pay the HP cost, this move will fail.","language":{"name":"en","url":"https://pokeapi.co/api/v2/language/9/"},"short_effect":"User pays half its max HP to max out its Attack."}],"flavor_text_entries":[{"flavor_text":"Reduces own HP to\nmaximize ATTACK.","language":{"name":"en","url":"https://pokeapi.co/api/v2/language/9/"},"version_group":{"name":"gold-silver","url":"https://pokeapi.co/api/v2/version-group/3/"}},{"flavor_text":"Reduces own HP to\nmaximize ATTACK.","language":{"name":"en","url":"https://pokeapi.co/api/v2/language/9/"},"version_group":{"name":"crystal","url":"https://pokeapi.co/api/v2/version-group/4/"}},{"flavor_text":"Maximizes ATTACK while\nsacrificing HP.","language":{"name":"en","url":"https://pokeapi.co/api/v2/language/9/"},"version_group":{"name":"ruby-sapphire","url":"https://pokeapi.co/api/v2/version-group/5/"}},{"flavor_text":"Maximizes ATTACK while\nsacrificing HP.","language":{"name":"en","url":"https://pokeapi.co/api/v2/language/9/"},"version_group":{"name":"emerald","url":"https://pokeapi.co/api/v2/version-group/6/"}},{"flavor_text":"The user maximizes\nits ATTACK stat at\nthe cost of half\nits full HP.","language":{"name":"en","url":"https://pokeapi.co/api/v2/language/9/"},"version_group":{"name":"firered-leafgreen","url":"https://pokeapi.co/api/v2/version-group/7/"}},{"flavor_text":"The user maximizes\nits Attack stat in\nexchange for HP\nequal to half its max\nHP.","language":{"name":"en","url":"https://pokeapi.co/api/v2/language/9/"},"version_group":{"name":"diamond-pearl","url":"https://pokeapi.co/api/v2/version-group/8/"}},{"flavor_text":"The user maximizes\nits Attack stat in\nexchange for HP\nequal to half its max\nHP.","language":{"name":"en","url":"https://pokeapi.co/api/v2/language/9/"},"version_group":{"name":"platinum","url":"https://pokeapi.co/api/v2/version-group/9/"}},{"flavor_text":"The user maximizes\nits Attack stat in\nexchange for HP\nequal to half its max\nHP.","language":{"name":"en","url":"https://pokeapi.co/api/v2/language/9/"},"version_group":{"name":"heartgold-soulsilver","url":"https://pokeapi.co/api/v2/version-group/10/"}},{"flavor_text":"Améliore l’Attaque au maximum en\nsacrifiant la moitié des PV max.","language":{"name":"fr","url":"https://pokeapi.co/api/v2/language/5/"},"version_group":{"name":"black-white","url":"https://pokeapi.co/api/v2/version-group/11/"}},{"flavor_text":"The user maximizes its Attack stat in\nexchange for HP equal to half its max HP.","language":{"name":"en","url":"https://pokeapi.co/api/v2/language/9/"},"version_group":{"name":"black-white","url":"https://pokeapi.co/api/v2/version-group/11/"}},{"flavor_text":"The user maximizes its Attack stat in\nexchange for HP equal to half its max HP.","language":{"name":"en","url":"https://pokeapi.co/api/v2/language/9/"},"version_group":{"name":"black-2-white-2","url":"https://pokeapi.co/api/v2/version-group/14/"}},{"flavor_text":"じぶんの　ＨＰを　さいだい　ＨＰの\nはんぶん　へらして　じぶんの　こうげきを\nさいだいに　あげる。","language":{"name":"ja-Hrkt","url":"https://pokeapi.co/api/v2/language/1/"},"version_group":{"name":"x-y","url":"https://pokeapi.co/api/v2/version-group/15/"}},{"flavor_text":"자신의 HP를 최대 HP의\n절반만큼 감소시켜 자신의 공격을\n최대로 올린다.","language":{"name":"ko","url":"https://pokeapi.co/api/v2/language/3/"},"version_group":{"name":"x-y","url":"https://pokeapi.co/api/v2/version-group/15/"}},{"flavor_text":"Améliore l’Attaque au maximum en sacrifiant\nla moitié des PV max.","language":{"name":"fr","url":"https://pokeapi.co/api/v2/language/5/"},"version_group":{"name":"x-y","url":"https://pokeapi.co/api/v2/version-group/15/"}},{"flavor_text":"Der Anwender maximiert den Angriffs-Wert\nauf Kosten der Hälfte seiner maximalen KP.","language":{"name":"de","url":"https://pokeapi.co/api/v2/language/6/"},"version_group":{"name":"x-y","url":"https://pokeapi.co/api/v2/version-group/15/"}},{"flavor_text":"Reduce la mitad de los PS máximos para mejorar\nal máximo el Ataque.","language":{"name":"es","url":"https://pokeapi.co/api/v2/language/7/"},"version_group":{"name":"x-y","url":"https://pokeapi.co/api/v2/version-group/15/"}},{"flavor_text":"Chi la usa massimizza l’Attacco in cambio di metà\ndei PS massimi.","language":{"name":"it","url":"https://pokeapi.co/api/v2/language/8/"},"version_group":{"name":"x-y","url":"https://pokeapi.co/api/v2/version-group/15/"}},{"flavor_text":"The user maximizes its Attack stat in\nexchange for HP equal to half its max HP.","language":{"name":"en","url":"https://pokeapi.co/api/v2/language/9/"},"version_group":{"name":"x-y","url":"https://pokeapi.co/api/v2/version-group/15/"}},{"flavor_text":"自分の　ＨＰを　最大ＨＰの\n半分　減らして　自分の　攻撃を\n最大に　あげる。","language":{"name":"ja","url":"https://pokeapi.co/api/v2/language/11/"},"version_group":{"name":"x-y","url":"https://pokeapi.co/api/v2/version-group/15/"}},{"flavor_text":"じぶんの　ＨＰを　さいだい　ＨＰの\nはんぶん　へらして　じぶんの　こうげきを\nさいだいに　あげる。","language":{"name":"ja-Hrkt","url":"https://pokeapi.co/api/v2/language/1/"},"version_group":{"name":"omega-ruby-alpha-sapphire","url":"https://pokeapi.co/api/v2/version-group/16/"}},{"flavor_text":"자신의 HP를 최대 HP의\n절반만큼 감소시켜 자신의 공격을\n최대로 올린다.","language":{"name":"ko","url":"https://pokeapi.co/api/v2/language/3/"},"version_group":{"name":"omega-ruby-alpha-sapphire","url":"https://pokeapi.co/api/v2/version-group/16/"}},{"flavor_text":"Améliore l’Attaque au maximum en sacrifiant\nla moitié des PV max.","language":{"name":"fr","url":"https://pokeapi.co/api/v2/language/5/"},"version_group":{"name":"omega-ruby-alpha-sapphire","url":"https://pokeapi.co/api/v2/version-group/16/"}},{"flavor_text":"Der Anwender maximiert den Angriffs-Wert\nauf Kosten der Hälfte seiner maximalen KP.","language":{"name":"de","url":"https://pokeapi.co/api/v2/language/6/"},"version_group":{"name":"omega-ruby-alpha-sapphire","url":"https://pokeapi.co/api/v2/version-group/16/"}},{"flavor_text":"Reduce la mitad de los PS máximos para mejorar \nal máximo el Ataque.","language":{"name":"es","url":"https://pokeapi.co/api/v2/language/7/"},"version_group":{"name":"omega-ruby-alpha-sapphire","url":"https://pokeapi.co/api/v2/version-group/16/"}},{"flavor_text":"Chi la usa massimizza l’Attacco in cambio di metà\ndei PS massimi.","language":{"name":"it","url":"https://pokeapi.co/api/v2/language/8/"},"version_group":{"name":"omega-ruby-alpha-sapphire","url":"https://pokeapi.co/api/v2/version-group/16/"}},{"flavor_text":"The user maximizes its Attack stat in\nexchange for HP equal to half its max HP.","language":{"name":"en","url":"https://pokeapi.co/api/v2/language/9/"},"version_group":{"name":"omega-ruby-alpha-sapphire","url":"https://pokeapi.co/api/v2/version-group/16/"}},{"flavor_text":"自分の　ＨＰを　最大ＨＰの\n半分　減らして　自分の　攻撃を\n最大に　あげる。","language":{"name":"ja","url":"https://pokeapi.co/api/v2/language/11/"},"version_group":{"name":"omega-ruby-alpha-sapphire","url":"https://pokeapi.co/api/v2/version-group/16/"}},{"flavor_text":"じぶんの　ＨＰを　さいだい　ＨＰの\nはんぶん　へらして　じぶんの　こうげきを\nさいだいに　あげる。","language":{"name":"ja-Hrkt","url":"https://pokeapi.co/api/v2/language/1/"},"version_group":{"name":"sun-moon","url":"https://pokeapi.co/api/v2/version-group/17/"}},{"flavor_text":"자신의 HP를 최대 HP의\n절반만큼 감소시켜 자신의 공격을\n최대로 올린다.","language":{"name":"ko","url":"https://pokeapi.co/api/v2/language/3/"},"version_group":{"name":"sun-moon","url":"https://pokeapi.co/api/v2/version-group/17/"}},{"flavor_text":"將現有的ＨＰ\n減去最大ＨＰ的一半，\n讓自己的攻擊提高至最大值。","language":{"name":"zh-Hant","url":"https://pokeapi.co/api/v2/language/4/"},"version_group":{"name":"sun-moon","url":"https://pokeapi.co/api/v2/version-group/17/"}},{"flavor_text":"Améliore l’Attaque au maximum en sacrifiant\nla moitié des PV max.","language":{"name":"fr","url":"https://pokeapi.co/api/v2/language/5/"},"version_group":{"name":"sun-moon","url":"https://pokeapi.co/api/v2/version-group/17/"}},{"flavor_text":"Der Anwender maximiert den Angriffs-Wert auf\nKosten der Hälfte seiner maximalen KP.","language":{"name":"de","url":"https://pokeapi.co/api/v2/language/6/"},"version_group":{"name":"sun-moon","url":"https://pokeapi.co/api/v2/version-group/17/"}},{"flavor_text":"Reduce la mitad de los PS máximos para mejorar \nal máximo el Ataque.","language":{"name":"es","url":"https://pokeapi.co/api/v2/language/7/"},"version_group":{"name":"sun-moon","url":"https://pokeapi.co/api/v2/version-group/17/"}},{"flavor_text":"Chi la usa massimizza l’Attacco in cambio di metà\ndei PS massimi.","language":{"name":"it","url":"https://pokeapi.co/api/v2/language/8/"},"version_group":{"name":"sun-moon","url":"https://pokeapi.co/api/v2/version-group/17/"}},{"flavor_text":"The user maximizes its Attack stat in exchange for\nHP equal to half its max HP.","language":{"name":"en","url":"https://pokeapi.co/api/v2/language/9/"},"version_group":{"name":"sun-moon","url":"https://pokeapi.co/api/v2/version-group/17/"}},{"flavor_text":"自分の　ＨＰを　最大ＨＰの\n半分　減らして　自分の　攻撃を\n最大に　あげる。","language":{"name":"ja","url":"https://pokeapi.co/api/v2/language/11/"},"version_group":{"name":"sun-moon","url":"https://pokeapi.co/api/v2/version-group/17/"}},{"flavor_text":"将自己的ＨＰ减少到\n最大ＨＰ的一半，\n从而最大限度提高自己的攻击。","language":{"name":"zh-Hans","url":"https://pokeapi.co/api/v2/language/12/"},"version_group":{"name":"sun-moon","url":"https://pokeapi.co/api/v2/version-group/17/"}},{"flavor_text":"じぶんの　ＨＰを　さいだい　ＨＰの\nはんぶん　へらして　じぶんの　こうげきを\nさいだいに　あげる。","language":{"name":"ja-Hrkt","url":"https://pokeapi.co/api/v2/language/1/"},"version_group":{"name":"ultra-sun-ultra-moon","url":"https://pokeapi.co/api/v2/version-group/18/"}},{"flavor_text":"자신의 HP를 최대 HP의\n절반만큼 감소시켜 자신의 공격을\n최대로 올린다.","language":{"name":"ko","url":"https://pokeapi.co/api/v2/language/3/"},"version_group":{"name":"ultra-sun-ultra-moon","url":"https://pokeapi.co/api/v2/version-group/18/"}},{"flavor_text":"將現有的ＨＰ\n減去最大ＨＰ的一半，\n讓自己的攻擊提高至最大值。","language":{"name":"zh-Hant","url":"https://pokeapi.co/api/v2/language/4/"},"version_group":{"name":"ultra-sun-ultra-moon","url":"https://pokeapi.co/api/v2/version-group/18/"}},{"flavor_text":"Améliore l’Attaque au maximum en sacrifiant\nla moitié des PV max.","language":{"name":"fr","url":"https://pokeapi.co/api/v2/language/5/"},"version_group":{"name":"ultra-sun-ultra-moon","url":"https://pokeapi.co/api/v2/version-group/18/"}},{"flavor_text":"Der Anwender maximiert den Angriffs-Wert auf\nKosten der Hälfte seiner maximalen KP.","language":{"name":"de","url":"https://pokeapi.co/api/v2/language/6/"},"version_group":{"name":"ultra-sun-ultra-moon","url":"https://pokeapi.co/api/v2/version-group/18/"}},{"flavor_text":"Reduce la mitad de los PS máximos para mejorar \nal máximo el Ataque.","language":{"name":"es","url":"https://pokeapi.co/api/v2/language/7/"},"version_group":{"name":"ultra-sun-ultra-moon","url":"https://pokeapi.co/api/v2/version-group/18/"}},{"flavor_text":"Chi la usa massimizza l’Attacco in cambio di metà\ndei PS massimi.","language":{"name":"it","url":"https://pokeapi.co/api/v2/language/8/"},"version_group":{"name":"ultra-sun-ultra-moon","url":"https://pokeapi.co/api/v2/version-group/18/"}},{"flavor_text":"The user maximizes its Attack stat in exchange for\nHP equal to half its max HP.","language":{"name":"en","url":"https://pokeapi.co/api/v2/language/9/"},"version_group":{"name":"ultra-sun-ultra-moon","url":"https://pokeapi.co/api/v2/version-group/18/"}},{"flavor_text":"自分の　ＨＰを　最大ＨＰの\n半分　減らして　自分の　攻撃を\n最大に　あげる。","language":{"name":"ja","url":"https://pokeapi.co/api/v2/language/11/"},"version_group":{"name":"ultra-sun-ultra-moon","url":"https://pokeapi.co/api/v2/version-group/18/"}},{"flavor_text":"将自己的ＨＰ减少到\n最大ＨＰ的一半，\n从而最大限度提高自己的攻击。","language":{"name":"zh-Hans","url":"https://pokeapi.co/api/v2/language/12/"},"version_group":{"name":"ultra-sun-ultra-moon","url":"https://pokeapi.co/api/v2/version-group/18/"}},{"flavor_text":"じぶんの　ＨＰを　さいだい　ＨＰの\nはんぶん　へらして　じぶんの　こうげきを\nさいだいに　あげる。","language":{"name":"ja-Hrkt","url":"https://pokeapi.co/api/v2/language/1/"},"version_group":{"name":"lets-go-pikachu-lets-go-eevee","url":"https://pokeapi.co/api/v2/version-group/19/"}},{"flavor_text":"자신의 HP를 최대 HP의\n절반만큼 감소시켜 자신의 공격을\n최대로 올린다.","language":{"name":"ko","url":"https://pokeapi.co/api/v2/language/3/"},"version_group":{"name":"lets-go-pikachu-lets-go-eevee","url":"https://pokeapi.co/api/v2/version-group/19/"}},{"flavor_text":"將現有的HP\n減去最大HP的一半，\n讓自己的攻擊提高至最大值。","language":{"name":"zh-Hant","url":"https://pokeapi.co/api/v2/language/4/"},"version_group":{"name":"lets-go-pikachu-lets-go-eevee","url":"https://pokeapi.co/api/v2/version-group/19/"}},{"flavor_text":"Améliore l’Attaque au maximum en sacrifiant\nla moitié des PV max.","language":{"name":"fr","url":"https://pokeapi.co/api/v2/language/5/"},"version_group":{"name":"lets-go-pikachu-lets-go-eevee","url":"https://pokeapi.co/api/v2/version-group/19/"}},{"flavor_text":"Der Anwender maximiert den Angriffs-Wert auf\nKosten der Hälfte seiner maximalen KP.","language":{"name":"de","url":"https://pokeapi.co/api/v2/language/6/"},"version_group":{"name":"lets-go-pikachu-lets-go-eevee","url":"https://pokeapi.co/api/v2/version-group/19/"}},{"flavor_text":"Reduce la mitad de los PS máximos para mejorar \nal máximo el Ataque.","language":{"name":"es","url":"https://pokeapi.co/api/v2/language/7/"},"version_group":{"name":"lets-go-pikachu-lets-go-eevee","url":"https://pokeapi.co/api/v2/version-group/19/"}},{"flavor_text":"Chi la usa massimizza l’Attacco in cambio di metà\ndei PS massimi.","language":{"name":"it","url":"https://pokeapi.co/api/v2/language/8/"},"version_group":{"name":"lets-go-pikachu-lets-go-eevee","url":"https://pokeapi.co/api/v2/version-group/19/"}},{"flavor_text":"The user maximizes its Attack stat in exchange for\nHP equal to half its max HP.","language":{"name":"en","url":"https://pokeapi.co/api/v2/language/9/"},"version_group":{"name":"lets-go-pikachu-lets-go-eevee","url":"https://pokeapi.co/api/v2/version-group/19/"}},{"flavor_text":"自分の　ＨＰを　最大ＨＰの\n半分　減らして　自分の　攻撃を\n最大に　あげる。","language":{"name":"ja","url":"https://pokeapi.co/api/v2/language/11/"},"version_group":{"name":"lets-go-pikachu-lets-go-eevee","url":"https://pokeapi.co/api/v2/version-group/19/"}},{"flavor_text":"将自己的HP减少到\n最大HP的一半，\n从而最大限度提高自己的攻击。","language":{"name":"zh-Hans","url":"https://pokeapi.co/api/v2/language/12/"},"version_group":{"name":"lets-go-pikachu-lets-go-eevee","url":"https://pokeapi.co/api/v2/version-group/19/"}},{"flavor_text":"じぶんの　ＨＰを　さいだい　ＨＰの\nはんぶん　へらして　じぶんの　こうげきを\nさいだいに　あげる。","language":{"name":"ja-Hrkt","url":"https://pokeapi.co/api/v2/language/1/"},"version_group":{"name":"sword-shield","url":"https://pokeapi.co/api/v2/version-group/20/"}},{"flavor_text":"자신의 HP를 최대 HP의\n절반만큼 감소시켜 자신의 공격을\n최대로 올린다.","language":{"name":"ko","url":"https://pokeapi.co/api/v2/language/3/"},"version_group":{"name":"sword-shield","url":"https://pokeapi.co/api/v2/version-group/20/"}},{"flavor_text":"將現有的ＨＰ\n減去最大ＨＰ的一半，\n讓自己的攻擊提高至最大值。","language":{"name":"zh-Hant","url":"https://pokeapi.co/api/v2/language/4/"},"version_group":{"name":"sword-shield","url":"https://pokeapi.co/api/v2/version-group/20/"}},{"flavor_text":"Améliore l’Attaque au maximum en sacrifiant la moitié\ndes PV max.","language":{"name":"fr","url":"https://pokeapi.co/api/v2/language/5/"},"version_group":{"name":"sword-shield","url":"https://pokeapi.co/api/v2/version-group/20/"}},{"flavor_text":"Der Anwender maximiert den Angriffs-Wert auf Kosten\nder Hälfte seiner maximalen KP.","language":{"name":"de","url":"https://pokeapi.co/api/v2/language/6/"},"version_group":{"name":"sword-shield","url":"https://pokeapi.co/api/v2/version-group/20/"}},{"flavor_text":"Reduce la mitad de los PS máximos para mejorar al\nmáximo el Ataque.","language":{"name":"es","url":"https://pokeapi.co/api/v2/language/7/"},"version_group":{"name":"sword-shield","url":"https://pokeapi.co/api/v2/version-group/20/"}},{"flavor_text":"Chi la usa massimizza l’Attacco in cambio di metà\ndei PS massimi.","language":{"name":"it","url":"https://pokeapi.co/api/v2/language/8/"},"version_group":{"name":"sword-shield","url":"https://pokeapi.co/api/v2/version-group/20/"}},{"flavor_text":"The user maximizes its Attack stat in exchange for\nHP equal to half its max HP.","language":{"name":"en","url":"https://pokeapi.co/api/v2/language/9/"},"version_group":{"name":"sword-shield","url":"https://pokeapi.co/api/v2/version-group/20/"}},{"flavor_text":"自分の　ＨＰを　最大ＨＰの\n半分　減らして　自分の　攻撃を\n最大に　あげる。","language":{"name":"ja","url":"https://pokeapi.co/api/v2/language/11/"},"version_group":{"name":"sword-shield","url":"https://pokeapi.co/api/v2/version-group/20/"}},{"flavor_text":"将自己的ＨＰ减少到\n最大ＨＰ的一半，\n从而最大限度提高自己的攻击。","language":{"name":"zh-Hans","url":"https://pokeapi.co/api/v2/language/12/"},"version_group":{"name":"sword-shield","url":"https://pokeapi.co/api/v2/version-group/20/"}}],"generation":{"name":"generation-ii","url":"https://pokeapi.co/api/v2/generation/2/"},"id":187,"learned_by_pokemon":[{"name":"charmander","url":"https://pokeapi.co/api/v2/pokemon/4/"},{"name":"poliwag","url":"https://pokeapi.co/api/v2/pokemon/60/"},{"name":"poliwhirl","url":"https://pokeapi.co/api/v2/pokemon/61/"},{"name":"poliwrath","url":"https://pokeapi.co/api/v2/pokemon/62/"},{"name":"slowpoke","url":"https://pokeapi.co/api/v2/pokemon/79/"},{"name":"cubone","url":"https://pokeapi.co/api/v2/pokemon/104/"},{"name":"lickitung","url":"https://pokeapi.co/api/v2/pokemon/108/"},{"name":"snorlax","url":"https://pokeapi.co/api/v2/pokemon/143/"},{"name":"cleffa","url":"https://pokeapi.co/api/v2/pokemon/173/"},{"name":"marill","url":"https://pokeapi.co/api/v2/pokemon/183/"},{"name":"politoed","url":"https://pokeapi.co/api/v2/pokemon/186/"},{"name":"teddiursa","url":"https://pokeapi.co/api/v2/pokemon/216/"},{"name":"magby","url":"https://pokeapi.co/api/v2/pokemon/240/"},{"name":"zigzagoon","url":"https://pokeapi.co/api/v2/pokemon/263/"},{"name":"linoone","url":"https://pokeapi.co/api/v2/pokemon/264/"},{"name":"makuhita","url":"https://pokeapi.co/api/v2/pokemon/296/"},{"name":"hariyama","url":"https://pokeapi.co/api/v2/pokemon/297/"},{"name":"azurill","url":"https://pokeapi.co/api/v2/pokemon/298/"},{"name":"zangoose","url":"https://pokeapi.co/api/v2/pokemon/335/"},{"name":"spheal","url":"https://pokeapi.co/api/v2/pokemon/363/"},{"name":"munchlax","url":"https://pokeapi.co/api/v2/pokemon/446/"},{"name":"lickilicky","url":"https://pokeapi.co/api/v2/pokemon/463/"},{"name":"darumaka","url":"https://pokeapi.co/api/v2/pokemon/554/"},{"name":"darmanitan-standard","url":"https://pokeapi.co/api/v2/pokemon/555/"},{"name":"chespin","url":"https://pokeapi.co/api/v2/pokemon/650/"},{"name":"chesnaught","url":"https://pokeapi.co/api/v2/pokemon/652/"},{"name":"swirlix","url":"https://pokeapi.co/api/v2/pokemon/684/"},{"name":"kommo-o","url":"https://pokeapi.co/api/v2/pokemon/784/"},{"name":"skwovet","url":"https://pokeapi.co/api/v2/pokemon/819/"},{"name":"eiscue-ice","url":"https://pokeapi.co/api/v2/pokemon/875/"},{"name":"cetoddle","url":"https://pokeapi.co/api/v2/pokemon/974/"},{"name":"iron-hands","url":"https://pokeapi.co/api/v2/pokemon/992/"},{"name":"darmanitan-zen","url":"https://pokeapi.co/api/v2/pokemon/10017/"},{"name":"kommo-o-totem","url":"https://pokeapi.co/api/v2/pokemon/10146/"},{"name":"slowpoke-galar","url":"https://pokeapi.co/api/v2/pokemon/10164/"},{"name":"darumaka-galar","url":"https://pokeapi.co/api/v2/pokemon/10176/"},{"name":"darmanitan-galar-standard","url":"https://pokeapi.co/api/v2/pokemon/10177/"},{"name":"darmanitan-galar-zen","url":"https://pokeapi.co/api/v2/pokemon/10178/"},{"name":"eiscue-noice","url":"https://pokeapi.co/api/v2/pokemon/10185/"}],"machines":[],"meta":{"ailment":{"name":"none","url":"https://pokeapi.co/api/v2/move-ailment/0/"},"ailment_chance":0,"category":{"name":"unique","url":"https://pokeapi.co/api/v2/move-category/13/"},"crit_rate":0,"drain":0,"flinch_chance":0,"healing":0,"max_hits":null,"max_turns":null,"min_hits":null,"min_turns":null,"stat_chance":0},"name":"belly-drum","names":[{"language":{"name":"ja-Hrkt","url":"https://pokeapi.co/api/v2/language/1/"},"name":"はらだいこ"},{"language":{"name":"ko","url":"https://pokeapi.co/api/v2/language/3/"},"name":"배북"},{"language":{"name":"zh-Hant","url":"https://pokeapi.co/api/v2/language/4/"},"name":"腹鼓"},{"language":{"name":"fr","url":"https://pokeapi.co/api/v2/language/5/"},"name":"Cognobidon"},{"language":{"name":"de","url":"https://pokeapi.co/api/v2/language/6/"},"name":"Bauchtrommel"},{"language":{"name":"es","url":"https://pokeapi.co/api/v2/language/7/"},"name":"Tambor"},{"language":{"name":"it","url":"https://pokeapi.co/api/v2/language/8/"},"name":"Panciamburo"},{"language":{"name":"en","url":"https://pokeapi.co/api/v2/language/9/"},"name":"Belly Drum"},{"language":{"name":"ja","url":"https://pokeapi.co/api/v2/language/11/"},"name":"はらだいこ"},{"language":{"name":"zh-Hans","url":"https://pokeapi.co/api/v2/language/12/"},"name":"腹鼓"}],"past_values":[],"power":null,"pp":10,"priority":0,"stat_changes":[],"super_contest_effect":{"url":"https://pokeapi.co/api/v2/super-contest-effect/11/"},"target":{"name":"user","url":"https://pokeapi.co/api/v2/move-target/7/"},"type":{"name":"normal","url":"https://pokeapi.co/api/v2/type/1/"}}