{"accuracy":100,"contest_combos":{"normal":{"use_after":[{"name":"charge","url":"https://pokeapi.co/api/v2/move/268/"}],"use_before":null},"super":{"use_after":null,"use_before":null}},"contest_effect":{"url":"https://pokeapi.co/api/v2/contest-effect/4/"},"contest_type":{"name":"cool","url":"https://pokeapi.co/api/v2/contest-type/1/"},"damage_class":{"name":"physical","url":"https://pokeapi.co/api/v2/move-damage-class/2/"},"effect_chance":30,"effect_changes":[],"effect_entries":[{"effect":"Inflicts regular damage.  Has a $effect_chance% chance to paralyze the target.","language":{"name":"en","url":"https://pokeapi.co/api/v2/language/9/"},"short_effect":"Has a $effect_chance% chance to paralyze the target."}],"flavor_text_entries":[{"flavor_text":"An attack that may\ncause paralysis.","language":{"name":"en","url":"https://pokeapi.co/api/v2/language/9/"},"version_group":{"name":"gold-silver","url":"https://pokeapi.co/api/v2/version-group/3/"}},{"flavor_text":"An attack that may\ncause paralysis.","language":{"name":"en","url":"https://pokeapi.co/api/v2/language/9/"},"version_group":{"name":"crystal","url":"https://pokeapi.co/api/v2/version-group/4/"}},{"flavor_text":"An electrified tackle that\nmay paralyze the foe.","language":{"name":"en","url":"https://pokeapi.co/api/v2/language/9/"},"version_group":{"name":"ruby-sapphire","url":"https://pokeapi.co/api/v2/version-group/5/"}},{"flavor_text":"An electrified tackle that\nmay paralyze the foe.","language":{"name":"en","url":"https://pokeapi.co/api/v2/language/9/"},"version_group":{"name":"emerald","url":"https://pokeapi.co/api/v2/version-group/6/"}},{"flavor_text":"An electrically\ncharged tackle that\nmay also paralyze\nthe foe.","language":{"name":"en","url":"https://pokeapi.co/api/v2/language/9/"},"version_group":{"name":"firered-leafgreen","url":"https://pokeapi.co/api/v2/version-group/7/"}},{"flavor_text":"The user throws an\nelectrically charged\ntackle at the foe.\nIt may also leave the\ntarget paralyzed.","language":{"name":"en","url":"https://pokeapi.co/api/v2/language/9/"},"version_group":{"name":"diamond-pearl","url":"https://pokeapi.co/api/v2/version-group/8/"}},{"flavor_text":"The user throws an\nelectrically charged\ntackle at the foe.\nIt may also leave the\ntarget paralyzed.","language":{"name":"en","url":"https://pokeapi.co/api/v2/language/9/"},"version_group":{"name":"platinum","url":"https://pokeapi.co/api/v2/version-group/9/"}},{"flavor_text":"The user throws an\nelectrically charged\ntackle at the foe.\nIt may also leave the\ntarget paralyzed.","language":{"name":"en","url":"https://pokeapi.co/api/v2/language/9/"},"version_group":{"name":"heartgold-soulsilver","url":"https://pokeapi.co/api/v2/version-group/10/"}},{"flavor_text":"Lance une charge électrique sur\nl’ennemi. Peut aussi le paralyser.","language":{"name":"fr","url":"https://pokeapi.co/api/v2/language/5/"},"version_group":{"name":"black-white","url":"https://pokeapi.co/api/v2/version-group/11/"}},{"flavor_text":"The user throws an electrically charged\ntackle at the target. It may also leave\nthe target with paralysis.","language":{"name":"en","url":"https://pokeapi.co/api/v2/language/9/"},"version_group":{"name":"black-white","url":"https://pokeapi.co/api/v2/version-group/11/"}},{"flavor_text":"The user throws an electrically charged\ntackle at the target. It may also leave\nthe target with paralysis.","language":{"name":"en","url":"https://pokeapi.co/api/v2/language/9/"},"version_group":{"name":"black-2-white-2","url":"https://pokeapi.co/api/v2/version-group/14/"}},{"flavor_text":"でんきを　まとい\nあいてに　とっしんして　こうげきする。\nまひ　じょうたいに　することが　ある。","language":{"name":"ja-Hrkt","url":"https://pokeapi.co/api/v2/language/1/"},"version_group":{"name":"x-y","url":"https://pokeapi.co/api/v2/version-group/15/"}},{"flavor_text":"전기를 둘러\n상대에게 돌진하여 공격한다.\n마비 상태로 만들 때가 있다.","language":{"name":"ko","url":"https://pokeapi.co/api/v2/language/3/"},"version_group":{"name":"x-y","url":"https://pokeapi.co/api/v2/version-group/15/"}},{"flavor_text":"Lance une charge électrique sur l’ennemi.\nPeut aussi le paralyser.","language":{"name":"fr","url":"https://pokeapi.co/api/v2/language/5/"},"version_group":{"name":"x-y","url":"https://pokeapi.co/api/v2/version-group/15/"}},{"flavor_text":"Elektro-Hieb, der das Ziel paralysieren kann.","language":{"name":"de","url":"https://pokeapi.co/api/v2/language/6/"},"version_group":{"name":"x-y","url":"https://pokeapi.co/api/v2/version-group/15/"}},{"flavor_text":"Ataque eléctrico que puede llegar a paralizar.","language":{"name":"es","url":"https://pokeapi.co/api/v2/language/7/"},"version_group":{"name":"x-y","url":"https://pokeapi.co/api/v2/version-group/15/"}},{"flavor_text":"Colpisce il bersaglio con una scarica elettrica\ne può anche paralizzarlo.","language":{"name":"it","url":"https://pokeapi.co/api/v2/language/8/"},"version_group":{"name":"x-y","url":"https://pokeapi.co/api/v2/version-group/15/"}},{"flavor_text":"The user throws an electrically charged\ntackle at the target. This may also leave\nthe target with paralysis.","language":{"name":"en","url":"https://pokeapi.co/api/v2/language/9/"},"version_group":{"name":"x-y","url":"https://pokeapi.co/api/v2/version-group/15/"}},{"flavor_text":"電気を　まとい\n相手に　突進して　攻撃する。\nまひ状態に　することが　ある。","language":{"name":"ja","url":"https://pokeapi.co/api/v2/language/11/"},"version_group":{"name":"x-y","url":"https://pokeapi.co/api/v2/version-group/15/"}},{"flavor_text":"でんきを　まとい\nあいてに　とっしんして　こうげきする。\nまひ　じょうたいに　することが　ある。","language":{"name":"ja-Hrkt","url":"https://pokeapi.co/api/v2/language/1/"},"version_group":{"name":"omega-ruby-alpha-sapphire","url":"https://pokeapi.co/api/v2/version-group/16/"}},{"flavor_text":"전기를 둘러\n상대에게 돌진하여 공격한다.\n마비 상태로 만들 때가 있다.","language":{"name":"ko","url":"https://pokeapi.co/api/v2/language/3/"},"version_group":{"name":"omega-ruby-alpha-sapphire","url":"https://pokeapi.co/api/v2/version-group/16/"}},{"flavor_text":"Lance une charge électrique sur l’ennemi.\nPeut aussi le paralyser.","language":{"name":"fr","url":"https://pokeapi.co/api/v2/language/5/"},"version_group":{"name":"omega-ruby-alpha-sapphire","url":"https://pokeapi.co/api/v2/version-group/16/"}},{"flavor_text":"Elektro-Hieb, der das Ziel paralysieren kann.","language":{"name":"de","url":"https://pokeapi.co/api/v2/language/6/"},"version_group":{"name":"omega-ruby-alpha-sapphire","url":"https://pokeapi.co/api/v2/version-group/16/"}},{"flavor_text":"Ataque eléctrico que puede llegar a paralizar.","language":{"name":"es","url":"https://pokeapi.co/api/v2/language/7/"},"version_group":{"name":"omega-ruby-alpha-sapphire","url":"https://pokeapi.co/api/v2/version-group/16/"}},{"flavor_text":"Colpisce il bersaglio con una scarica elettrica\ne può anche paralizzarlo.","language":{"name":"it","url":"https://pokeapi.co/api/v2/language/8/"},"version_group":{"name":"omega-ruby-alpha-sapphire","url":"https://pokeapi.co/api/v2/version-group/16/"}},{"flavor_text":"The user throws an electrically charged\ntackle at the target. This may also leave\nthe target with paralysis.","language":{"name":"en","url":"https://pokeapi.co/api/v2/language/9/"},"version_group":{"name":"omega-ruby-alpha-sapphire","url":"https://pokeapi.co/api/v2/version-group/16/"}},{"flavor_text":"電気を　まとい\n相手に　突進して　攻撃する。\nまひ状態に　することが　ある。","language":{"name":"ja","url":"https://pokeapi.co/api/v2/language/11/"},"version_group":{"name":"omega-ruby-alpha-sapphire","url":"https://pokeapi.co/api/v2/version-group/16/"}},{"flavor_text":"でんきを　まとい\nあいてに　とっしんして　こうげきする。\nまひ　じょうたいに　することが　ある。","language":{"name":"ja-Hrkt","url":"https://pokeapi.co/api/v2/language/1/"},"version_group":{"name":"sun-moon","url":"https://pokeapi.co/api/v2/version-group/17/"}},{"flavor_text":"전기를 둘러\n상대에게 돌진하여 공격한다.\n마비 상태로 만들 때가 있다.","language":{"name":"ko","url":"https://pokeapi.co/api/v2/language/3/"},"version_group":{"name":"sun-moon","url":"https://pokeapi.co/api/v2/version-group/17/"}},{"flavor_text":"用電流圍繞身體，\n猛撞對手進行攻擊。\n有時會讓對手陷入麻痺狀態。","language":{"name":"zh-Hant","url":"https://pokeapi.co/api/v2/language/4/"},"version_group":{"name":"sun-moon","url":"https://pokeapi.co/api/v2/version-group/17/"}},{"flavor_text":"Lance une charge électrique sur l’ennemi.\nPeut aussi le paralyser.","language":{"name":"fr","url":"https://pokeapi.co/api/v2/language/5/"},"version_group":{"name":"sun-moon","url":"https://pokeapi.co/api/v2/version-group/17/"}},{"flavor_text":"Elektro-Hieb, der das Ziel paralysieren kann.","language":{"name":"de","url":"https://pokeapi.co/api/v2/language/6/"},"version_group":{"name":"sun-moon","url":"https://pokeapi.co/api/v2/version-group/17/"}},{"flavor_text":"Ataque eléctrico que puede llegar a paralizar.","language":{"name":"es","url":"https://pokeapi.co/api/v2/language/7/"},"version_group":{"name":"sun-moon","url":"https://pokeapi.co/api/v2/version-group/17/"}},{"flavor_text":"Colpisce il bersaglio con una scarica elettrica\ne può anche paralizzarlo.","language":{"name":"it","url":"https://pokeapi.co/api/v2/language/8/"},"version_group":{"name":"sun-moon","url":"https://pokeapi.co/api/v2/version-group/17/"}},{"flavor_text":"The user throws an electrically charged tackle at the\ntarget. This may also leave the target with paralysis.","language":{"name":"en","url":"https://pokeapi.co/api/v2/language/9/"},"version_group":{"name":"sun-moon","url":"https://pokeapi.co/api/v2/version-group/17/"}},{"flavor_text":"電気を　まとい\n相手に　突進して　攻撃する。\nまひ状態に　することが　ある。","language":{"name":"ja","url":"https://pokeapi.co/api/v2/language/11/"},"version_group":{"name":"sun-moon","url":"https://pokeapi.co/api/v2/version-group/17/"}},{"flavor_text":"让电流覆盖全身，\n猛撞向对手进行攻击。\n有时会让对手陷入麻痹状态。","language":{"name":"zh-Hans","url":"https://pokeapi.co/api/v2/language/12/"},"version_group":{"name":"sun-moon","url":"https://pokeapi.co/api/v2/version-group/17/"}},{"flavor_text":"でんきを　まとい\nあいてに　とっしんして　こうげきする。\nまひ　じょうたいに　することが　ある。","language":{"name":"ja-Hrkt","url":"https://pokeapi.co/api/v2/language/1/"},"version_group":{"name":"ultra-sun-ultra-moon","url":"https://pokeapi.co/api/v2/version-group/18/"}},{"flavor_text":"전기를 둘러\n상대에게 돌진하여 공격한다.\n마비 상태로 만들 때가 있다.","language":{"name":"ko","url":"https://pokeapi.co/api/v2/language/3/"},"version_group":{"name":"ultra-sun-ultra-moon","url":"https://pokeapi.co/api/v2/version-group/18/"}},{"flavor_text":"用電流圍繞身體，\n猛撞對手進行攻擊。\n有時會讓對手陷入麻痺狀態。","language":{"name":"zh-Hant","url":"https://pokeapi.co/api/v2/language/4/"},"version_group":{"name":"ultra-sun-ultra-moon","url":"https://pokeapi.co/api/v2/version-group/18/"}},{"flavor_text":"Lance une charge électrique sur l’ennemi.\nPeut aussi le paralyser.","language":{"name":"fr","url":"https://pokeapi.co/api/v2/language/5/"},"version_group":{"name":"ultra-sun-ultra-moon","url":"https://pokeapi.co/api/v2/version-group/18/"}},{"flavor_text":"Elektro-Hieb, der das Ziel paralysieren kann.","language":{"name":"de","url":"https://pokeapi.co/api/v2/language/6/"},"version_group":{"name":"ultra-sun-ultra-moon","url":"https://pokeapi.co/api/v2/version-group/18/"}},{"flavor_text":"Ataque eléctrico que puede llegar a paralizar.","language":{"name":"es","url":"https://pokeapi.co/api/v2/language/7/"},"version_group":{"name":"ultra-sun-ultra-moon","url":"https://pokeapi.co/api/v2/version-group/18/"}},{"flavor_text":"Colpisce il bersaglio con una scarica elettrica\ne può anche paralizzarlo.","language":{"name":"it","url":"https://pokeapi.co/api/v2/language/8/"},"version_group":{"name":"ultra-sun-ultra-moon","url":"https://pokeapi.co/api/v2/version-group/18/"}},{"flavor_text":"The user throws an electrically charged tackle at the\ntarget. This may also leave the target with paralysis.","language":{"name":"en","url":"https://pokeapi.co/api/v2/language/9/"},"version_group":{"name":"ultra-sun-ultra-moon","url":"https://pokeapi.co/api/v2/version-group/18/"}},{"flavor_text":"電気を　まとい\n相手に　突進して　攻撃する。\nまひ状態に　することが　ある。","language":{"name":"ja","url":"https://pokeapi.co/api/v2/language/11/"},"version_group":{"name":"ultra-sun-ultra-moon","url":"https://pokeapi.co/api/v2/version-group/18/"}},{"flavor_text":"让电流覆盖全身，\n猛撞向对手进行攻击。\n有时会让对手陷入麻痹状态。","language":{"name":"zh-Hans","url":"https://pokeapi.co/api/v2/language/12/"},"version_group":{"name":"ultra-sun-ultra-moon","url":"https://pokeapi.co/api/v2/version-group/18/"}},{"flavor_text":"でんきを　まとい\nあいてに　とっしんして　こうげきする。\nまひ　じょうたいに　することが　ある。","language":{"name":"ja-Hrkt","url":"https://pokeapi.co/api/v2/language/1/"},"version_group":{"name":"lets-go-pikachu-lets-go-eevee","url":"https://pokeapi.co/api/v2/version-group/19/"}},{"flavor_text":"전기를 둘러\n상대에게 돌진하여 공격한다.\n마비 상태로 만들 때가 있다.","language":{"name":"ko","url":"https://pokeapi.co/api/v2/language/3/"},"version_group":{"name":"lets-go-pikachu-lets-go-eevee","url":"https://pokeapi.co/api/v2/version-group/19/"}},{"flavor_text":"用電流圍繞身體，\n猛撞對手進行攻擊。\n有時會讓對手陷入麻痺狀態。","language":{"name":"zh-Hant","url":"https://pokeapi.co/api/v2/language/4/"},"version_group":{"name":"lets-go-pikachu-lets-go-eevee","url":"https://pokeapi.co/api/v2/version-group/19/"}},{"flavor_text":"Lance une charge électrique sur l’ennemi.\nPeut aussi le paralyser.","language":{"name":"fr","url":"https://pokeapi.co/api/v2/language/5/"},"version_group":{"name":"lets-go-pikachu-lets-go-eevee","url":"https://pokeapi.co/api/v2/version-group/19/"}},{"flavor_text":"Elektro-Hieb, der das Ziel paralysieren kann.","language":{"name":"de","url":"https://pokeapi.co/api/v2/language/6/"},"version_group":{"name":"lets-go-pikachu-lets-go-eevee","url":"https://pokeapi.co/api/v2/version-group/19/"}},{"flavor_text":"Ataque eléctrico que puede llegar a paralizar.","language":{"name":"es","url":"https://pokeapi.co/api/v2/language/7/"},"version_group":{"name":"lets-go-pikachu-lets-go-eevee","url":"https://pokeapi.co/api/v2/version-group/19/"}},{"flavor_text":"Colpisce il bersaglio con una scarica elettrica\ne può anche paralizzarlo.","language":{"name":"it","url":"https://pokeapi.co/api/v2/language/8/"},"version_group":{"name":"lets-go-pikachu-lets-go-eevee","url":"https://pokeapi.co/api/v2/version-group/19/"}},{"flavor_text":"The user throws an electrically charged tackle at the\ntarget. This may also leave the target with paralysis.","language":{"name":"en","url":"https://pokeapi.co/api/v2/language/9/"},"version_group":{"name":"lets-go-pikachu-lets-go-eevee","url":"https://pokeapi.co/api/v2/version-group/19/"}},{"flavor_text":"電気を　まとい\n相手に　突進して　攻撃する。\nまひ状態に　することが　ある。","language":{"name":"ja","url":"https://pokeapi.co/api/v2/language/11/"},"version_group":{"name":"lets-go-pikachu-lets-go-eevee","url":"https://pokeapi.co/api/v2/version-group/19/"}},{"flavor_text":"让电流覆盖全身，\n猛撞向对手进行攻击。\n有时会让对手陷入麻痹状态。","language":{"name":"zh-Hans","url":"https://pokeapi.co/api/v2/language/12/"},"version_group":{"name":"lets-go-pikachu-lets-go-eevee","url":"https://pokeapi.co/api/v2/version-group/19/"}},{"flavor_text":"でんきを　まとい\nあいてに　とっしんして　こうげきする。\nまひ　じょうたいに　することが　ある。","language":{"name":"ja-Hrkt","url":"https://pokeapi.co/api/v2/language/1/"},"version_group":{"name":"sword-shield","url":"https://pokeapi.co/api/v2/version-group/20/"}},{"flavor_text":"전기를 둘러\n상대에게 돌진하여 공격한다.\n마비 상태로 만들 때가 있다.","language":{"name":"ko","url":"https://pokeapi.co/api/v2/language/3/"},"version_group":{"name":"sword-shield","url":"https://pokeapi.co/api/v2/version-group/20/"}},{"flavor_text":"用電流圍繞身體，\n猛撞對手進行攻擊。\n有時會讓對手陷入麻痺狀態。","language":{"name":"zh-Hant","url":"https://pokeapi.co/api/v2/language/4/"},"version_group":{"name":"sword-shield","url":"https://pokeapi.co/api/v2/version-group/20/"}},{"flavor_text":"Lance une charge électrique sur l’ennemi.\nPeut aussi le paralyser.","language":{"name":"fr","url":"https://pokeapi.co/api/v2/language/5/"},"version_group":{"name":"sword-shield","url":"https://pokeapi.co/api/v2/version-group/20/"}},{"flavor_text":"Eine Elektro-Attacke, die das Ziel paralysieren kann.","language":{"name":"de","url":"https://pokeapi.co/api/v2/language/6/"},"version_group":{"name":"sword-shield","url":"https://pokeapi.co/api/v2/version-group/20/"}},{"flavor_text":"Ataque eléctrico que puede llegar a paralizar.","language":{"name":"es","url":"https://pokeapi.co/api/v2/language/7/"},"version_group":{"name":"sword-shield","url":"https://pokeapi.co/api/v2/version-group/20/"}},{"flavor_text":"Colpisce il bersaglio con una scarica elettrica\ne può anche paralizzarlo.","language":{"name":"it","url":"https://pokeapi.co/api/v2/language/8/"},"version_group":{"name":"sword-shield","url":"https://pokeapi.co/api/v2/version-group/20/"}},{"flavor_text":"The user throws an electrically charged tackle at the\ntarget. This may also leave the target with paralysis.","language":{"name":"en","url":"https://pokeapi.co/api/v2/language/9/"},"version_group":{"name":"sword-shield","url":"https://pokeapi.co/api/v2/version-group/20/"}},{"flavor_text":"電気を　まとい\n相手に　突進して　攻撃する。\nまひ状態に　することが　ある。","language":{"name":"ja","url":"https://pokeapi.co/api/v2/language/11/"},"version_group":{"name":"sword-shield","url":"https://pokeapi.co/api/v2/version-group/20/"}},{"flavor_text":"让电流覆盖全身，\n猛撞向对手进行攻击。\n有时会让对手陷入麻痹状态。","language":{"name":"zh-Hans","url":"https://pokeapi.co/api/v2/language/12/"},"version_group":{"name":"sword-shield","url":"https://pokeapi.co/api/v2/version-group/20/"}}],"generation":{"name":"generation-ii","url":"https://pokeapi.co/api/v2/generation/2/"},"id":209,"learned_by_pokemon":[{"name":"pikachu","url":"https://pokeapi.co/api/v2/pokemon/25/"},{"name":"raichu","url":"https://pokeapi.co/api/v2/pokemon/26/"},{"name":"magnemite","url":"https://pokeapi.co/api/v2/pokemon/81/"},{"name":"magneton","url":"https://pokeapi.co/api/v2/pokemon/82/"},{"name":"voltorb","url":"https://pokeapi.co/api/v2/pokemon/100/"},{"name":"electrode","url":"https://pokeapi.co/api/v2/pokemon/101/"},{"name":"chinchou","url":"https://pokeapi.co/api/v2/pokemon/170/"},{"name":"lanturn","url":"https://pokeapi.co/api/v2/pokemon/171/"},{"name":"raikou","url":"https://pokeapi.co/api/v2/pokemon/243/"},{"name":"nosepass","url":"https://pokeapi.co/api/v2/pokemon/299/"},{"name":"electrike","url":"https://pokeapi.co/api/v2/pokemon/309/"},{"name":"manectric","url":"https://pokeapi.co/api/v2/pokemon/310/"},{"name":"plusle","url":"https://pokeapi.co/api/v2/pokemon/311/"},{"name":"minun","url":"https://pokeapi.co/api/v2/pokemon/312/"},{"name":"barboach","url":"https://pokeapi.co/api/v2/pokemon/339/"},{"name":"shinx","url":"https://pokeapi.co/api/v2/pokemon/403/"},{"name":"luxio","url":"https://pokeapi.co/api/v2/pokemon/404/"},{"name":"luxray","url":"https://pokeapi.co/api/v2/pokemon/405/"},{"name":"pachirisu","url":"https://pokeapi.co/api/v2/pokemon/417/"},{"name":"magnezone","url":"https://pokeapi.co/api/v2/pokemon/462/"},{"name":"probopass","url":"https://pokeapi.co/api/v2/pokemon/476/"},{"name":"blitzle","url":"https://pokeapi.co/api/v2/pokemon/522/"},{"name":"zebstrika","url":"https://pokeapi.co/api/v2/pokemon/523/"},{"name":"emolga","url":"https://pokeapi.co/api/v2/pokemon/587/"},{"name":"tynamo","url":"https://pokeapi.co/api/v2/pokemon/602/"},{"name":"eelektrik","url":"https://pokeapi.co/api/v2/pokemon/603/"},{"name":"stunfisk","url":"https://pokeapi.co/api/v2/pokemon/618/"},{"name":"grubbin","url":"https://pokeapi.co/api/v2/pokemon/736/"},{"name":"charjabug","url":"https://pokeapi.co/api/v2/pokemon/737/"},{"name":"vikavolt","url":"https://pokeapi.co/api/v2/pokemon/738/"},{"name":"togedemaru","url":"https://pokeapi.co/api/v2/pokemon/777/"},{"name":"tapu-koko","url":"https://pokeapi.co/api/v2/pokemon/785/"},{"name":"xurkitree","url":"https://pokeapi.co/api/v2/pokemon/796/"},{"name":"zeraora","url":"https://pokeapi.co/api/v2/pokemon/807/"},{"name":"yamper","url":"https://pokeapi.co/api/v2/pokemon/835/"},{"name":"boltund","url":"https://pokeapi.co/api/v2/pokemon/836/"},{"name":"toxtricity-amped","url":"https://pokeapi.co/api/v2/pokemon/849/"},{"name":"pincurchin","url":"https://pokeapi.co/api/v2/pokemon/871/"},{"name":"morpeko-full-belly","url":"https://pokeapi.co/api/v2/pokemon/877/"},{"name":"pawmi","url":"https://pokeapi.co/api/v2/pokemon/921/"},{"name":"pawmo","url":"https://pokeapi.co/api/v2/pokemon/922/"},{"name":"pawmot","url":"https://pokeapi.co/api/v2/pokemon/923/"},{"name":"tadbulb","url":"https://pokeapi.co/api/v2/pokemon/938/"},{"name":"bellibolt","url":"https://pokeapi.co/api/v2/pokemon/939/"},{"name":"wattrel","url":"https://pokeapi.co/api/v2/pokemon/940/"},{"name":"kilowattrel","url":"https://pokeapi.co/api/v2/pokemon/941/"},{"name":"sandy-shocks","url":"https://pokeapi.co/api/v2/pokemon/989/"},{"name":"manectric-mega","url":"https://pokeapi.co/api/v2/pokemon/10055/"},{"name":"pikachu-rock-star","url":"https://pokeapi.co/api/v2/pokemon/10080/"},{"name":"pikachu-belle","url":"https://pokeapi.co/api/v2/pokemon/10081/"},{"name":"pikachu-pop-star","url":"https://pokeapi.co/api/v2/pokemon/10082/"},{"name":"pikachu-phd","url":"https://pokeapi.co/api/v2/pokemon/10083/"},{"name":"pikachu-libre","url":"https://pokeapi.co/api/v2/pokemon/10084/"},{"name":"pikachu-cosplay","url":"https://pokeapi.co/api/v2/pokemon/10085/"},{"name":"pikachu-original-cap","url":"https://pokeapi.co/api/v2/pokemon/10094/"},{"name":"pikachu-hoenn-cap","url":"https://pokeapi.co/api/v2/pokemon/10095/"},{"name":"pikachu-sinnoh-cap","url":"https://pokeapi.co/api/v2/pokemon/10096/"},{"name":"pikachu-unova-cap","url":"https://pokeapi.co/api/v2/pokemon/10097/"},{"name":"pikachu-kalos-cap","url":"https://pokeapi.co/api/v2/pokemon/10098/"},{"name":"pikachu-alola-cap","url":"https://pokeapi.co/api/v2/pokemon/10099/"},{"name":"raichu-alola","url":"https://pokeapi.co/api/v2/pokemon/10100/"},{"name":"geodude-alola","url":"https://pokeapi.co/api/v2/pokemon/10109/"},{"name":"graveler-alola","url":"https://pokeapi.co/api/v2/pokemon/10110/"},{"name":"golem-alola","url":"https://pokeapi.co/api/v2/pokemon/10111/"},{"name":"vikavolt-totem","url":"https://pokeapi.co/api/v2/pokemon/10122/"},{"name":"pikachu-partner-cap","url":"https://pokeapi.co/api/v2/pokemon/10148/"},{"name":"togedemaru-totem","url":"https://pokeapi.co/api/v2/pokemon/10154/"},{"name":"pikachu-world-cap","url":"https://pokeapi.co/api/v2/pokemon/10160/"},{"name":"toxtricity-low-key","url":"https://pokeapi.co/api/v2/pokemon/10184/"},{"name":"morpeko-hangry","url":"https://pokeapi.co/api/v2/pokemon/10187/"}],"machines":[],"meta":{"ailment":{"name":"paralysis","url":"https://pokeapi.co/api/v2/move-ailment/1/"},"ailment_chance":30,"category":{"name":"damage+ailment","url":"https://pokeapi.co/api/v2/move-category/4/"},"crit_rate":0,"drain":0,"flinch_chance":0,"healing":0,"max_hits":null,"max_turns":null,"min_hits":null,"min_turns":null,"stat_chance":0},"name":"spark","names":[{"language":{"name":"ja-Hrkt","url":"https://pokeapi.co/api/v2/language/1/"},"name":"スパーク"},{"language":{"name":"ko","url":"https://pokeapi.co/api/v2/language/3/"},"name":"스파크"},{"language":{"name":"zh-Hant","url":"https://pokeapi.co/api/v2/language/4/"},"name":"電光"},{"language":{"name":"fr","url":"https://pokeapi.co/api/v2/language/5/"},"name":"Étincelle"},{"language":{"name":"de","url":"https://pokeapi.co/api/v2/language/6/"},"name":"Funkensprung"},{"language":{"name":"es","url":"https://pokeapi.co/api/v2/language/7/"},"name":"Chispa"},{"language":{"name":"it","url":"https://pokeapi.co/api/v2/language/8/"},"name":"Scintilla"},{"language":{"name":"en","url":"https://pokeapi.co/api/v2/language/9/"},"name":"Spark"},{"language":{"name":"ja","url":"https://pokeapi.co/api/v2/language/11/"},"name":"スパーク"},{"language":{"name":"zh-Hans","url":"https://pokeapi.co/api/v2/language/12/"},"name":"电光"}],"past_values":[],"power":65,"pp":20,"priority":0,"stat_changes":[],"super_contest_effect":{"url":"https://pokeapi.co/api/v2/super-contest-effect/5/"},"target":{"name":"selected-pokemon","url":"https://pokeapi.co/api/v2/move-target/10/"},"type":{"name":"electric","url":"https://pokeapi.co/api/v2/type/13/"}}