{"accuracy":90,"contest_combos":null,"contest_effect":{"url":"https://pokeapi.co/api/v2/contest-effect/12/"},"contest_type":{"name":"cool","url":"https://pokeapi.co/api/v2/contest-type/1/"},"damage_class":{"name":"physical","url":"https://pokeapi.co/api/v2/move-damage-class/2/"},"effect_chance":10,"effect_changes":[],"effect_entries":[{"effect":"Inflicts regular damage. Has a $effect_chance% chance to raise the user's Defense one stage.","language":{"name":"en","url":"https://pokeapi.co/api/v2/language/9/"},"short_effect":"Has a $effect_chance% chance to raise the user's Defense by one stage."}],"flavor_text_entries":[{"flavor_text":"Stiff wings strike\nthe foe.","language":{"name":"en","url":"https://pokeapi.co/api/v2/language/9/"},"version_group":{"name":"gold-silver","url":"https://pokeapi.co/api/v2/version-group/3/"}},{"flavor_text":"Stiff wings strike\nthe foe.","language":{"name":"en","url":"https://pokeapi.co/api/v2/language/9/"},"version_group":{"name":"crystal","url":"https://pokeapi.co/api/v2/version-group/4/"}},{"flavor_text":"Strikes the foe with hard\nwings spread wide.","language":{"name":"en","url":"https://pokeapi.co/api/v2/language/9/"},"version_group":{"name":"ruby-sapphire","url":"https://pokeapi.co/api/v2/version-group/5/"}},{"flavor_text":"Strikes the foe with hard\nwings spread wide.","language":{"name":"en","url":"https://pokeapi.co/api/v2/language/9/"},"version_group":{"name":"emerald","url":"https://pokeapi.co/api/v2/version-group/6/"}},{"flavor_text":"The foe is hit with\nwings of steel.\nIt may also raise\nthe user’s DEFENSE.","language":{"name":"en","url":"https://pokeapi.co/api/v2/language/9/"},"version_group":{"name":"firered-leafgreen","url":"https://pokeapi.co/api/v2/version-group/7/"}},{"flavor_text":"The foe is hit with\nwings of steel.\nIt may also raise the\nuser’s Defense stat.\n","language":{"name":"en","url":"https://pokeapi.co/api/v2/language/9/"},"version_group":{"name":"diamond-pearl","url":"https://pokeapi.co/api/v2/version-group/8/"}},{"flavor_text":"The foe is hit with\nwings of steel.\nIt may also raise the\nuser’s Defense stat.\n","language":{"name":"en","url":"https://pokeapi.co/api/v2/language/9/"},"version_group":{"name":"platinum","url":"https://pokeapi.co/api/v2/version-group/9/"}},{"flavor_text":"The foe is hit with\nwings of steel.\nIt may also raise the\nuser’s Defense stat.\n","language":{"name":"en","url":"https://pokeapi.co/api/v2/language/9/"},"version_group":{"name":"heartgold-soulsilver","url":"https://pokeapi.co/api/v2/version-group/10/"}},{"flavor_text":"Le lanceur frappe l’ennemi avec des\nailes d’acier. Peut aussi augmenter\nla Défense du lanceur.","language":{"name":"fr","url":"https://pokeapi.co/api/v2/language/5/"},"version_group":{"name":"black-white","url":"https://pokeapi.co/api/v2/version-group/11/"}},{"flavor_text":"The target is hit with wings of steel.\nIt may also raise the user’s Defense stat.","language":{"name":"en","url":"https://pokeapi.co/api/v2/language/9/"},"version_group":{"name":"black-white","url":"https://pokeapi.co/api/v2/version-group/11/"}},{"flavor_text":"The target is hit with wings of steel.\nIt may also raise the user’s Defense stat.","language":{"name":"en","url":"https://pokeapi.co/api/v2/language/9/"},"version_group":{"name":"black-2-white-2","url":"https://pokeapi.co/api/v2/version-group/14/"}},{"flavor_text":"かたい　つばさを　あいてに　たたきつけて\nこうげきする。じぶんの　ぼうぎょが\nあがることが　ある。","language":{"name":"ja-Hrkt","url":"https://pokeapi.co/api/v2/language/1/"},"version_group":{"name":"x-y","url":"https://pokeapi.co/api/v2/version-group/15/"}},{"flavor_text":"단단한 날개를 상대에게 부딪쳐서\n공격한다. 자신의 방어가\n올라갈 때가 있다.","language":{"name":"ko","url":"https://pokeapi.co/api/v2/language/3/"},"version_group":{"name":"x-y","url":"https://pokeapi.co/api/v2/version-group/15/"}},{"flavor_text":"Le lanceur frappe l’ennemi avec des ailes d’acier.\nPeut aussi augmenter la Défense du lanceur.","language":{"name":"fr","url":"https://pokeapi.co/api/v2/language/5/"},"version_group":{"name":"x-y","url":"https://pokeapi.co/api/v2/version-group/15/"}},{"flavor_text":"Trifft das Ziel mit Stahlflügeln.\nVerteidigungs-Wert des Anwenders\nsteigt eventuell.","language":{"name":"de","url":"https://pokeapi.co/api/v2/language/6/"},"version_group":{"name":"x-y","url":"https://pokeapi.co/api/v2/version-group/15/"}},{"flavor_text":"Alas macizas que golpean al objetivo y pueden\nsubir la Defensa del usuario.","language":{"name":"es","url":"https://pokeapi.co/api/v2/language/7/"},"version_group":{"name":"x-y","url":"https://pokeapi.co/api/v2/version-group/15/"}},{"flavor_text":"Colpisce il bersaglio con ali d’acciaio. Può anche\naumentare la Difesa di chi la usa.","language":{"name":"it","url":"https://pokeapi.co/api/v2/language/8/"},"version_group":{"name":"x-y","url":"https://pokeapi.co/api/v2/version-group/15/"}},{"flavor_text":"The target is hit with wings of steel.\nThis may also raise the user’s Defense stat.","language":{"name":"en","url":"https://pokeapi.co/api/v2/language/9/"},"version_group":{"name":"x-y","url":"https://pokeapi.co/api/v2/version-group/15/"}},{"flavor_text":"硬い　翼を　相手に　たたきつけて\n攻撃する。自分の　防御が\nあがることが　ある。","language":{"name":"ja","url":"https://pokeapi.co/api/v2/language/11/"},"version_group":{"name":"x-y","url":"https://pokeapi.co/api/v2/version-group/15/"}},{"flavor_text":"かたい　つばさを　あいてに　たたきつけて\nこうげきする。じぶんの　ぼうぎょが\nあがることが　ある。","language":{"name":"ja-Hrkt","url":"https://pokeapi.co/api/v2/language/1/"},"version_group":{"name":"omega-ruby-alpha-sapphire","url":"https://pokeapi.co/api/v2/version-group/16/"}},{"flavor_text":"단단한 날개를 상대에게 부딪쳐서\n공격한다. 자신의 방어가\n올라갈 때가 있다.","language":{"name":"ko","url":"https://pokeapi.co/api/v2/language/3/"},"version_group":{"name":"omega-ruby-alpha-sapphire","url":"https://pokeapi.co/api/v2/version-group/16/"}},{"flavor_text":"Le lanceur frappe l’ennemi avec des ailes d’acier.\nPeut aussi augmenter la Défense du lanceur.","language":{"name":"fr","url":"https://pokeapi.co/api/v2/language/5/"},"version_group":{"name":"omega-ruby-alpha-sapphire","url":"https://pokeapi.co/api/v2/version-group/16/"}},{"flavor_text":"Trifft das Ziel mit Stahlflügeln.\nVerteidigungs-Wert des Anwenders\nsteigt eventuell.","language":{"name":"de","url":"https://pokeapi.co/api/v2/language/6/"},"version_group":{"name":"omega-ruby-alpha-sapphire","url":"https://pokeapi.co/api/v2/version-group/16/"}},{"flavor_text":"Alas macizas que golpean al objetivo y pueden subir \nla Defensa del usuario.","language":{"name":"es","url":"https://pokeapi.co/api/v2/language/7/"},"version_group":{"name":"omega-ruby-alpha-sapphire","url":"https://pokeapi.co/api/v2/version-group/16/"}},{"flavor_text":"Colpisce il bersaglio con ali d’acciaio. Può anche\naumentare la Difesa di chi la usa.","language":{"name":"it","url":"https://pokeapi.co/api/v2/language/8/"},"version_group":{"name":"omega-ruby-alpha-sapphire","url":"https://pokeapi.co/api/v2/version-group/16/"}},{"flavor_text":"The target is hit with wings of steel.\nThis may also raise the user’s Defense stat.","language":{"name":"en","url":"https://pokeapi.co/api/v2/language/9/"},"version_group":{"name":"omega-ruby-alpha-sapphire","url":"https://pokeapi.co/api/v2/version-group/16/"}},{"flavor_text":"硬い　翼を　相手に　たたきつけて\n攻撃する。自分の　防御が\nあがることが　ある。","language":{"name":"ja","url":"https://pokeapi.co/api/v2/language/11/"},"version_group":{"name":"omega-ruby-alpha-sapphire","url":"https://pokeapi.co/api/v2/version-group/16/"}},{"flavor_text":"かたい　つばさを　あいてに　たたきつけて\nこうげきする。　じぶんの　ぼうぎょが\nあがることが　ある。","language":{"name":"ja-Hrkt","url":"https://pokeapi.co/api/v2/language/1/"},"version_group":{"name":"sun-moon","url":"https://pokeapi.co/api/v2/version-group/17/"}},{"flavor_text":"단단한 날개를 상대에게 부딪쳐서\n공격한다. 자신의 방어가\n올라갈 때가 있다.","language":{"name":"ko","url":"https://pokeapi.co/api/v2/language/3/"},"version_group":{"name":"sun-moon","url":"https://pokeapi.co/api/v2/version-group/17/"}},{"flavor_text":"用堅硬的翅膀撞擊\n對手進行攻擊。\n有時會提高自己的防禦。","language":{"name":"zh-Hant","url":"https://pokeapi.co/api/v2/language/4/"},"version_group":{"name":"sun-moon","url":"https://pokeapi.co/api/v2/version-group/17/"}},{"flavor_text":"Le lanceur frappe l’ennemi avec des ailes d’acier.\nPeut aussi augmenter la Défense du lanceur.","language":{"name":"fr","url":"https://pokeapi.co/api/v2/language/5/"},"version_group":{"name":"sun-moon","url":"https://pokeapi.co/api/v2/version-group/17/"}},{"flavor_text":"Trifft das Ziel mit Stahlflügeln. Verteidigungs-Wert\ndes Anwenders steigt eventuell.","language":{"name":"de","url":"https://pokeapi.co/api/v2/language/6/"},"version_group":{"name":"sun-moon","url":"https://pokeapi.co/api/v2/version-group/17/"}},{"flavor_text":"Alas macizas que golpean al objetivo y pueden subir \nla Defensa del usuario.","language":{"name":"es","url":"https://pokeapi.co/api/v2/language/7/"},"version_group":{"name":"sun-moon","url":"https://pokeapi.co/api/v2/version-group/17/"}},{"flavor_text":"Colpisce il bersaglio con ali d’acciaio. Può anche\naumentare la Difesa di chi la usa.","language":{"name":"it","url":"https://pokeapi.co/api/v2/language/8/"},"version_group":{"name":"sun-moon","url":"https://pokeapi.co/api/v2/version-group/17/"}},{"flavor_text":"The target is hit with wings of steel. This may also\nraise the user’s Defense stat.","language":{"name":"en","url":"https://pokeapi.co/api/v2/language/9/"},"version_group":{"name":"sun-moon","url":"https://pokeapi.co/api/v2/version-group/17/"}},{"flavor_text":"硬い　翼を　相手に　たたきつけて\n攻撃する。　自分の　防御が\nあがることが　ある。","language":{"name":"ja","url":"https://pokeapi.co/api/v2/language/11/"},"version_group":{"name":"sun-moon","url":"https://pokeapi.co/api/v2/version-group/17/"}},{"flavor_text":"用坚硬的翅膀敲打\n对手进行攻击。\n有时会提高自己的防御。","language":{"name":"zh-Hans","url":"https://pokeapi.co/api/v2/language/12/"},"version_group":{"name":"sun-moon","url":"https://pokeapi.co/api/v2/version-group/17/"}},{"flavor_text":"かたい　つばさを　あいてに　たたきつけて\nこうげきする。　じぶんの　ぼうぎょが\nあがることが　ある。","language":{"name":"ja-Hrkt","url":"https://pokeapi.co/api/v2/language/1/"},"version_group":{"name":"ultra-sun-ultra-moon","url":"https://pokeapi.co/api/v2/version-group/18/"}},{"flavor_text":"단단한 날개를 상대에게 부딪쳐서\n공격한다. 자신의 방어가\n올라갈 때가 있다.","language":{"name":"ko","url":"https://pokeapi.co/api/v2/language/3/"},"version_group":{"name":"ultra-sun-ultra-moon","url":"https://pokeapi.co/api/v2/version-group/18/"}},{"flavor_text":"用堅硬的翅膀撞擊\n對手進行攻擊。\n有時會提高自己的防禦。","language":{"name":"zh-Hant","url":"https://pokeapi.co/api/v2/language/4/"},"version_group":{"name":"ultra-sun-ultra-moon","url":"https://pokeapi.co/api/v2/version-group/18/"}},{"flavor_text":"Le lanceur frappe l’ennemi avec des ailes d’acier.\nPeut aussi augmenter la Défense du lanceur.","language":{"name":"fr","url":"https://pokeapi.co/api/v2/language/5/"},"version_group":{"name":"ultra-sun-ultra-moon","url":"https://pokeapi.co/api/v2/version-group/18/"}},{"flavor_text":"Trifft das Ziel mit Stahlflügeln. Verteidigungs-Wert\ndes Anwenders steigt eventuell.","language":{"name":"de","url":"https://pokeapi.co/api/v2/language/6/"},"version_group":{"name":"ultra-sun-ultra-moon","url":"https://pokeapi.co/api/v2/version-group/18/"}},{"flavor_text":"Alas macizas que golpean al objetivo y pueden subir \nla Defensa del usuario.","language":{"name":"es","url":"https://pokeapi.co/api/v2/language/7/"},"version_group":{"name":"ultra-sun-ultra-moon","url":"https://pokeapi.co/api/v2/version-group/18/"}},{"flavor_text":"Colpisce il bersaglio con ali d’acciaio. Può anche\naumentare la Difesa di chi la usa.","language":{"name":"it","url":"https://pokeapi.co/api/v2/language/8/"},"version_group":{"name":"ultra-sun-ultra-moon","url":"https://pokeapi.co/api/v2/version-group/18/"}},{"flavor_text":"The target is hit with wings of steel. This may also\nraise the user’s Defense stat.","language":{"name":"en","url":"https://pokeapi.co/api/v2/language/9/"},"version_group":{"name":"ultra-sun-ultra-moon","url":"https://pokeapi.co/api/v2/version-group/18/"}},{"flavor_text":"硬い　翼を　相手に　たたきつけて\n攻撃する。　自分の　防御が\nあがることが　ある。","language":{"name":"ja","url":"https://pokeapi.co/api/v2/language/11/"},"version_group":{"name":"ultra-sun-ultra-moon","url":"https://pokeapi.co/api/v2/version-group/18/"}},{"flavor_text":"用坚硬的翅膀敲打\n对手进行攻击。\n有时会提高自己的防御。","language":{"name":"zh-Hans","url":"https://pokeapi.co/api/v2/language/12/"},"version_group":{"name":"ultra-sun-ultra-moon","url":"https://pokeapi.co/api/v2/version-group/18/"}},{"flavor_text":"かたい　つばさを　あいてに　たたきつけて\nこうげきする。　じぶんの　ぼうぎょが\nあがることが　ある。","language":{"name":"ja-Hrkt","url":"https://pokeapi.co/api/v2/language/1/"},"version_group":{"name":"lets-go-pikachu-lets-go-eevee","url":"https://pokeapi.co/api/v2/version-group/19/"}},{"flavor_text":"단단한 날개를 상대에게 부딪쳐서\n공격한다. 자신의 방어가\n올라갈 때가 있다.","language":{"name":"ko","url":"https://pokeapi.co/api/v2/language/3/"},"version_group":{"name":"lets-go-pikachu-lets-go-eevee","url":"https://pokeapi.co/api/v2/version-group/19/"}},{"flavor_text":"用堅硬的翅膀撞擊\n對手進行攻擊。\n有時會提高自己的防禦。","language":{"name":"zh-Hant","url":"https://pokeapi.co/api/v2/language/4/"},"version_group":{"name":"lets-go-pikachu-lets-go-eevee","url":"https://pokeapi.co/api/v2/version-group/19/"}},{"flavor_text":"Le lanceur frappe l’ennemi avec des ailes d’acier.\nPeut aussi augmenter la Défense du lanceur.","language":{"name":"fr","url":"https://pokeapi.co/api/v2/language/5/"},"version_group":{"name":"lets-go-pikachu-lets-go-eevee","url":"https://pokeapi.co/api/v2/version-group/19/"}},{"flavor_text":"Trifft das Ziel mit Stahlflügeln. Verteidigungs-Wert\ndes Anwenders steigt eventuell.","language":{"name":"de","url":"https://pokeapi.co/api/v2/language/6/"},"version_group":{"name":"lets-go-pikachu-lets-go-eevee","url":"https://pokeapi.co/api/v2/version-group/19/"}},{"flavor_text":"Alas macizas que golpean al objetivo y pueden subir \nla Defensa del usuario.","language":{"name":"es","url":"https://pokeapi.co/api/v2/language/7/"},"version_group":{"name":"lets-go-pikachu-lets-go-eevee","url":"https://pokeapi.co/api/v2/version-group/19/"}},{"flavor_text":"Colpisce il bersaglio con ali d’acciaio. Può anche\naumentare la Difesa di chi la usa.","language":{"name":"it","url":"https://pokeapi.co/api/v2/language/8/"},"version_group":{"name":"lets-go-pikachu-lets-go-eevee","url":"https://pokeapi.co/api/v2/version-group/19/"}},{"flavor_text":"The target is hit with wings of steel. This may also\nraise the user’s Defense stat.","language":{"name":"en","url":"https://pokeapi.co/api/v2/language/9/"},"version_group":{"name":"lets-go-pikachu-lets-go-eevee","url":"https://pokeapi.co/api/v2/version-group/19/"}},{"flavor_text":"硬い　翼を　相手に　たたきつけて\n攻撃する。　自分の　防御が\nあがることが　ある。","language":{"name":"ja","url":"https://pokeapi.co/api/v2/language/11/"},"version_group":{"name":"lets-go-pikachu-lets-go-eevee","url":"https://pokeapi.co/api/v2/version-group/19/"}},{"flavor_text":"用坚硬的翅膀敲打\n对手进行攻击。\n有时会提高自己的防御。","language":{"name":"zh-Hans","url":"https://pokeapi.co/api/v2/language/12/"},"version_group":{"name":"lets-go-pikachu-lets-go-eevee","url":"https://pokeapi.co/api/v2/version-group/19/"}},{"flavor_text":"かたい　つばさを　あいてに　たたきつけて\nこうげきする。　じぶんの　ぼうぎょが\nあがることが　ある。","language":{"name":"ja-Hrkt","url":"https://pokeapi.co/api/v2/language/1/"},"version_group":{"name":"sword-shield","url":"https://pokeapi.co/api/v2/version-group/20/"}},{"flavor_text":"단단한 날개를 상대에게 부딪쳐서\n공격한다. 자신의 방어가\n올라갈 때가 있다.","language":{"name":"ko","url":"https://pokeapi.co/api/v2/language/3/"},"version_group":{"name":"sword-shield","url":"https://pokeapi.co/api/v2/version-group/20/"}},{"flavor_text":"用堅硬的翅膀撞擊\n對手進行攻擊。\n有時會提高自己的防禦。","language":{"name":"zh-Hant","url":"https://pokeapi.co/api/v2/language/4/"},"version_group":{"name":"sword-shield","url":"https://pokeapi.co/api/v2/version-group/20/"}},{"flavor_text":"Le lanceur frappe l’ennemi avec des ailes d’acier.\nPeut aussi augmenter la Défense du lanceur.","language":{"name":"fr","url":"https://pokeapi.co/api/v2/language/5/"},"version_group":{"name":"sword-shield","url":"https://pokeapi.co/api/v2/version-group/20/"}},{"flavor_text":"Trifft das Ziel mit Stahlflügeln. Verteidigungs-Wert des\nAnwenders steigt eventuell.","language":{"name":"de","url":"https://pokeapi.co/api/v2/language/6/"},"version_group":{"name":"sword-shield","url":"https://pokeapi.co/api/v2/version-group/20/"}},{"flavor_text":"Alas macizas que golpean al objetivo y pueden subir \nla Defensa del usuario.","language":{"name":"es","url":"https://pokeapi.co/api/v2/language/7/"},"version_group":{"name":"sword-shield","url":"https://pokeapi.co/api/v2/version-group/20/"}},{"flavor_text":"Colpisce il bersaglio con ali d’acciaio.\nPuò anche aumentare la Difesa di chi la usa.","language":{"name":"it","url":"https://pokeapi.co/api/v2/language/8/"},"version_group":{"name":"sword-shield","url":"https://pokeapi.co/api/v2/version-group/20/"}},{"flavor_text":"The target is hit with wings of steel. This may also\nraise the user’s Defense stat.","language":{"name":"en","url":"https://pokeapi.co/api/v2/language/9/"},"version_group":{"name":"sword-shield","url":"https://pokeapi.co/api/v2/version-group/20/"}},{"flavor_text":"硬い　翼を　相手に　たたきつけて\n攻撃する。　自分の　防御が\nあがることが　ある。","language":{"name":"ja","url":"https://pokeapi.co/api/v2/language/11/"},"version_group":{"name":"sword-shield","url":"https://pokeapi.co/api/v2/version-group/20/"}},{"flavor_text":"用坚硬的翅膀敲打\n对手进行攻击。\n有时会提高自己的防御。","language":{"name":"zh-Hans","url":"https://pokeapi.co/api/v2/language/12/"},"version_group":{"name":"sword-shield","url":"https://pokeapi.co/api/v2/version-group/20/"}}],"generation":{"name":"generation-ii","url":"https://pokeapi.co/api/v2/generation/2/"},"id":211,"learned_by_pokemon":[{"name":"charizard","url":"https://pokeapi.co/api/v2/pokemon/6/"},{"name":"pidgey","url":"https://pokeapi.co/api/v2/pokemon/16/"},{"name":"pidgeotto","url":"https://pokeapi.co/api/v2/pokemon/17/"},{"name":"pidgeot","url":"https://pokeapi.co/api/v2/pokemon/18/"},{"name":"spearow","url":"https://pokeapi.co/api/v2/pokemon/21/"},{"name":"fearow","url":"https://pokeapi.co/api/v2/pokemon/22/"},{"name":"zubat","url":"https://pokeapi.co/api/v2/pokemon/41/"},{"name":"golbat","url":"https://pokeapi.co/api/v2/pokemon/42/"},{"name":"farfetchd","url":"https://pokeapi.co/api/v2/pokemon/83/"},{"name":"doduo","url":"https://pokeapi.co/api/v2/pokemon/84/"},{"name":"dodrio","url":"https://pokeapi.co/api/v2/pokemon/85/"},{"name":"scyther","url":"https://pokeapi.co/api/v2/pokemon/123/"},{"name":"aerodactyl","url":"https://pokeapi.co/api/v2/pokemon/142/"},{"name":"articuno","url":"https://pokeapi.co/api/v2/pokemon/144/"},{"name":"zapdos","url":"https://pokeapi.co/api/v2/pokemon/145/"},{"name":"moltres","url":"https://pokeapi.co/api/v2/pokemon/146/"},{"name":"dragonite","url":"https://pokeapi.co/api/v2/pokemon/149/"},{"name":"mew","url":"https://pokeapi.co/api/v2/pokemon/151/"},{"name":"hoothoot","url":"https://pokeapi.co/api/v2/pokemon/163/"},{"name":"noctowl","url":"https://pokeapi.co/api/v2/pokemon/164/"},{"name":"crobat","url":"https://pokeapi.co/api/v2/pokemon/169/"},{"name":"togetic","url":"https://pokeapi.co/api/v2/pokemon/176/"},{"name":"natu","url":"https://pokeapi.co/api/v2/pokemon/177/"},{"name":"xatu","url":"https://pokeapi.co/api/v2/pokemon/178/"},{"name":"yanma","url":"https://pokeapi.co/api/v2/pokemon/193/"},{"name":"murkrow","url":"https://pokeapi.co/api/v2/pokemon/198/"},{"name":"gligar","url":"https://pokeapi.co/api/v2/pokemon/207/"},{"name":"scizor","url":"https://pokeapi.co/api/v2/pokemon/212/"},{"name":"delibird","url":"https://pokeapi.co/api/v2/pokemon/225/"},{"name":"skarmory","url":"https://pokeapi.co/api/v2/pokemon/227/"},{"name":"lugia","url":"https://pokeapi.co/api/v2/pokemon/249/"},{"name":"ho-oh","url":"https://pokeapi.co/api/v2/pokemon/250/"},{"name":"taillow","url":"https://pokeapi.co/api/v2/pokemon/276/"},{"name":"swellow","url":"https://pokeapi.co/api/v2/pokemon/277/"},{"name":"wingull","url":"https://pokeapi.co/api/v2/pokemon/278/"},{"name":"pelipper","url":"https://pokeapi.co/api/v2/pokemon/279/"},{"name":"vibrava","url":"https://pokeapi.co/api/v2/pokemon/329/"},{"name":"flygon","url":"https://pokeapi.co/api/v2/pokemon/330/"},{"name":"swablu","url":"https://pokeapi.co/api/v2/pokemon/333/"},{"name":"altaria","url":"https://pokeapi.co/api/v2/pokemon/334/"},{"name":"tropius","url":"https://pokeapi.co/api/v2/pokemon/357/"},{"name":"salamence","url":"https://pokeapi.co/api/v2/pokemon/373/"},{"name":"latias","url":"https://pokeapi.co/api/v2/pokemon/380/"},{"name":"latios","url":"https://pokeapi.co/api/v2/pokemon/381/"},{"name":"empoleon","url":"https://pokeapi.co/api/v2/pokemon/395/"},{"name":"starly","url":"https://pokeapi.co/api/v2/pokemon/396/"},{"name":"staravia","url":"https://pokeapi.co/api/v2/pokemon/397/"},{"name":"staraptor","url":"https://pokeapi.co/api/v2/pokemon/398/"},{"name":"honchkrow","url":"https://pokeapi.co/api/v2/pokemon/430/"},{"name":"chatot","url":"https://pokeapi.co/api/v2/pokemon/441/"},{"name":"togekiss","url":"https://pokeapi.co/api/v2/pokemon/468/"},{"name":"yanmega","url":"https://pokeapi.co/api/v2/pokemon/469/"},{"name":"gliscor","url":"https://pokeapi.co/api/v2/pokemon/472/"},{"name":"giratina-altered","url":"https://pokeapi.co/api/v2/pokemon/487/"},{"name":"pidove","url":"https://pokeapi.co/api/v2/pokemon/519/"},{"name":"tranquill","url":"https://pokeapi.co/api/v2/pokemon/520/"},{"name":"unfezant","url":"https://pokeapi.co/api/v2/pokemon/521/"},{"name":"woobat","url":"https://pokeapi.co/api/v2/pokemon/527/"},{"name":"swoobat","url":"https://pokeapi.co/api/v2/pokemon/528/"},{"name":"leavanny","url":"https://pokeapi.co/api/v2/pokemon/542/"},{"name":"sigilyph","url":"https://pokeapi.co/api/v2/pokemon/561/"},{"name":"archen","url":"https://pokeapi.co/api/v2/pokemon/566/"},{"name":"archeops","url":"https://pokeapi.co/api/v2/pokemon/567/"},{"name":"ducklett","url":"https://pokeapi.co/api/v2/pokemon/580/"},{"name":"swanna","url":"https://pokeapi.co/api/v2/pokemon/581/"},{"name":"elgyem","url":"https://pokeapi.co/api/v2/pokemon/605/"},{"name":"beheeyem","url":"https://pokeapi.co/api/v2/pokemon/606/"},{"name":"rufflet","url":"https://pokeapi.co/api/v2/pokemon/627/"},{"name":"braviary","url":"https://pokeapi.co/api/v2/pokemon/628/"},{"name":"vullaby","url":"https://pokeapi.co/api/v2/pokemon/629/"},{"name":"mandibuzz","url":"https://pokeapi.co/api/v2/pokemon/630/"},{"name":"hydreigon","url":"https://pokeapi.co/api/v2/pokemon/635/"},{"name":"reshiram","url":"https://pokeapi.co/api/v2/pokemon/643/"},{"name":"zekrom","url":"https://pokeapi.co/api/v2/pokemon/644/"},{"name":"kyurem","url":"https://pokeapi.co/api/v2/pokemon/646/"},{"name":"fletchling","url":"https://pokeapi.co/api/v2/pokemon/661/"},{"name":"fletchinder","url":"https://pokeapi.co/api/v2/pokemon/662/"},{"name":"talonflame","url":"https://pokeapi.co/api/v2/pokemon/663/"},{"name":"hawlucha","url":"https://pokeapi.co/api/v2/pokemon/701/"},{"name":"noibat","url":"https://pokeapi.co/api/v2/pokemon/714/"},{"name":"noivern","url":"https://pokeapi.co/api/v2/pokemon/715/"},{"name":"yveltal","url":"https://pokeapi.co/api/v2/pokemon/717/"},{"name":"rowlet","url":"https://pokeapi.co/api/v2/pokemon/722/"},{"name":"dartrix","url":"https://pokeapi.co/api/v2/pokemon/723/"},{"name":"decidueye","url":"https://pokeapi.co/api/v2/pokemon/724/"},{"name":"pikipek","url":"https://pokeapi.co/api/v2/pokemon/731/"},{"name":"trumbeak","url":"https://pokeapi.co/api/v2/pokemon/732/"},{"name":"toucannon","url":"https://pokeapi.co/api/v2/pokemon/733/"},{"name":"oricorio-baile","url":"https://pokeapi.co/api/v2/pokemon/741/"},{"name":"silvally","url":"https://pokeapi.co/api/v2/pokemon/773/"},{"name":"drampa","url":"https://pokeapi.co/api/v2/pokemon/780/"},{"name":"tapu-koko","url":"https://pokeapi.co/api/v2/pokemon/785/"},{"name":"corviknight","url":"https://pokeapi.co/api/v2/pokemon/823/"},{"name":"cramorant","url":"https://pokeapi.co/api/v2/pokemon/845/"},{"name":"sirfetchd","url":"https://pokeapi.co/api/v2/pokemon/865/"},{"name":"drakloak","url":"https://pokeapi.co/api/v2/pokemon/886/"},{"name":"dragapult","url":"https://pokeapi.co/api/v2/pokemon/887/"},{"name":"giratina-origin","url":"https://pokeapi.co/api/v2/pokemon/10007/"},{"name":"kyurem-black","url":"https://pokeapi.co/api/v2/pokemon/10022/"},{"name":"kyurem-white","url":"https://pokeapi.co/api/v2/pokemon/10023/"},{"name":"charizard-mega-x","url":"https://pokeapi.co/api/v2/pokemon/10034/"},{"name":"charizard-mega-y","url":"https://pokeapi.co/api/v2/pokemon/10035/"},{"name":"aerodactyl-mega","url":"https://pokeapi.co/api/v2/pokemon/10042/"},{"name":"scizor-mega","url":"https://pokeapi.co/api/v2/pokemon/10046/"},{"name":"latias-mega","url":"https://pokeapi.co/api/v2/pokemon/10062/"},{"name":"latios-mega","url":"https://pokeapi.co/api/v2/pokemon/10063/"},{"name":"altaria-mega","url":"https://pokeapi.co/api/v2/pokemon/10067/"},{"name":"pidgeot-mega","url":"https://pokeapi.co/api/v2/pokemon/10073/"},{"name":"salamence-mega","url":"https://pokeapi.co/api/v2/pokemon/10089/"},{"name":"oricorio-pom-pom","url":"https://pokeapi.co/api/v2/pokemon/10123/"},{"name":"oricorio-pau","url":"https://pokeapi.co/api/v2/pokemon/10124/"},{"name":"oricorio-sensu","url":"https://pokeapi.co/api/v2/pokemon/10125/"},{"name":"farfetchd-galar","url":"https://pokeapi.co/api/v2/pokemon/10166/"},{"name":"articuno-galar","url":"https://pokeapi.co/api/v2/pokemon/10169/"},{"name":"zapdos-galar","url":"https://pokeapi.co/api/v2/pokemon/10170/"},{"name":"moltres-galar","url":"https://pokeapi.co/api/v2/pokemon/10171/"},{"name":"cramorant-gulping","url":"https://pokeapi.co/api/v2/pokemon/10182/"},{"name":"cramorant-gorging","url":"https://pokeapi.co/api/v2/pokemon/10183/"}],"machines":[{"machine":{"url":"https://pokeapi.co/api/v2/machine/601/"},"version_group":{"name":"sword-shield","url":"https://pokeapi.co/api/v2/version-group/20/"}},{"machine":{"url":"https://pokeapi.co/api/v2/machine/924/"},"version_group":{"name":"gold-silver","url":"https://pokeapi.co/api/v2/version-group/3/"}},{"machine":{"url":"https://pokeapi.co/api/v2/machine/925/"},"version_group":{"name":"crystal","url":"https://pokeapi.co/api/v2/version-group/4/"}},{"machine":{"url":"https://pokeapi.co/api/v2/machine/926/"},"version_group":{"name":"ruby-sapphire","url":"https://pokeapi.co/api/v2/version-group/5/"}},{"machine":{"url":"https://pokeapi.co/api/v2/machine/927/"},"version_group":{"name":"emerald","url":"https://pokeapi.co/api/v2/version-group/6/"}},{"machine":{"url":"https://pokeapi.co/api/v2/machine/928/"},"version_group":{"name":"firered-leafgreen","url":"https://pokeapi.co/api/v2/version-group/7/"}},{"machine":{"url":"https://pokeapi.co/api/v2/machine/929/"},"version_group":{"name":"diamond-pearl","url":"https://pokeapi.co/api/v2/version-group/8/"}},{"machine":{"url":"https://pokeapi.co/api/v2/machine/930/"},"version_group":{"name":"platinum","url":"https://pokeapi.co/api/v2/version-group/9/"}},{"machine":{"url":"https://pokeapi.co/api/v2/machine/931/"},"version_group":{"name":"heartgold-soulsilver","url":"https://pokeapi.co/api/v2/version-group/10/"}},{"machine":{"url":"https://pokeapi.co/api/v2/machine/933/"},"version_group":{"name":"colosseum","url":"https://pokeapi.co/api/v2/version-group/12/"}},{"machine":{"url":"https://pokeapi.co/api/v2/machine/934/"},"version_group":{"name":"xd","url":"https://pokeapi.co/api/v2/version-group/13/"}},{"machine":{"url":"https://pokeapi.co/api/v2/machine/1007/"},"version_group":{"name":"x-y","url":"https://pokeapi.co/api/v2/version-group/15/"}},{"machine":{"url":"https://pokeapi.co/api/v2/machine/1008/"},"version_group":{"name":"omega-ruby-alpha-sapphire","url":"https://pokeapi.co/api/v2/version-group/16/"}},{"machine":{"url":"https://pokeapi.co/api/v2/machine/1009/"},"version_group":{"name":"sun-moon","url":"https://pokeapi.co/api/v2/version-group/17/"}},{"machine":{"url":"https://pokeapi.co/api/v2/machine/1010/"},"version_group":{"name":"ultra-sun-ultra-moon","url":"https://pokeapi.co/api/v2/version-group/18/"}}],"meta":{"ailment":{"name":"none","url":"https://pokeapi.co/api/v2/move-ailment/0/"},"ailment_chance":0,"category":{"name":"damage+raise","url":"https://pokeapi.co/api/v2/move-category/7/"},"crit_rate":0,"drain":0,"flinch_chance":0,"healing":0,"max_hits":null,"max_turns":null,"min_hits":null,"min_turns":null,"stat_chance":10},"name":"steel-wing","names":[{"language":{"name":"ja-Hrkt","url":"https://pokeapi.co/api/v2/language/1/"},"name":"はがねのつばさ"},{"language":{"name":"ko","url":"https://pokeapi.co/api/v2/language/3/"},"name":"강철날개"},{"language":{"name":"zh-Hant","url":"https://pokeapi.co/api/v2/language/4/"},"name":"鋼翼"},{"language":{"name":"fr","url":"https://pokeapi.co/api/v2/language/5/"},"name":"Ailes d’Acier"},{"language":{"name":"de","url":"https://pokeapi.co/api/v2/language/6/"},"name":"Stahlflügel"},{"language":{"name":"es","url":"https://pokeapi.co/api/v2/language/7/"},"name":"Ala de Acero"},{"language":{"name":"it","url":"https://pokeapi.co/api/v2/language/8/"},"name":"Alacciaio"},{"language":{"name":"en","url":"https://pokeapi.co/api/v2/language/9/"},"name":"Steel Wing"},{"language":{"name":"ja","url":"https://pokeapi.co/api/v2/language/11/"},"name":"はがねのつばさ"},{"language":{"name":"zh-Hans","url":"https://pokeapi.co/api/v2/language/12/"},"name":"钢翼"}],"past_values":[],"power":70,"pp":25,"priority":0,"stat_changes":[{"change":1,"stat":{"name":"defense","url":"https://pokeapi.co/api/v2/stat/3/"}}],"super_contest_effect":{"url":"https://pokeapi.co/api/v2/super-contest-effect/5/"},"target":{"name":"selected-pokemon","url":"https://pokeapi.co/api/v2/move-target/10/"},"type":{"name":"steel","url":"https://pokeapi.co/api/v2/type/9/"}}