{"accuracy":null,"contest_combos":null,"contest_effect":{"url":"https://pokeapi.co/api/v2/contest-effect/18/"},"contest_type":{"name":"cute","url":"https://pokeapi.co/api/v2/contest-type/3/"},"damage_class":{"name":"status","url":"https://pokeapi.co/api/v2/move-damage-class/1/"},"effect_chance":null,"effect_changes":[],"effect_entries":[{"effect":"User switches out, and the trainer selects a replacement Pokémon from the party.  Stat changes, confusion, and persistent move effects are passed along to the replacement Pokémon.\n\nThe following move effects are passed:\n\n* aqua ring\n* both the user's and target's effect of block, mean look, and spider web\n* the curse effect of curse\n* embargo\n* focus energy or an activated lansat berry\n* gastro acid\n* ingrain\n* being sapped by leech seed\n* being targeted by lock on or mind reader\n* magnet rise\n* perish song's counter\n* power trick\n* substitute; the doll's HP is unchanged\n\nThe replacement Pokémon does not trigger effects that respond to Pokémon switching in.","language":{"name":"en","url":"https://pokeapi.co/api/v2/language/9/"},"short_effect":"Allows the trainer to switch out the user and pass effects along to its replacement."}],"flavor_text_entries":[{"flavor_text":"Switches while\nkeeping effects.","language":{"name":"en","url":"https://pokeapi.co/api/v2/language/9/"},"version_group":{"name":"gold-silver","url":"https://pokeapi.co/api/v2/version-group/3/"}},{"flavor_text":"Switches while\nkeeping effects.","language":{"name":"en","url":"https://pokeapi.co/api/v2/language/9/"},"version_group":{"name":"crystal","url":"https://pokeapi.co/api/v2/version-group/4/"}},{"flavor_text":"Switches out the user while\nkeeping effects in play.","language":{"name":"en","url":"https://pokeapi.co/api/v2/language/9/"},"version_group":{"name":"ruby-sapphire","url":"https://pokeapi.co/api/v2/version-group/5/"}},{"flavor_text":"Switches out the user while\nkeeping effects in play.","language":{"name":"en","url":"https://pokeapi.co/api/v2/language/9/"},"version_group":{"name":"emerald","url":"https://pokeapi.co/api/v2/version-group/6/"}},{"flavor_text":"The user switches\nout, passing along\nany stat changes\nto the new battler.","language":{"name":"en","url":"https://pokeapi.co/api/v2/language/9/"},"version_group":{"name":"firered-leafgreen","url":"https://pokeapi.co/api/v2/version-group/7/"}},{"flavor_text":"The user switches\nplaces with a party\nPokémon in waiting,\npassing along any\nstat changes.","language":{"name":"en","url":"https://pokeapi.co/api/v2/language/9/"},"version_group":{"name":"diamond-pearl","url":"https://pokeapi.co/api/v2/version-group/8/"}},{"flavor_text":"The user switches\nplaces with a party\nPokémon in waiting,\npassing along any\nstat changes.","language":{"name":"en","url":"https://pokeapi.co/api/v2/language/9/"},"version_group":{"name":"platinum","url":"https://pokeapi.co/api/v2/version-group/9/"}},{"flavor_text":"The user switches\nplaces with a party\nPokémon in waiting,\npassing along any\nstat changes.","language":{"name":"en","url":"https://pokeapi.co/api/v2/language/9/"},"version_group":{"name":"heartgold-soulsilver","url":"https://pokeapi.co/api/v2/version-group/10/"}},{"flavor_text":"Le lanceur échange sa place et tout\nchangement de stat avec un Pokémon\nde l’équipe.","language":{"name":"fr","url":"https://pokeapi.co/api/v2/language/5/"},"version_group":{"name":"black-white","url":"https://pokeapi.co/api/v2/version-group/11/"}},{"flavor_text":"The user switches places with a party\nPokémon in waiting, passing along any\nstat changes.","language":{"name":"en","url":"https://pokeapi.co/api/v2/language/9/"},"version_group":{"name":"black-white","url":"https://pokeapi.co/api/v2/version-group/11/"}},{"flavor_text":"The user switches places with a party\nPokémon in waiting, passing along any\nstat changes.","language":{"name":"en","url":"https://pokeapi.co/api/v2/language/9/"},"version_group":{"name":"black-2-white-2","url":"https://pokeapi.co/api/v2/version-group/14/"}},{"flavor_text":"ひかえの　ポケモンと　いれかわる。\nのうりょく　へんかは　かわった\nポケモンが　そのまま　うけつぐ。","language":{"name":"ja-Hrkt","url":"https://pokeapi.co/api/v2/language/1/"},"version_group":{"name":"x-y","url":"https://pokeapi.co/api/v2/version-group/15/"}},{"flavor_text":"교대 포켓몬과 바뀐다.\n능력 변화는 바뀐 포켓몬이\n그대로 이어받는다.","language":{"name":"ko","url":"https://pokeapi.co/api/v2/language/3/"},"version_group":{"name":"x-y","url":"https://pokeapi.co/api/v2/version-group/15/"}},{"flavor_text":"Le lanceur échange sa place et tout changement\nde stat avec un Pokémon de l’équipe.","language":{"name":"fr","url":"https://pokeapi.co/api/v2/language/5/"},"version_group":{"name":"x-y","url":"https://pokeapi.co/api/v2/version-group/15/"}},{"flavor_text":"Tauscht das eigene Pokémon aus.\nAlle Statusveränderungen bleiben bestehen.","language":{"name":"de","url":"https://pokeapi.co/api/v2/language/6/"},"version_group":{"name":"x-y","url":"https://pokeapi.co/api/v2/version-group/15/"}},{"flavor_text":"Cambia el puesto con un compañero y le pasa los\ncambios de características.","language":{"name":"es","url":"https://pokeapi.co/api/v2/language/7/"},"version_group":{"name":"x-y","url":"https://pokeapi.co/api/v2/version-group/15/"}},{"flavor_text":"Chi la usa è sostituito da un Pokémon della\nsquadra, che eredita anche ogni modifica\nalle statistiche.","language":{"name":"it","url":"https://pokeapi.co/api/v2/language/8/"},"version_group":{"name":"x-y","url":"https://pokeapi.co/api/v2/version-group/15/"}},{"flavor_text":"The user switches places with a party\nPokémon in waiting and passes along\nany stat changes.","language":{"name":"en","url":"https://pokeapi.co/api/v2/language/9/"},"version_group":{"name":"x-y","url":"https://pokeapi.co/api/v2/version-group/15/"}},{"flavor_text":"控えの　ポケモンと　入れ替わる。\n能力変化は　替わった\nポケモンが　そのまま　受けつぐ。","language":{"name":"ja","url":"https://pokeapi.co/api/v2/language/11/"},"version_group":{"name":"x-y","url":"https://pokeapi.co/api/v2/version-group/15/"}},{"flavor_text":"ひかえの　ポケモンと　いれかわる。\nのうりょく　へんかは　かわった\nポケモンが　そのまま　うけつぐ。","language":{"name":"ja-Hrkt","url":"https://pokeapi.co/api/v2/language/1/"},"version_group":{"name":"omega-ruby-alpha-sapphire","url":"https://pokeapi.co/api/v2/version-group/16/"}},{"flavor_text":"교대 포켓몬과 바뀐다.\n능력 변화는 바뀐 포켓몬이\n그대로 이어받는다.","language":{"name":"ko","url":"https://pokeapi.co/api/v2/language/3/"},"version_group":{"name":"omega-ruby-alpha-sapphire","url":"https://pokeapi.co/api/v2/version-group/16/"}},{"flavor_text":"Le lanceur échange sa place et tout changement\nde stat avec un Pokémon de l’équipe.","language":{"name":"fr","url":"https://pokeapi.co/api/v2/language/5/"},"version_group":{"name":"omega-ruby-alpha-sapphire","url":"https://pokeapi.co/api/v2/version-group/16/"}},{"flavor_text":"Tauscht das eigene Pokémon aus.\nAlle Statusveränderungen bleiben bestehen.","language":{"name":"de","url":"https://pokeapi.co/api/v2/language/6/"},"version_group":{"name":"omega-ruby-alpha-sapphire","url":"https://pokeapi.co/api/v2/version-group/16/"}},{"flavor_text":"Cambia el puesto con un compañero y le pasa los \ncambios de características.","language":{"name":"es","url":"https://pokeapi.co/api/v2/language/7/"},"version_group":{"name":"omega-ruby-alpha-sapphire","url":"https://pokeapi.co/api/v2/version-group/16/"}},{"flavor_text":"Chi la usa è sostituito da un Pokémon della\nsquadra, che eredita anche ogni modifica\nalle statistiche.","language":{"name":"it","url":"https://pokeapi.co/api/v2/language/8/"},"version_group":{"name":"omega-ruby-alpha-sapphire","url":"https://pokeapi.co/api/v2/version-group/16/"}},{"flavor_text":"The user switches places with a party\nPokémon in waiting and passes along\nany stat changes.","language":{"name":"en","url":"https://pokeapi.co/api/v2/language/9/"},"version_group":{"name":"omega-ruby-alpha-sapphire","url":"https://pokeapi.co/api/v2/version-group/16/"}},{"flavor_text":"控えの　ポケモンと　入れ替わる。\n能力変化は　替わった\nポケモンが　そのまま　受けつぐ。","language":{"name":"ja","url":"https://pokeapi.co/api/v2/language/11/"},"version_group":{"name":"omega-ruby-alpha-sapphire","url":"https://pokeapi.co/api/v2/version-group/16/"}},{"flavor_text":"ひかえの　ポケモンと　いれかわる。\nのうりょく　へんかは　かわった\nポケモンが　そのまま　うけつぐ。","language":{"name":"ja-Hrkt","url":"https://pokeapi.co/api/v2/language/1/"},"version_group":{"name":"sun-moon","url":"https://pokeapi.co/api/v2/version-group/17/"}},{"flavor_text":"교대 포켓몬과 바뀐다.\n능력 변화는 바뀐 포켓몬이\n그대로 이어받는다.","language":{"name":"ko","url":"https://pokeapi.co/api/v2/language/3/"},"version_group":{"name":"sun-moon","url":"https://pokeapi.co/api/v2/version-group/17/"}},{"flavor_text":"與後備寶可夢進行替換。\n替換上場的寶可夢，\n將承接目前寶可夢的能力變化。","language":{"name":"zh-Hant","url":"https://pokeapi.co/api/v2/language/4/"},"version_group":{"name":"sun-moon","url":"https://pokeapi.co/api/v2/version-group/17/"}},{"flavor_text":"Le lanceur échange sa place et tout changement\nde stat avec un Pokémon de l’équipe.","language":{"name":"fr","url":"https://pokeapi.co/api/v2/language/5/"},"version_group":{"name":"sun-moon","url":"https://pokeapi.co/api/v2/version-group/17/"}},{"flavor_text":"Tauscht den Anwender aus und überträgt alle\nStatusveränderungen auf das eingewechselte\nPokémon.","language":{"name":"de","url":"https://pokeapi.co/api/v2/language/6/"},"version_group":{"name":"sun-moon","url":"https://pokeapi.co/api/v2/version-group/17/"}},{"flavor_text":"Cambia el puesto con un compañero y le pasa los \ncambios de características.","language":{"name":"es","url":"https://pokeapi.co/api/v2/language/7/"},"version_group":{"name":"sun-moon","url":"https://pokeapi.co/api/v2/version-group/17/"}},{"flavor_text":"Chi la usa è sostituito da un Pokémon della\nsquadra, che eredita anche ogni modifica\nalle statistiche.","language":{"name":"it","url":"https://pokeapi.co/api/v2/language/8/"},"version_group":{"name":"sun-moon","url":"https://pokeapi.co/api/v2/version-group/17/"}},{"flavor_text":"The user switches places with a party Pokémon in\nwaiting and passes along any stat changes.","language":{"name":"en","url":"https://pokeapi.co/api/v2/language/9/"},"version_group":{"name":"sun-moon","url":"https://pokeapi.co/api/v2/version-group/17/"}},{"flavor_text":"控えの　ポケモンと　入れ替わる。\n能力変化は　替わった\nポケモンが　そのまま　受けつぐ。","language":{"name":"ja","url":"https://pokeapi.co/api/v2/language/11/"},"version_group":{"name":"sun-moon","url":"https://pokeapi.co/api/v2/version-group/17/"}},{"flavor_text":"和后备宝可梦进行替换。\n换上的宝可梦能直接继承\n其能力的变化。","language":{"name":"zh-Hans","url":"https://pokeapi.co/api/v2/language/12/"},"version_group":{"name":"sun-moon","url":"https://pokeapi.co/api/v2/version-group/17/"}},{"flavor_text":"ひかえの　ポケモンと　いれかわる。\nのうりょく　へんかは　かわった\nポケモンが　そのまま　うけつぐ。","language":{"name":"ja-Hrkt","url":"https://pokeapi.co/api/v2/language/1/"},"version_group":{"name":"ultra-sun-ultra-moon","url":"https://pokeapi.co/api/v2/version-group/18/"}},{"flavor_text":"교대 포켓몬과 바뀐다.\n능력 변화는 바뀐 포켓몬이\n그대로 이어받는다.","language":{"name":"ko","url":"https://pokeapi.co/api/v2/language/3/"},"version_group":{"name":"ultra-sun-ultra-moon","url":"https://pokeapi.co/api/v2/version-group/18/"}},{"flavor_text":"與後備寶可夢進行替換。\n替換上場的寶可夢，\n將承接目前寶可夢的能力變化。","language":{"name":"zh-Hant","url":"https://pokeapi.co/api/v2/language/4/"},"version_group":{"name":"ultra-sun-ultra-moon","url":"https://pokeapi.co/api/v2/version-group/18/"}},{"flavor_text":"Le lanceur échange sa place et tout changement\nde stat avec un Pokémon de l’équipe.","language":{"name":"fr","url":"https://pokeapi.co/api/v2/language/5/"},"version_group":{"name":"ultra-sun-ultra-moon","url":"https://pokeapi.co/api/v2/version-group/18/"}},{"flavor_text":"Tauscht den Anwender aus und überträgt alle\nStatusveränderungen auf das eingewechselte\nPokémon.","language":{"name":"de","url":"https://pokeapi.co/api/v2/language/6/"},"version_group":{"name":"ultra-sun-ultra-moon","url":"https://pokeapi.co/api/v2/version-group/18/"}},{"flavor_text":"Cambia el puesto con un compañero y le pasa los \ncambios de características.","language":{"name":"es","url":"https://pokeapi.co/api/v2/language/7/"},"version_group":{"name":"ultra-sun-ultra-moon","url":"https://pokeapi.co/api/v2/version-group/18/"}},{"flavor_text":"Chi la usa è sostituito da un Pokémon della\nsquadra, che eredita anche ogni modifica\nalle statistiche.","language":{"name":"it","url":"https://pokeapi.co/api/v2/language/8/"},"version_group":{"name":"ultra-sun-ultra-moon","url":"https://pokeapi.co/api/v2/version-group/18/"}},{"flavor_text":"The user switches places with a party Pokémon in\nwaiting and passes along any stat changes.","language":{"name":"en","url":"https://pokeapi.co/api/v2/language/9/"},"version_group":{"name":"ultra-sun-ultra-moon","url":"https://pokeapi.co/api/v2/version-group/18/"}},{"flavor_text":"控えの　ポケモンと　入れ替わる。\n能力変化は　替わった\nポケモンが　そのまま　受けつぐ。","language":{"name":"ja","url":"https://pokeapi.co/api/v2/language/11/"},"version_group":{"name":"ultra-sun-ultra-moon","url":"https://pokeapi.co/api/v2/version-group/18/"}},{"flavor_text":"和后备宝可梦进行替换。\n换上的宝可梦能直接继承\n其能力的变化。","language":{"name":"zh-Hans","url":"https://pokeapi.co/api/v2/language/12/"},"version_group":{"name":"ultra-sun-ultra-moon","url":"https://pokeapi.co/api/v2/version-group/18/"}},{"flavor_text":"ひかえの　ポケモンと　いれかわる。\nのうりょく　へんかは　かわった\nポケモンが　そのまま　うけつぐ。","language":{"name":"ja-Hrkt","url":"https://pokeapi.co/api/v2/language/1/"},"version_group":{"name":"lets-go-pikachu-lets-go-eevee","url":"https://pokeapi.co/api/v2/version-group/19/"}},{"flavor_text":"교대 포켓몬과 바뀐다.\n능력 변화는 바뀐 포켓몬이\n그대로 이어받는다.","language":{"name":"ko","url":"https://pokeapi.co/api/v2/language/3/"},"version_group":{"name":"lets-go-pikachu-lets-go-eevee","url":"https://pokeapi.co/api/v2/version-group/19/"}},{"flavor_text":"與後備寶可夢進行替換。\n替換上場的寶可夢，\n將承接目前寶可夢的能力變化。","language":{"name":"zh-Hant","url":"https://pokeapi.co/api/v2/language/4/"},"version_group":{"name":"lets-go-pikachu-lets-go-eevee","url":"https://pokeapi.co/api/v2/version-group/19/"}},{"flavor_text":"Le lanceur échange sa place et tout changement de stat\navec un Pokémon de l’équipe.","language":{"name":"fr","url":"https://pokeapi.co/api/v2/language/5/"},"version_group":{"name":"lets-go-pikachu-lets-go-eevee","url":"https://pokeapi.co/api/v2/version-group/19/"}},{"flavor_text":"Tauscht den Anwender aus und überträgt alle\nStatusveränderungen auf das eingewechselte\nPokémon.","language":{"name":"de","url":"https://pokeapi.co/api/v2/language/6/"},"version_group":{"name":"lets-go-pikachu-lets-go-eevee","url":"https://pokeapi.co/api/v2/version-group/19/"}},{"flavor_text":"Cambia el puesto con otro miembro del equipo y le\npasa los cambios de características.","language":{"name":"es","url":"https://pokeapi.co/api/v2/language/7/"},"version_group":{"name":"lets-go-pikachu-lets-go-eevee","url":"https://pokeapi.co/api/v2/version-group/19/"}},{"flavor_text":"Chi la usa è sostituito da un Pokémon della\nsquadra, che eredita anche ogni modifica\nalle statistiche.","language":{"name":"it","url":"https://pokeapi.co/api/v2/language/8/"},"version_group":{"name":"lets-go-pikachu-lets-go-eevee","url":"https://pokeapi.co/api/v2/version-group/19/"}},{"flavor_text":"The user switches places with a party Pokémon in\nwaiting and passes along any stat changes.","language":{"name":"en","url":"https://pokeapi.co/api/v2/language/9/"},"version_group":{"name":"lets-go-pikachu-lets-go-eevee","url":"https://pokeapi.co/api/v2/version-group/19/"}},{"flavor_text":"控えの　ポケモンと　入れ替わる。\n能力変化は　替わった\nポケモンが　そのまま　受けつぐ。","language":{"name":"ja","url":"https://pokeapi.co/api/v2/language/11/"},"version_group":{"name":"lets-go-pikachu-lets-go-eevee","url":"https://pokeapi.co/api/v2/version-group/19/"}},{"flavor_text":"和后备宝可梦进行替换。\n换上的宝可梦能直接继承\n其能力的变化。","language":{"name":"zh-Hans","url":"https://pokeapi.co/api/v2/language/12/"},"version_group":{"name":"lets-go-pikachu-lets-go-eevee","url":"https://pokeapi.co/api/v2/version-group/19/"}},{"flavor_text":"ひかえの　ポケモンと　いれかわる。\nのうりょく　へんかは　かわった\nポケモンが　そのまま　うけつぐ。","language":{"name":"ja-Hrkt","url":"https://pokeapi.co/api/v2/language/1/"},"version_group":{"name":"sword-shield","url":"https://pokeapi.co/api/v2/version-group/20/"}},{"flavor_text":"교대 포켓몬과 바뀐다.\n능력 변화는 바뀐 포켓몬이\n그대로 이어받는다.","language":{"name":"ko","url":"https://pokeapi.co/api/v2/language/3/"},"version_group":{"name":"sword-shield","url":"https://pokeapi.co/api/v2/version-group/20/"}},{"flavor_text":"與後備寶可夢進行替換。\n替換上場的寶可夢，\n將承接目前寶可夢的能力變化。","language":{"name":"zh-Hant","url":"https://pokeapi.co/api/v2/language/4/"},"version_group":{"name":"sword-shield","url":"https://pokeapi.co/api/v2/version-group/20/"}},{"flavor_text":"Le lanceur échange sa place et tout changement\nde stat avec un Pokémon de l’équipe.","language":{"name":"fr","url":"https://pokeapi.co/api/v2/language/5/"},"version_group":{"name":"sword-shield","url":"https://pokeapi.co/api/v2/version-group/20/"}},{"flavor_text":"Tauscht den Anwender aus und überträgt alle\nStatusveränderungen auf das eingewechselte\nPokémon.","language":{"name":"de","url":"https://pokeapi.co/api/v2/language/6/"},"version_group":{"name":"sword-shield","url":"https://pokeapi.co/api/v2/version-group/20/"}},{"flavor_text":"Cambia el puesto con otro miembro del equipo y le\npasa los cambios de características.","language":{"name":"es","url":"https://pokeapi.co/api/v2/language/7/"},"version_group":{"name":"sword-shield","url":"https://pokeapi.co/api/v2/version-group/20/"}},{"flavor_text":"Chi la usa è sostituito da un Pokémon della squadra,\nche eredita anche ogni modifica alle statistiche.","language":{"name":"it","url":"https://pokeapi.co/api/v2/language/8/"},"version_group":{"name":"sword-shield","url":"https://pokeapi.co/api/v2/version-group/20/"}},{"flavor_text":"The user switches places with a party Pokémon in\nwaiting and passes along any stat changes.","language":{"name":"en","url":"https://pokeapi.co/api/v2/language/9/"},"version_group":{"name":"sword-shield","url":"https://pokeapi.co/api/v2/version-group/20/"}},{"flavor_text":"控えの　ポケモンと　入れ替わる。\n能力変化は　替わった\nポケモンが　そのまま　受けつぐ。","language":{"name":"ja","url":"https://pokeapi.co/api/v2/language/11/"},"version_group":{"name":"sword-shield","url":"https://pokeapi.co/api/v2/version-group/20/"}},{"flavor_text":"和后备宝可梦进行替换。\n换上的宝可梦能直接继承\n其能力的变化。","language":{"name":"zh-Hans","url":"https://pokeapi.co/api/v2/language/12/"},"version_group":{"name":"sword-shield","url":"https://pokeapi.co/api/v2/version-group/20/"}}],"generation":{"name":"generation-ii","url":"https://pokeapi.co/api/v2/generation/2/"},"id":226,"learned_by_pokemon":[{"name":"butterfree","url":"https://pokeapi.co/api/v2/pokemon/12/"},{"name":"clefairy","url":"https://pokeapi.co/api/v2/pokemon/35/"},{"name":"clefable","url":"https://pokeapi.co/api/v2/pokemon/36/"},{"name":"jigglypuff","url":"https://pokeapi.co/api/v2/pokemon/39/"},{"name":"wigglytuff","url":"https://pokeapi.co/api/v2/pokemon/40/"},{"name":"venonat","url":"https://pokeapi.co/api/v2/pokemon/48/"},{"name":"venomoth","url":"https://pokeapi.co/api/v2/pokemon/49/"},{"name":"rapidash","url":"https://pokeapi.co/api/v2/pokemon/78/"},{"name":"farfetchd","url":"https://pokeapi.co/api/v2/pokemon/83/"},{"name":"hypno","url":"https://pokeapi.co/api/v2/pokemon/97/"},{"name":"mr-mime","url":"https://pokeapi.co/api/v2/pokemon/122/"},{"name":"scyther","url":"https://pokeapi.co/api/v2/pokemon/123/"},{"name":"eevee","url":"https://pokeapi.co/api/v2/pokemon/133/"},{"name":"vaporeon","url":"https://pokeapi.co/api/v2/pokemon/134/"},{"name":"jolteon","url":"https://pokeapi.co/api/v2/pokemon/135/"},{"name":"flareon","url":"https://pokeapi.co/api/v2/pokemon/136/"},{"name":"zapdos","url":"https://pokeapi.co/api/v2/pokemon/145/"},{"name":"mew","url":"https://pokeapi.co/api/v2/pokemon/151/"},{"name":"sentret","url":"https://pokeapi.co/api/v2/pokemon/161/"},{"name":"furret","url":"https://pokeapi.co/api/v2/pokemon/162/"},{"name":"ledyba","url":"https://pokeapi.co/api/v2/pokemon/165/"},{"name":"ledian","url":"https://pokeapi.co/api/v2/pokemon/166/"},{"name":"spinarak","url":"https://pokeapi.co/api/v2/pokemon/167/"},{"name":"togepi","url":"https://pokeapi.co/api/v2/pokemon/175/"},{"name":"togetic","url":"https://pokeapi.co/api/v2/pokemon/176/"},{"name":"natu","url":"https://pokeapi.co/api/v2/pokemon/177/"},{"name":"xatu","url":"https://pokeapi.co/api/v2/pokemon/178/"},{"name":"bellossom","url":"https://pokeapi.co/api/v2/pokemon/182/"},{"name":"hoppip","url":"https://pokeapi.co/api/v2/pokemon/187/"},{"name":"skiploom","url":"https://pokeapi.co/api/v2/pokemon/188/"},{"name":"jumpluff","url":"https://pokeapi.co/api/v2/pokemon/189/"},{"name":"aipom","url":"https://pokeapi.co/api/v2/pokemon/190/"},{"name":"espeon","url":"https://pokeapi.co/api/v2/pokemon/196/"},{"name":"umbreon","url":"https://pokeapi.co/api/v2/pokemon/197/"},{"name":"girafarig","url":"https://pokeapi.co/api/v2/pokemon/203/"},{"name":"dunsparce","url":"https://pokeapi.co/api/v2/pokemon/206/"},{"name":"gligar","url":"https://pokeapi.co/api/v2/pokemon/207/"},{"name":"scizor","url":"https://pokeapi.co/api/v2/pokemon/212/"},{"name":"delibird","url":"https://pokeapi.co/api/v2/pokemon/225/"},{"name":"celebi","url":"https://pokeapi.co/api/v2/pokemon/251/"},{"name":"torchic","url":"https://pokeapi.co/api/v2/pokemon/255/"},{"name":"combusken","url":"https://pokeapi.co/api/v2/pokemon/256/"},{"name":"blaziken","url":"https://pokeapi.co/api/v2/pokemon/257/"},{"name":"surskit","url":"https://pokeapi.co/api/v2/pokemon/283/"},{"name":"masquerain","url":"https://pokeapi.co/api/v2/pokemon/284/"},{"name":"ninjask","url":"https://pokeapi.co/api/v2/pokemon/291/"},{"name":"skitty","url":"https://pokeapi.co/api/v2/pokemon/300/"},{"name":"mawile","url":"https://pokeapi.co/api/v2/pokemon/303/"},{"name":"meditite","url":"https://pokeapi.co/api/v2/pokemon/307/"},{"name":"medicham","url":"https://pokeapi.co/api/v2/pokemon/308/"},{"name":"plusle","url":"https://pokeapi.co/api/v2/pokemon/311/"},{"name":"minun","url":"https://pokeapi.co/api/v2/pokemon/312/"},{"name":"volbeat","url":"https://pokeapi.co/api/v2/pokemon/313/"},{"name":"illumise","url":"https://pokeapi.co/api/v2/pokemon/314/"},{"name":"spinda","url":"https://pokeapi.co/api/v2/pokemon/327/"},{"name":"zangoose","url":"https://pokeapi.co/api/v2/pokemon/335/"},{"name":"lunatone","url":"https://pokeapi.co/api/v2/pokemon/337/"},{"name":"solrock","url":"https://pokeapi.co/api/v2/pokemon/338/"},{"name":"absol","url":"https://pokeapi.co/api/v2/pokemon/359/"},{"name":"huntail","url":"https://pokeapi.co/api/v2/pokemon/367/"},{"name":"gorebyss","url":"https://pokeapi.co/api/v2/pokemon/368/"},{"name":"latias","url":"https://pokeapi.co/api/v2/pokemon/380/"},{"name":"latios","url":"https://pokeapi.co/api/v2/pokemon/381/"},{"name":"jirachi","url":"https://pokeapi.co/api/v2/pokemon/385/"},{"name":"kricketune","url":"https://pokeapi.co/api/v2/pokemon/402/"},{"name":"buizel","url":"https://pokeapi.co/api/v2/pokemon/418/"},{"name":"floatzel","url":"https://pokeapi.co/api/v2/pokemon/419/"},{"name":"ambipom","url":"https://pokeapi.co/api/v2/pokemon/424/"},{"name":"drifloon","url":"https://pokeapi.co/api/v2/pokemon/425/"},{"name":"drifblim","url":"https://pokeapi.co/api/v2/pokemon/426/"},{"name":"buneary","url":"https://pokeapi.co/api/v2/pokemon/427/"},{"name":"lopunny","url":"https://pokeapi.co/api/v2/pokemon/428/"},{"name":"mime-jr","url":"https://pokeapi.co/api/v2/pokemon/439/"},{"name":"croagunk","url":"https://pokeapi.co/api/v2/pokemon/453/"},{"name":"toxicroak","url":"https://pokeapi.co/api/v2/pokemon/454/"},{"name":"weavile","url":"https://pokeapi.co/api/v2/pokemon/461/"},{"name":"togekiss","url":"https://pokeapi.co/api/v2/pokemon/468/"},{"name":"leafeon","url":"https://pokeapi.co/api/v2/pokemon/470/"},{"name":"glaceon","url":"https://pokeapi.co/api/v2/pokemon/471/"},{"name":"uxie","url":"https://pokeapi.co/api/v2/pokemon/480/"},{"name":"mesprit","url":"https://pokeapi.co/api/v2/pokemon/481/"},{"name":"azelf","url":"https://pokeapi.co/api/v2/pokemon/482/"},{"name":"victini","url":"https://pokeapi.co/api/v2/pokemon/494/"},{"name":"patrat","url":"https://pokeapi.co/api/v2/pokemon/504/"},{"name":"watchog","url":"https://pokeapi.co/api/v2/pokemon/505/"},{"name":"purrloin","url":"https://pokeapi.co/api/v2/pokemon/509/"},{"name":"liepard","url":"https://pokeapi.co/api/v2/pokemon/510/"},{"name":"munna","url":"https://pokeapi.co/api/v2/pokemon/517/"},{"name":"woobat","url":"https://pokeapi.co/api/v2/pokemon/527/"},{"name":"swoobat","url":"https://pokeapi.co/api/v2/pokemon/528/"},{"name":"sewaddle","url":"https://pokeapi.co/api/v2/pokemon/540/"},{"name":"scolipede","url":"https://pokeapi.co/api/v2/pokemon/545/"},{"name":"deerling","url":"https://pokeapi.co/api/v2/pokemon/585/"},{"name":"sawsbuck","url":"https://pokeapi.co/api/v2/pokemon/586/"},{"name":"emolga","url":"https://pokeapi.co/api/v2/pokemon/587/"},{"name":"alomomola","url":"https://pokeapi.co/api/v2/pokemon/594/"},{"name":"shelmet","url":"https://pokeapi.co/api/v2/pokemon/616/"},{"name":"accelgor","url":"https://pokeapi.co/api/v2/pokemon/617/"},{"name":"mienfoo","url":"https://pokeapi.co/api/v2/pokemon/619/"},{"name":"mienshao","url":"https://pokeapi.co/api/v2/pokemon/620/"},{"name":"durant","url":"https://pokeapi.co/api/v2/pokemon/632/"},{"name":"meloetta-aria","url":"https://pokeapi.co/api/v2/pokemon/648/"},{"name":"flabebe","url":"https://pokeapi.co/api/v2/pokemon/669/"},{"name":"floette","url":"https://pokeapi.co/api/v2/pokemon/670/"},{"name":"florges","url":"https://pokeapi.co/api/v2/pokemon/671/"},{"name":"inkay","url":"https://pokeapi.co/api/v2/pokemon/686/"},{"name":"malamar","url":"https://pokeapi.co/api/v2/pokemon/687/"},{"name":"sylveon","url":"https://pokeapi.co/api/v2/pokemon/700/"},{"name":"hawlucha","url":"https://pokeapi.co/api/v2/pokemon/701/"},{"name":"diancie","url":"https://pokeapi.co/api/v2/pokemon/719/"},{"name":"rowlet","url":"https://pokeapi.co/api/v2/pokemon/722/"},{"name":"dartrix","url":"https://pokeapi.co/api/v2/pokemon/723/"},{"name":"decidueye","url":"https://pokeapi.co/api/v2/pokemon/724/"},{"name":"oricorio-baile","url":"https://pokeapi.co/api/v2/pokemon/741/"},{"name":"cutiefly","url":"https://pokeapi.co/api/v2/pokemon/742/"},{"name":"ribombee","url":"https://pokeapi.co/api/v2/pokemon/743/"},{"name":"passimian","url":"https://pokeapi.co/api/v2/pokemon/766/"},{"name":"pyukumuku","url":"https://pokeapi.co/api/v2/pokemon/771/"},{"name":"magearna","url":"https://pokeapi.co/api/v2/pokemon/801/"},{"name":"scorbunny","url":"https://pokeapi.co/api/v2/pokemon/813/"},{"name":"raboot","url":"https://pokeapi.co/api/v2/pokemon/814/"},{"name":"cinderace","url":"https://pokeapi.co/api/v2/pokemon/815/"},{"name":"sobble","url":"https://pokeapi.co/api/v2/pokemon/816/"},{"name":"drizzile","url":"https://pokeapi.co/api/v2/pokemon/817/"},{"name":"inteleon","url":"https://pokeapi.co/api/v2/pokemon/818/"},{"name":"orbeetle","url":"https://pokeapi.co/api/v2/pokemon/826/"},{"name":"nickit","url":"https://pokeapi.co/api/v2/pokemon/827/"},{"name":"thievul","url":"https://pokeapi.co/api/v2/pokemon/828/"},{"name":"dubwool","url":"https://pokeapi.co/api/v2/pokemon/832/"},{"name":"sinistea","url":"https://pokeapi.co/api/v2/pokemon/854/"},{"name":"polteageist","url":"https://pokeapi.co/api/v2/pokemon/855/"},{"name":"hatenna","url":"https://pokeapi.co/api/v2/pokemon/856/"},{"name":"hattrem","url":"https://pokeapi.co/api/v2/pokemon/857/"},{"name":"hatterene","url":"https://pokeapi.co/api/v2/pokemon/858/"},{"name":"perrserker","url":"https://pokeapi.co/api/v2/pokemon/863/"},{"name":"mr-rime","url":"https://pokeapi.co/api/v2/pokemon/866/"},{"name":"dreepy","url":"https://pokeapi.co/api/v2/pokemon/885/"},{"name":"drakloak","url":"https://pokeapi.co/api/v2/pokemon/886/"},{"name":"dragapult","url":"https://pokeapi.co/api/v2/pokemon/887/"},{"name":"calyrex","url":"https://pokeapi.co/api/v2/pokemon/898/"},{"name":"kleavor","url":"https://pokeapi.co/api/v2/pokemon/900/"},{"name":"quaxly","url":"https://pokeapi.co/api/v2/pokemon/912/"},{"name":"quaxwell","url":"https://pokeapi.co/api/v2/pokemon/913/"},{"name":"quaquaval","url":"https://pokeapi.co/api/v2/pokemon/914/"},{"name":"pawmi","url":"https://pokeapi.co/api/v2/pokemon/921/"},{"name":"pawmo","url":"https://pokeapi.co/api/v2/pokemon/922/"},{"name":"pawmot","url":"https://pokeapi.co/api/v2/pokemon/923/"},{"name":"tandemaus","url":"https://pokeapi.co/api/v2/pokemon/924/"},{"name":"fidough","url":"https://pokeapi.co/api/v2/pokemon/926/"},{"name":"dachsbun","url":"https://pokeapi.co/api/v2/pokemon/927/"},{"name":"shroodle","url":"https://pokeapi.co/api/v2/pokemon/944/"},{"name":"grafaiai","url":"https://pokeapi.co/api/v2/pokemon/945/"},{"name":"flittle","url":"https://pokeapi.co/api/v2/pokemon/955/"},{"name":"espathra","url":"https://pokeapi.co/api/v2/pokemon/956/"},{"name":"tatsugiri","url":"https://pokeapi.co/api/v2/pokemon/978/"},{"name":"farigiraf","url":"https://pokeapi.co/api/v2/pokemon/981/"},{"name":"dudunsparce","url":"https://pokeapi.co/api/v2/pokemon/982/"},{"name":"scream-tail","url":"https://pokeapi.co/api/v2/pokemon/985/"},{"name":"meloetta-pirouette","url":"https://pokeapi.co/api/v2/pokemon/10018/"},{"name":"mawile-mega","url":"https://pokeapi.co/api/v2/pokemon/10052/"},{"name":"absol-mega","url":"https://pokeapi.co/api/v2/pokemon/10057/"},{"name":"lopunny-mega","url":"https://pokeapi.co/api/v2/pokemon/10088/"},{"name":"oricorio-pom-pom","url":"https://pokeapi.co/api/v2/pokemon/10123/"},{"name":"oricorio-pau","url":"https://pokeapi.co/api/v2/pokemon/10124/"},{"name":"oricorio-sensu","url":"https://pokeapi.co/api/v2/pokemon/10125/"},{"name":"magearna-original","url":"https://pokeapi.co/api/v2/pokemon/10147/"},{"name":"rapidash-galar","url":"https://pokeapi.co/api/v2/pokemon/10163/"},{"name":"mr-mime-galar","url":"https://pokeapi.co/api/v2/pokemon/10168/"},{"name":"indeedee-female","url":"https://pokeapi.co/api/v2/pokemon/10186/"},{"name":"calyrex-ice","url":"https://pokeapi.co/api/v2/pokemon/10193/"},{"name":"calyrex-shadow","url":"https://pokeapi.co/api/v2/pokemon/10194/"},{"name":"decidueye-hisui","url":"https://pokeapi.co/api/v2/pokemon/10244/"},{"name":"dudunsparce-three-segment","url":"https://pokeapi.co/api/v2/pokemon/10255/"},{"name":"tatsugiri-droopy","url":"https://pokeapi.co/api/v2/pokemon/10258/"},{"name":"tatsugiri-stretchy","url":"https://pokeapi.co/api/v2/pokemon/10259/"}],"machines":[{"machine":{"url":"https://pokeapi.co/api/v2/machine/1618/"},"version_group":{"name":"sword-shield","url":"https://pokeapi.co/api/v2/version-group/20/"}}],"meta":{"ailment":{"name":"none","url":"https://pokeapi.co/api/v2/move-ailment/0/"},"ailment_chance":0,"category":{"name":"unique","url":"https://pokeapi.co/api/v2/move-category/13/"},"crit_rate":0,"drain":0,"flinch_chance":0,"healing":0,"max_hits":null,"max_turns":null,"min_hits":null,"min_turns":null,"stat_chance":0},"name":"baton-pass","names":[{"language":{"name":"ja-Hrkt","url":"https://pokeapi.co/api/v2/language/1/"},"name":"バトンタッチ"},{"language":{"name":"ko","url":"https://pokeapi.co/api/v2/language/3/"},"name":"바톤터치"},{"language":{"name":"zh-Hant","url":"https://pokeapi.co/api/v2/language/4/"},"name":"接棒"},{"language":{"name":"fr","url":"https://pokeapi.co/api/v2/language/5/"},"name":"Relais"},{"language":{"name":"de","url":"https://pokeapi.co/api/v2/language/6/"},"name":"Stafette"},{"language":{"name":"es","url":"https://pokeapi.co/api/v2/language/7/"},"name":"Relevo"},{"language":{"name":"it","url":"https://pokeapi.co/api/v2/language/8/"},"name":"Staffetta"},{"language":{"name":"en","url":"https://pokeapi.co/api/v2/language/9/"},"name":"Baton Pass"},{"language":{"name":"ja","url":"https://pokeapi.co/api/v2/language/11/"},"name":"バトンタッチ"},{"language":{"name":"zh-Hans","url":"https://pokeapi.co/api/v2/language/12/"},"name":"接棒"}],"past_values":[],"power":null,"pp":40,"priority":0,"stat_changes":[],"super_contest_effect":{"url":"https://pokeapi.co/api/v2/super-contest-effect/16/"},"target":{"name":"user","url":"https://pokeapi.co/api/v2/move-target/7/"},"type":{"name":"normal","url":"https://pokeapi.co/api/v2/type/1/"}}