{"accuracy":null,"contest_combos":{"normal":{"use_after":null,"use_before":[{"name":"fire-punch","url":"https://pokeapi.co/api/v2/move/7/"},{"name":"ember","url":"https://pokeapi.co/api/v2/move/52/"},{"name":"flamethrower","url":"https://pokeapi.co/api/v2/move/53/"},{"name":"solar-beam","url":"https://pokeapi.co/api/v2/move/76/"},{"name":"fire-spin","url":"https://pokeapi.co/api/v2/move/83/"},{"name":"fire-blast","url":"https://pokeapi.co/api/v2/move/126/"},{"name":"flame-wheel","url":"https://pokeapi.co/api/v2/move/172/"},{"name":"sacred-fire","url":"https://pokeapi.co/api/v2/move/221/"},{"name":"morning-sun","url":"https://pokeapi.co/api/v2/move/234/"},{"name":"synthesis","url":"https://pokeapi.co/api/v2/move/235/"},{"name":"moonlight","url":"https://pokeapi.co/api/v2/move/236/"},{"name":"heat-wave","url":"https://pokeapi.co/api/v2/move/257/"},{"name":"will-o-wisp","url":"https://pokeapi.co/api/v2/move/261/"},{"name":"eruption","url":"https://pokeapi.co/api/v2/move/284/"},{"name":"blaze-kick","url":"https://pokeapi.co/api/v2/move/299/"},{"name":"blast-burn","url":"https://pokeapi.co/api/v2/move/307/"},{"name":"weather-ball","url":"https://pokeapi.co/api/v2/move/311/"},{"name":"overheat","url":"https://pokeapi.co/api/v2/move/315/"}]},"super":{"use_after":null,"use_before":null}},"contest_effect":{"url":"https://pokeapi.co/api/v2/contest-effect/11/"},"contest_type":{"name":"beauty","url":"https://pokeapi.co/api/v2/contest-type/2/"},"damage_class":{"name":"status","url":"https://pokeapi.co/api/v2/move-damage-class/1/"},"effect_chance":null,"effect_changes":[],"effect_entries":[{"effect":"Changes the weather to sunshine for five turns, during which fire moves inflict 50% extra damage, and water moves inflict half damage.\n\nIf the user is holding heat rock, this effect lasts for eight turns.\n\nPokémon cannot become frozen.\n\nthunder has 50% accuracy.\n\nsolar beam skips its charge turn.\n\nmoonlight, morning sun, and synthesis heal 2/3 of the user's max HP.\n\nPokémon with chlorophyll have doubled original Speed.\n\nPokémon with forecast become fire.\n\nPokémon with leaf guard are not affected by major status effects.\n\nPokémon with flower gift change form; every Pokémon on their side of the field have their original Attack and Special Attack increased by 50%.\n\nPokémon with dry skin lose 1/8 max HP at the end of each turn.\n\nPokémon with solar power have their original Special Attack raised by 50% but lose 1/8 their max HP at the end of each turn.","language":{"name":"en","url":"https://pokeapi.co/api/v2/language/9/"},"short_effect":"Changes the weather to sunny for five turns."}],"flavor_text_entries":[{"flavor_text":"Boosts fire-type\nmoves for 5 turns.","language":{"name":"en","url":"https://pokeapi.co/api/v2/language/9/"},"version_group":{"name":"gold-silver","url":"https://pokeapi.co/api/v2/version-group/3/"}},{"flavor_text":"Boosts fire-type\nmoves for 5 turns.","language":{"name":"en","url":"https://pokeapi.co/api/v2/language/9/"},"version_group":{"name":"crystal","url":"https://pokeapi.co/api/v2/version-group/4/"}},{"flavor_text":"Boosts the power of FIRE-\ntype moves for 5 turns.","language":{"name":"en","url":"https://pokeapi.co/api/v2/language/9/"},"version_group":{"name":"ruby-sapphire","url":"https://pokeapi.co/api/v2/version-group/5/"}},{"flavor_text":"Boosts the power of FIRE-\ntype moves for 5 turns.","language":{"name":"en","url":"https://pokeapi.co/api/v2/language/9/"},"version_group":{"name":"emerald","url":"https://pokeapi.co/api/v2/version-group/6/"}},{"flavor_text":"The sun blazes for\nfive turns, powering\nup FIRE-type\nmoves.","language":{"name":"en","url":"https://pokeapi.co/api/v2/language/9/"},"version_group":{"name":"firered-leafgreen","url":"https://pokeapi.co/api/v2/version-group/7/"}},{"flavor_text":"The user intensifies\nthe sun for five\nturns, powering up\nFire-type moves.\n","language":{"name":"en","url":"https://pokeapi.co/api/v2/language/9/"},"version_group":{"name":"diamond-pearl","url":"https://pokeapi.co/api/v2/version-group/8/"}},{"flavor_text":"The user intensifies\nthe sun for five\nturns, powering up\nFire-type moves.\n","language":{"name":"en","url":"https://pokeapi.co/api/v2/language/9/"},"version_group":{"name":"platinum","url":"https://pokeapi.co/api/v2/version-group/9/"}},{"flavor_text":"The user intensifies\nthe sun for five\nturns, powering up\nFire-type moves.\n","language":{"name":"en","url":"https://pokeapi.co/api/v2/language/9/"},"version_group":{"name":"heartgold-soulsilver","url":"https://pokeapi.co/api/v2/version-group/10/"}},{"flavor_text":"Fait briller le soleil pendant 5 tours et\naméliore les capacités de type Feu.","language":{"name":"fr","url":"https://pokeapi.co/api/v2/language/5/"},"version_group":{"name":"black-white","url":"https://pokeapi.co/api/v2/version-group/11/"}},{"flavor_text":"The user intensifies the sun for\nfive turns, powering up\nFire-type moves.","language":{"name":"en","url":"https://pokeapi.co/api/v2/language/9/"},"version_group":{"name":"black-white","url":"https://pokeapi.co/api/v2/version-group/11/"}},{"flavor_text":"The user intensifies the sun for\nfive turns, powering up\nFire-type moves.","language":{"name":"en","url":"https://pokeapi.co/api/v2/language/9/"},"version_group":{"name":"black-2-white-2","url":"https://pokeapi.co/api/v2/version-group/14/"}},{"flavor_text":"５ターンの　あいだ　ひざしを\nつよくして　ほのおタイプの\nわざの　いりょくを　あげる。","language":{"name":"ja-Hrkt","url":"https://pokeapi.co/api/v2/language/1/"},"version_group":{"name":"x-y","url":"https://pokeapi.co/api/v2/version-group/15/"}},{"flavor_text":"5턴 동안 햇살을 강하게 해서\n불꽃타입 기술의 위력을 올린다.","language":{"name":"ko","url":"https://pokeapi.co/api/v2/language/3/"},"version_group":{"name":"x-y","url":"https://pokeapi.co/api/v2/version-group/15/"}},{"flavor_text":"Fait briller le soleil pendant cinq tours, augmentant\nla puissance des capacités de type Feu.","language":{"name":"fr","url":"https://pokeapi.co/api/v2/language/5/"},"version_group":{"name":"x-y","url":"https://pokeapi.co/api/v2/version-group/15/"}},{"flavor_text":"Die Sonne brennt unbarmherzig fünf Runden lang.\nDadurch werden Attacken vom Typ Feuer verstärkt.","language":{"name":"de","url":"https://pokeapi.co/api/v2/language/6/"},"version_group":{"name":"x-y","url":"https://pokeapi.co/api/v2/version-group/15/"}},{"flavor_text":"Quien lo usa intensifica el efecto del sol durante\ncinco turnos, lo que potencia los movimientos de\ntipo Fuego.","language":{"name":"es","url":"https://pokeapi.co/api/v2/language/7/"},"version_group":{"name":"x-y","url":"https://pokeapi.co/api/v2/version-group/15/"}},{"flavor_text":"Chi la usa intensifica i raggi solari per\ncinque turni, potenziando le mosse di tipo Fuoco.","language":{"name":"it","url":"https://pokeapi.co/api/v2/language/8/"},"version_group":{"name":"x-y","url":"https://pokeapi.co/api/v2/version-group/15/"}},{"flavor_text":"The user intensifies the sun\nfor five turns, powering up\nFire-type moves.","language":{"name":"en","url":"https://pokeapi.co/api/v2/language/9/"},"version_group":{"name":"x-y","url":"https://pokeapi.co/api/v2/version-group/15/"}},{"flavor_text":"５ターンの　あいだ　日差しを\n強くして　ほのおタイプの\n技の　威力を　あげる。","language":{"name":"ja","url":"https://pokeapi.co/api/v2/language/11/"},"version_group":{"name":"x-y","url":"https://pokeapi.co/api/v2/version-group/15/"}},{"flavor_text":"５ターンの　あいだ　ひざしを\nつよくして　ほのおタイプの\nわざの　いりょくを　あげる。","language":{"name":"ja-Hrkt","url":"https://pokeapi.co/api/v2/language/1/"},"version_group":{"name":"omega-ruby-alpha-sapphire","url":"https://pokeapi.co/api/v2/version-group/16/"}},{"flavor_text":"5턴 동안 햇살을 강하게 해서\n불꽃타입 기술의 위력을 올린다.","language":{"name":"ko","url":"https://pokeapi.co/api/v2/language/3/"},"version_group":{"name":"omega-ruby-alpha-sapphire","url":"https://pokeapi.co/api/v2/version-group/16/"}},{"flavor_text":"Fait briller le soleil pendant cinq tours, augmentant\nla puissance des capacités de type Feu.","language":{"name":"fr","url":"https://pokeapi.co/api/v2/language/5/"},"version_group":{"name":"omega-ruby-alpha-sapphire","url":"https://pokeapi.co/api/v2/version-group/16/"}},{"flavor_text":"Die Sonne brennt unbarmherzig fünf Runden lang.\nDadurch werden Attacken vom Typ Feuer verstärkt.","language":{"name":"de","url":"https://pokeapi.co/api/v2/language/6/"},"version_group":{"name":"omega-ruby-alpha-sapphire","url":"https://pokeapi.co/api/v2/version-group/16/"}},{"flavor_text":"Quien lo usa intensifica el efecto del sol durante \ncinco turnos, lo que potencia los movimientos de \ntipo Fuego.","language":{"name":"es","url":"https://pokeapi.co/api/v2/language/7/"},"version_group":{"name":"omega-ruby-alpha-sapphire","url":"https://pokeapi.co/api/v2/version-group/16/"}},{"flavor_text":"Chi la usa intensifica i raggi solari per\ncinque turni, potenziando le mosse di tipo Fuoco.","language":{"name":"it","url":"https://pokeapi.co/api/v2/language/8/"},"version_group":{"name":"omega-ruby-alpha-sapphire","url":"https://pokeapi.co/api/v2/version-group/16/"}},{"flavor_text":"The user intensifies the sun\nfor five turns, powering up\nFire-type moves.","language":{"name":"en","url":"https://pokeapi.co/api/v2/language/9/"},"version_group":{"name":"omega-ruby-alpha-sapphire","url":"https://pokeapi.co/api/v2/version-group/16/"}},{"flavor_text":"５ターンの　あいだ　日差しを\n強くして　ほのおタイプの\n技の　威力を　あげる。","language":{"name":"ja","url":"https://pokeapi.co/api/v2/language/11/"},"version_group":{"name":"omega-ruby-alpha-sapphire","url":"https://pokeapi.co/api/v2/version-group/16/"}},{"flavor_text":"５ターンの　あいだ　ひざしを　つよくして\nほのおタイプの　いりょくを　あげる。\nみずタイプの　いりょくは　さがる。","language":{"name":"ja-Hrkt","url":"https://pokeapi.co/api/v2/language/1/"},"version_group":{"name":"sun-moon","url":"https://pokeapi.co/api/v2/version-group/17/"}},{"flavor_text":"5턴 동안 햇살을 강하게 해서\n불꽃타입 기술의 위력을 올린다.\n물타입의 위력은 떨어진다.","language":{"name":"ko","url":"https://pokeapi.co/api/v2/language/3/"},"version_group":{"name":"sun-moon","url":"https://pokeapi.co/api/v2/version-group/17/"}},{"flavor_text":"讓陽光增強，在５回合內\n提高火屬性招式的威力。\n水屬性招式的威力會降低。","language":{"name":"zh-Hant","url":"https://pokeapi.co/api/v2/language/4/"},"version_group":{"name":"sun-moon","url":"https://pokeapi.co/api/v2/version-group/17/"}},{"flavor_text":"Fait briller le soleil pendant cinq tours, augmentant\nla puissance des capacités de type Feu et baissant\ncelle des capacités de type Eau.","language":{"name":"fr","url":"https://pokeapi.co/api/v2/language/5/"},"version_group":{"name":"sun-moon","url":"https://pokeapi.co/api/v2/version-group/17/"}},{"flavor_text":"Die Sonne brennt unbarmherzig fünf Runden lang.\nDadurch werden Attacken vom Typ Feuer verstärkt,\nwährend Wasser-Attacken abgeschwächt werden.","language":{"name":"de","url":"https://pokeapi.co/api/v2/language/6/"},"version_group":{"name":"sun-moon","url":"https://pokeapi.co/api/v2/version-group/17/"}},{"flavor_text":"Hace que se intensifique el efecto del sol durante\ncinco turnos, lo que potencia los movimientos de tipo\nFuego y debilita los de tipo Agua.","language":{"name":"es","url":"https://pokeapi.co/api/v2/language/7/"},"version_group":{"name":"sun-moon","url":"https://pokeapi.co/api/v2/version-group/17/"}},{"flavor_text":"Chi la usa intensifica i raggi solari per cinque\nturni, potenziando le mosse di tipo Fuoco e\nriducendo la potenza di quelle di tipo Acqua.","language":{"name":"it","url":"https://pokeapi.co/api/v2/language/8/"},"version_group":{"name":"sun-moon","url":"https://pokeapi.co/api/v2/version-group/17/"}},{"flavor_text":"The user intensifies the sun for five turns, powering\nup Fire-type moves. It lowers the power of\nWater-type moves.","language":{"name":"en","url":"https://pokeapi.co/api/v2/language/9/"},"version_group":{"name":"sun-moon","url":"https://pokeapi.co/api/v2/version-group/17/"}},{"flavor_text":"５ターンの　間　日差しを　強くして\nほのおタイプの　威力を　あげる。\nみずタイプの　威力は　さがる。","language":{"name":"ja","url":"https://pokeapi.co/api/v2/language/11/"},"version_group":{"name":"sun-moon","url":"https://pokeapi.co/api/v2/version-group/17/"}},{"flavor_text":"在５回合内阳光变得强烈，\n从而提高火属性的招式威力。\n水属性的招式威力则降低。","language":{"name":"zh-Hans","url":"https://pokeapi.co/api/v2/language/12/"},"version_group":{"name":"sun-moon","url":"https://pokeapi.co/api/v2/version-group/17/"}},{"flavor_text":"５ターンの　あいだ　ひざしを　つよくして\nほのおタイプの　いりょくを　あげる。\nみずタイプの　いりょくは　さがる。","language":{"name":"ja-Hrkt","url":"https://pokeapi.co/api/v2/language/1/"},"version_group":{"name":"ultra-sun-ultra-moon","url":"https://pokeapi.co/api/v2/version-group/18/"}},{"flavor_text":"5턴 동안 햇살을 강하게 해서\n불꽃타입 기술의 위력을 올린다.\n물타입의 위력은 떨어진다.","language":{"name":"ko","url":"https://pokeapi.co/api/v2/language/3/"},"version_group":{"name":"ultra-sun-ultra-moon","url":"https://pokeapi.co/api/v2/version-group/18/"}},{"flavor_text":"讓陽光增強，在５回合內\n提高火屬性招式的威力。\n水屬性招式的威力會降低。","language":{"name":"zh-Hant","url":"https://pokeapi.co/api/v2/language/4/"},"version_group":{"name":"ultra-sun-ultra-moon","url":"https://pokeapi.co/api/v2/version-group/18/"}},{"flavor_text":"Fait briller le soleil pendant cinq tours, augmentant\nla puissance des capacités de type Feu et baissant\ncelle des capacités de type Eau.","language":{"name":"fr","url":"https://pokeapi.co/api/v2/language/5/"},"version_group":{"name":"ultra-sun-ultra-moon","url":"https://pokeapi.co/api/v2/version-group/18/"}},{"flavor_text":"Die Sonne brennt unbarmherzig fünf Runden lang.\nDadurch werden Attacken vom Typ Feuer verstärkt,\nwährend Wasser-Attacken abgeschwächt werden.","language":{"name":"de","url":"https://pokeapi.co/api/v2/language/6/"},"version_group":{"name":"ultra-sun-ultra-moon","url":"https://pokeapi.co/api/v2/version-group/18/"}},{"flavor_text":"Hace que se intensifique el efecto del sol durante\ncinco turnos, lo que potencia los movimientos de tipo\nFuego y debilita los de tipo Agua.","language":{"name":"es","url":"https://pokeapi.co/api/v2/language/7/"},"version_group":{"name":"ultra-sun-ultra-moon","url":"https://pokeapi.co/api/v2/version-group/18/"}},{"flavor_text":"Chi la usa intensifica i raggi solari per cinque\nturni, potenziando le mosse di tipo Fuoco e\nriducendo la potenza di quelle di tipo Acqua.","language":{"name":"it","url":"https://pokeapi.co/api/v2/language/8/"},"version_group":{"name":"ultra-sun-ultra-moon","url":"https://pokeapi.co/api/v2/version-group/18/"}},{"flavor_text":"The user intensifies the sun for five turns, powering\nup Fire-type moves. It lowers the power of\nWater-type moves.","language":{"name":"en","url":"https://pokeapi.co/api/v2/language/9/"},"version_group":{"name":"ultra-sun-ultra-moon","url":"https://pokeapi.co/api/v2/version-group/18/"}},{"flavor_text":"５ターンの　間　日差しを　強くして\nほのおタイプの　威力を　あげる。\nみずタイプの　威力は　さがる。","language":{"name":"ja","url":"https://pokeapi.co/api/v2/language/11/"},"version_group":{"name":"ultra-sun-ultra-moon","url":"https://pokeapi.co/api/v2/version-group/18/"}},{"flavor_text":"在５回合内阳光变得强烈，\n从而提高火属性的招式威力。\n水属性的招式威力则降低。","language":{"name":"zh-Hans","url":"https://pokeapi.co/api/v2/language/12/"},"version_group":{"name":"ultra-sun-ultra-moon","url":"https://pokeapi.co/api/v2/version-group/18/"}},{"flavor_text":"５ターンの　あいだ　ひざしを　つよくして\nほのおタイプの　いりょくを　あげる。\nみずタイプの　いりょくは　さがる。","language":{"name":"ja-Hrkt","url":"https://pokeapi.co/api/v2/language/1/"},"version_group":{"name":"lets-go-pikachu-lets-go-eevee","url":"https://pokeapi.co/api/v2/version-group/19/"}},{"flavor_text":"5턴 동안 햇살을 강하게 해서\n불꽃타입 기술의 위력을 올린다.\n물타입의 위력은 떨어진다.","language":{"name":"ko","url":"https://pokeapi.co/api/v2/language/3/"},"version_group":{"name":"lets-go-pikachu-lets-go-eevee","url":"https://pokeapi.co/api/v2/version-group/19/"}},{"flavor_text":"讓陽光增強，在５回合內\n提高火屬性招式的威力。\n水屬性招式的威力會降低。","language":{"name":"zh-Hant","url":"https://pokeapi.co/api/v2/language/4/"},"version_group":{"name":"lets-go-pikachu-lets-go-eevee","url":"https://pokeapi.co/api/v2/version-group/19/"}},{"flavor_text":"Fait briller le soleil pendant cinq tours, augmentant\nla puissance des capacités de type Feu et baissant\ncelle des capacités de type Eau.","language":{"name":"fr","url":"https://pokeapi.co/api/v2/language/5/"},"version_group":{"name":"lets-go-pikachu-lets-go-eevee","url":"https://pokeapi.co/api/v2/version-group/19/"}},{"flavor_text":"Die Sonne brennt unbarmherzig fünf Runden lang.\nDadurch werden Attacken vom Typ Feuer verstärkt,\nwährend Wasser-Attacken abgeschwächt werden.","language":{"name":"de","url":"https://pokeapi.co/api/v2/language/6/"},"version_group":{"name":"lets-go-pikachu-lets-go-eevee","url":"https://pokeapi.co/api/v2/version-group/19/"}},{"flavor_text":"Hace que se intensifique el efecto del sol durante\ncinco turnos, lo que potencia los movimientos de tipo\nFuego y debilita los de tipo Agua.","language":{"name":"es","url":"https://pokeapi.co/api/v2/language/7/"},"version_group":{"name":"lets-go-pikachu-lets-go-eevee","url":"https://pokeapi.co/api/v2/version-group/19/"}},{"flavor_text":"Chi la usa intensifica i raggi solari per cinque\nturni, potenziando le mosse di tipo Fuoco e\nriducendo la potenza di quelle di tipo Acqua.","language":{"name":"it","url":"https://pokeapi.co/api/v2/language/8/"},"version_group":{"name":"lets-go-pikachu-lets-go-eevee","url":"https://pokeapi.co/api/v2/version-group/19/"}},{"flavor_text":"The user intensifies the sun for five turns, powering\nup Fire-type moves. It lowers the power of\nWater-type moves.","language":{"name":"en","url":"https://pokeapi.co/api/v2/language/9/"},"version_group":{"name":"lets-go-pikachu-lets-go-eevee","url":"https://pokeapi.co/api/v2/version-group/19/"}},{"flavor_text":"５ターンの　間　日差しを　強くして\nほのおタイプの　威力を　あげる。\nみずタイプの　威力は　さがる。","language":{"name":"ja","url":"https://pokeapi.co/api/v2/language/11/"},"version_group":{"name":"lets-go-pikachu-lets-go-eevee","url":"https://pokeapi.co/api/v2/version-group/19/"}},{"flavor_text":"在５回合内阳光变得强烈，\n从而提高火属性的招式威力。\n水属性的招式威力则降低。","language":{"name":"zh-Hans","url":"https://pokeapi.co/api/v2/language/12/"},"version_group":{"name":"lets-go-pikachu-lets-go-eevee","url":"https://pokeapi.co/api/v2/version-group/19/"}},{"flavor_text":"５ターンの　あいだ　ひざしを　つよくして\nほのおタイプの　いりょくを　あげる。\nみずタイプの　いりょくは　さがる。","language":{"name":"ja-Hrkt","url":"https://pokeapi.co/api/v2/language/1/"},"version_group":{"name":"sword-shield","url":"https://pokeapi.co/api/v2/version-group/20/"}},{"flavor_text":"5턴 동안 햇살을 강하게 해서\n불꽃타입 기술의 위력을 올린다.\n물타입의 위력은 떨어진다.","language":{"name":"ko","url":"https://pokeapi.co/api/v2/language/3/"},"version_group":{"name":"sword-shield","url":"https://pokeapi.co/api/v2/version-group/20/"}},{"flavor_text":"讓日照增強，在５回合內\n提高火屬性招式的威力。\n水屬性招式的威力會降低。","language":{"name":"zh-Hant","url":"https://pokeapi.co/api/v2/language/4/"},"version_group":{"name":"sword-shield","url":"https://pokeapi.co/api/v2/version-group/20/"}},{"flavor_text":"Fait briller le soleil pendant cinq tours, augmentant\nla puissance des capacités de type Feu et baissant\ncelle des capacités de type Eau.","language":{"name":"fr","url":"https://pokeapi.co/api/v2/language/5/"},"version_group":{"name":"sword-shield","url":"https://pokeapi.co/api/v2/version-group/20/"}},{"flavor_text":"Die Sonne brennt unbarmherzig fünf Runden lang.\nDadurch werden Attacken vom Typ Feuer verstärkt,\nwährend Wasser-Attacken abgeschwächt werden.","language":{"name":"de","url":"https://pokeapi.co/api/v2/language/6/"},"version_group":{"name":"sword-shield","url":"https://pokeapi.co/api/v2/version-group/20/"}},{"flavor_text":"Hace que se intensifique el efecto del sol durante\ncinco turnos, lo que potencia los movimientos de tipo\nFuego y debilita los de tipo Agua.","language":{"name":"es","url":"https://pokeapi.co/api/v2/language/7/"},"version_group":{"name":"sword-shield","url":"https://pokeapi.co/api/v2/version-group/20/"}},{"flavor_text":"Chi la usa intensifica i raggi solari per cinque turni,\npotenziando le mosse di tipo Fuoco e riducendo\nla potenza di quelle di tipo Acqua.","language":{"name":"it","url":"https://pokeapi.co/api/v2/language/8/"},"version_group":{"name":"sword-shield","url":"https://pokeapi.co/api/v2/version-group/20/"}},{"flavor_text":"The user intensifies the sun for five turns, powering\nup Fire-type moves. It lowers the power of\nWater-type moves.","language":{"name":"en","url":"https://pokeapi.co/api/v2/language/9/"},"version_group":{"name":"sword-shield","url":"https://pokeapi.co/api/v2/version-group/20/"}},{"flavor_text":"５ターンの　間　日差しを　強くして\nほのおタイプの　威力を　あげる。\nみずタイプの　威力は　さがる。","language":{"name":"ja","url":"https://pokeapi.co/api/v2/language/11/"},"version_group":{"name":"sword-shield","url":"https://pokeapi.co/api/v2/version-group/20/"}},{"flavor_text":"在５回合内让日照变得强烈，\n从而提高火属性的招式威力。\n水属性的招式威力则降低。","language":{"name":"zh-Hans","url":"https://pokeapi.co/api/v2/language/12/"},"version_group":{"name":"sword-shield","url":"https://pokeapi.co/api/v2/version-group/20/"}}],"generation":{"name":"generation-ii","url":"https://pokeapi.co/api/v2/generation/2/"},"id":241,"learned_by_pokemon":[{"name":"bulbasaur","url":"https://pokeapi.co/api/v2/pokemon/1/"},{"name":"ivysaur","url":"https://pokeapi.co/api/v2/pokemon/2/"},{"name":"venusaur","url":"https://pokeapi.co/api/v2/pokemon/3/"},{"name":"charmander","url":"https://pokeapi.co/api/v2/pokemon/4/"},{"name":"charmeleon","url":"https://pokeapi.co/api/v2/pokemon/5/"},{"name":"charizard","url":"https://pokeapi.co/api/v2/pokemon/6/"},{"name":"butterfree","url":"https://pokeapi.co/api/v2/pokemon/12/"},{"name":"beedrill","url":"https://pokeapi.co/api/v2/pokemon/15/"},{"name":"pidgey","url":"https://pokeapi.co/api/v2/pokemon/16/"},{"name":"pidgeotto","url":"https://pokeapi.co/api/v2/pokemon/17/"},{"name":"pidgeot","url":"https://pokeapi.co/api/v2/pokemon/18/"},{"name":"rattata","url":"https://pokeapi.co/api/v2/pokemon/19/"},{"name":"raticate","url":"https://pokeapi.co/api/v2/pokemon/20/"},{"name":"spearow","url":"https://pokeapi.co/api/v2/pokemon/21/"},{"name":"fearow","url":"https://pokeapi.co/api/v2/pokemon/22/"},{"name":"ekans","url":"https://pokeapi.co/api/v2/pokemon/23/"},{"name":"arbok","url":"https://pokeapi.co/api/v2/pokemon/24/"},{"name":"sandshrew","url":"https://pokeapi.co/api/v2/pokemon/27/"},{"name":"sandslash","url":"https://pokeapi.co/api/v2/pokemon/28/"},{"name":"nidoran-f","url":"https://pokeapi.co/api/v2/pokemon/29/"},{"name":"nidorina","url":"https://pokeapi.co/api/v2/pokemon/30/"},{"name":"nidoqueen","url":"https://pokeapi.co/api/v2/pokemon/31/"},{"name":"nidoran-m","url":"https://pokeapi.co/api/v2/pokemon/32/"},{"name":"nidorino","url":"https://pokeapi.co/api/v2/pokemon/33/"},{"name":"nidoking","url":"https://pokeapi.co/api/v2/pokemon/34/"},{"name":"clefairy","url":"https://pokeapi.co/api/v2/pokemon/35/"},{"name":"clefable","url":"https://pokeapi.co/api/v2/pokemon/36/"},{"name":"vulpix","url":"https://pokeapi.co/api/v2/pokemon/37/"},{"name":"ninetales","url":"https://pokeapi.co/api/v2/pokemon/38/"},{"name":"jigglypuff","url":"https://pokeapi.co/api/v2/pokemon/39/"},{"name":"wigglytuff","url":"https://pokeapi.co/api/v2/pokemon/40/"},{"name":"zubat","url":"https://pokeapi.co/api/v2/pokemon/41/"},{"name":"golbat","url":"https://pokeapi.co/api/v2/pokemon/42/"},{"name":"oddish","url":"https://pokeapi.co/api/v2/pokemon/43/"},{"name":"gloom","url":"https://pokeapi.co/api/v2/pokemon/44/"},{"name":"vileplume","url":"https://pokeapi.co/api/v2/pokemon/45/"},{"name":"paras","url":"https://pokeapi.co/api/v2/pokemon/46/"},{"name":"parasect","url":"https://pokeapi.co/api/v2/pokemon/47/"},{"name":"venonat","url":"https://pokeapi.co/api/v2/pokemon/48/"},{"name":"venomoth","url":"https://pokeapi.co/api/v2/pokemon/49/"},{"name":"diglett","url":"https://pokeapi.co/api/v2/pokemon/50/"},{"name":"dugtrio","url":"https://pokeapi.co/api/v2/pokemon/51/"},{"name":"meowth","url":"https://pokeapi.co/api/v2/pokemon/52/"},{"name":"persian","url":"https://pokeapi.co/api/v2/pokemon/53/"},{"name":"mankey","url":"https://pokeapi.co/api/v2/pokemon/56/"},{"name":"primeape","url":"https://pokeapi.co/api/v2/pokemon/57/"},{"name":"growlithe","url":"https://pokeapi.co/api/v2/pokemon/58/"},{"name":"arcanine","url":"https://pokeapi.co/api/v2/pokemon/59/"},{"name":"abra","url":"https://pokeapi.co/api/v2/pokemon/63/"},{"name":"kadabra","url":"https://pokeapi.co/api/v2/pokemon/64/"},{"name":"alakazam","url":"https://pokeapi.co/api/v2/pokemon/65/"},{"name":"machop","url":"https://pokeapi.co/api/v2/pokemon/66/"},{"name":"machoke","url":"https://pokeapi.co/api/v2/pokemon/67/"},{"name":"machamp","url":"https://pokeapi.co/api/v2/pokemon/68/"},{"name":"bellsprout","url":"https://pokeapi.co/api/v2/pokemon/69/"},{"name":"weepinbell","url":"https://pokeapi.co/api/v2/pokemon/70/"},{"name":"victreebel","url":"https://pokeapi.co/api/v2/pokemon/71/"},{"name":"geodude","url":"https://pokeapi.co/api/v2/pokemon/74/"},{"name":"graveler","url":"https://pokeapi.co/api/v2/pokemon/75/"},{"name":"golem","url":"https://pokeapi.co/api/v2/pokemon/76/"},{"name":"ponyta","url":"https://pokeapi.co/api/v2/pokemon/77/"},{"name":"rapidash","url":"https://pokeapi.co/api/v2/pokemon/78/"},{"name":"slowpoke","url":"https://pokeapi.co/api/v2/pokemon/79/"},{"name":"slowbro","url":"https://pokeapi.co/api/v2/pokemon/80/"},{"name":"magnemite","url":"https://pokeapi.co/api/v2/pokemon/81/"},{"name":"magneton","url":"https://pokeapi.co/api/v2/pokemon/82/"},{"name":"farfetchd","url":"https://pokeapi.co/api/v2/pokemon/83/"},{"name":"doduo","url":"https://pokeapi.co/api/v2/pokemon/84/"},{"name":"dodrio","url":"https://pokeapi.co/api/v2/pokemon/85/"},{"name":"grimer","url":"https://pokeapi.co/api/v2/pokemon/88/"},{"name":"muk","url":"https://pokeapi.co/api/v2/pokemon/89/"},{"name":"gastly","url":"https://pokeapi.co/api/v2/pokemon/92/"},{"name":"haunter","url":"https://pokeapi.co/api/v2/pokemon/93/"},{"name":"gengar","url":"https://pokeapi.co/api/v2/pokemon/94/"},{"name":"onix","url":"https://pokeapi.co/api/v2/pokemon/95/"},{"name":"drowzee","url":"https://pokeapi.co/api/v2/pokemon/96/"},{"name":"hypno","url":"https://pokeapi.co/api/v2/pokemon/97/"},{"name":"exeggcute","url":"https://pokeapi.co/api/v2/pokemon/102/"},{"name":"exeggutor","url":"https://pokeapi.co/api/v2/pokemon/103/"},{"name":"cubone","url":"https://pokeapi.co/api/v2/pokemon/104/"},{"name":"marowak","url":"https://pokeapi.co/api/v2/pokemon/105/"},{"name":"hitmonlee","url":"https://pokeapi.co/api/v2/pokemon/106/"},{"name":"hitmonchan","url":"https://pokeapi.co/api/v2/pokemon/107/"},{"name":"lickitung","url":"https://pokeapi.co/api/v2/pokemon/108/"},{"name":"koffing","url":"https://pokeapi.co/api/v2/pokemon/109/"},{"name":"weezing","url":"https://pokeapi.co/api/v2/pokemon/110/"},{"name":"rhyhorn","url":"https://pokeapi.co/api/v2/pokemon/111/"},{"name":"rhydon","url":"https://pokeapi.co/api/v2/pokemon/112/"},{"name":"chansey","url":"https://pokeapi.co/api/v2/pokemon/113/"},{"name":"tangela","url":"https://pokeapi.co/api/v2/pokemon/114/"},{"name":"kangaskhan","url":"https://pokeapi.co/api/v2/pokemon/115/"},{"name":"mr-mime","url":"https://pokeapi.co/api/v2/pokemon/122/"},{"name":"scyther","url":"https://pokeapi.co/api/v2/pokemon/123/"},{"name":"magmar","url":"https://pokeapi.co/api/v2/pokemon/126/"},{"name":"pinsir","url":"https://pokeapi.co/api/v2/pokemon/127/"},{"name":"tauros","url":"https://pokeapi.co/api/v2/pokemon/128/"},{"name":"gyarados","url":"https://pokeapi.co/api/v2/pokemon/130/"},{"name":"eevee","url":"https://pokeapi.co/api/v2/pokemon/133/"},{"name":"vaporeon","url":"https://pokeapi.co/api/v2/pokemon/134/"},{"name":"jolteon","url":"https://pokeapi.co/api/v2/pokemon/135/"},{"name":"flareon","url":"https://pokeapi.co/api/v2/pokemon/136/"},{"name":"porygon","url":"https://pokeapi.co/api/v2/pokemon/137/"},{"name":"aerodactyl","url":"https://pokeapi.co/api/v2/pokemon/142/"},{"name":"snorlax","url":"https://pokeapi.co/api/v2/pokemon/143/"},{"name":"articuno","url":"https://pokeapi.co/api/v2/pokemon/144/"},{"name":"zapdos","url":"https://pokeapi.co/api/v2/pokemon/145/"},{"name":"moltres","url":"https://pokeapi.co/api/v2/pokemon/146/"},{"name":"dratini","url":"https://pokeapi.co/api/v2/pokemon/147/"},{"name":"dragonair","url":"https://pokeapi.co/api/v2/pokemon/148/"},{"name":"dragonite","url":"https://pokeapi.co/api/v2/pokemon/149/"},{"name":"mewtwo","url":"https://pokeapi.co/api/v2/pokemon/150/"},{"name":"mew","url":"https://pokeapi.co/api/v2/pokemon/151/"},{"name":"chikorita","url":"https://pokeapi.co/api/v2/pokemon/152/"},{"name":"bayleef","url":"https://pokeapi.co/api/v2/pokemon/153/"},{"name":"meganium","url":"https://pokeapi.co/api/v2/pokemon/154/"},{"name":"cyndaquil","url":"https://pokeapi.co/api/v2/pokemon/155/"},{"name":"quilava","url":"https://pokeapi.co/api/v2/pokemon/156/"},{"name":"typhlosion","url":"https://pokeapi.co/api/v2/pokemon/157/"},{"name":"sentret","url":"https://pokeapi.co/api/v2/pokemon/161/"},{"name":"furret","url":"https://pokeapi.co/api/v2/pokemon/162/"},{"name":"hoothoot","url":"https://pokeapi.co/api/v2/pokemon/163/"},{"name":"noctowl","url":"https://pokeapi.co/api/v2/pokemon/164/"},{"name":"ledyba","url":"https://pokeapi.co/api/v2/pokemon/165/"},{"name":"ledian","url":"https://pokeapi.co/api/v2/pokemon/166/"},{"name":"spinarak","url":"https://pokeapi.co/api/v2/pokemon/167/"},{"name":"ariados","url":"https://pokeapi.co/api/v2/pokemon/168/"},{"name":"crobat","url":"https://pokeapi.co/api/v2/pokemon/169/"},{"name":"cleffa","url":"https://pokeapi.co/api/v2/pokemon/173/"},{"name":"igglybuff","url":"https://pokeapi.co/api/v2/pokemon/174/"},{"name":"togepi","url":"https://pokeapi.co/api/v2/pokemon/175/"},{"name":"togetic","url":"https://pokeapi.co/api/v2/pokemon/176/"},{"name":"natu","url":"https://pokeapi.co/api/v2/pokemon/177/"},{"name":"xatu","url":"https://pokeapi.co/api/v2/pokemon/178/"},{"name":"mareep","url":"https://pokeapi.co/api/v2/pokemon/179/"},{"name":"flaaffy","url":"https://pokeapi.co/api/v2/pokemon/180/"},{"name":"ampharos","url":"https://pokeapi.co/api/v2/pokemon/181/"},{"name":"bellossom","url":"https://pokeapi.co/api/v2/pokemon/182/"},{"name":"sudowoodo","url":"https://pokeapi.co/api/v2/pokemon/185/"},{"name":"hoppip","url":"https://pokeapi.co/api/v2/pokemon/187/"},{"name":"skiploom","url":"https://pokeapi.co/api/v2/pokemon/188/"},{"name":"jumpluff","url":"https://pokeapi.co/api/v2/pokemon/189/"},{"name":"aipom","url":"https://pokeapi.co/api/v2/pokemon/190/"},{"name":"sunkern","url":"https://pokeapi.co/api/v2/pokemon/191/"},{"name":"sunflora","url":"https://pokeapi.co/api/v2/pokemon/192/"},{"name":"yanma","url":"https://pokeapi.co/api/v2/pokemon/193/"},{"name":"espeon","url":"https://pokeapi.co/api/v2/pokemon/196/"},{"name":"umbreon","url":"https://pokeapi.co/api/v2/pokemon/197/"},{"name":"murkrow","url":"https://pokeapi.co/api/v2/pokemon/198/"},{"name":"slowking","url":"https://pokeapi.co/api/v2/pokemon/199/"},{"name":"misdreavus","url":"https://pokeapi.co/api/v2/pokemon/200/"},{"name":"girafarig","url":"https://pokeapi.co/api/v2/pokemon/203/"},{"name":"pineco","url":"https://pokeapi.co/api/v2/pokemon/204/"},{"name":"forretress","url":"https://pokeapi.co/api/v2/pokemon/205/"},{"name":"dunsparce","url":"https://pokeapi.co/api/v2/pokemon/206/"},{"name":"gligar","url":"https://pokeapi.co/api/v2/pokemon/207/"},{"name":"steelix","url":"https://pokeapi.co/api/v2/pokemon/208/"},{"name":"snubbull","url":"https://pokeapi.co/api/v2/pokemon/209/"},{"name":"granbull","url":"https://pokeapi.co/api/v2/pokemon/210/"},{"name":"scizor","url":"https://pokeapi.co/api/v2/pokemon/212/"},{"name":"shuckle","url":"https://pokeapi.co/api/v2/pokemon/213/"},{"name":"heracross","url":"https://pokeapi.co/api/v2/pokemon/214/"},{"name":"sneasel","url":"https://pokeapi.co/api/v2/pokemon/215/"},{"name":"teddiursa","url":"https://pokeapi.co/api/v2/pokemon/216/"},{"name":"ursaring","url":"https://pokeapi.co/api/v2/pokemon/217/"},{"name":"slugma","url":"https://pokeapi.co/api/v2/pokemon/218/"},{"name":"magcargo","url":"https://pokeapi.co/api/v2/pokemon/219/"},{"name":"corsola","url":"https://pokeapi.co/api/v2/pokemon/222/"},{"name":"remoraid","url":"https://pokeapi.co/api/v2/pokemon/223/"},{"name":"octillery","url":"https://pokeapi.co/api/v2/pokemon/224/"},{"name":"skarmory","url":"https://pokeapi.co/api/v2/pokemon/227/"},{"name":"houndour","url":"https://pokeapi.co/api/v2/pokemon/228/"},{"name":"houndoom","url":"https://pokeapi.co/api/v2/pokemon/229/"},{"name":"phanpy","url":"https://pokeapi.co/api/v2/pokemon/231/"},{"name":"donphan","url":"https://pokeapi.co/api/v2/pokemon/232/"},{"name":"porygon2","url":"https://pokeapi.co/api/v2/pokemon/233/"},{"name":"stantler","url":"https://pokeapi.co/api/v2/pokemon/234/"},{"name":"tyrogue","url":"https://pokeapi.co/api/v2/pokemon/236/"},{"name":"hitmontop","url":"https://pokeapi.co/api/v2/pokemon/237/"},{"name":"magby","url":"https://pokeapi.co/api/v2/pokemon/240/"},{"name":"miltank","url":"https://pokeapi.co/api/v2/pokemon/241/"},{"name":"blissey","url":"https://pokeapi.co/api/v2/pokemon/242/"},{"name":"raikou","url":"https://pokeapi.co/api/v2/pokemon/243/"},{"name":"entei","url":"https://pokeapi.co/api/v2/pokemon/244/"},{"name":"suicune","url":"https://pokeapi.co/api/v2/pokemon/245/"},{"name":"larvitar","url":"https://pokeapi.co/api/v2/pokemon/246/"},{"name":"pupitar","url":"https://pokeapi.co/api/v2/pokemon/247/"},{"name":"tyranitar","url":"https://pokeapi.co/api/v2/pokemon/248/"},{"name":"lugia","url":"https://pokeapi.co/api/v2/pokemon/249/"},{"name":"ho-oh","url":"https://pokeapi.co/api/v2/pokemon/250/"},{"name":"celebi","url":"https://pokeapi.co/api/v2/pokemon/251/"},{"name":"treecko","url":"https://pokeapi.co/api/v2/pokemon/252/"},{"name":"grovyle","url":"https://pokeapi.co/api/v2/pokemon/253/"},{"name":"sceptile","url":"https://pokeapi.co/api/v2/pokemon/254/"},{"name":"torchic","url":"https://pokeapi.co/api/v2/pokemon/255/"},{"name":"combusken","url":"https://pokeapi.co/api/v2/pokemon/256/"},{"name":"blaziken","url":"https://pokeapi.co/api/v2/pokemon/257/"},{"name":"poochyena","url":"https://pokeapi.co/api/v2/pokemon/261/"},{"name":"mightyena","url":"https://pokeapi.co/api/v2/pokemon/262/"},{"name":"zigzagoon","url":"https://pokeapi.co/api/v2/pokemon/263/"},{"name":"linoone","url":"https://pokeapi.co/api/v2/pokemon/264/"},{"name":"beautifly","url":"https://pokeapi.co/api/v2/pokemon/267/"},{"name":"dustox","url":"https://pokeapi.co/api/v2/pokemon/269/"},{"name":"lotad","url":"https://pokeapi.co/api/v2/pokemon/270/"},{"name":"lombre","url":"https://pokeapi.co/api/v2/pokemon/271/"},{"name":"ludicolo","url":"https://pokeapi.co/api/v2/pokemon/272/"},{"name":"seedot","url":"https://pokeapi.co/api/v2/pokemon/273/"},{"name":"nuzleaf","url":"https://pokeapi.co/api/v2/pokemon/274/"},{"name":"shiftry","url":"https://pokeapi.co/api/v2/pokemon/275/"},{"name":"taillow","url":"https://pokeapi.co/api/v2/pokemon/276/"},{"name":"swellow","url":"https://pokeapi.co/api/v2/pokemon/277/"},{"name":"ralts","url":"https://pokeapi.co/api/v2/pokemon/280/"},{"name":"kirlia","url":"https://pokeapi.co/api/v2/pokemon/281/"},{"name":"gardevoir","url":"https://pokeapi.co/api/v2/pokemon/282/"},{"name":"surskit","url":"https://pokeapi.co/api/v2/pokemon/283/"},{"name":"masquerain","url":"https://pokeapi.co/api/v2/pokemon/284/"},{"name":"shroomish","url":"https://pokeapi.co/api/v2/pokemon/285/"},{"name":"breloom","url":"https://pokeapi.co/api/v2/pokemon/286/"},{"name":"slakoth","url":"https://pokeapi.co/api/v2/pokemon/287/"},{"name":"vigoroth","url":"https://pokeapi.co/api/v2/pokemon/288/"},{"name":"slaking","url":"https://pokeapi.co/api/v2/pokemon/289/"},{"name":"nincada","url":"https://pokeapi.co/api/v2/pokemon/290/"},{"name":"ninjask","url":"https://pokeapi.co/api/v2/pokemon/291/"},{"name":"shedinja","url":"https://pokeapi.co/api/v2/pokemon/292/"},{"name":"whismur","url":"https://pokeapi.co/api/v2/pokemon/293/"},{"name":"loudred","url":"https://pokeapi.co/api/v2/pokemon/294/"},{"name":"exploud","url":"https://pokeapi.co/api/v2/pokemon/295/"},{"name":"makuhita","url":"https://pokeapi.co/api/v2/pokemon/296/"},{"name":"hariyama","url":"https://pokeapi.co/api/v2/pokemon/297/"},{"name":"nosepass","url":"https://pokeapi.co/api/v2/pokemon/299/"},{"name":"skitty","url":"https://pokeapi.co/api/v2/pokemon/300/"},{"name":"delcatty","url":"https://pokeapi.co/api/v2/pokemon/301/"},{"name":"sableye","url":"https://pokeapi.co/api/v2/pokemon/302/"},{"name":"mawile","url":"https://pokeapi.co/api/v2/pokemon/303/"},{"name":"aron","url":"https://pokeapi.co/api/v2/pokemon/304/"},{"name":"lairon","url":"https://pokeapi.co/api/v2/pokemon/305/"},{"name":"aggron","url":"https://pokeapi.co/api/v2/pokemon/306/"},{"name":"meditite","url":"https://pokeapi.co/api/v2/pokemon/307/"},{"name":"medicham","url":"https://pokeapi.co/api/v2/pokemon/308/"},{"name":"volbeat","url":"https://pokeapi.co/api/v2/pokemon/313/"},{"name":"illumise","url":"https://pokeapi.co/api/v2/pokemon/314/"},{"name":"roselia","url":"https://pokeapi.co/api/v2/pokemon/315/"},{"name":"gulpin","url":"https://pokeapi.co/api/v2/pokemon/316/"},{"name":"swalot","url":"https://pokeapi.co/api/v2/pokemon/317/"},{"name":"numel","url":"https://pokeapi.co/api/v2/pokemon/322/"},{"name":"camerupt","url":"https://pokeapi.co/api/v2/pokemon/323/"},{"name":"torkoal","url":"https://pokeapi.co/api/v2/pokemon/324/"},{"name":"spoink","url":"https://pokeapi.co/api/v2/pokemon/325/"},{"name":"grumpig","url":"https://pokeapi.co/api/v2/pokemon/326/"},{"name":"spinda","url":"https://pokeapi.co/api/v2/pokemon/327/"},{"name":"trapinch","url":"https://pokeapi.co/api/v2/pokemon/328/"},{"name":"vibrava","url":"https://pokeapi.co/api/v2/pokemon/329/"},{"name":"flygon","url":"https://pokeapi.co/api/v2/pokemon/330/"},{"name":"cacnea","url":"https://pokeapi.co/api/v2/pokemon/331/"},{"name":"cacturne","url":"https://pokeapi.co/api/v2/pokemon/332/"},{"name":"swablu","url":"https://pokeapi.co/api/v2/pokemon/333/"},{"name":"altaria","url":"https://pokeapi.co/api/v2/pokemon/334/"},{"name":"zangoose","url":"https://pokeapi.co/api/v2/pokemon/335/"},{"name":"seviper","url":"https://pokeapi.co/api/v2/pokemon/336/"},{"name":"solrock","url":"https://pokeapi.co/api/v2/pokemon/338/"},{"name":"barboach","url":"https://pokeapi.co/api/v2/pokemon/339/"},{"name":"whiscash","url":"https://pokeapi.co/api/v2/pokemon/340/"},{"name":"baltoy","url":"https://pokeapi.co/api/v2/pokemon/343/"},{"name":"claydol","url":"https://pokeapi.co/api/v2/pokemon/344/"},{"name":"lileep","url":"https://pokeapi.co/api/v2/pokemon/345/"},{"name":"cradily","url":"https://pokeapi.co/api/v2/pokemon/346/"},{"name":"anorith","url":"https://pokeapi.co/api/v2/pokemon/347/"},{"name":"armaldo","url":"https://pokeapi.co/api/v2/pokemon/348/"},{"name":"castform","url":"https://pokeapi.co/api/v2/pokemon/351/"},{"name":"kecleon","url":"https://pokeapi.co/api/v2/pokemon/352/"},{"name":"shuppet","url":"https://pokeapi.co/api/v2/pokemon/353/"},{"name":"banette","url":"https://pokeapi.co/api/v2/pokemon/354/"},{"name":"duskull","url":"https://pokeapi.co/api/v2/pokemon/355/"},{"name":"dusclops","url":"https://pokeapi.co/api/v2/pokemon/356/"},{"name":"tropius","url":"https://pokeapi.co/api/v2/pokemon/357/"},{"name":"chimecho","url":"https://pokeapi.co/api/v2/pokemon/358/"},{"name":"absol","url":"https://pokeapi.co/api/v2/pokemon/359/"},{"name":"bagon","url":"https://pokeapi.co/api/v2/pokemon/371/"},{"name":"shelgon","url":"https://pokeapi.co/api/v2/pokemon/372/"},{"name":"salamence","url":"https://pokeapi.co/api/v2/pokemon/373/"},{"name":"metang","url":"https://pokeapi.co/api/v2/pokemon/375/"},{"name":"metagross","url":"https://pokeapi.co/api/v2/pokemon/376/"},{"name":"regirock","url":"https://pokeapi.co/api/v2/pokemon/377/"},{"name":"registeel","url":"https://pokeapi.co/api/v2/pokemon/379/"},{"name":"latias","url":"https://pokeapi.co/api/v2/pokemon/380/"},{"name":"latios","url":"https://pokeapi.co/api/v2/pokemon/381/"},{"name":"groudon","url":"https://pokeapi.co/api/v2/pokemon/383/"},{"name":"rayquaza","url":"https://pokeapi.co/api/v2/pokemon/384/"},{"name":"jirachi","url":"https://pokeapi.co/api/v2/pokemon/385/"},{"name":"deoxys-normal","url":"https://pokeapi.co/api/v2/pokemon/386/"},{"name":"turtwig","url":"https://pokeapi.co/api/v2/pokemon/387/"},{"name":"grotle","url":"https://pokeapi.co/api/v2/pokemon/388/"},{"name":"torterra","url":"https://pokeapi.co/api/v2/pokemon/389/"},{"name":"chimchar","url":"https://pokeapi.co/api/v2/pokemon/390/"},{"name":"monferno","url":"https://pokeapi.co/api/v2/pokemon/391/"},{"name":"infernape","url":"https://pokeapi.co/api/v2/pokemon/392/"},{"name":"starly","url":"https://pokeapi.co/api/v2/pokemon/396/"},{"name":"staravia","url":"https://pokeapi.co/api/v2/pokemon/397/"},{"name":"staraptor","url":"https://pokeapi.co/api/v2/pokemon/398/"},{"name":"bidoof","url":"https://pokeapi.co/api/v2/pokemon/399/"},{"name":"bibarel","url":"https://pokeapi.co/api/v2/pokemon/400/"},{"name":"kricketune","url":"https://pokeapi.co/api/v2/pokemon/402/"},{"name":"shinx","url":"https://pokeapi.co/api/v2/pokemon/403/"},{"name":"luxio","url":"https://pokeapi.co/api/v2/pokemon/404/"},{"name":"luxray","url":"https://pokeapi.co/api/v2/pokemon/405/"},{"name":"budew","url":"https://pokeapi.co/api/v2/pokemon/406/"},{"name":"roserade","url":"https://pokeapi.co/api/v2/pokemon/407/"},{"name":"cranidos","url":"https://pokeapi.co/api/v2/pokemon/408/"},{"name":"rampardos","url":"https://pokeapi.co/api/v2/pokemon/409/"},{"name":"shieldon","url":"https://pokeapi.co/api/v2/pokemon/410/"},{"name":"bastiodon","url":"https://pokeapi.co/api/v2/pokemon/411/"},{"name":"wormadam-plant","url":"https://pokeapi.co/api/v2/pokemon/413/"},{"name":"mothim","url":"https://pokeapi.co/api/v2/pokemon/414/"},{"name":"vespiquen","url":"https://pokeapi.co/api/v2/pokemon/416/"},{"name":"pachirisu","url":"https://pokeapi.co/api/v2/pokemon/417/"},{"name":"cherubi","url":"https://pokeapi.co/api/v2/pokemon/420/"},{"name":"cherrim","url":"https://pokeapi.co/api/v2/pokemon/421/"},{"name":"ambipom","url":"https://pokeapi.co/api/v2/pokemon/424/"},{"name":"drifloon","url":"https://pokeapi.co/api/v2/pokemon/425/"},{"name":"drifblim","url":"https://pokeapi.co/api/v2/pokemon/426/"},{"name":"buneary","url":"https://pokeapi.co/api/v2/pokemon/427/"},{"name":"lopunny","url":"https://pokeapi.co/api/v2/pokemon/428/"},{"name":"mismagius","url":"https://pokeapi.co/api/v2/pokemon/429/"},{"name":"honchkrow","url":"https://pokeapi.co/api/v2/pokemon/430/"},{"name":"glameow","url":"https://pokeapi.co/api/v2/pokemon/431/"},{"name":"purugly","url":"https://pokeapi.co/api/v2/pokemon/432/"},{"name":"chingling","url":"https://pokeapi.co/api/v2/pokemon/433/"},{"name":"stunky","url":"https://pokeapi.co/api/v2/pokemon/434/"},{"name":"skuntank","url":"https://pokeapi.co/api/v2/pokemon/435/"},{"name":"bronzor","url":"https://pokeapi.co/api/v2/pokemon/436/"},{"name":"bronzong","url":"https://pokeapi.co/api/v2/pokemon/437/"},{"name":"bonsly","url":"https://pokeapi.co/api/v2/pokemon/438/"},{"name":"mime-jr","url":"https://pokeapi.co/api/v2/pokemon/439/"},{"name":"happiny","url":"https://pokeapi.co/api/v2/pokemon/440/"},{"name":"chatot","url":"https://pokeapi.co/api/v2/pokemon/441/"},{"name":"spiritomb","url":"https://pokeapi.co/api/v2/pokemon/442/"},{"name":"gible","url":"https://pokeapi.co/api/v2/pokemon/443/"},{"name":"gabite","url":"https://pokeapi.co/api/v2/pokemon/444/"},{"name":"garchomp","url":"https://pokeapi.co/api/v2/pokemon/445/"},{"name":"munchlax","url":"https://pokeapi.co/api/v2/pokemon/446/"},{"name":"riolu","url":"https://pokeapi.co/api/v2/pokemon/447/"},{"name":"lucario","url":"https://pokeapi.co/api/v2/pokemon/448/"},{"name":"hippopotas","url":"https://pokeapi.co/api/v2/pokemon/449/"},{"name":"hippowdon","url":"https://pokeapi.co/api/v2/pokemon/450/"},{"name":"skorupi","url":"https://pokeapi.co/api/v2/pokemon/451/"},{"name":"drapion","url":"https://pokeapi.co/api/v2/pokemon/452/"},{"name":"croagunk","url":"https://pokeapi.co/api/v2/pokemon/453/"},{"name":"toxicroak","url":"https://pokeapi.co/api/v2/pokemon/454/"},{"name":"carnivine","url":"https://pokeapi.co/api/v2/pokemon/455/"},{"name":"weavile","url":"https://pokeapi.co/api/v2/pokemon/461/"},{"name":"magnezone","url":"https://pokeapi.co/api/v2/pokemon/462/"},{"name":"lickilicky","url":"https://pokeapi.co/api/v2/pokemon/463/"},{"name":"rhyperior","url":"https://pokeapi.co/api/v2/pokemon/464/"},{"name":"tangrowth","url":"https://pokeapi.co/api/v2/pokemon/465/"},{"name":"magmortar","url":"https://pokeapi.co/api/v2/pokemon/467/"},{"name":"togekiss","url":"https://pokeapi.co/api/v2/pokemon/468/"},{"name":"yanmega","url":"https://pokeapi.co/api/v2/pokemon/469/"},{"name":"leafeon","url":"https://pokeapi.co/api/v2/pokemon/470/"},{"name":"glaceon","url":"https://pokeapi.co/api/v2/pokemon/471/"},{"name":"gliscor","url":"https://pokeapi.co/api/v2/pokemon/472/"},{"name":"porygon-z","url":"https://pokeapi.co/api/v2/pokemon/474/"},{"name":"gallade","url":"https://pokeapi.co/api/v2/pokemon/475/"},{"name":"probopass","url":"https://pokeapi.co/api/v2/pokemon/476/"},{"name":"dusknoir","url":"https://pokeapi.co/api/v2/pokemon/477/"},{"name":"rotom","url":"https://pokeapi.co/api/v2/pokemon/479/"},{"name":"uxie","url":"https://pokeapi.co/api/v2/pokemon/480/"},{"name":"mesprit","url":"https://pokeapi.co/api/v2/pokemon/481/"},{"name":"azelf","url":"https://pokeapi.co/api/v2/pokemon/482/"},{"name":"dialga","url":"https://pokeapi.co/api/v2/pokemon/483/"},{"name":"palkia","url":"https://pokeapi.co/api/v2/pokemon/484/"},{"name":"heatran","url":"https://pokeapi.co/api/v2/pokemon/485/"},{"name":"regigigas","url":"https://pokeapi.co/api/v2/pokemon/486/"},{"name":"giratina-altered","url":"https://pokeapi.co/api/v2/pokemon/487/"},{"name":"cresselia","url":"https://pokeapi.co/api/v2/pokemon/488/"},{"name":"darkrai","url":"https://pokeapi.co/api/v2/pokemon/491/"},{"name":"shaymin-land","url":"https://pokeapi.co/api/v2/pokemon/492/"},{"name":"arceus","url":"https://pokeapi.co/api/v2/pokemon/493/"},{"name":"victini","url":"https://pokeapi.co/api/v2/pokemon/494/"},{"name":"snivy","url":"https://pokeapi.co/api/v2/pokemon/495/"},{"name":"servine","url":"https://pokeapi.co/api/v2/pokemon/496/"},{"name":"serperior","url":"https://pokeapi.co/api/v2/pokemon/497/"},{"name":"tepig","url":"https://pokeapi.co/api/v2/pokemon/498/"},{"name":"pignite","url":"https://pokeapi.co/api/v2/pokemon/499/"},{"name":"emboar","url":"https://pokeapi.co/api/v2/pokemon/500/"},{"name":"patrat","url":"https://pokeapi.co/api/v2/pokemon/504/"},{"name":"watchog","url":"https://pokeapi.co/api/v2/pokemon/505/"},{"name":"lillipup","url":"https://pokeapi.co/api/v2/pokemon/506/"},{"name":"herdier","url":"https://pokeapi.co/api/v2/pokemon/507/"},{"name":"stoutland","url":"https://pokeapi.co/api/v2/pokemon/508/"},{"name":"purrloin","url":"https://pokeapi.co/api/v2/pokemon/509/"},{"name":"liepard","url":"https://pokeapi.co/api/v2/pokemon/510/"},{"name":"pansage","url":"https://pokeapi.co/api/v2/pokemon/511/"},{"name":"simisage","url":"https://pokeapi.co/api/v2/pokemon/512/"},{"name":"pansear","url":"https://pokeapi.co/api/v2/pokemon/513/"},{"name":"simisear","url":"https://pokeapi.co/api/v2/pokemon/514/"},{"name":"pidove","url":"https://pokeapi.co/api/v2/pokemon/519/"},{"name":"tranquill","url":"https://pokeapi.co/api/v2/pokemon/520/"},{"name":"unfezant","url":"https://pokeapi.co/api/v2/pokemon/521/"},{"name":"audino","url":"https://pokeapi.co/api/v2/pokemon/531/"},{"name":"timburr","url":"https://pokeapi.co/api/v2/pokemon/532/"},{"name":"gurdurr","url":"https://pokeapi.co/api/v2/pokemon/533/"},{"name":"conkeldurr","url":"https://pokeapi.co/api/v2/pokemon/534/"},{"name":"throh","url":"https://pokeapi.co/api/v2/pokemon/538/"},{"name":"sawk","url":"https://pokeapi.co/api/v2/pokemon/539/"},{"name":"sewaddle","url":"https://pokeapi.co/api/v2/pokemon/540/"},{"name":"swadloon","url":"https://pokeapi.co/api/v2/pokemon/541/"},{"name":"leavanny","url":"https://pokeapi.co/api/v2/pokemon/542/"},{"name":"venipede","url":"https://pokeapi.co/api/v2/pokemon/543/"},{"name":"whirlipede","url":"https://pokeapi.co/api/v2/pokemon/544/"},{"name":"scolipede","url":"https://pokeapi.co/api/v2/pokemon/545/"},{"name":"cottonee","url":"https://pokeapi.co/api/v2/pokemon/546/"},{"name":"whimsicott","url":"https://pokeapi.co/api/v2/pokemon/547/"},{"name":"petilil","url":"https://pokeapi.co/api/v2/pokemon/548/"},{"name":"lilligant","url":"https://pokeapi.co/api/v2/pokemon/549/"},{"name":"darumaka","url":"https://pokeapi.co/api/v2/pokemon/554/"},{"name":"darmanitan-standard","url":"https://pokeapi.co/api/v2/pokemon/555/"},{"name":"maractus","url":"https://pokeapi.co/api/v2/pokemon/556/"},{"name":"scraggy","url":"https://pokeapi.co/api/v2/pokemon/559/"},{"name":"scrafty","url":"https://pokeapi.co/api/v2/pokemon/560/"},{"name":"trubbish","url":"https://pokeapi.co/api/v2/pokemon/568/"},{"name":"garbodor","url":"https://pokeapi.co/api/v2/pokemon/569/"},{"name":"zorua","url":"https://pokeapi.co/api/v2/pokemon/570/"},{"name":"zoroark","url":"https://pokeapi.co/api/v2/pokemon/571/"},{"name":"minccino","url":"https://pokeapi.co/api/v2/pokemon/572/"},{"name":"cinccino","url":"https://pokeapi.co/api/v2/pokemon/573/"},{"name":"deerling","url":"https://pokeapi.co/api/v2/pokemon/585/"},{"name":"sawsbuck","url":"https://pokeapi.co/api/v2/pokemon/586/"},{"name":"foongus","url":"https://pokeapi.co/api/v2/pokemon/590/"},{"name":"amoonguss","url":"https://pokeapi.co/api/v2/pokemon/591/"},{"name":"ferroseed","url":"https://pokeapi.co/api/v2/pokemon/597/"},{"name":"ferrothorn","url":"https://pokeapi.co/api/v2/pokemon/598/"},{"name":"eelektross","url":"https://pokeapi.co/api/v2/pokemon/604/"},{"name":"litwick","url":"https://pokeapi.co/api/v2/pokemon/607/"},{"name":"lampent","url":"https://pokeapi.co/api/v2/pokemon/608/"},{"name":"chandelure","url":"https://pokeapi.co/api/v2/pokemon/609/"},{"name":"axew","url":"https://pokeapi.co/api/v2/pokemon/610/"},{"name":"fraxure","url":"https://pokeapi.co/api/v2/pokemon/611/"},{"name":"haxorus","url":"https://pokeapi.co/api/v2/pokemon/612/"},{"name":"mienfoo","url":"https://pokeapi.co/api/v2/pokemon/619/"},{"name":"mienshao","url":"https://pokeapi.co/api/v2/pokemon/620/"},{"name":"druddigon","url":"https://pokeapi.co/api/v2/pokemon/621/"},{"name":"bouffalant","url":"https://pokeapi.co/api/v2/pokemon/626/"},{"name":"rufflet","url":"https://pokeapi.co/api/v2/pokemon/627/"},{"name":"braviary","url":"https://pokeapi.co/api/v2/pokemon/628/"},{"name":"vullaby","url":"https://pokeapi.co/api/v2/pokemon/629/"},{"name":"mandibuzz","url":"https://pokeapi.co/api/v2/pokemon/630/"},{"name":"heatmor","url":"https://pokeapi.co/api/v2/pokemon/631/"},{"name":"deino","url":"https://pokeapi.co/api/v2/pokemon/633/"},{"name":"zweilous","url":"https://pokeapi.co/api/v2/pokemon/634/"},{"name":"hydreigon","url":"https://pokeapi.co/api/v2/pokemon/635/"},{"name":"larvesta","url":"https://pokeapi.co/api/v2/pokemon/636/"},{"name":"volcarona","url":"https://pokeapi.co/api/v2/pokemon/637/"},{"name":"virizion","url":"https://pokeapi.co/api/v2/pokemon/640/"},{"name":"tornadus-incarnate","url":"https://pokeapi.co/api/v2/pokemon/641/"},{"name":"thundurus-incarnate","url":"https://pokeapi.co/api/v2/pokemon/642/"},{"name":"reshiram","url":"https://pokeapi.co/api/v2/pokemon/643/"},{"name":"landorus-incarnate","url":"https://pokeapi.co/api/v2/pokemon/645/"},{"name":"kyurem","url":"https://pokeapi.co/api/v2/pokemon/646/"},{"name":"keldeo-ordinary","url":"https://pokeapi.co/api/v2/pokemon/647/"},{"name":"meloetta-aria","url":"https://pokeapi.co/api/v2/pokemon/648/"},{"name":"chespin","url":"https://pokeapi.co/api/v2/pokemon/650/"},{"name":"quilladin","url":"https://pokeapi.co/api/v2/pokemon/651/"},{"name":"chesnaught","url":"https://pokeapi.co/api/v2/pokemon/652/"},{"name":"fennekin","url":"https://pokeapi.co/api/v2/pokemon/653/"},{"name":"braixen","url":"https://pokeapi.co/api/v2/pokemon/654/"},{"name":"delphox","url":"https://pokeapi.co/api/v2/pokemon/655/"},{"name":"fletchling","url":"https://pokeapi.co/api/v2/pokemon/661/"},{"name":"fletchinder","url":"https://pokeapi.co/api/v2/pokemon/662/"},{"name":"talonflame","url":"https://pokeapi.co/api/v2/pokemon/663/"},{"name":"vivillon","url":"https://pokeapi.co/api/v2/pokemon/666/"},{"name":"litleo","url":"https://pokeapi.co/api/v2/pokemon/667/"},{"name":"pyroar","url":"https://pokeapi.co/api/v2/pokemon/668/"},{"name":"flabebe","url":"https://pokeapi.co/api/v2/pokemon/669/"},{"name":"floette","url":"https://pokeapi.co/api/v2/pokemon/670/"},{"name":"florges","url":"https://pokeapi.co/api/v2/pokemon/671/"},{"name":"skiddo","url":"https://pokeapi.co/api/v2/pokemon/672/"},{"name":"gogoat","url":"https://pokeapi.co/api/v2/pokemon/673/"},{"name":"pancham","url":"https://pokeapi.co/api/v2/pokemon/674/"},{"name":"pangoro","url":"https://pokeapi.co/api/v2/pokemon/675/"},{"name":"furfrou","url":"https://pokeapi.co/api/v2/pokemon/676/"},{"name":"espurr","url":"https://pokeapi.co/api/v2/pokemon/677/"},{"name":"meowstic-male","url":"https://pokeapi.co/api/v2/pokemon/678/"},{"name":"aegislash-shield","url":"https://pokeapi.co/api/v2/pokemon/681/"},{"name":"spritzee","url":"https://pokeapi.co/api/v2/pokemon/682/"},{"name":"aromatisse","url":"https://pokeapi.co/api/v2/pokemon/683/"},{"name":"swirlix","url":"https://pokeapi.co/api/v2/pokemon/684/"},{"name":"slurpuff","url":"https://pokeapi.co/api/v2/pokemon/685/"},{"name":"inkay","url":"https://pokeapi.co/api/v2/pokemon/686/"},{"name":"malamar","url":"https://pokeapi.co/api/v2/pokemon/687/"},{"name":"heliolisk","url":"https://pokeapi.co/api/v2/pokemon/695/"},{"name":"tyrunt","url":"https://pokeapi.co/api/v2/pokemon/696/"},{"name":"tyrantrum","url":"https://pokeapi.co/api/v2/pokemon/697/"},{"name":"sylveon","url":"https://pokeapi.co/api/v2/pokemon/700/"},{"name":"hawlucha","url":"https://pokeapi.co/api/v2/pokemon/701/"},{"name":"dedenne","url":"https://pokeapi.co/api/v2/pokemon/702/"},{"name":"carbink","url":"https://pokeapi.co/api/v2/pokemon/703/"},{"name":"goomy","url":"https://pokeapi.co/api/v2/pokemon/704/"},{"name":"sliggoo","url":"https://pokeapi.co/api/v2/pokemon/705/"},{"name":"goodra","url":"https://pokeapi.co/api/v2/pokemon/706/"},{"name":"klefki","url":"https://pokeapi.co/api/v2/pokemon/707/"},{"name":"phantump","url":"https://pokeapi.co/api/v2/pokemon/708/"},{"name":"trevenant","url":"https://pokeapi.co/api/v2/pokemon/709/"},{"name":"pumpkaboo-average","url":"https://pokeapi.co/api/v2/pokemon/710/"},{"name":"gourgeist-average","url":"https://pokeapi.co/api/v2/pokemon/711/"},{"name":"noibat","url":"https://pokeapi.co/api/v2/pokemon/714/"},{"name":"noivern","url":"https://pokeapi.co/api/v2/pokemon/715/"},{"name":"xerneas","url":"https://pokeapi.co/api/v2/pokemon/716/"},{"name":"yveltal","url":"https://pokeapi.co/api/v2/pokemon/717/"},{"name":"zygarde-50","url":"https://pokeapi.co/api/v2/pokemon/718/"},{"name":"diancie","url":"https://pokeapi.co/api/v2/pokemon/719/"},{"name":"hoopa","url":"https://pokeapi.co/api/v2/pokemon/720/"},{"name":"volcanion","url":"https://pokeapi.co/api/v2/pokemon/721/"},{"name":"rowlet","url":"https://pokeapi.co/api/v2/pokemon/722/"},{"name":"dartrix","url":"https://pokeapi.co/api/v2/pokemon/723/"},{"name":"decidueye","url":"https://pokeapi.co/api/v2/pokemon/724/"},{"name":"litten","url":"https://pokeapi.co/api/v2/pokemon/725/"},{"name":"torracat","url":"https://pokeapi.co/api/v2/pokemon/726/"},{"name":"incineroar","url":"https://pokeapi.co/api/v2/pokemon/727/"},{"name":"pikipek","url":"https://pokeapi.co/api/v2/pokemon/731/"},{"name":"trumbeak","url":"https://pokeapi.co/api/v2/pokemon/732/"},{"name":"toucannon","url":"https://pokeapi.co/api/v2/pokemon/733/"},{"name":"yungoos","url":"https://pokeapi.co/api/v2/pokemon/734/"},{"name":"gumshoos","url":"https://pokeapi.co/api/v2/pokemon/735/"},{"name":"crabrawler","url":"https://pokeapi.co/api/v2/pokemon/739/"},{"name":"crabominable","url":"https://pokeapi.co/api/v2/pokemon/740/"},{"name":"oricorio-baile","url":"https://pokeapi.co/api/v2/pokemon/741/"},{"name":"cutiefly","url":"https://pokeapi.co/api/v2/pokemon/742/"},{"name":"ribombee","url":"https://pokeapi.co/api/v2/pokemon/743/"},{"name":"lycanroc-midday","url":"https://pokeapi.co/api/v2/pokemon/745/"},{"name":"mudbray","url":"https://pokeapi.co/api/v2/pokemon/749/"},{"name":"mudsdale","url":"https://pokeapi.co/api/v2/pokemon/750/"},{"name":"fomantis","url":"https://pokeapi.co/api/v2/pokemon/753/"},{"name":"lurantis","url":"https://pokeapi.co/api/v2/pokemon/754/"},{"name":"morelull","url":"https://pokeapi.co/api/v2/pokemon/755/"},{"name":"shiinotic","url":"https://pokeapi.co/api/v2/pokemon/756/"},{"name":"salandit","url":"https://pokeapi.co/api/v2/pokemon/757/"},{"name":"salazzle","url":"https://pokeapi.co/api/v2/pokemon/758/"},{"name":"bounsweet","url":"https://pokeapi.co/api/v2/pokemon/761/"},{"name":"steenee","url":"https://pokeapi.co/api/v2/pokemon/762/"},{"name":"tsareena","url":"https://pokeapi.co/api/v2/pokemon/763/"},{"name":"comfey","url":"https://pokeapi.co/api/v2/pokemon/764/"},{"name":"oranguru","url":"https://pokeapi.co/api/v2/pokemon/765/"},{"name":"passimian","url":"https://pokeapi.co/api/v2/pokemon/766/"},{"name":"sandygast","url":"https://pokeapi.co/api/v2/pokemon/769/"},{"name":"palossand","url":"https://pokeapi.co/api/v2/pokemon/770/"},{"name":"type-null","url":"https://pokeapi.co/api/v2/pokemon/772/"},{"name":"silvally","url":"https://pokeapi.co/api/v2/pokemon/773/"},{"name":"komala","url":"https://pokeapi.co/api/v2/pokemon/775/"},{"name":"turtonator","url":"https://pokeapi.co/api/v2/pokemon/776/"},{"name":"mimikyu-disguised","url":"https://pokeapi.co/api/v2/pokemon/778/"},{"name":"drampa","url":"https://pokeapi.co/api/v2/pokemon/780/"},{"name":"dhelmise","url":"https://pokeapi.co/api/v2/pokemon/781/"},{"name":"tapu-lele","url":"https://pokeapi.co/api/v2/pokemon/786/"},{"name":"tapu-bulu","url":"https://pokeapi.co/api/v2/pokemon/787/"},{"name":"solgaleo","url":"https://pokeapi.co/api/v2/pokemon/791/"},{"name":"lunala","url":"https://pokeapi.co/api/v2/pokemon/792/"},{"name":"xurkitree","url":"https://pokeapi.co/api/v2/pokemon/796/"},{"name":"magearna","url":"https://pokeapi.co/api/v2/pokemon/801/"},{"name":"blacephalon","url":"https://pokeapi.co/api/v2/pokemon/806/"},{"name":"grookey","url":"https://pokeapi.co/api/v2/pokemon/810/"},{"name":"thwackey","url":"https://pokeapi.co/api/v2/pokemon/811/"},{"name":"rillaboom","url":"https://pokeapi.co/api/v2/pokemon/812/"},{"name":"scorbunny","url":"https://pokeapi.co/api/v2/pokemon/813/"},{"name":"raboot","url":"https://pokeapi.co/api/v2/pokemon/814/"},{"name":"cinderace","url":"https://pokeapi.co/api/v2/pokemon/815/"},{"name":"greedent","url":"https://pokeapi.co/api/v2/pokemon/820/"},{"name":"corvisquire","url":"https://pokeapi.co/api/v2/pokemon/822/"},{"name":"corviknight","url":"https://pokeapi.co/api/v2/pokemon/823/"},{"name":"gossifleur","url":"https://pokeapi.co/api/v2/pokemon/829/"},{"name":"eldegoss","url":"https://pokeapi.co/api/v2/pokemon/830/"},{"name":"carkol","url":"https://pokeapi.co/api/v2/pokemon/838/"},{"name":"coalossal","url":"https://pokeapi.co/api/v2/pokemon/839/"},{"name":"flapple","url":"https://pokeapi.co/api/v2/pokemon/841/"},{"name":"appletun","url":"https://pokeapi.co/api/v2/pokemon/842/"},{"name":"toxtricity-amped","url":"https://pokeapi.co/api/v2/pokemon/849/"},{"name":"sizzlipede","url":"https://pokeapi.co/api/v2/pokemon/850/"},{"name":"centiskorch","url":"https://pokeapi.co/api/v2/pokemon/851/"},{"name":"obstagoon","url":"https://pokeapi.co/api/v2/pokemon/862/"},{"name":"perrserker","url":"https://pokeapi.co/api/v2/pokemon/863/"},{"name":"cursola","url":"https://pokeapi.co/api/v2/pokemon/864/"},{"name":"sirfetchd","url":"https://pokeapi.co/api/v2/pokemon/865/"},{"name":"mr-rime","url":"https://pokeapi.co/api/v2/pokemon/866/"},{"name":"falinks","url":"https://pokeapi.co/api/v2/pokemon/870/"},{"name":"stonjourner","url":"https://pokeapi.co/api/v2/pokemon/874/"},{"name":"dracozolt","url":"https://pokeapi.co/api/v2/pokemon/880/"},{"name":"drakloak","url":"https://pokeapi.co/api/v2/pokemon/886/"},{"name":"dragapult","url":"https://pokeapi.co/api/v2/pokemon/887/"},{"name":"zamazenta","url":"https://pokeapi.co/api/v2/pokemon/889/"},{"name":"eternatus","url":"https://pokeapi.co/api/v2/pokemon/890/"},{"name":"zarude","url":"https://pokeapi.co/api/v2/pokemon/893/"},{"name":"calyrex","url":"https://pokeapi.co/api/v2/pokemon/898/"},{"name":"wyrdeer","url":"https://pokeapi.co/api/v2/pokemon/899/"},{"name":"kleavor","url":"https://pokeapi.co/api/v2/pokemon/900/"},{"name":"ursaluna","url":"https://pokeapi.co/api/v2/pokemon/901/"},{"name":"sneasler","url":"https://pokeapi.co/api/v2/pokemon/903/"},{"name":"enamorus-incarnate","url":"https://pokeapi.co/api/v2/pokemon/905/"},{"name":"fuecoco","url":"https://pokeapi.co/api/v2/pokemon/909/"},{"name":"crocalor","url":"https://pokeapi.co/api/v2/pokemon/910/"},{"name":"skeledirge","url":"https://pokeapi.co/api/v2/pokemon/911/"},{"name":"lechonk","url":"https://pokeapi.co/api/v2/pokemon/915/"},{"name":"oinkologne","url":"https://pokeapi.co/api/v2/pokemon/916/"},{"name":"tarountula","url":"https://pokeapi.co/api/v2/pokemon/917/"},{"name":"spidops","url":"https://pokeapi.co/api/v2/pokemon/918/"},{"name":"nymble","url":"https://pokeapi.co/api/v2/pokemon/919/"},{"name":"lokix","url":"https://pokeapi.co/api/v2/pokemon/920/"},{"name":"pawmi","url":"https://pokeapi.co/api/v2/pokemon/921/"},{"name":"pawmo","url":"https://pokeapi.co/api/v2/pokemon/922/"},{"name":"pawmot","url":"https://pokeapi.co/api/v2/pokemon/923/"},{"name":"tandemaus","url":"https://pokeapi.co/api/v2/pokemon/924/"},{"name":"maushold","url":"https://pokeapi.co/api/v2/pokemon/925/"},{"name":"fidough","url":"https://pokeapi.co/api/v2/pokemon/926/"},{"name":"dachsbun","url":"https://pokeapi.co/api/v2/pokemon/927/"},{"name":"smoliv","url":"https://pokeapi.co/api/v2/pokemon/928/"},{"name":"dolliv","url":"https://pokeapi.co/api/v2/pokemon/929/"},{"name":"arboliva","url":"https://pokeapi.co/api/v2/pokemon/930/"},{"name":"squawkabilly","url":"https://pokeapi.co/api/v2/pokemon/931/"},{"name":"nacli","url":"https://pokeapi.co/api/v2/pokemon/932/"},{"name":"naclstack","url":"https://pokeapi.co/api/v2/pokemon/933/"},{"name":"garganacl","url":"https://pokeapi.co/api/v2/pokemon/934/"},{"name":"charcadet","url":"https://pokeapi.co/api/v2/pokemon/935/"},{"name":"armarouge","url":"https://pokeapi.co/api/v2/pokemon/936/"},{"name":"ceruledge","url":"https://pokeapi.co/api/v2/pokemon/937/"},{"name":"maschiff","url":"https://pokeapi.co/api/v2/pokemon/942/"},{"name":"mabosstiff","url":"https://pokeapi.co/api/v2/pokemon/943/"},{"name":"shroodle","url":"https://pokeapi.co/api/v2/pokemon/944/"},{"name":"grafaiai","url":"https://pokeapi.co/api/v2/pokemon/945/"},{"name":"klawf","url":"https://pokeapi.co/api/v2/pokemon/950/"},{"name":"capsakid","url":"https://pokeapi.co/api/v2/pokemon/951/"},{"name":"scovillain","url":"https://pokeapi.co/api/v2/pokemon/952/"},{"name":"rabsca","url":"https://pokeapi.co/api/v2/pokemon/954/"},{"name":"flittle","url":"https://pokeapi.co/api/v2/pokemon/955/"},{"name":"espathra","url":"https://pokeapi.co/api/v2/pokemon/956/"},{"name":"bombirdier","url":"https://pokeapi.co/api/v2/pokemon/962/"},{"name":"varoom","url":"https://pokeapi.co/api/v2/pokemon/965/"},{"name":"revavroom","url":"https://pokeapi.co/api/v2/pokemon/966/"},{"name":"cyclizar","url":"https://pokeapi.co/api/v2/pokemon/967/"},{"name":"glimmet","url":"https://pokeapi.co/api/v2/pokemon/969/"},{"name":"glimmora","url":"https://pokeapi.co/api/v2/pokemon/970/"},{"name":"greavard","url":"https://pokeapi.co/api/v2/pokemon/971/"},{"name":"houndstone","url":"https://pokeapi.co/api/v2/pokemon/972/"},{"name":"annihilape","url":"https://pokeapi.co/api/v2/pokemon/979/"},{"name":"farigiraf","url":"https://pokeapi.co/api/v2/pokemon/981/"},{"name":"dudunsparce","url":"https://pokeapi.co/api/v2/pokemon/982/"},{"name":"great-tusk","url":"https://pokeapi.co/api/v2/pokemon/984/"},{"name":"scream-tail","url":"https://pokeapi.co/api/v2/pokemon/985/"},{"name":"brute-bonnet","url":"https://pokeapi.co/api/v2/pokemon/986/"},{"name":"flutter-mane","url":"https://pokeapi.co/api/v2/pokemon/987/"},{"name":"slither-wing","url":"https://pokeapi.co/api/v2/pokemon/988/"},{"name":"sandy-shocks","url":"https://pokeapi.co/api/v2/pokemon/989/"},{"name":"iron-jugulis","url":"https://pokeapi.co/api/v2/pokemon/993/"},{"name":"iron-moth","url":"https://pokeapi.co/api/v2/pokemon/994/"},{"name":"iron-thorns","url":"https://pokeapi.co/api/v2/pokemon/995/"},{"name":"wo-chien","url":"https://pokeapi.co/api/v2/pokemon/1001/"},{"name":"ting-lu","url":"https://pokeapi.co/api/v2/pokemon/1003/"},{"name":"chi-yu","url":"https://pokeapi.co/api/v2/pokemon/1004/"},{"name":"roaring-moon","url":"https://pokeapi.co/api/v2/pokemon/1005/"},{"name":"koraidon","url":"https://pokeapi.co/api/v2/pokemon/1007/"},{"name":"walking-wake","url":"https://pokeapi.co/api/v2/pokemon/1009/"},{"name":"deoxys-attack","url":"https://pokeapi.co/api/v2/pokemon/10001/"},{"name":"deoxys-defense","url":"https://pokeapi.co/api/v2/pokemon/10002/"},{"name":"deoxys-speed","url":"https://pokeapi.co/api/v2/pokemon/10003/"},{"name":"wormadam-sandy","url":"https://pokeapi.co/api/v2/pokemon/10004/"},{"name":"wormadam-trash","url":"https://pokeapi.co/api/v2/pokemon/10005/"},{"name":"shaymin-sky","url":"https://pokeapi.co/api/v2/pokemon/10006/"},{"name":"giratina-origin","url":"https://pokeapi.co/api/v2/pokemon/10007/"},{"name":"rotom-heat","url":"https://pokeapi.co/api/v2/pokemon/10008/"},{"name":"rotom-wash","url":"https://pokeapi.co/api/v2/pokemon/10009/"},{"name":"rotom-frost","url":"https://pokeapi.co/api/v2/pokemon/10010/"},{"name":"rotom-fan","url":"https://pokeapi.co/api/v2/pokemon/10011/"},{"name":"rotom-mow","url":"https://pokeapi.co/api/v2/pokemon/10012/"},{"name":"castform-sunny","url":"https://pokeapi.co/api/v2/pokemon/10013/"},{"name":"castform-rainy","url":"https://pokeapi.co/api/v2/pokemon/10014/"},{"name":"castform-snowy","url":"https://pokeapi.co/api/v2/pokemon/10015/"},{"name":"darmanitan-zen","url":"https://pokeapi.co/api/v2/pokemon/10017/"},{"name":"meloetta-pirouette","url":"https://pokeapi.co/api/v2/pokemon/10018/"},{"name":"tornadus-therian","url":"https://pokeapi.co/api/v2/pokemon/10019/"},{"name":"thundurus-therian","url":"https://pokeapi.co/api/v2/pokemon/10020/"},{"name":"landorus-therian","url":"https://pokeapi.co/api/v2/pokemon/10021/"},{"name":"kyurem-black","url":"https://pokeapi.co/api/v2/pokemon/10022/"},{"name":"kyurem-white","url":"https://pokeapi.co/api/v2/pokemon/10023/"},{"name":"keldeo-resolute","url":"https://pokeapi.co/api/v2/pokemon/10024/"},{"name":"meowstic-female","url":"https://pokeapi.co/api/v2/pokemon/10025/"},{"name":"aegislash-blade","url":"https://pokeapi.co/api/v2/pokemon/10026/"},{"name":"pumpkaboo-small","url":"https://pokeapi.co/api/v2/pokemon/10027/"},{"name":"pumpkaboo-large","url":"https://pokeapi.co/api/v2/pokemon/10028/"},{"name":"pumpkaboo-super","url":"https://pokeapi.co/api/v2/pokemon/10029/"},{"name":"gourgeist-small","url":"https://pokeapi.co/api/v2/pokemon/10030/"},{"name":"gourgeist-large","url":"https://pokeapi.co/api/v2/pokemon/10031/"},{"name":"gourgeist-super","url":"https://pokeapi.co/api/v2/pokemon/10032/"},{"name":"venusaur-mega","url":"https://pokeapi.co/api/v2/pokemon/10033/"},{"name":"charizard-mega-x","url":"https://pokeapi.co/api/v2/pokemon/10034/"},{"name":"charizard-mega-y","url":"https://pokeapi.co/api/v2/pokemon/10035/"},{"name":"alakazam-mega","url":"https://pokeapi.co/api/v2/pokemon/10037/"},{"name":"gengar-mega","url":"https://pokeapi.co/api/v2/pokemon/10038/"},{"name":"kangaskhan-mega","url":"https://pokeapi.co/api/v2/pokemon/10039/"},{"name":"pinsir-mega","url":"https://pokeapi.co/api/v2/pokemon/10040/"},{"name":"aerodactyl-mega","url":"https://pokeapi.co/api/v2/pokemon/10042/"},{"name":"mewtwo-mega-x","url":"https://pokeapi.co/api/v2/pokemon/10043/"},{"name":"mewtwo-mega-y","url":"https://pokeapi.co/api/v2/pokemon/10044/"},{"name":"scizor-mega","url":"https://pokeapi.co/api/v2/pokemon/10046/"},{"name":"heracross-mega","url":"https://pokeapi.co/api/v2/pokemon/10047/"},{"name":"houndoom-mega","url":"https://pokeapi.co/api/v2/pokemon/10048/"},{"name":"tyranitar-mega","url":"https://pokeapi.co/api/v2/pokemon/10049/"},{"name":"blaziken-mega","url":"https://pokeapi.co/api/v2/pokemon/10050/"},{"name":"gardevoir-mega","url":"https://pokeapi.co/api/v2/pokemon/10051/"},{"name":"mawile-mega","url":"https://pokeapi.co/api/v2/pokemon/10052/"},{"name":"aggron-mega","url":"https://pokeapi.co/api/v2/pokemon/10053/"},{"name":"medicham-mega","url":"https://pokeapi.co/api/v2/pokemon/10054/"},{"name":"banette-mega","url":"https://pokeapi.co/api/v2/pokemon/10056/"},{"name":"absol-mega","url":"https://pokeapi.co/api/v2/pokemon/10057/"},{"name":"garchomp-mega","url":"https://pokeapi.co/api/v2/pokemon/10058/"},{"name":"lucario-mega","url":"https://pokeapi.co/api/v2/pokemon/10059/"},{"name":"floette-eternal","url":"https://pokeapi.co/api/v2/pokemon/10061/"},{"name":"latias-mega","url":"https://pokeapi.co/api/v2/pokemon/10062/"},{"name":"latios-mega","url":"https://pokeapi.co/api/v2/pokemon/10063/"},{"name":"sceptile-mega","url":"https://pokeapi.co/api/v2/pokemon/10065/"},{"name":"sableye-mega","url":"https://pokeapi.co/api/v2/pokemon/10066/"},{"name":"altaria-mega","url":"https://pokeapi.co/api/v2/pokemon/10067/"},{"name":"gallade-mega","url":"https://pokeapi.co/api/v2/pokemon/10068/"},{"name":"audino-mega","url":"https://pokeapi.co/api/v2/pokemon/10069/"},{"name":"slowbro-mega","url":"https://pokeapi.co/api/v2/pokemon/10071/"},{"name":"steelix-mega","url":"https://pokeapi.co/api/v2/pokemon/10072/"},{"name":"pidgeot-mega","url":"https://pokeapi.co/api/v2/pokemon/10073/"},{"name":"diancie-mega","url":"https://pokeapi.co/api/v2/pokemon/10075/"},{"name":"metagross-mega","url":"https://pokeapi.co/api/v2/pokemon/10076/"},{"name":"groudon-primal","url":"https://pokeapi.co/api/v2/pokemon/10078/"},{"name":"rayquaza-mega","url":"https://pokeapi.co/api/v2/pokemon/10079/"},{"name":"hoopa-unbound","url":"https://pokeapi.co/api/v2/pokemon/10086/"},{"name":"camerupt-mega","url":"https://pokeapi.co/api/v2/pokemon/10087/"},{"name":"lopunny-mega","url":"https://pokeapi.co/api/v2/pokemon/10088/"},{"name":"salamence-mega","url":"https://pokeapi.co/api/v2/pokemon/10089/"},{"name":"beedrill-mega","url":"https://pokeapi.co/api/v2/pokemon/10090/"},{"name":"rattata-alola","url":"https://pokeapi.co/api/v2/pokemon/10091/"},{"name":"raticate-alola","url":"https://pokeapi.co/api/v2/pokemon/10092/"},{"name":"raticate-totem-alola","url":"https://pokeapi.co/api/v2/pokemon/10093/"},{"name":"sandshrew-alola","url":"https://pokeapi.co/api/v2/pokemon/10101/"},{"name":"sandslash-alola","url":"https://pokeapi.co/api/v2/pokemon/10102/"},{"name":"diglett-alola","url":"https://pokeapi.co/api/v2/pokemon/10105/"},{"name":"dugtrio-alola","url":"https://pokeapi.co/api/v2/pokemon/10106/"},{"name":"meowth-alola","url":"https://pokeapi.co/api/v2/pokemon/10107/"},{"name":"persian-alola","url":"https://pokeapi.co/api/v2/pokemon/10108/"},{"name":"geodude-alola","url":"https://pokeapi.co/api/v2/pokemon/10109/"},{"name":"graveler-alola","url":"https://pokeapi.co/api/v2/pokemon/10110/"},{"name":"golem-alola","url":"https://pokeapi.co/api/v2/pokemon/10111/"},{"name":"grimer-alola","url":"https://pokeapi.co/api/v2/pokemon/10112/"},{"name":"muk-alola","url":"https://pokeapi.co/api/v2/pokemon/10113/"},{"name":"exeggutor-alola","url":"https://pokeapi.co/api/v2/pokemon/10114/"},{"name":"marowak-alola","url":"https://pokeapi.co/api/v2/pokemon/10115/"},{"name":"zygarde-10-power-construct","url":"https://pokeapi.co/api/v2/pokemon/10118/"},{"name":"zygarde-50-power-construct","url":"https://pokeapi.co/api/v2/pokemon/10119/"},{"name":"zygarde-complete","url":"https://pokeapi.co/api/v2/pokemon/10120/"},{"name":"oricorio-pom-pom","url":"https://pokeapi.co/api/v2/pokemon/10123/"},{"name":"oricorio-pau","url":"https://pokeapi.co/api/v2/pokemon/10124/"},{"name":"oricorio-sensu","url":"https://pokeapi.co/api/v2/pokemon/10125/"},{"name":"lycanroc-midnight","url":"https://pokeapi.co/api/v2/pokemon/10126/"},{"name":"lurantis-totem","url":"https://pokeapi.co/api/v2/pokemon/10128/"},{"name":"mimikyu-busted","url":"https://pokeapi.co/api/v2/pokemon/10143/"},{"name":"magearna-original","url":"https://pokeapi.co/api/v2/pokemon/10147/"},{"name":"marowak-totem","url":"https://pokeapi.co/api/v2/pokemon/10149/"},{"name":"ribombee-totem","url":"https://pokeapi.co/api/v2/pokemon/10150/"},{"name":"meowth-galar","url":"https://pokeapi.co/api/v2/pokemon/10161/"},{"name":"slowpoke-galar","url":"https://pokeapi.co/api/v2/pokemon/10164/"},{"name":"slowbro-galar","url":"https://pokeapi.co/api/v2/pokemon/10165/"},{"name":"farfetchd-galar","url":"https://pokeapi.co/api/v2/pokemon/10166/"},{"name":"weezing-galar","url":"https://pokeapi.co/api/v2/pokemon/10167/"},{"name":"mr-mime-galar","url":"https://pokeapi.co/api/v2/pokemon/10168/"},{"name":"articuno-galar","url":"https://pokeapi.co/api/v2/pokemon/10169/"},{"name":"zapdos-galar","url":"https://pokeapi.co/api/v2/pokemon/10170/"},{"name":"moltres-galar","url":"https://pokeapi.co/api/v2/pokemon/10171/"},{"name":"slowking-galar","url":"https://pokeapi.co/api/v2/pokemon/10172/"},{"name":"corsola-galar","url":"https://pokeapi.co/api/v2/pokemon/10173/"},{"name":"zigzagoon-galar","url":"https://pokeapi.co/api/v2/pokemon/10174/"},{"name":"linoone-galar","url":"https://pokeapi.co/api/v2/pokemon/10175/"},{"name":"darumaka-galar","url":"https://pokeapi.co/api/v2/pokemon/10176/"},{"name":"darmanitan-galar-standard","url":"https://pokeapi.co/api/v2/pokemon/10177/"},{"name":"darmanitan-galar-zen","url":"https://pokeapi.co/api/v2/pokemon/10178/"},{"name":"zygarde-10","url":"https://pokeapi.co/api/v2/pokemon/10181/"},{"name":"toxtricity-low-key","url":"https://pokeapi.co/api/v2/pokemon/10184/"},{"name":"zamazenta-crowned","url":"https://pokeapi.co/api/v2/pokemon/10189/"},{"name":"zarude-dada","url":"https://pokeapi.co/api/v2/pokemon/10192/"},{"name":"calyrex-ice","url":"https://pokeapi.co/api/v2/pokemon/10193/"},{"name":"calyrex-shadow","url":"https://pokeapi.co/api/v2/pokemon/10194/"},{"name":"growlithe-hisui","url":"https://pokeapi.co/api/v2/pokemon/10229/"},{"name":"arcanine-hisui","url":"https://pokeapi.co/api/v2/pokemon/10230/"},{"name":"typhlosion-hisui","url":"https://pokeapi.co/api/v2/pokemon/10233/"},{"name":"sneasel-hisui","url":"https://pokeapi.co/api/v2/pokemon/10235/"},{"name":"lilligant-hisui","url":"https://pokeapi.co/api/v2/pokemon/10237/"},{"name":"braviary-hisui","url":"https://pokeapi.co/api/v2/pokemon/10240/"},{"name":"sliggoo-hisui","url":"https://pokeapi.co/api/v2/pokemon/10241/"},{"name":"goodra-hisui","url":"https://pokeapi.co/api/v2/pokemon/10242/"},{"name":"decidueye-hisui","url":"https://pokeapi.co/api/v2/pokemon/10244/"},{"name":"dialga-origin","url":"https://pokeapi.co/api/v2/pokemon/10245/"},{"name":"palkia-origin","url":"https://pokeapi.co/api/v2/pokemon/10246/"},{"name":"enamorus-therian","url":"https://pokeapi.co/api/v2/pokemon/10249/"},{"name":"tauros-paldea-combat-breed","url":"https://pokeapi.co/api/v2/pokemon/10250/"},{"name":"tauros-paldea-blaze-breed","url":"https://pokeapi.co/api/v2/pokemon/10251/"},{"name":"oinkologne-female","url":"https://pokeapi.co/api/v2/pokemon/10254/"},{"name":"dudunsparce-three-segment","url":"https://pokeapi.co/api/v2/pokemon/10255/"},{"name":"maushold-family-of-three","url":"https://pokeapi.co/api/v2/pokemon/10257/"},{"name":"squawkabilly-blue-plumage","url":"https://pokeapi.co/api/v2/pokemon/10260/"},{"name":"squawkabilly-yellow-plumage","url":"https://pokeapi.co/api/v2/pokemon/10261/"},{"name":"squawkabilly-white-plumage","url":"https://pokeapi.co/api/v2/pokemon/10262/"},{"name":"koraidon-limited-build","url":"https://pokeapi.co/api/v2/pokemon/10264/"},{"name":"koraidon-sprinting-build","url":"https://pokeapi.co/api/v2/pokemon/10265/"},{"name":"koraidon-swimming-build","url":"https://pokeapi.co/api/v2/pokemon/10266/"},{"name":"koraidon-gliding-build","url":"https://pokeapi.co/api/v2/pokemon/10267/"}],"machines":[{"machine":{"url":"https://pokeapi.co/api/v2/machine/204/"},"version_group":{"name":"gold-silver","url":"https://pokeapi.co/api/v2/version-group/3/"}},{"machine":{"url":"https://pokeapi.co/api/v2/machine/205/"},"version_group":{"name":"crystal","url":"https://pokeapi.co/api/v2/version-group/4/"}},{"machine":{"url":"https://pokeapi.co/api/v2/machine/206/"},"version_group":{"name":"ruby-sapphire","url":"https://pokeapi.co/api/v2/version-group/5/"}},{"machine":{"url":"https://pokeapi.co/api/v2/machine/207/"},"version_group":{"name":"emerald","url":"https://pokeapi.co/api/v2/version-group/6/"}},{"machine":{"url":"https://pokeapi.co/api/v2/machine/208/"},"version_group":{"name":"firered-leafgreen","url":"https://pokeapi.co/api/v2/version-group/7/"}},{"machine":{"url":"https://pokeapi.co/api/v2/machine/209/"},"version_group":{"name":"diamond-pearl","url":"https://pokeapi.co/api/v2/version-group/8/"}},{"machine":{"url":"https://pokeapi.co/api/v2/machine/210/"},"version_group":{"name":"platinum","url":"https://pokeapi.co/api/v2/version-group/9/"}},{"machine":{"url":"https://pokeapi.co/api/v2/machine/211/"},"version_group":{"name":"heartgold-soulsilver","url":"https://pokeapi.co/api/v2/version-group/10/"}},{"machine":{"url":"https://pokeapi.co/api/v2/machine/212/"},"version_group":{"name":"black-white","url":"https://pokeapi.co/api/v2/version-group/11/"}},{"machine":{"url":"https://pokeapi.co/api/v2/machine/213/"},"version_group":{"name":"colosseum","url":"https://pokeapi.co/api/v2/version-group/12/"}},{"machine":{"url":"https://pokeapi.co/api/v2/machine/214/"},"version_group":{"name":"xd","url":"https://pokeapi.co/api/v2/version-group/13/"}},{"machine":{"url":"https://pokeapi.co/api/v2/machine/215/"},"version_group":{"name":"black-2-white-2","url":"https://pokeapi.co/api/v2/version-group/14/"}},{"machine":{"url":"https://pokeapi.co/api/v2/machine/216/"},"version_group":{"name":"x-y","url":"https://pokeapi.co/api/v2/version-group/15/"}},{"machine":{"url":"https://pokeapi.co/api/v2/machine/217/"},"version_group":{"name":"omega-ruby-alpha-sapphire","url":"https://pokeapi.co/api/v2/version-group/16/"}},{"machine":{"url":"https://pokeapi.co/api/v2/machine/218/"},"version_group":{"name":"sun-moon","url":"https://pokeapi.co/api/v2/version-group/17/"}},{"machine":{"url":"https://pokeapi.co/api/v2/machine/219/"},"version_group":{"name":"ultra-sun-ultra-moon","url":"https://pokeapi.co/api/v2/version-group/18/"}},{"machine":{"url":"https://pokeapi.co/api/v2/machine/681/"},"version_group":{"name":"sword-shield","url":"https://pokeapi.co/api/v2/version-group/20/"}}],"meta":{"ailment":{"name":"none","url":"https://pokeapi.co/api/v2/move-ailment/0/"},"ailment_chance":0,"category":{"name":"whole-field-effect","url":"https://pokeapi.co/api/v2/move-category/10/"},"crit_rate":0,"drain":0,"flinch_chance":0,"healing":0,"max_hits":null,"max_turns":null,"min_hits":null,"min_turns":null,"stat_chance":0},"name":"sunny-day","names":[{"language":{"name":"ja-Hrkt","url":"https://pokeapi.co/api/v2/language/1/"},"name":"にほんばれ"},{"language":{"name":"ko","url":"https://pokeapi.co/api/v2/language/3/"},"name":"쾌청"},{"language":{"name":"zh-Hant","url":"https://pokeapi.co/api/v2/language/4/"},"name":"大晴天"},{"language":{"name":"fr","url":"https://pokeapi.co/api/v2/language/5/"},"name":"Zénith"},{"language":{"name":"de","url":"https://pokeapi.co/api/v2/language/6/"},"name":"Sonnentag"},{"language":{"name":"es","url":"https://pokeapi.co/api/v2/language/7/"},"name":"Día Soleado"},{"language":{"name":"it","url":"https://pokeapi.co/api/v2/language/8/"},"name":"Giornodisole"},{"language":{"name":"en","url":"https://pokeapi.co/api/v2/language/9/"},"name":"Sunny Day"},{"language":{"name":"ja","url":"https://pokeapi.co/api/v2/language/11/"},"name":"にほんばれ"},{"language":{"name":"zh-Hans","url":"https://pokeapi.co/api/v2/language/12/"},"name":"大晴天"}],"past_values":[],"power":null,"pp":5,"priority":0,"stat_changes":[],"super_contest_effect":{"url":"https://pokeapi.co/api/v2/super-contest-effect/13/"},"target":{"name":"entire-field","url":"https://pokeapi.co/api/v2/move-target/12/"},"type":{"name":"fire","url":"https://pokeapi.co/api/v2/type/10/"}}