{"accuracy":null,"contest_combos":{"normal":{"use_after":null,"use_before":[{"name":"spit-up","url":"https://pokeapi.co/api/v2/move/255/"},{"name":"swallow","url":"https://pokeapi.co/api/v2/move/256/"}]},"super":{"use_after":null,"use_before":null}},"contest_effect":{"url":"https://pokeapi.co/api/v2/contest-effect/16/"},"contest_type":{"name":"tough","url":"https://pokeapi.co/api/v2/contest-type/5/"},"damage_class":{"name":"status","url":"https://pokeapi.co/api/v2/move-damage-class/1/"},"effect_chance":null,"effect_changes":[{"effect_entries":[{"effect":"Does not raise Defense or Special Defense.","language":{"name":"en","url":"https://pokeapi.co/api/v2/language/9/"}}],"version_group":{"name":"diamond-pearl","url":"https://pokeapi.co/api/v2/version-group/8/"}}],"effect_entries":[{"effect":"Raises the user's Defense and Special Defense by one stage each.  Stores energy for use with spit up and swallow.  Up to three levels of energy can be stored, and all are lost if the user leaves the field.  Energy is still stored even if the stat boosts cannot be applied.\n\nIf the user uses baton pass, the stat boosts are passed as normal, but the stored energy is not.","language":{"name":"en","url":"https://pokeapi.co/api/v2/language/9/"},"short_effect":"Stores energy up to three times for use with Spit Up and Swallow."}],"flavor_text_entries":[{"flavor_text":"Charges up power for up to\n3 turns.","language":{"name":"en","url":"https://pokeapi.co/api/v2/language/9/"},"version_group":{"name":"ruby-sapphire","url":"https://pokeapi.co/api/v2/version-group/5/"}},{"flavor_text":"Charges up power for up to\n3 turns.","language":{"name":"en","url":"https://pokeapi.co/api/v2/language/9/"},"version_group":{"name":"emerald","url":"https://pokeapi.co/api/v2/version-group/6/"}},{"flavor_text":"The user charges\nup power for use\nlater. It can be\nused three times.","language":{"name":"en","url":"https://pokeapi.co/api/v2/language/9/"},"version_group":{"name":"firered-leafgreen","url":"https://pokeapi.co/api/v2/version-group/7/"}},{"flavor_text":"The user charges\nup power, and raises\nboth its Defense and\nSp. Def. The move can\nbe used three times.","language":{"name":"en","url":"https://pokeapi.co/api/v2/language/9/"},"version_group":{"name":"diamond-pearl","url":"https://pokeapi.co/api/v2/version-group/8/"}},{"flavor_text":"The user charges\nup power, and raises\nboth its Defense and\nSp. Def. The move can\nbe used three times.","language":{"name":"en","url":"https://pokeapi.co/api/v2/language/9/"},"version_group":{"name":"platinum","url":"https://pokeapi.co/api/v2/version-group/9/"}},{"flavor_text":"The user charges\nup power, and raises\nboth its Defense and\nSp. Def. The move can\nbe used three times.","language":{"name":"en","url":"https://pokeapi.co/api/v2/language/9/"},"version_group":{"name":"heartgold-soulsilver","url":"https://pokeapi.co/api/v2/version-group/10/"}},{"flavor_text":"Le lanceur accumule de la puissance et\naugmente sa Défense et sa Défense\nSpéciale. Peut être utilisé 3 fois.","language":{"name":"fr","url":"https://pokeapi.co/api/v2/language/5/"},"version_group":{"name":"black-white","url":"https://pokeapi.co/api/v2/version-group/11/"}},{"flavor_text":"The user charges up power and raises\nboth its Defense and Sp. Def. The move\ncan be used three times.","language":{"name":"en","url":"https://pokeapi.co/api/v2/language/9/"},"version_group":{"name":"black-white","url":"https://pokeapi.co/api/v2/version-group/11/"}},{"flavor_text":"The user charges up power and raises\nboth its Defense and Sp. Def. The move\ncan be used three times.","language":{"name":"en","url":"https://pokeapi.co/api/v2/language/9/"},"version_group":{"name":"black-2-white-2","url":"https://pokeapi.co/api/v2/version-group/14/"}},{"flavor_text":"ちからを　たくわえて　じぶんの\nぼうぎょと　とくぼうを　あげる。\nさいだい　３かいまで　たくわえられる。","language":{"name":"ja-Hrkt","url":"https://pokeapi.co/api/v2/language/1/"},"version_group":{"name":"x-y","url":"https://pokeapi.co/api/v2/version-group/15/"}},{"flavor_text":"힘을 비축해서 자신의\n방어와 특수방어를 올린다.\n최대 3회까지 비축할 수 있다.","language":{"name":"ko","url":"https://pokeapi.co/api/v2/language/3/"},"version_group":{"name":"x-y","url":"https://pokeapi.co/api/v2/version-group/15/"}},{"flavor_text":"Le lanceur accumule de la puissance et augmente\nsa Défense et sa Défense Spéciale.\nPeut être utilisé trois fois.","language":{"name":"fr","url":"https://pokeapi.co/api/v2/language/5/"},"version_group":{"name":"x-y","url":"https://pokeapi.co/api/v2/version-group/15/"}},{"flavor_text":"Lädt Kraft für später auf. Erhöht Verteidigung\nund Spezial-Verteidigung. Kann bis zu dreimal\neingesetzt werden.","language":{"name":"de","url":"https://pokeapi.co/api/v2/language/6/"},"version_group":{"name":"x-y","url":"https://pokeapi.co/api/v2/version-group/15/"}},{"flavor_text":"Acumula energía y sube la Defensa y la Defensa\nEspecial. Puede utilizarse hasta tres veces.","language":{"name":"es","url":"https://pokeapi.co/api/v2/language/7/"},"version_group":{"name":"x-y","url":"https://pokeapi.co/api/v2/version-group/15/"}},{"flavor_text":"Chi la usa accumula energia aumentando\nla Difesa e la Difesa Speciale.\nSi può utilizzare tre volte.","language":{"name":"it","url":"https://pokeapi.co/api/v2/language/8/"},"version_group":{"name":"x-y","url":"https://pokeapi.co/api/v2/version-group/15/"}},{"flavor_text":"The user charges up power and raises\nboth its Defense and Sp. Def stats.\nThe move can be used three times.","language":{"name":"en","url":"https://pokeapi.co/api/v2/language/9/"},"version_group":{"name":"x-y","url":"https://pokeapi.co/api/v2/version-group/15/"}},{"flavor_text":"力を　蓄えて　自分の\n防御と　特防を　あげる。\n最大　３回まで　蓄えられる。","language":{"name":"ja","url":"https://pokeapi.co/api/v2/language/11/"},"version_group":{"name":"x-y","url":"https://pokeapi.co/api/v2/version-group/15/"}},{"flavor_text":"ちからを　たくわえて　じぶんの\nぼうぎょと　とくぼうを　あげる。\nさいだい　３かいまで　たくわえられる。","language":{"name":"ja-Hrkt","url":"https://pokeapi.co/api/v2/language/1/"},"version_group":{"name":"omega-ruby-alpha-sapphire","url":"https://pokeapi.co/api/v2/version-group/16/"}},{"flavor_text":"힘을 비축해서 자신의\n방어와 특수방어를 올린다.\n최대 3회까지 비축할 수 있다.","language":{"name":"ko","url":"https://pokeapi.co/api/v2/language/3/"},"version_group":{"name":"omega-ruby-alpha-sapphire","url":"https://pokeapi.co/api/v2/version-group/16/"}},{"flavor_text":"Le lanceur accumule de la puissance et augmente\nsa Défense et sa Défense Spéciale.\nPeut être utilisé trois fois.","language":{"name":"fr","url":"https://pokeapi.co/api/v2/language/5/"},"version_group":{"name":"omega-ruby-alpha-sapphire","url":"https://pokeapi.co/api/v2/version-group/16/"}},{"flavor_text":"Lädt Kraft für später auf. Erhöht Verteidigung\nund Spezial-Verteidigung. Kann bis zu dreimal\neingesetzt werden.","language":{"name":"de","url":"https://pokeapi.co/api/v2/language/6/"},"version_group":{"name":"omega-ruby-alpha-sapphire","url":"https://pokeapi.co/api/v2/version-group/16/"}},{"flavor_text":"Acumula energía y sube la Defensa y la Defensa \nEspecial. Puede utilizarse hasta tres veces.","language":{"name":"es","url":"https://pokeapi.co/api/v2/language/7/"},"version_group":{"name":"omega-ruby-alpha-sapphire","url":"https://pokeapi.co/api/v2/version-group/16/"}},{"flavor_text":"Chi la usa accumula energia aumentando\nla Difesa e la Difesa Speciale.\nSi può utilizzare tre volte.","language":{"name":"it","url":"https://pokeapi.co/api/v2/language/8/"},"version_group":{"name":"omega-ruby-alpha-sapphire","url":"https://pokeapi.co/api/v2/version-group/16/"}},{"flavor_text":"The user charges up power and raises\nboth its Defense and Sp. Def stats.\nThe move can be used three times.","language":{"name":"en","url":"https://pokeapi.co/api/v2/language/9/"},"version_group":{"name":"omega-ruby-alpha-sapphire","url":"https://pokeapi.co/api/v2/version-group/16/"}},{"flavor_text":"力を　蓄えて　自分の\n防御と　特防を　あげる。\n最大　３回まで　蓄えられる。","language":{"name":"ja","url":"https://pokeapi.co/api/v2/language/11/"},"version_group":{"name":"omega-ruby-alpha-sapphire","url":"https://pokeapi.co/api/v2/version-group/16/"}},{"flavor_text":"ちからを　たくわえて　じぶんの\nぼうぎょと　とくぼうを　あげる。\nさいだい　３かいまで　たくわえられる。","language":{"name":"ja-Hrkt","url":"https://pokeapi.co/api/v2/language/1/"},"version_group":{"name":"sun-moon","url":"https://pokeapi.co/api/v2/version-group/17/"}},{"flavor_text":"힘을 비축해서 자신의\n방어와 특수방어를 올린다.\n최대 3회까지 비축할 수 있다.","language":{"name":"ko","url":"https://pokeapi.co/api/v2/language/3/"},"version_group":{"name":"sun-moon","url":"https://pokeapi.co/api/v2/version-group/17/"}},{"flavor_text":"蓄積力量，\n提高自己的防禦和特防。\n最多蓄積３次。","language":{"name":"zh-Hant","url":"https://pokeapi.co/api/v2/language/4/"},"version_group":{"name":"sun-moon","url":"https://pokeapi.co/api/v2/version-group/17/"}},{"flavor_text":"Le lanceur accumule de la puissance et augmente\nsa Défense et sa Défense Spéciale.\nPeut être utilisé trois fois.","language":{"name":"fr","url":"https://pokeapi.co/api/v2/language/5/"},"version_group":{"name":"sun-moon","url":"https://pokeapi.co/api/v2/version-group/17/"}},{"flavor_text":"Lädt Kraft für später auf. Erhöht Verteidigung und\nSpezial-Verteidigung. Kann bis zu dreimal eingesetzt\nwerden.","language":{"name":"de","url":"https://pokeapi.co/api/v2/language/6/"},"version_group":{"name":"sun-moon","url":"https://pokeapi.co/api/v2/version-group/17/"}},{"flavor_text":"Acumula energía y sube la Defensa y la Defensa \nEspecial. Puede utilizarse hasta tres veces.","language":{"name":"es","url":"https://pokeapi.co/api/v2/language/7/"},"version_group":{"name":"sun-moon","url":"https://pokeapi.co/api/v2/version-group/17/"}},{"flavor_text":"Chi la usa accumula energia aumentando\nla Difesa e la Difesa Speciale.\nSi può utilizzare tre volte.","language":{"name":"it","url":"https://pokeapi.co/api/v2/language/8/"},"version_group":{"name":"sun-moon","url":"https://pokeapi.co/api/v2/version-group/17/"}},{"flavor_text":"The user charges up power and raises both its\nDefense and Sp. Def stats. The move can be used\nthree times.","language":{"name":"en","url":"https://pokeapi.co/api/v2/language/9/"},"version_group":{"name":"sun-moon","url":"https://pokeapi.co/api/v2/version-group/17/"}},{"flavor_text":"力を　蓄えて　自分の\n防御と　特防を　あげる。\n最大　３回まで　蓄えられる。","language":{"name":"ja","url":"https://pokeapi.co/api/v2/language/11/"},"version_group":{"name":"sun-moon","url":"https://pokeapi.co/api/v2/version-group/17/"}},{"flavor_text":"积蓄力量，\n提高自己的防御和特防。\n最多积蓄３次。","language":{"name":"zh-Hans","url":"https://pokeapi.co/api/v2/language/12/"},"version_group":{"name":"sun-moon","url":"https://pokeapi.co/api/v2/version-group/17/"}},{"flavor_text":"ちからを　たくわえて　じぶんの\nぼうぎょと　とくぼうを　あげる。\nさいだい　３かいまで　たくわえられる。","language":{"name":"ja-Hrkt","url":"https://pokeapi.co/api/v2/language/1/"},"version_group":{"name":"ultra-sun-ultra-moon","url":"https://pokeapi.co/api/v2/version-group/18/"}},{"flavor_text":"힘을 비축해서 자신의\n방어와 특수방어를 올린다.\n최대 3회까지 비축할 수 있다.","language":{"name":"ko","url":"https://pokeapi.co/api/v2/language/3/"},"version_group":{"name":"ultra-sun-ultra-moon","url":"https://pokeapi.co/api/v2/version-group/18/"}},{"flavor_text":"蓄積力量，\n提高自己的防禦和特防。\n最多蓄積３次。","language":{"name":"zh-Hant","url":"https://pokeapi.co/api/v2/language/4/"},"version_group":{"name":"ultra-sun-ultra-moon","url":"https://pokeapi.co/api/v2/version-group/18/"}},{"flavor_text":"Le lanceur accumule de la puissance et augmente\nsa Défense et sa Défense Spéciale.\nPeut être utilisé trois fois.","language":{"name":"fr","url":"https://pokeapi.co/api/v2/language/5/"},"version_group":{"name":"ultra-sun-ultra-moon","url":"https://pokeapi.co/api/v2/version-group/18/"}},{"flavor_text":"Lädt Kraft für später auf. Erhöht Verteidigung und\nSpezial-Verteidigung. Kann bis zu dreimal eingesetzt\nwerden.","language":{"name":"de","url":"https://pokeapi.co/api/v2/language/6/"},"version_group":{"name":"ultra-sun-ultra-moon","url":"https://pokeapi.co/api/v2/version-group/18/"}},{"flavor_text":"Acumula energía y sube la Defensa y la Defensa \nEspecial. Puede utilizarse hasta tres veces.","language":{"name":"es","url":"https://pokeapi.co/api/v2/language/7/"},"version_group":{"name":"ultra-sun-ultra-moon","url":"https://pokeapi.co/api/v2/version-group/18/"}},{"flavor_text":"Chi la usa accumula energia aumentando\nla Difesa e la Difesa Speciale.\nSi può utilizzare tre volte.","language":{"name":"it","url":"https://pokeapi.co/api/v2/language/8/"},"version_group":{"name":"ultra-sun-ultra-moon","url":"https://pokeapi.co/api/v2/version-group/18/"}},{"flavor_text":"The user charges up power and raises both its\nDefense and Sp. Def stats. The move can be used\nthree times.","language":{"name":"en","url":"https://pokeapi.co/api/v2/language/9/"},"version_group":{"name":"ultra-sun-ultra-moon","url":"https://pokeapi.co/api/v2/version-group/18/"}},{"flavor_text":"力を　蓄えて　自分の\n防御と　特防を　あげる。\n最大　３回まで　蓄えられる。","language":{"name":"ja","url":"https://pokeapi.co/api/v2/language/11/"},"version_group":{"name":"ultra-sun-ultra-moon","url":"https://pokeapi.co/api/v2/version-group/18/"}},{"flavor_text":"积蓄力量，\n提高自己的防御和特防。\n最多积蓄３次。","language":{"name":"zh-Hans","url":"https://pokeapi.co/api/v2/language/12/"},"version_group":{"name":"ultra-sun-ultra-moon","url":"https://pokeapi.co/api/v2/version-group/18/"}},{"flavor_text":"ちからを　たくわえて　じぶんの\nぼうぎょと　とくぼうを　あげる。\nさいだい　３かいまで　たくわえられる。","language":{"name":"ja-Hrkt","url":"https://pokeapi.co/api/v2/language/1/"},"version_group":{"name":"lets-go-pikachu-lets-go-eevee","url":"https://pokeapi.co/api/v2/version-group/19/"}},{"flavor_text":"힘을 비축해서 자신의\n방어와 특수방어를 올린다.\n최대 3회까지 비축할 수 있다.","language":{"name":"ko","url":"https://pokeapi.co/api/v2/language/3/"},"version_group":{"name":"lets-go-pikachu-lets-go-eevee","url":"https://pokeapi.co/api/v2/version-group/19/"}},{"flavor_text":"蓄積力量，\n提高自己的防禦和特防。\n最多蓄積３次。","language":{"name":"zh-Hant","url":"https://pokeapi.co/api/v2/language/4/"},"version_group":{"name":"lets-go-pikachu-lets-go-eevee","url":"https://pokeapi.co/api/v2/version-group/19/"}},{"flavor_text":"Le lanceur accumule de la puissance et augmente\nsa Défense et sa Défense Spéciale.\nPeut être utilisé trois fois.","language":{"name":"fr","url":"https://pokeapi.co/api/v2/language/5/"},"version_group":{"name":"lets-go-pikachu-lets-go-eevee","url":"https://pokeapi.co/api/v2/version-group/19/"}},{"flavor_text":"Lädt Kraft für später auf. Erhöht Verteidigung und\nSpezial-Verteidigung. Kann bis zu dreimal eingesetzt\nwerden.","language":{"name":"de","url":"https://pokeapi.co/api/v2/language/6/"},"version_group":{"name":"lets-go-pikachu-lets-go-eevee","url":"https://pokeapi.co/api/v2/version-group/19/"}},{"flavor_text":"Acumula energía y sube la Defensa y la Defensa \nEspecial. Puede utilizarse hasta tres veces.","language":{"name":"es","url":"https://pokeapi.co/api/v2/language/7/"},"version_group":{"name":"lets-go-pikachu-lets-go-eevee","url":"https://pokeapi.co/api/v2/version-group/19/"}},{"flavor_text":"Chi la usa accumula energia aumentando\nla Difesa e la Difesa Speciale.\nSi può utilizzare tre volte.","language":{"name":"it","url":"https://pokeapi.co/api/v2/language/8/"},"version_group":{"name":"lets-go-pikachu-lets-go-eevee","url":"https://pokeapi.co/api/v2/version-group/19/"}},{"flavor_text":"The user charges up power and raises both its\nDefense and Sp. Def stats. The move can be used\nthree times.","language":{"name":"en","url":"https://pokeapi.co/api/v2/language/9/"},"version_group":{"name":"lets-go-pikachu-lets-go-eevee","url":"https://pokeapi.co/api/v2/version-group/19/"}},{"flavor_text":"力を　蓄えて　自分の\n防御と　特防を　あげる。\n最大　３回まで　蓄えられる。","language":{"name":"ja","url":"https://pokeapi.co/api/v2/language/11/"},"version_group":{"name":"lets-go-pikachu-lets-go-eevee","url":"https://pokeapi.co/api/v2/version-group/19/"}},{"flavor_text":"积蓄力量，\n提高自己的防御和特防。\n最多积蓄３次。","language":{"name":"zh-Hans","url":"https://pokeapi.co/api/v2/language/12/"},"version_group":{"name":"lets-go-pikachu-lets-go-eevee","url":"https://pokeapi.co/api/v2/version-group/19/"}},{"flavor_text":"ちからを　たくわえて　じぶんの\nぼうぎょと　とくぼうを　あげる。\nさいだい　３かいまで　たくわえられる。","language":{"name":"ja-Hrkt","url":"https://pokeapi.co/api/v2/language/1/"},"version_group":{"name":"sword-shield","url":"https://pokeapi.co/api/v2/version-group/20/"}},{"flavor_text":"힘을 비축해서 자신의\n방어와 특수방어를 올린다.\n최대 3회까지 비축할 수 있다.","language":{"name":"ko","url":"https://pokeapi.co/api/v2/language/3/"},"version_group":{"name":"sword-shield","url":"https://pokeapi.co/api/v2/version-group/20/"}},{"flavor_text":"蓄積力量，\n提高自己的防禦和特防。\n最多蓄積３次。","language":{"name":"zh-Hant","url":"https://pokeapi.co/api/v2/language/4/"},"version_group":{"name":"sword-shield","url":"https://pokeapi.co/api/v2/version-group/20/"}},{"flavor_text":"Le lanceur accumule de la puissance et augmente\nsa Défense et sa Défense Spéciale.\nPeut être utilisée trois fois.","language":{"name":"fr","url":"https://pokeapi.co/api/v2/language/5/"},"version_group":{"name":"sword-shield","url":"https://pokeapi.co/api/v2/version-group/20/"}},{"flavor_text":"Lädt Kraft für später auf. Erhöht Verteidigung und\nSpezial-Verteidigung. Kann bis zu dreimal eingesetzt\nwerden.","language":{"name":"de","url":"https://pokeapi.co/api/v2/language/6/"},"version_group":{"name":"sword-shield","url":"https://pokeapi.co/api/v2/version-group/20/"}},{"flavor_text":"Acumula energía y sube la Defensa y la Defensa \nEspecial. Puede utilizarse hasta tres veces.","language":{"name":"es","url":"https://pokeapi.co/api/v2/language/7/"},"version_group":{"name":"sword-shield","url":"https://pokeapi.co/api/v2/version-group/20/"}},{"flavor_text":"Chi la usa accumula energia aumentando\nla Difesa e la Difesa Speciale.\nSi può utilizzare tre volte.","language":{"name":"it","url":"https://pokeapi.co/api/v2/language/8/"},"version_group":{"name":"sword-shield","url":"https://pokeapi.co/api/v2/version-group/20/"}},{"flavor_text":"The user charges up power and raises both its\nDefense and Sp. Def stats. The move can be used\nthree times.","language":{"name":"en","url":"https://pokeapi.co/api/v2/language/9/"},"version_group":{"name":"sword-shield","url":"https://pokeapi.co/api/v2/version-group/20/"}},{"flavor_text":"力を　蓄えて　自分の\n防御と　特防を　あげる。\n最大　３回まで　蓄えられる。","language":{"name":"ja","url":"https://pokeapi.co/api/v2/language/11/"},"version_group":{"name":"sword-shield","url":"https://pokeapi.co/api/v2/version-group/20/"}},{"flavor_text":"积蓄力量，\n提高自己的防御和特防。\n最多积蓄３次。","language":{"name":"zh-Hans","url":"https://pokeapi.co/api/v2/language/12/"},"version_group":{"name":"sword-shield","url":"https://pokeapi.co/api/v2/version-group/20/"}}],"generation":{"name":"generation-iii","url":"https://pokeapi.co/api/v2/generation/3/"},"id":254,"learned_by_pokemon":[{"name":"ekans","url":"https://pokeapi.co/api/v2/pokemon/23/"},{"name":"arbok","url":"https://pokeapi.co/api/v2/pokemon/24/"},{"name":"jigglypuff","url":"https://pokeapi.co/api/v2/pokemon/39/"},{"name":"wigglytuff","url":"https://pokeapi.co/api/v2/pokemon/40/"},{"name":"victreebel","url":"https://pokeapi.co/api/v2/pokemon/71/"},{"name":"seel","url":"https://pokeapi.co/api/v2/pokemon/86/"},{"name":"grimer","url":"https://pokeapi.co/api/v2/pokemon/88/"},{"name":"koffing","url":"https://pokeapi.co/api/v2/pokemon/109/"},{"name":"snorlax","url":"https://pokeapi.co/api/v2/pokemon/143/"},{"name":"lanturn","url":"https://pokeapi.co/api/v2/pokemon/171/"},{"name":"wooper","url":"https://pokeapi.co/api/v2/pokemon/194/"},{"name":"qwilfish","url":"https://pokeapi.co/api/v2/pokemon/211/"},{"name":"slugma","url":"https://pokeapi.co/api/v2/pokemon/218/"},{"name":"pelipper","url":"https://pokeapi.co/api/v2/pokemon/279/"},{"name":"mawile","url":"https://pokeapi.co/api/v2/pokemon/303/"},{"name":"gulpin","url":"https://pokeapi.co/api/v2/pokemon/316/"},{"name":"swalot","url":"https://pokeapi.co/api/v2/pokemon/317/"},{"name":"numel","url":"https://pokeapi.co/api/v2/pokemon/322/"},{"name":"seviper","url":"https://pokeapi.co/api/v2/pokemon/336/"},{"name":"lileep","url":"https://pokeapi.co/api/v2/pokemon/345/"},{"name":"cradily","url":"https://pokeapi.co/api/v2/pokemon/346/"},{"name":"spheal","url":"https://pokeapi.co/api/v2/pokemon/363/"},{"name":"turtwig","url":"https://pokeapi.co/api/v2/pokemon/387/"},{"name":"shellos","url":"https://pokeapi.co/api/v2/pokemon/422/"},{"name":"drifloon","url":"https://pokeapi.co/api/v2/pokemon/425/"},{"name":"drifblim","url":"https://pokeapi.co/api/v2/pokemon/426/"},{"name":"munchlax","url":"https://pokeapi.co/api/v2/pokemon/446/"},{"name":"hippopotas","url":"https://pokeapi.co/api/v2/pokemon/449/"},{"name":"carnivine","url":"https://pokeapi.co/api/v2/pokemon/455/"},{"name":"trubbish","url":"https://pokeapi.co/api/v2/pokemon/568/"},{"name":"garbodor","url":"https://pokeapi.co/api/v2/pokemon/569/"},{"name":"heatmor","url":"https://pokeapi.co/api/v2/pokemon/631/"},{"name":"mareanie","url":"https://pokeapi.co/api/v2/pokemon/747/"},{"name":"dewpider","url":"https://pokeapi.co/api/v2/pokemon/751/"},{"name":"sandygast","url":"https://pokeapi.co/api/v2/pokemon/769/"},{"name":"komala","url":"https://pokeapi.co/api/v2/pokemon/775/"},{"name":"guzzlord","url":"https://pokeapi.co/api/v2/pokemon/799/"},{"name":"skwovet","url":"https://pokeapi.co/api/v2/pokemon/819/"},{"name":"greedent","url":"https://pokeapi.co/api/v2/pokemon/820/"},{"name":"cramorant","url":"https://pokeapi.co/api/v2/pokemon/845/"},{"name":"overqwil","url":"https://pokeapi.co/api/v2/pokemon/904/"},{"name":"lechonk","url":"https://pokeapi.co/api/v2/pokemon/915/"},{"name":"wattrel","url":"https://pokeapi.co/api/v2/pokemon/940/"},{"name":"mawile-mega","url":"https://pokeapi.co/api/v2/pokemon/10052/"},{"name":"rattata-alola","url":"https://pokeapi.co/api/v2/pokemon/10091/"},{"name":"grimer-alola","url":"https://pokeapi.co/api/v2/pokemon/10112/"},{"name":"cramorant-gulping","url":"https://pokeapi.co/api/v2/pokemon/10182/"},{"name":"cramorant-gorging","url":"https://pokeapi.co/api/v2/pokemon/10183/"},{"name":"qwilfish-hisui","url":"https://pokeapi.co/api/v2/pokemon/10234/"},{"name":"wooper-paldea","url":"https://pokeapi.co/api/v2/pokemon/10253/"}],"machines":[],"meta":{"ailment":{"name":"none","url":"https://pokeapi.co/api/v2/move-ailment/0/"},"ailment_chance":0,"category":{"name":"unique","url":"https://pokeapi.co/api/v2/move-category/13/"},"crit_rate":0,"drain":0,"flinch_chance":0,"healing":0,"max_hits":null,"max_turns":null,"min_hits":null,"min_turns":null,"stat_chance":0},"name":"stockpile","names":[{"language":{"name":"ja-Hrkt","url":"https://pokeapi.co/api/v2/language/1/"},"name":"たくわえる"},{"language":{"name":"ko","url":"https://pokeapi.co/api/v2/language/3/"},"name":"비축하기"},{"language":{"name":"zh-Hant","url":"https://pokeapi.co/api/v2/language/4/"},"name":"蓄力"},{"language":{"name":"fr","url":"https://pokeapi.co/api/v2/language/5/"},"name":"Stockage"},{"language":{"name":"de","url":"https://pokeapi.co/api/v2/language/6/"},"name":"Horter"},{"language":{"name":"es","url":"https://pokeapi.co/api/v2/language/7/"},"name":"Reserva"},{"language":{"name":"it","url":"https://pokeapi.co/api/v2/language/8/"},"name":"Accumulo"},{"language":{"name":"en","url":"https://pokeapi.co/api/v2/language/9/"},"name":"Stockpile"},{"language":{"name":"ja","url":"https://pokeapi.co/api/v2/language/11/"},"name":"たくわえる"},{"language":{"name":"zh-Hans","url":"https://pokeapi.co/api/v2/language/12/"},"name":"蓄力"}],"past_values":[{"accuracy":null,"effect_chance":null,"effect_entries":[],"power":null,"pp":10,"type":null,"version_group":{"name":"diamond-pearl","url":"https://pokeapi.co/api/v2/version-group/8/"}}],"power":null,"pp":20,"priority":0,"stat_changes":[],"super_contest_effect":{"url":"https://pokeapi.co/api/v2/super-contest-effect/11/"},"target":{"name":"user","url":"https://pokeapi.co/api/v2/move-target/7/"},"type":{"name":"normal","url":"https://pokeapi.co/api/v2/type/1/"}}