{"accuracy":100,"contest_combos":{"normal":{"use_after":null,"use_before":[{"name":"counter","url":"https://pokeapi.co/api/v2/move/68/"},{"name":"detect","url":"https://pokeapi.co/api/v2/move/197/"},{"name":"mirror-coat","url":"https://pokeapi.co/api/v2/move/243/"}]},"super":{"use_after":null,"use_before":null}},"contest_effect":{"url":"https://pokeapi.co/api/v2/contest-effect/18/"},"contest_type":{"name":"smart","url":"https://pokeapi.co/api/v2/contest-type/4/"},"damage_class":{"name":"status","url":"https://pokeapi.co/api/v2/move-damage-class/1/"},"effect_chance":null,"effect_changes":[],"effect_entries":[{"effect":"Target is forced to only use damaging moves for the next 3–5 turns, selected at random.  Moves that select other moves not known in advance do not count as damaging.\n\nassist, copycat, me first, metronome, mirror move, and sleep talk do not directly inflict damage and thus may not be used.\n\nbide, counter, endeavor, metal burst, and mirror coat are allowed.","language":{"name":"en","url":"https://pokeapi.co/api/v2/language/9/"},"short_effect":"For the next few turns, the target can only use damaging moves."}],"flavor_text_entries":[{"flavor_text":"Taunts the foe into only\nusing attack moves.","language":{"name":"en","url":"https://pokeapi.co/api/v2/language/9/"},"version_group":{"name":"ruby-sapphire","url":"https://pokeapi.co/api/v2/version-group/5/"}},{"flavor_text":"Taunts the foe into only\nusing attack moves.","language":{"name":"en","url":"https://pokeapi.co/api/v2/language/9/"},"version_group":{"name":"emerald","url":"https://pokeapi.co/api/v2/version-group/6/"}},{"flavor_text":"The foe is taunted\ninto a rage that\nallows it to use\nonly attack moves.","language":{"name":"en","url":"https://pokeapi.co/api/v2/language/9/"},"version_group":{"name":"firered-leafgreen","url":"https://pokeapi.co/api/v2/version-group/7/"}},{"flavor_text":"The foe is taunted\ninto a rage that\nallows it to use only\nattack moves for two\nto four turns.","language":{"name":"en","url":"https://pokeapi.co/api/v2/language/9/"},"version_group":{"name":"diamond-pearl","url":"https://pokeapi.co/api/v2/version-group/8/"}},{"flavor_text":"The foe is taunted\ninto a rage that\nallows it to use only\nattack moves for two\nto four turns.","language":{"name":"en","url":"https://pokeapi.co/api/v2/language/9/"},"version_group":{"name":"platinum","url":"https://pokeapi.co/api/v2/version-group/9/"}},{"flavor_text":"The foe is taunted\ninto a rage that\nallows it to use only\nattack moves for two\nto four turns.","language":{"name":"en","url":"https://pokeapi.co/api/v2/language/9/"},"version_group":{"name":"heartgold-soulsilver","url":"https://pokeapi.co/api/v2/version-group/10/"}},{"flavor_text":"Provoque l’ennemi. L’oblige à n’utiliser\nque des attaques pendant 3 tours.","language":{"name":"fr","url":"https://pokeapi.co/api/v2/language/5/"},"version_group":{"name":"black-white","url":"https://pokeapi.co/api/v2/version-group/11/"}},{"flavor_text":"The target is taunted into a rage that\nallows it to use only attack moves\nfor three turns.","language":{"name":"en","url":"https://pokeapi.co/api/v2/language/9/"},"version_group":{"name":"black-white","url":"https://pokeapi.co/api/v2/version-group/11/"}},{"flavor_text":"The target is taunted into a rage that\nallows it to use only attack moves\nfor three turns.","language":{"name":"en","url":"https://pokeapi.co/api/v2/language/9/"},"version_group":{"name":"black-2-white-2","url":"https://pokeapi.co/api/v2/version-group/14/"}},{"flavor_text":"あいてを　おこらせる。３ターンの\nあいだ　あいては　ダメージを\nあたえる　わざしか　だせなく　なる。","language":{"name":"ja-Hrkt","url":"https://pokeapi.co/api/v2/language/1/"},"version_group":{"name":"x-y","url":"https://pokeapi.co/api/v2/version-group/15/"}},{"flavor_text":"상대를 화나게 한다.\n3턴 동안 상대는 데미지를\n주는 기술밖에 쓸 수 없게 된다.","language":{"name":"ko","url":"https://pokeapi.co/api/v2/language/3/"},"version_group":{"name":"x-y","url":"https://pokeapi.co/api/v2/version-group/15/"}},{"flavor_text":"Provoque l’ennemi. L’oblige à n’utiliser que des\nattaques pendant trois tours.","language":{"name":"fr","url":"https://pokeapi.co/api/v2/language/5/"},"version_group":{"name":"x-y","url":"https://pokeapi.co/api/v2/version-group/15/"}},{"flavor_text":"Bringt das Ziel in Rage. Dieses kann über\ndrei Runden hinweg nur noch angreifen.","language":{"name":"de","url":"https://pokeapi.co/api/v2/language/6/"},"version_group":{"name":"x-y","url":"https://pokeapi.co/api/v2/version-group/15/"}},{"flavor_text":"Enfurece al objetivo para que solo use\nmovimientos de ataque durante tres turnos.","language":{"name":"es","url":"https://pokeapi.co/api/v2/language/7/"},"version_group":{"name":"x-y","url":"https://pokeapi.co/api/v2/version-group/15/"}},{"flavor_text":"Provoca il bersaglio inducendolo a usare\nsolo mosse d’attacco per tre turni.","language":{"name":"it","url":"https://pokeapi.co/api/v2/language/8/"},"version_group":{"name":"x-y","url":"https://pokeapi.co/api/v2/version-group/15/"}},{"flavor_text":"The target is taunted into a rage that\nallows it to use only attack moves\nfor three turns.","language":{"name":"en","url":"https://pokeapi.co/api/v2/language/9/"},"version_group":{"name":"x-y","url":"https://pokeapi.co/api/v2/version-group/15/"}},{"flavor_text":"相手を　怒らせる。３ターンの\nあいだ　相手は　ダメージを\n与える　技しか　だせなくなる。","language":{"name":"ja","url":"https://pokeapi.co/api/v2/language/11/"},"version_group":{"name":"x-y","url":"https://pokeapi.co/api/v2/version-group/15/"}},{"flavor_text":"あいてを　おこらせる。３ターンの\nあいだ　あいては　ダメージを\nあたえる　わざしか　だせなく　なる。","language":{"name":"ja-Hrkt","url":"https://pokeapi.co/api/v2/language/1/"},"version_group":{"name":"omega-ruby-alpha-sapphire","url":"https://pokeapi.co/api/v2/version-group/16/"}},{"flavor_text":"상대를 화나게 한다.\n3턴 동안 상대는 데미지를\n주는 기술밖에 쓸 수 없게 된다.","language":{"name":"ko","url":"https://pokeapi.co/api/v2/language/3/"},"version_group":{"name":"omega-ruby-alpha-sapphire","url":"https://pokeapi.co/api/v2/version-group/16/"}},{"flavor_text":"Provoque l’ennemi. L’oblige à n’utiliser que des\nattaques pendant trois tours.","language":{"name":"fr","url":"https://pokeapi.co/api/v2/language/5/"},"version_group":{"name":"omega-ruby-alpha-sapphire","url":"https://pokeapi.co/api/v2/version-group/16/"}},{"flavor_text":"Bringt das Ziel in Rage. Dieses kann über\ndrei Runden hinweg nur noch angreifen.","language":{"name":"de","url":"https://pokeapi.co/api/v2/language/6/"},"version_group":{"name":"omega-ruby-alpha-sapphire","url":"https://pokeapi.co/api/v2/version-group/16/"}},{"flavor_text":"Enfurece al objetivo para que solo use\nmovimientos de ataque durante tres turnos.","language":{"name":"es","url":"https://pokeapi.co/api/v2/language/7/"},"version_group":{"name":"omega-ruby-alpha-sapphire","url":"https://pokeapi.co/api/v2/version-group/16/"}},{"flavor_text":"Provoca il bersaglio inducendolo a usare\nsolo mosse d’attacco per tre turni.","language":{"name":"it","url":"https://pokeapi.co/api/v2/language/8/"},"version_group":{"name":"omega-ruby-alpha-sapphire","url":"https://pokeapi.co/api/v2/version-group/16/"}},{"flavor_text":"The target is taunted into a rage that\nallows it to use only attack moves\nfor three turns.","language":{"name":"en","url":"https://pokeapi.co/api/v2/language/9/"},"version_group":{"name":"omega-ruby-alpha-sapphire","url":"https://pokeapi.co/api/v2/version-group/16/"}},{"flavor_text":"相手を　怒らせる。３ターンの\nあいだ　相手は　ダメージを\n与える　技しか　だせなくなる。","language":{"name":"ja","url":"https://pokeapi.co/api/v2/language/11/"},"version_group":{"name":"omega-ruby-alpha-sapphire","url":"https://pokeapi.co/api/v2/version-group/16/"}},{"flavor_text":"あいてを　おこらせる。　３ターンの\nあいだ　あいては　ダメージを\nあたえる　わざしか　だせなく　なる。","language":{"name":"ja-Hrkt","url":"https://pokeapi.co/api/v2/language/1/"},"version_group":{"name":"sun-moon","url":"https://pokeapi.co/api/v2/version-group/17/"}},{"flavor_text":"상대를 화나게 한다.\n3턴 동안 상대는 데미지를\n주는 기술밖에 쓸 수 없게 된다.","language":{"name":"ko","url":"https://pokeapi.co/api/v2/language/3/"},"version_group":{"name":"sun-moon","url":"https://pokeapi.co/api/v2/version-group/17/"}},{"flavor_text":"激怒對手。\n在３回合內讓對手\n只能使出給予傷害的招式。","language":{"name":"zh-Hant","url":"https://pokeapi.co/api/v2/language/4/"},"version_group":{"name":"sun-moon","url":"https://pokeapi.co/api/v2/version-group/17/"}},{"flavor_text":"Provoque l’ennemi. L’oblige à n’utiliser que des\nattaques pendant trois tours.","language":{"name":"fr","url":"https://pokeapi.co/api/v2/language/5/"},"version_group":{"name":"sun-moon","url":"https://pokeapi.co/api/v2/version-group/17/"}},{"flavor_text":"Bringt das Ziel in Rage. Dieses kann über drei Runden\nhinweg nur noch angreifen.","language":{"name":"de","url":"https://pokeapi.co/api/v2/language/6/"},"version_group":{"name":"sun-moon","url":"https://pokeapi.co/api/v2/version-group/17/"}},{"flavor_text":"Enfurece al objetivo para que solo use\nmovimientos de ataque durante tres turnos.","language":{"name":"es","url":"https://pokeapi.co/api/v2/language/7/"},"version_group":{"name":"sun-moon","url":"https://pokeapi.co/api/v2/version-group/17/"}},{"flavor_text":"Provoca il bersaglio inducendolo a usare\nsolo mosse d’attacco per tre turni.","language":{"name":"it","url":"https://pokeapi.co/api/v2/language/8/"},"version_group":{"name":"sun-moon","url":"https://pokeapi.co/api/v2/version-group/17/"}},{"flavor_text":"The target is taunted into a rage that allows it to use\nonly attack moves for three turns.","language":{"name":"en","url":"https://pokeapi.co/api/v2/language/9/"},"version_group":{"name":"sun-moon","url":"https://pokeapi.co/api/v2/version-group/17/"}},{"flavor_text":"相手を　怒らせる。　３ターンの\n間　相手は　ダメージを\n与える　技しか　だせなくなる。","language":{"name":"ja","url":"https://pokeapi.co/api/v2/language/11/"},"version_group":{"name":"sun-moon","url":"https://pokeapi.co/api/v2/version-group/17/"}},{"flavor_text":"使对手愤怒。\n在３回合内让对手\n只能使出给予伤害的招式。","language":{"name":"zh-Hans","url":"https://pokeapi.co/api/v2/language/12/"},"version_group":{"name":"sun-moon","url":"https://pokeapi.co/api/v2/version-group/17/"}},{"flavor_text":"あいてを　おこらせる。　３ターンの\nあいだ　あいては　ダメージを\nあたえる　わざしか　だせなく　なる。","language":{"name":"ja-Hrkt","url":"https://pokeapi.co/api/v2/language/1/"},"version_group":{"name":"ultra-sun-ultra-moon","url":"https://pokeapi.co/api/v2/version-group/18/"}},{"flavor_text":"상대를 화나게 한다.\n3턴 동안 상대는 데미지를\n주는 기술밖에 쓸 수 없게 된다.","language":{"name":"ko","url":"https://pokeapi.co/api/v2/language/3/"},"version_group":{"name":"ultra-sun-ultra-moon","url":"https://pokeapi.co/api/v2/version-group/18/"}},{"flavor_text":"激怒對手。\n在３回合內讓對手\n只能使出給予傷害的招式。","language":{"name":"zh-Hant","url":"https://pokeapi.co/api/v2/language/4/"},"version_group":{"name":"ultra-sun-ultra-moon","url":"https://pokeapi.co/api/v2/version-group/18/"}},{"flavor_text":"Provoque l’ennemi. L’oblige à n’utiliser que des\nattaques pendant trois tours.","language":{"name":"fr","url":"https://pokeapi.co/api/v2/language/5/"},"version_group":{"name":"ultra-sun-ultra-moon","url":"https://pokeapi.co/api/v2/version-group/18/"}},{"flavor_text":"Bringt das Ziel in Rage. Dieses kann über drei Runden\nhinweg nur noch angreifen.","language":{"name":"de","url":"https://pokeapi.co/api/v2/language/6/"},"version_group":{"name":"ultra-sun-ultra-moon","url":"https://pokeapi.co/api/v2/version-group/18/"}},{"flavor_text":"Enfurece al objetivo para que solo use\nmovimientos de ataque durante tres turnos.","language":{"name":"es","url":"https://pokeapi.co/api/v2/language/7/"},"version_group":{"name":"ultra-sun-ultra-moon","url":"https://pokeapi.co/api/v2/version-group/18/"}},{"flavor_text":"Provoca il bersaglio inducendolo a usare\nsolo mosse d’attacco per tre turni.","language":{"name":"it","url":"https://pokeapi.co/api/v2/language/8/"},"version_group":{"name":"ultra-sun-ultra-moon","url":"https://pokeapi.co/api/v2/version-group/18/"}},{"flavor_text":"The target is taunted into a rage that allows it to use\nonly attack moves for three turns.","language":{"name":"en","url":"https://pokeapi.co/api/v2/language/9/"},"version_group":{"name":"ultra-sun-ultra-moon","url":"https://pokeapi.co/api/v2/version-group/18/"}},{"flavor_text":"相手を　怒らせる。　３ターンの\n間　相手は　ダメージを\n与える　技しか　だせなくなる。","language":{"name":"ja","url":"https://pokeapi.co/api/v2/language/11/"},"version_group":{"name":"ultra-sun-ultra-moon","url":"https://pokeapi.co/api/v2/version-group/18/"}},{"flavor_text":"使对手愤怒。\n在３回合内让对手\n只能使出给予伤害的招式。","language":{"name":"zh-Hans","url":"https://pokeapi.co/api/v2/language/12/"},"version_group":{"name":"ultra-sun-ultra-moon","url":"https://pokeapi.co/api/v2/version-group/18/"}},{"flavor_text":"あいてを　おこらせる。　３ターンの\nあいだ　あいては　ダメージを\nあたえる　わざしか　だせなく　なる。","language":{"name":"ja-Hrkt","url":"https://pokeapi.co/api/v2/language/1/"},"version_group":{"name":"lets-go-pikachu-lets-go-eevee","url":"https://pokeapi.co/api/v2/version-group/19/"}},{"flavor_text":"상대를 화나게 한다.\n3턴 동안 상대는 데미지를\n주는 기술밖에 쓸 수 없게 된다.","language":{"name":"ko","url":"https://pokeapi.co/api/v2/language/3/"},"version_group":{"name":"lets-go-pikachu-lets-go-eevee","url":"https://pokeapi.co/api/v2/version-group/19/"}},{"flavor_text":"激怒對手。\n在３回合內讓對手\n只能使出給予傷害的招式。","language":{"name":"zh-Hant","url":"https://pokeapi.co/api/v2/language/4/"},"version_group":{"name":"lets-go-pikachu-lets-go-eevee","url":"https://pokeapi.co/api/v2/version-group/19/"}},{"flavor_text":"Provoque l’ennemi. L’oblige à n’utiliser que des attaques\npendant trois tours.","language":{"name":"fr","url":"https://pokeapi.co/api/v2/language/5/"},"version_group":{"name":"lets-go-pikachu-lets-go-eevee","url":"https://pokeapi.co/api/v2/version-group/19/"}},{"flavor_text":"Bringt das Ziel in Rage. Dieses kann über drei Runden\nhinweg nur noch angreifen.","language":{"name":"de","url":"https://pokeapi.co/api/v2/language/6/"},"version_group":{"name":"lets-go-pikachu-lets-go-eevee","url":"https://pokeapi.co/api/v2/version-group/19/"}},{"flavor_text":"Enfurece al objetivo para que solo use\nmovimientos de ataque durante tres turnos.","language":{"name":"es","url":"https://pokeapi.co/api/v2/language/7/"},"version_group":{"name":"lets-go-pikachu-lets-go-eevee","url":"https://pokeapi.co/api/v2/version-group/19/"}},{"flavor_text":"Provoca il bersaglio inducendolo a usare\nsolo mosse d’attacco per tre turni.","language":{"name":"it","url":"https://pokeapi.co/api/v2/language/8/"},"version_group":{"name":"lets-go-pikachu-lets-go-eevee","url":"https://pokeapi.co/api/v2/version-group/19/"}},{"flavor_text":"The target is taunted into a rage that allows it to use\nonly attack moves for three turns.","language":{"name":"en","url":"https://pokeapi.co/api/v2/language/9/"},"version_group":{"name":"lets-go-pikachu-lets-go-eevee","url":"https://pokeapi.co/api/v2/version-group/19/"}},{"flavor_text":"相手を　怒らせる。　３ターンの\n間　相手は　ダメージを\n与える　技しか　だせなくなる。","language":{"name":"ja","url":"https://pokeapi.co/api/v2/language/11/"},"version_group":{"name":"lets-go-pikachu-lets-go-eevee","url":"https://pokeapi.co/api/v2/version-group/19/"}},{"flavor_text":"使对手愤怒。\n在３回合内让对手\n只能使出给予伤害的招式。","language":{"name":"zh-Hans","url":"https://pokeapi.co/api/v2/language/12/"},"version_group":{"name":"lets-go-pikachu-lets-go-eevee","url":"https://pokeapi.co/api/v2/version-group/19/"}},{"flavor_text":"あいてを　おこらせる。　３ターンの\nあいだ　あいては　ダメージを\nあたえる　わざしか　だせなく　なる。","language":{"name":"ja-Hrkt","url":"https://pokeapi.co/api/v2/language/1/"},"version_group":{"name":"sword-shield","url":"https://pokeapi.co/api/v2/version-group/20/"}},{"flavor_text":"상대를 화나게 한다.\n3턴 동안 상대는 데미지를\n주는 기술밖에 쓸 수 없게 된다.","language":{"name":"ko","url":"https://pokeapi.co/api/v2/language/3/"},"version_group":{"name":"sword-shield","url":"https://pokeapi.co/api/v2/version-group/20/"}},{"flavor_text":"激怒對手。\n在３回合內讓對手\n只能使出給予傷害的招式。","language":{"name":"zh-Hant","url":"https://pokeapi.co/api/v2/language/4/"},"version_group":{"name":"sword-shield","url":"https://pokeapi.co/api/v2/version-group/20/"}},{"flavor_text":"Provoque l’ennemi. L’oblige à n’utiliser que des attaques\npendant trois tours.","language":{"name":"fr","url":"https://pokeapi.co/api/v2/language/5/"},"version_group":{"name":"sword-shield","url":"https://pokeapi.co/api/v2/version-group/20/"}},{"flavor_text":"Bringt das Ziel in Rage. Dieses kann über drei Runden\nhinweg nur noch angreifen.","language":{"name":"de","url":"https://pokeapi.co/api/v2/language/6/"},"version_group":{"name":"sword-shield","url":"https://pokeapi.co/api/v2/version-group/20/"}},{"flavor_text":"Enfurece al objetivo para que solo use movimientos de\nataque durante tres turnos.","language":{"name":"es","url":"https://pokeapi.co/api/v2/language/7/"},"version_group":{"name":"sword-shield","url":"https://pokeapi.co/api/v2/version-group/20/"}},{"flavor_text":"Provoca il bersaglio inducendolo a usare solo mosse\nd’attacco per tre turni.","language":{"name":"it","url":"https://pokeapi.co/api/v2/language/8/"},"version_group":{"name":"sword-shield","url":"https://pokeapi.co/api/v2/version-group/20/"}},{"flavor_text":"The target is taunted into a rage that allows it to use\nonly attack moves for three turns.","language":{"name":"en","url":"https://pokeapi.co/api/v2/language/9/"},"version_group":{"name":"sword-shield","url":"https://pokeapi.co/api/v2/version-group/20/"}},{"flavor_text":"相手を　怒らせる。　３ターンの\n間　相手は　ダメージを\n与える　技しか　だせなくなる。","language":{"name":"ja","url":"https://pokeapi.co/api/v2/language/11/"},"version_group":{"name":"sword-shield","url":"https://pokeapi.co/api/v2/version-group/20/"}},{"flavor_text":"使对手愤怒。\n在３回合内让对手\n只能使出给予伤害的招式。","language":{"name":"zh-Hans","url":"https://pokeapi.co/api/v2/language/12/"},"version_group":{"name":"sword-shield","url":"https://pokeapi.co/api/v2/version-group/20/"}}],"generation":{"name":"generation-iii","url":"https://pokeapi.co/api/v2/generation/3/"},"id":269,"learned_by_pokemon":[{"name":"rattata","url":"https://pokeapi.co/api/v2/pokemon/19/"},{"name":"raticate","url":"https://pokeapi.co/api/v2/pokemon/20/"},{"name":"nidoqueen","url":"https://pokeapi.co/api/v2/pokemon/31/"},{"name":"nidoking","url":"https://pokeapi.co/api/v2/pokemon/34/"},{"name":"jigglypuff","url":"https://pokeapi.co/api/v2/pokemon/39/"},{"name":"wigglytuff","url":"https://pokeapi.co/api/v2/pokemon/40/"},{"name":"zubat","url":"https://pokeapi.co/api/v2/pokemon/41/"},{"name":"golbat","url":"https://pokeapi.co/api/v2/pokemon/42/"},{"name":"meowth","url":"https://pokeapi.co/api/v2/pokemon/52/"},{"name":"persian","url":"https://pokeapi.co/api/v2/pokemon/53/"},{"name":"psyduck","url":"https://pokeapi.co/api/v2/pokemon/54/"},{"name":"golduck","url":"https://pokeapi.co/api/v2/pokemon/55/"},{"name":"mankey","url":"https://pokeapi.co/api/v2/pokemon/56/"},{"name":"primeape","url":"https://pokeapi.co/api/v2/pokemon/57/"},{"name":"abra","url":"https://pokeapi.co/api/v2/pokemon/63/"},{"name":"kadabra","url":"https://pokeapi.co/api/v2/pokemon/64/"},{"name":"alakazam","url":"https://pokeapi.co/api/v2/pokemon/65/"},{"name":"dodrio","url":"https://pokeapi.co/api/v2/pokemon/85/"},{"name":"grimer","url":"https://pokeapi.co/api/v2/pokemon/88/"},{"name":"muk","url":"https://pokeapi.co/api/v2/pokemon/89/"},{"name":"gastly","url":"https://pokeapi.co/api/v2/pokemon/92/"},{"name":"haunter","url":"https://pokeapi.co/api/v2/pokemon/93/"},{"name":"gengar","url":"https://pokeapi.co/api/v2/pokemon/94/"},{"name":"onix","url":"https://pokeapi.co/api/v2/pokemon/95/"},{"name":"drowzee","url":"https://pokeapi.co/api/v2/pokemon/96/"},{"name":"hypno","url":"https://pokeapi.co/api/v2/pokemon/97/"},{"name":"voltorb","url":"https://pokeapi.co/api/v2/pokemon/100/"},{"name":"electrode","url":"https://pokeapi.co/api/v2/pokemon/101/"},{"name":"koffing","url":"https://pokeapi.co/api/v2/pokemon/109/"},{"name":"weezing","url":"https://pokeapi.co/api/v2/pokemon/110/"},{"name":"mr-mime","url":"https://pokeapi.co/api/v2/pokemon/122/"},{"name":"jynx","url":"https://pokeapi.co/api/v2/pokemon/124/"},{"name":"electabuzz","url":"https://pokeapi.co/api/v2/pokemon/125/"},{"name":"magmar","url":"https://pokeapi.co/api/v2/pokemon/126/"},{"name":"gyarados","url":"https://pokeapi.co/api/v2/pokemon/130/"},{"name":"aerodactyl","url":"https://pokeapi.co/api/v2/pokemon/142/"},{"name":"mewtwo","url":"https://pokeapi.co/api/v2/pokemon/150/"},{"name":"mew","url":"https://pokeapi.co/api/v2/pokemon/151/"},{"name":"crobat","url":"https://pokeapi.co/api/v2/pokemon/169/"},{"name":"sudowoodo","url":"https://pokeapi.co/api/v2/pokemon/185/"},{"name":"aipom","url":"https://pokeapi.co/api/v2/pokemon/190/"},{"name":"umbreon","url":"https://pokeapi.co/api/v2/pokemon/197/"},{"name":"murkrow","url":"https://pokeapi.co/api/v2/pokemon/198/"},{"name":"misdreavus","url":"https://pokeapi.co/api/v2/pokemon/200/"},{"name":"gligar","url":"https://pokeapi.co/api/v2/pokemon/207/"},{"name":"steelix","url":"https://pokeapi.co/api/v2/pokemon/208/"},{"name":"snubbull","url":"https://pokeapi.co/api/v2/pokemon/209/"},{"name":"granbull","url":"https://pokeapi.co/api/v2/pokemon/210/"},{"name":"qwilfish","url":"https://pokeapi.co/api/v2/pokemon/211/"},{"name":"sneasel","url":"https://pokeapi.co/api/v2/pokemon/215/"},{"name":"teddiursa","url":"https://pokeapi.co/api/v2/pokemon/216/"},{"name":"ursaring","url":"https://pokeapi.co/api/v2/pokemon/217/"},{"name":"skarmory","url":"https://pokeapi.co/api/v2/pokemon/227/"},{"name":"houndour","url":"https://pokeapi.co/api/v2/pokemon/228/"},{"name":"houndoom","url":"https://pokeapi.co/api/v2/pokemon/229/"},{"name":"larvitar","url":"https://pokeapi.co/api/v2/pokemon/246/"},{"name":"pupitar","url":"https://pokeapi.co/api/v2/pokemon/247/"},{"name":"tyranitar","url":"https://pokeapi.co/api/v2/pokemon/248/"},{"name":"poochyena","url":"https://pokeapi.co/api/v2/pokemon/261/"},{"name":"mightyena","url":"https://pokeapi.co/api/v2/pokemon/262/"},{"name":"ralts","url":"https://pokeapi.co/api/v2/pokemon/280/"},{"name":"kirlia","url":"https://pokeapi.co/api/v2/pokemon/281/"},{"name":"gardevoir","url":"https://pokeapi.co/api/v2/pokemon/282/"},{"name":"vigoroth","url":"https://pokeapi.co/api/v2/pokemon/288/"},{"name":"slaking","url":"https://pokeapi.co/api/v2/pokemon/289/"},{"name":"loudred","url":"https://pokeapi.co/api/v2/pokemon/294/"},{"name":"exploud","url":"https://pokeapi.co/api/v2/pokemon/295/"},{"name":"makuhita","url":"https://pokeapi.co/api/v2/pokemon/296/"},{"name":"hariyama","url":"https://pokeapi.co/api/v2/pokemon/297/"},{"name":"nosepass","url":"https://pokeapi.co/api/v2/pokemon/299/"},{"name":"sableye","url":"https://pokeapi.co/api/v2/pokemon/302/"},{"name":"mawile","url":"https://pokeapi.co/api/v2/pokemon/303/"},{"name":"aggron","url":"https://pokeapi.co/api/v2/pokemon/306/"},{"name":"meditite","url":"https://pokeapi.co/api/v2/pokemon/307/"},{"name":"medicham","url":"https://pokeapi.co/api/v2/pokemon/308/"},{"name":"carvanha","url":"https://pokeapi.co/api/v2/pokemon/318/"},{"name":"sharpedo","url":"https://pokeapi.co/api/v2/pokemon/319/"},{"name":"spoink","url":"https://pokeapi.co/api/v2/pokemon/325/"},{"name":"grumpig","url":"https://pokeapi.co/api/v2/pokemon/326/"},{"name":"cacturne","url":"https://pokeapi.co/api/v2/pokemon/332/"},{"name":"zangoose","url":"https://pokeapi.co/api/v2/pokemon/335/"},{"name":"seviper","url":"https://pokeapi.co/api/v2/pokemon/336/"},{"name":"corphish","url":"https://pokeapi.co/api/v2/pokemon/341/"},{"name":"crawdaunt","url":"https://pokeapi.co/api/v2/pokemon/342/"},{"name":"shuppet","url":"https://pokeapi.co/api/v2/pokemon/353/"},{"name":"banette","url":"https://pokeapi.co/api/v2/pokemon/354/"},{"name":"duskull","url":"https://pokeapi.co/api/v2/pokemon/355/"},{"name":"dusclops","url":"https://pokeapi.co/api/v2/pokemon/356/"},{"name":"chimecho","url":"https://pokeapi.co/api/v2/pokemon/358/"},{"name":"absol","url":"https://pokeapi.co/api/v2/pokemon/359/"},{"name":"glalie","url":"https://pokeapi.co/api/v2/pokemon/362/"},{"name":"deoxys-normal","url":"https://pokeapi.co/api/v2/pokemon/386/"},{"name":"chimchar","url":"https://pokeapi.co/api/v2/pokemon/390/"},{"name":"monferno","url":"https://pokeapi.co/api/v2/pokemon/391/"},{"name":"infernape","url":"https://pokeapi.co/api/v2/pokemon/392/"},{"name":"bidoof","url":"https://pokeapi.co/api/v2/pokemon/399/"},{"name":"bibarel","url":"https://pokeapi.co/api/v2/pokemon/400/"},{"name":"kricketune","url":"https://pokeapi.co/api/v2/pokemon/402/"},{"name":"shieldon","url":"https://pokeapi.co/api/v2/pokemon/410/"},{"name":"bastiodon","url":"https://pokeapi.co/api/v2/pokemon/411/"},{"name":"vespiquen","url":"https://pokeapi.co/api/v2/pokemon/416/"},{"name":"buizel","url":"https://pokeapi.co/api/v2/pokemon/418/"},{"name":"floatzel","url":"https://pokeapi.co/api/v2/pokemon/419/"},{"name":"ambipom","url":"https://pokeapi.co/api/v2/pokemon/424/"},{"name":"mismagius","url":"https://pokeapi.co/api/v2/pokemon/429/"},{"name":"honchkrow","url":"https://pokeapi.co/api/v2/pokemon/430/"},{"name":"glameow","url":"https://pokeapi.co/api/v2/pokemon/431/"},{"name":"purugly","url":"https://pokeapi.co/api/v2/pokemon/432/"},{"name":"chingling","url":"https://pokeapi.co/api/v2/pokemon/433/"},{"name":"stunky","url":"https://pokeapi.co/api/v2/pokemon/434/"},{"name":"skuntank","url":"https://pokeapi.co/api/v2/pokemon/435/"},{"name":"mime-jr","url":"https://pokeapi.co/api/v2/pokemon/439/"},{"name":"chatot","url":"https://pokeapi.co/api/v2/pokemon/441/"},{"name":"spiritomb","url":"https://pokeapi.co/api/v2/pokemon/442/"},{"name":"skorupi","url":"https://pokeapi.co/api/v2/pokemon/451/"},{"name":"drapion","url":"https://pokeapi.co/api/v2/pokemon/452/"},{"name":"croagunk","url":"https://pokeapi.co/api/v2/pokemon/453/"},{"name":"toxicroak","url":"https://pokeapi.co/api/v2/pokemon/454/"},{"name":"weavile","url":"https://pokeapi.co/api/v2/pokemon/461/"},{"name":"electivire","url":"https://pokeapi.co/api/v2/pokemon/466/"},{"name":"magmortar","url":"https://pokeapi.co/api/v2/pokemon/467/"},{"name":"gliscor","url":"https://pokeapi.co/api/v2/pokemon/472/"},{"name":"gallade","url":"https://pokeapi.co/api/v2/pokemon/475/"},{"name":"probopass","url":"https://pokeapi.co/api/v2/pokemon/476/"},{"name":"dusknoir","url":"https://pokeapi.co/api/v2/pokemon/477/"},{"name":"froslass","url":"https://pokeapi.co/api/v2/pokemon/478/"},{"name":"azelf","url":"https://pokeapi.co/api/v2/pokemon/482/"},{"name":"heatran","url":"https://pokeapi.co/api/v2/pokemon/485/"},{"name":"darkrai","url":"https://pokeapi.co/api/v2/pokemon/491/"},{"name":"arceus","url":"https://pokeapi.co/api/v2/pokemon/493/"},{"name":"victini","url":"https://pokeapi.co/api/v2/pokemon/494/"},{"name":"snivy","url":"https://pokeapi.co/api/v2/pokemon/495/"},{"name":"servine","url":"https://pokeapi.co/api/v2/pokemon/496/"},{"name":"serperior","url":"https://pokeapi.co/api/v2/pokemon/497/"},{"name":"tepig","url":"https://pokeapi.co/api/v2/pokemon/498/"},{"name":"pignite","url":"https://pokeapi.co/api/v2/pokemon/499/"},{"name":"emboar","url":"https://pokeapi.co/api/v2/pokemon/500/"},{"name":"oshawott","url":"https://pokeapi.co/api/v2/pokemon/501/"},{"name":"dewott","url":"https://pokeapi.co/api/v2/pokemon/502/"},{"name":"samurott","url":"https://pokeapi.co/api/v2/pokemon/503/"},{"name":"purrloin","url":"https://pokeapi.co/api/v2/pokemon/509/"},{"name":"liepard","url":"https://pokeapi.co/api/v2/pokemon/510/"},{"name":"pansage","url":"https://pokeapi.co/api/v2/pokemon/511/"},{"name":"simisage","url":"https://pokeapi.co/api/v2/pokemon/512/"},{"name":"pansear","url":"https://pokeapi.co/api/v2/pokemon/513/"},{"name":"simisear","url":"https://pokeapi.co/api/v2/pokemon/514/"},{"name":"panpour","url":"https://pokeapi.co/api/v2/pokemon/515/"},{"name":"simipour","url":"https://pokeapi.co/api/v2/pokemon/516/"},{"name":"pidove","url":"https://pokeapi.co/api/v2/pokemon/519/"},{"name":"tranquill","url":"https://pokeapi.co/api/v2/pokemon/520/"},{"name":"unfezant","url":"https://pokeapi.co/api/v2/pokemon/521/"},{"name":"woobat","url":"https://pokeapi.co/api/v2/pokemon/527/"},{"name":"swoobat","url":"https://pokeapi.co/api/v2/pokemon/528/"},{"name":"timburr","url":"https://pokeapi.co/api/v2/pokemon/532/"},{"name":"gurdurr","url":"https://pokeapi.co/api/v2/pokemon/533/"},{"name":"conkeldurr","url":"https://pokeapi.co/api/v2/pokemon/534/"},{"name":"throh","url":"https://pokeapi.co/api/v2/pokemon/538/"},{"name":"sawk","url":"https://pokeapi.co/api/v2/pokemon/539/"},{"name":"cottonee","url":"https://pokeapi.co/api/v2/pokemon/546/"},{"name":"whimsicott","url":"https://pokeapi.co/api/v2/pokemon/547/"},{"name":"basculin-red-striped","url":"https://pokeapi.co/api/v2/pokemon/550/"},{"name":"sandile","url":"https://pokeapi.co/api/v2/pokemon/551/"},{"name":"krokorok","url":"https://pokeapi.co/api/v2/pokemon/552/"},{"name":"krookodile","url":"https://pokeapi.co/api/v2/pokemon/553/"},{"name":"darumaka","url":"https://pokeapi.co/api/v2/pokemon/554/"},{"name":"darmanitan-standard","url":"https://pokeapi.co/api/v2/pokemon/555/"},{"name":"scraggy","url":"https://pokeapi.co/api/v2/pokemon/559/"},{"name":"scrafty","url":"https://pokeapi.co/api/v2/pokemon/560/"},{"name":"archen","url":"https://pokeapi.co/api/v2/pokemon/566/"},{"name":"archeops","url":"https://pokeapi.co/api/v2/pokemon/567/"},{"name":"zorua","url":"https://pokeapi.co/api/v2/pokemon/570/"},{"name":"zoroark","url":"https://pokeapi.co/api/v2/pokemon/571/"},{"name":"gothita","url":"https://pokeapi.co/api/v2/pokemon/574/"},{"name":"gothorita","url":"https://pokeapi.co/api/v2/pokemon/575/"},{"name":"gothitelle","url":"https://pokeapi.co/api/v2/pokemon/576/"},{"name":"vanillite","url":"https://pokeapi.co/api/v2/pokemon/582/"},{"name":"vanillish","url":"https://pokeapi.co/api/v2/pokemon/583/"},{"name":"vanilluxe","url":"https://pokeapi.co/api/v2/pokemon/584/"},{"name":"emolga","url":"https://pokeapi.co/api/v2/pokemon/587/"},{"name":"escavalier","url":"https://pokeapi.co/api/v2/pokemon/589/"},{"name":"frillish","url":"https://pokeapi.co/api/v2/pokemon/592/"},{"name":"jellicent","url":"https://pokeapi.co/api/v2/pokemon/593/"},{"name":"litwick","url":"https://pokeapi.co/api/v2/pokemon/607/"},{"name":"lampent","url":"https://pokeapi.co/api/v2/pokemon/608/"},{"name":"chandelure","url":"https://pokeapi.co/api/v2/pokemon/609/"},{"name":"axew","url":"https://pokeapi.co/api/v2/pokemon/610/"},{"name":"fraxure","url":"https://pokeapi.co/api/v2/pokemon/611/"},{"name":"haxorus","url":"https://pokeapi.co/api/v2/pokemon/612/"},{"name":"cubchoo","url":"https://pokeapi.co/api/v2/pokemon/613/"},{"name":"beartic","url":"https://pokeapi.co/api/v2/pokemon/614/"},{"name":"mienfoo","url":"https://pokeapi.co/api/v2/pokemon/619/"},{"name":"mienshao","url":"https://pokeapi.co/api/v2/pokemon/620/"},{"name":"druddigon","url":"https://pokeapi.co/api/v2/pokemon/621/"},{"name":"pawniard","url":"https://pokeapi.co/api/v2/pokemon/624/"},{"name":"bisharp","url":"https://pokeapi.co/api/v2/pokemon/625/"},{"name":"bouffalant","url":"https://pokeapi.co/api/v2/pokemon/626/"},{"name":"vullaby","url":"https://pokeapi.co/api/v2/pokemon/629/"},{"name":"mandibuzz","url":"https://pokeapi.co/api/v2/pokemon/630/"},{"name":"heatmor","url":"https://pokeapi.co/api/v2/pokemon/631/"},{"name":"deino","url":"https://pokeapi.co/api/v2/pokemon/633/"},{"name":"zweilous","url":"https://pokeapi.co/api/v2/pokemon/634/"},{"name":"hydreigon","url":"https://pokeapi.co/api/v2/pokemon/635/"},{"name":"cobalion","url":"https://pokeapi.co/api/v2/pokemon/638/"},{"name":"terrakion","url":"https://pokeapi.co/api/v2/pokemon/639/"},{"name":"virizion","url":"https://pokeapi.co/api/v2/pokemon/640/"},{"name":"tornadus-incarnate","url":"https://pokeapi.co/api/v2/pokemon/641/"},{"name":"thundurus-incarnate","url":"https://pokeapi.co/api/v2/pokemon/642/"},{"name":"landorus-incarnate","url":"https://pokeapi.co/api/v2/pokemon/645/"},{"name":"keldeo-ordinary","url":"https://pokeapi.co/api/v2/pokemon/647/"},{"name":"chespin","url":"https://pokeapi.co/api/v2/pokemon/650/"},{"name":"quilladin","url":"https://pokeapi.co/api/v2/pokemon/651/"},{"name":"chesnaught","url":"https://pokeapi.co/api/v2/pokemon/652/"},{"name":"froakie","url":"https://pokeapi.co/api/v2/pokemon/656/"},{"name":"frogadier","url":"https://pokeapi.co/api/v2/pokemon/657/"},{"name":"greninja","url":"https://pokeapi.co/api/v2/pokemon/658/"},{"name":"fletchling","url":"https://pokeapi.co/api/v2/pokemon/661/"},{"name":"fletchinder","url":"https://pokeapi.co/api/v2/pokemon/662/"},{"name":"talonflame","url":"https://pokeapi.co/api/v2/pokemon/663/"},{"name":"litleo","url":"https://pokeapi.co/api/v2/pokemon/667/"},{"name":"pyroar","url":"https://pokeapi.co/api/v2/pokemon/668/"},{"name":"pancham","url":"https://pokeapi.co/api/v2/pokemon/674/"},{"name":"pangoro","url":"https://pokeapi.co/api/v2/pokemon/675/"},{"name":"inkay","url":"https://pokeapi.co/api/v2/pokemon/686/"},{"name":"malamar","url":"https://pokeapi.co/api/v2/pokemon/687/"},{"name":"binacle","url":"https://pokeapi.co/api/v2/pokemon/688/"},{"name":"barbaracle","url":"https://pokeapi.co/api/v2/pokemon/689/"},{"name":"hawlucha","url":"https://pokeapi.co/api/v2/pokemon/701/"},{"name":"noibat","url":"https://pokeapi.co/api/v2/pokemon/714/"},{"name":"noivern","url":"https://pokeapi.co/api/v2/pokemon/715/"},{"name":"yveltal","url":"https://pokeapi.co/api/v2/pokemon/717/"},{"name":"hoopa","url":"https://pokeapi.co/api/v2/pokemon/720/"},{"name":"volcanion","url":"https://pokeapi.co/api/v2/pokemon/721/"},{"name":"litten","url":"https://pokeapi.co/api/v2/pokemon/725/"},{"name":"torracat","url":"https://pokeapi.co/api/v2/pokemon/726/"},{"name":"incineroar","url":"https://pokeapi.co/api/v2/pokemon/727/"},{"name":"yungoos","url":"https://pokeapi.co/api/v2/pokemon/734/"},{"name":"gumshoos","url":"https://pokeapi.co/api/v2/pokemon/735/"},{"name":"oricorio-baile","url":"https://pokeapi.co/api/v2/pokemon/741/"},{"name":"rockruff","url":"https://pokeapi.co/api/v2/pokemon/744/"},{"name":"lycanroc-midday","url":"https://pokeapi.co/api/v2/pokemon/745/"},{"name":"salandit","url":"https://pokeapi.co/api/v2/pokemon/757/"},{"name":"salazzle","url":"https://pokeapi.co/api/v2/pokemon/758/"},{"name":"stufful","url":"https://pokeapi.co/api/v2/pokemon/759/"},{"name":"bewear","url":"https://pokeapi.co/api/v2/pokemon/760/"},{"name":"tsareena","url":"https://pokeapi.co/api/v2/pokemon/763/"},{"name":"comfey","url":"https://pokeapi.co/api/v2/pokemon/764/"},{"name":"oranguru","url":"https://pokeapi.co/api/v2/pokemon/765/"},{"name":"passimian","url":"https://pokeapi.co/api/v2/pokemon/766/"},{"name":"wimpod","url":"https://pokeapi.co/api/v2/pokemon/767/"},{"name":"golisopod","url":"https://pokeapi.co/api/v2/pokemon/768/"},{"name":"pyukumuku","url":"https://pokeapi.co/api/v2/pokemon/771/"},{"name":"turtonator","url":"https://pokeapi.co/api/v2/pokemon/776/"},{"name":"mimikyu-disguised","url":"https://pokeapi.co/api/v2/pokemon/778/"},{"name":"bruxish","url":"https://pokeapi.co/api/v2/pokemon/779/"},{"name":"jangmo-o","url":"https://pokeapi.co/api/v2/pokemon/782/"},{"name":"hakamo-o","url":"https://pokeapi.co/api/v2/pokemon/783/"},{"name":"kommo-o","url":"https://pokeapi.co/api/v2/pokemon/784/"},{"name":"tapu-koko","url":"https://pokeapi.co/api/v2/pokemon/785/"},{"name":"tapu-lele","url":"https://pokeapi.co/api/v2/pokemon/786/"},{"name":"tapu-bulu","url":"https://pokeapi.co/api/v2/pokemon/787/"},{"name":"tapu-fini","url":"https://pokeapi.co/api/v2/pokemon/788/"},{"name":"buzzwole","url":"https://pokeapi.co/api/v2/pokemon/794/"},{"name":"pheromosa","url":"https://pokeapi.co/api/v2/pokemon/795/"},{"name":"blacephalon","url":"https://pokeapi.co/api/v2/pokemon/806/"},{"name":"zeraora","url":"https://pokeapi.co/api/v2/pokemon/807/"},{"name":"grookey","url":"https://pokeapi.co/api/v2/pokemon/810/"},{"name":"thwackey","url":"https://pokeapi.co/api/v2/pokemon/811/"},{"name":"rillaboom","url":"https://pokeapi.co/api/v2/pokemon/812/"},{"name":"scorbunny","url":"https://pokeapi.co/api/v2/pokemon/813/"},{"name":"raboot","url":"https://pokeapi.co/api/v2/pokemon/814/"},{"name":"cinderace","url":"https://pokeapi.co/api/v2/pokemon/815/"},{"name":"inteleon","url":"https://pokeapi.co/api/v2/pokemon/818/"},{"name":"rookidee","url":"https://pokeapi.co/api/v2/pokemon/821/"},{"name":"corvisquire","url":"https://pokeapi.co/api/v2/pokemon/822/"},{"name":"corviknight","url":"https://pokeapi.co/api/v2/pokemon/823/"},{"name":"nickit","url":"https://pokeapi.co/api/v2/pokemon/827/"},{"name":"thievul","url":"https://pokeapi.co/api/v2/pokemon/828/"},{"name":"toxtricity-amped","url":"https://pokeapi.co/api/v2/pokemon/849/"},{"name":"clobbopus","url":"https://pokeapi.co/api/v2/pokemon/852/"},{"name":"grapploct","url":"https://pokeapi.co/api/v2/pokemon/853/"},{"name":"impidimp","url":"https://pokeapi.co/api/v2/pokemon/859/"},{"name":"morgrem","url":"https://pokeapi.co/api/v2/pokemon/860/"},{"name":"grimmsnarl","url":"https://pokeapi.co/api/v2/pokemon/861/"},{"name":"obstagoon","url":"https://pokeapi.co/api/v2/pokemon/862/"},{"name":"perrserker","url":"https://pokeapi.co/api/v2/pokemon/863/"},{"name":"mr-rime","url":"https://pokeapi.co/api/v2/pokemon/866/"},{"name":"runerigus","url":"https://pokeapi.co/api/v2/pokemon/867/"},{"name":"morpeko-full-belly","url":"https://pokeapi.co/api/v2/pokemon/877/"},{"name":"copperajah","url":"https://pokeapi.co/api/v2/pokemon/879/"},{"name":"dracozolt","url":"https://pokeapi.co/api/v2/pokemon/880/"},{"name":"arctozolt","url":"https://pokeapi.co/api/v2/pokemon/881/"},{"name":"urshifu-single-strike","url":"https://pokeapi.co/api/v2/pokemon/892/"},{"name":"zarude","url":"https://pokeapi.co/api/v2/pokemon/893/"},{"name":"glastrier","url":"https://pokeapi.co/api/v2/pokemon/896/"},{"name":"spectrier","url":"https://pokeapi.co/api/v2/pokemon/897/"},{"name":"ursaluna","url":"https://pokeapi.co/api/v2/pokemon/901/"},{"name":"sneasler","url":"https://pokeapi.co/api/v2/pokemon/903/"},{"name":"overqwil","url":"https://pokeapi.co/api/v2/pokemon/904/"},{"name":"enamorus-incarnate","url":"https://pokeapi.co/api/v2/pokemon/905/"},{"name":"sprigatito","url":"https://pokeapi.co/api/v2/pokemon/906/"},{"name":"floragato","url":"https://pokeapi.co/api/v2/pokemon/907/"},{"name":"meowscarada","url":"https://pokeapi.co/api/v2/pokemon/908/"},{"name":"quaquaval","url":"https://pokeapi.co/api/v2/pokemon/914/"},{"name":"spidops","url":"https://pokeapi.co/api/v2/pokemon/918/"},{"name":"lokix","url":"https://pokeapi.co/api/v2/pokemon/920/"},{"name":"tandemaus","url":"https://pokeapi.co/api/v2/pokemon/924/"},{"name":"maushold","url":"https://pokeapi.co/api/v2/pokemon/925/"},{"name":"squawkabilly","url":"https://pokeapi.co/api/v2/pokemon/931/"},{"name":"armarouge","url":"https://pokeapi.co/api/v2/pokemon/936/"},{"name":"ceruledge","url":"https://pokeapi.co/api/v2/pokemon/937/"},{"name":"maschiff","url":"https://pokeapi.co/api/v2/pokemon/942/"},{"name":"mabosstiff","url":"https://pokeapi.co/api/v2/pokemon/943/"},{"name":"shroodle","url":"https://pokeapi.co/api/v2/pokemon/944/"},{"name":"grafaiai","url":"https://pokeapi.co/api/v2/pokemon/945/"},{"name":"toedscool","url":"https://pokeapi.co/api/v2/pokemon/948/"},{"name":"toedscruel","url":"https://pokeapi.co/api/v2/pokemon/949/"},{"name":"bombirdier","url":"https://pokeapi.co/api/v2/pokemon/962/"},{"name":"palafin","url":"https://pokeapi.co/api/v2/pokemon/964/"},{"name":"varoom","url":"https://pokeapi.co/api/v2/pokemon/965/"},{"name":"revavroom","url":"https://pokeapi.co/api/v2/pokemon/966/"},{"name":"cyclizar","url":"https://pokeapi.co/api/v2/pokemon/967/"},{"name":"flamigo","url":"https://pokeapi.co/api/v2/pokemon/973/"},{"name":"tatsugiri","url":"https://pokeapi.co/api/v2/pokemon/978/"},{"name":"annihilape","url":"https://pokeapi.co/api/v2/pokemon/979/"},{"name":"kingambit","url":"https://pokeapi.co/api/v2/pokemon/983/"},{"name":"great-tusk","url":"https://pokeapi.co/api/v2/pokemon/984/"},{"name":"brute-bonnet","url":"https://pokeapi.co/api/v2/pokemon/986/"},{"name":"flutter-mane","url":"https://pokeapi.co/api/v2/pokemon/987/"},{"name":"iron-bundle","url":"https://pokeapi.co/api/v2/pokemon/991/"},{"name":"iron-jugulis","url":"https://pokeapi.co/api/v2/pokemon/993/"},{"name":"iron-thorns","url":"https://pokeapi.co/api/v2/pokemon/995/"},{"name":"wo-chien","url":"https://pokeapi.co/api/v2/pokemon/1001/"},{"name":"chien-pao","url":"https://pokeapi.co/api/v2/pokemon/1002/"},{"name":"ting-lu","url":"https://pokeapi.co/api/v2/pokemon/1003/"},{"name":"chi-yu","url":"https://pokeapi.co/api/v2/pokemon/1004/"},{"name":"roaring-moon","url":"https://pokeapi.co/api/v2/pokemon/1005/"},{"name":"iron-valiant","url":"https://pokeapi.co/api/v2/pokemon/1006/"},{"name":"koraidon","url":"https://pokeapi.co/api/v2/pokemon/1007/"},{"name":"miraidon","url":"https://pokeapi.co/api/v2/pokemon/1008/"},{"name":"iron-leaves","url":"https://pokeapi.co/api/v2/pokemon/1010/"},{"name":"deoxys-attack","url":"https://pokeapi.co/api/v2/pokemon/10001/"},{"name":"deoxys-defense","url":"https://pokeapi.co/api/v2/pokemon/10002/"},{"name":"deoxys-speed","url":"https://pokeapi.co/api/v2/pokemon/10003/"},{"name":"basculin-blue-striped","url":"https://pokeapi.co/api/v2/pokemon/10016/"},{"name":"darmanitan-zen","url":"https://pokeapi.co/api/v2/pokemon/10017/"},{"name":"tornadus-therian","url":"https://pokeapi.co/api/v2/pokemon/10019/"},{"name":"thundurus-therian","url":"https://pokeapi.co/api/v2/pokemon/10020/"},{"name":"landorus-therian","url":"https://pokeapi.co/api/v2/pokemon/10021/"},{"name":"keldeo-resolute","url":"https://pokeapi.co/api/v2/pokemon/10024/"},{"name":"alakazam-mega","url":"https://pokeapi.co/api/v2/pokemon/10037/"},{"name":"gengar-mega","url":"https://pokeapi.co/api/v2/pokemon/10038/"},{"name":"gyarados-mega","url":"https://pokeapi.co/api/v2/pokemon/10041/"},{"name":"aerodactyl-mega","url":"https://pokeapi.co/api/v2/pokemon/10042/"},{"name":"mewtwo-mega-x","url":"https://pokeapi.co/api/v2/pokemon/10043/"},{"name":"mewtwo-mega-y","url":"https://pokeapi.co/api/v2/pokemon/10044/"},{"name":"houndoom-mega","url":"https://pokeapi.co/api/v2/pokemon/10048/"},{"name":"tyranitar-mega","url":"https://pokeapi.co/api/v2/pokemon/10049/"},{"name":"gardevoir-mega","url":"https://pokeapi.co/api/v2/pokemon/10051/"},{"name":"mawile-mega","url":"https://pokeapi.co/api/v2/pokemon/10052/"},{"name":"aggron-mega","url":"https://pokeapi.co/api/v2/pokemon/10053/"},{"name":"banette-mega","url":"https://pokeapi.co/api/v2/pokemon/10056/"},{"name":"absol-mega","url":"https://pokeapi.co/api/v2/pokemon/10057/"},{"name":"sableye-mega","url":"https://pokeapi.co/api/v2/pokemon/10066/"},{"name":"gallade-mega","url":"https://pokeapi.co/api/v2/pokemon/10068/"},{"name":"sharpedo-mega","url":"https://pokeapi.co/api/v2/pokemon/10070/"},{"name":"steelix-mega","url":"https://pokeapi.co/api/v2/pokemon/10072/"},{"name":"glalie-mega","url":"https://pokeapi.co/api/v2/pokemon/10074/"},{"name":"hoopa-unbound","url":"https://pokeapi.co/api/v2/pokemon/10086/"},{"name":"rattata-alola","url":"https://pokeapi.co/api/v2/pokemon/10091/"},{"name":"raticate-alola","url":"https://pokeapi.co/api/v2/pokemon/10092/"},{"name":"raticate-totem-alola","url":"https://pokeapi.co/api/v2/pokemon/10093/"},{"name":"meowth-alola","url":"https://pokeapi.co/api/v2/pokemon/10107/"},{"name":"persian-alola","url":"https://pokeapi.co/api/v2/pokemon/10108/"},{"name":"grimer-alola","url":"https://pokeapi.co/api/v2/pokemon/10112/"},{"name":"muk-alola","url":"https://pokeapi.co/api/v2/pokemon/10113/"},{"name":"greninja-battle-bond","url":"https://pokeapi.co/api/v2/pokemon/10116/"},{"name":"greninja-ash","url":"https://pokeapi.co/api/v2/pokemon/10117/"},{"name":"gumshoos-totem","url":"https://pokeapi.co/api/v2/pokemon/10121/"},{"name":"oricorio-pom-pom","url":"https://pokeapi.co/api/v2/pokemon/10123/"},{"name":"oricorio-pau","url":"https://pokeapi.co/api/v2/pokemon/10124/"},{"name":"oricorio-sensu","url":"https://pokeapi.co/api/v2/pokemon/10125/"},{"name":"lycanroc-midnight","url":"https://pokeapi.co/api/v2/pokemon/10126/"},{"name":"salazzle-totem","url":"https://pokeapi.co/api/v2/pokemon/10129/"},{"name":"mimikyu-busted","url":"https://pokeapi.co/api/v2/pokemon/10143/"},{"name":"mimikyu-totem-disguised","url":"https://pokeapi.co/api/v2/pokemon/10144/"},{"name":"mimikyu-totem-busted","url":"https://pokeapi.co/api/v2/pokemon/10145/"},{"name":"kommo-o-totem","url":"https://pokeapi.co/api/v2/pokemon/10146/"},{"name":"rockruff-own-tempo","url":"https://pokeapi.co/api/v2/pokemon/10151/"},{"name":"lycanroc-dusk","url":"https://pokeapi.co/api/v2/pokemon/10152/"},{"name":"meowth-galar","url":"https://pokeapi.co/api/v2/pokemon/10161/"},{"name":"weezing-galar","url":"https://pokeapi.co/api/v2/pokemon/10167/"},{"name":"mr-mime-galar","url":"https://pokeapi.co/api/v2/pokemon/10168/"},{"name":"zapdos-galar","url":"https://pokeapi.co/api/v2/pokemon/10170/"},{"name":"moltres-galar","url":"https://pokeapi.co/api/v2/pokemon/10171/"},{"name":"slowking-galar","url":"https://pokeapi.co/api/v2/pokemon/10172/"},{"name":"zigzagoon-galar","url":"https://pokeapi.co/api/v2/pokemon/10174/"},{"name":"linoone-galar","url":"https://pokeapi.co/api/v2/pokemon/10175/"},{"name":"darumaka-galar","url":"https://pokeapi.co/api/v2/pokemon/10176/"},{"name":"darmanitan-galar-standard","url":"https://pokeapi.co/api/v2/pokemon/10177/"},{"name":"darmanitan-galar-zen","url":"https://pokeapi.co/api/v2/pokemon/10178/"},{"name":"toxtricity-low-key","url":"https://pokeapi.co/api/v2/pokemon/10184/"},{"name":"morpeko-hangry","url":"https://pokeapi.co/api/v2/pokemon/10187/"},{"name":"urshifu-rapid-strike","url":"https://pokeapi.co/api/v2/pokemon/10191/"},{"name":"zarude-dada","url":"https://pokeapi.co/api/v2/pokemon/10192/"},{"name":"calyrex-ice","url":"https://pokeapi.co/api/v2/pokemon/10193/"},{"name":"calyrex-shadow","url":"https://pokeapi.co/api/v2/pokemon/10194/"},{"name":"voltorb-hisui","url":"https://pokeapi.co/api/v2/pokemon/10231/"},{"name":"electrode-hisui","url":"https://pokeapi.co/api/v2/pokemon/10232/"},{"name":"qwilfish-hisui","url":"https://pokeapi.co/api/v2/pokemon/10234/"},{"name":"sneasel-hisui","url":"https://pokeapi.co/api/v2/pokemon/10235/"},{"name":"samurott-hisui","url":"https://pokeapi.co/api/v2/pokemon/10236/"},{"name":"zorua-hisui","url":"https://pokeapi.co/api/v2/pokemon/10238/"},{"name":"zoroark-hisui","url":"https://pokeapi.co/api/v2/pokemon/10239/"},{"name":"decidueye-hisui","url":"https://pokeapi.co/api/v2/pokemon/10244/"},{"name":"enamorus-therian","url":"https://pokeapi.co/api/v2/pokemon/10249/"},{"name":"palafin-hero","url":"https://pokeapi.co/api/v2/pokemon/10256/"},{"name":"maushold-family-of-three","url":"https://pokeapi.co/api/v2/pokemon/10257/"},{"name":"tatsugiri-droopy","url":"https://pokeapi.co/api/v2/pokemon/10258/"},{"name":"tatsugiri-stretchy","url":"https://pokeapi.co/api/v2/pokemon/10259/"},{"name":"squawkabilly-blue-plumage","url":"https://pokeapi.co/api/v2/pokemon/10260/"},{"name":"squawkabilly-yellow-plumage","url":"https://pokeapi.co/api/v2/pokemon/10261/"},{"name":"squawkabilly-white-plumage","url":"https://pokeapi.co/api/v2/pokemon/10262/"},{"name":"koraidon-limited-build","url":"https://pokeapi.co/api/v2/pokemon/10264/"},{"name":"koraidon-sprinting-build","url":"https://pokeapi.co/api/v2/pokemon/10265/"},{"name":"koraidon-swimming-build","url":"https://pokeapi.co/api/v2/pokemon/10266/"},{"name":"koraidon-gliding-build","url":"https://pokeapi.co/api/v2/pokemon/10267/"},{"name":"miraidon-low-power-mode","url":"https://pokeapi.co/api/v2/pokemon/10268/"},{"name":"miraidon-drive-mode","url":"https://pokeapi.co/api/v2/pokemon/10269/"},{"name":"miraidon-aquatic-mode","url":"https://pokeapi.co/api/v2/pokemon/10270/"},{"name":"miraidon-glide-mode","url":"https://pokeapi.co/api/v2/pokemon/10271/"}],"machines":[{"machine":{"url":"https://pokeapi.co/api/v2/machine/40/"},"version_group":{"name":"lets-go-pikachu-lets-go-eevee","url":"https://pokeapi.co/api/v2/version-group/19/"}},{"machine":{"url":"https://pokeapi.co/api/v2/machine/226/"},"version_group":{"name":"ruby-sapphire","url":"https://pokeapi.co/api/v2/version-group/5/"}},{"machine":{"url":"https://pokeapi.co/api/v2/machine/227/"},"version_group":{"name":"emerald","url":"https://pokeapi.co/api/v2/version-group/6/"}},{"machine":{"url":"https://pokeapi.co/api/v2/machine/228/"},"version_group":{"name":"firered-leafgreen","url":"https://pokeapi.co/api/v2/version-group/7/"}},{"machine":{"url":"https://pokeapi.co/api/v2/machine/229/"},"version_group":{"name":"diamond-pearl","url":"https://pokeapi.co/api/v2/version-group/8/"}},{"machine":{"url":"https://pokeapi.co/api/v2/machine/230/"},"version_group":{"name":"platinum","url":"https://pokeapi.co/api/v2/version-group/9/"}},{"machine":{"url":"https://pokeapi.co/api/v2/machine/231/"},"version_group":{"name":"heartgold-soulsilver","url":"https://pokeapi.co/api/v2/version-group/10/"}},{"machine":{"url":"https://pokeapi.co/api/v2/machine/232/"},"version_group":{"name":"black-white","url":"https://pokeapi.co/api/v2/version-group/11/"}},{"machine":{"url":"https://pokeapi.co/api/v2/machine/233/"},"version_group":{"name":"colosseum","url":"https://pokeapi.co/api/v2/version-group/12/"}},{"machine":{"url":"https://pokeapi.co/api/v2/machine/234/"},"version_group":{"name":"xd","url":"https://pokeapi.co/api/v2/version-group/13/"}},{"machine":{"url":"https://pokeapi.co/api/v2/machine/235/"},"version_group":{"name":"black-2-white-2","url":"https://pokeapi.co/api/v2/version-group/14/"}},{"machine":{"url":"https://pokeapi.co/api/v2/machine/236/"},"version_group":{"name":"x-y","url":"https://pokeapi.co/api/v2/version-group/15/"}},{"machine":{"url":"https://pokeapi.co/api/v2/machine/237/"},"version_group":{"name":"omega-ruby-alpha-sapphire","url":"https://pokeapi.co/api/v2/version-group/16/"}},{"machine":{"url":"https://pokeapi.co/api/v2/machine/238/"},"version_group":{"name":"sun-moon","url":"https://pokeapi.co/api/v2/version-group/17/"}},{"machine":{"url":"https://pokeapi.co/api/v2/machine/239/"},"version_group":{"name":"ultra-sun-ultra-moon","url":"https://pokeapi.co/api/v2/version-group/18/"}},{"machine":{"url":"https://pokeapi.co/api/v2/machine/1626/"},"version_group":{"name":"sword-shield","url":"https://pokeapi.co/api/v2/version-group/20/"}}],"meta":{"ailment":{"name":"none","url":"https://pokeapi.co/api/v2/move-ailment/0/"},"ailment_chance":0,"category":{"name":"unique","url":"https://pokeapi.co/api/v2/move-category/13/"},"crit_rate":0,"drain":0,"flinch_chance":0,"healing":0,"max_hits":null,"max_turns":null,"min_hits":null,"min_turns":null,"stat_chance":0},"name":"taunt","names":[{"language":{"name":"ja-Hrkt","url":"https://pokeapi.co/api/v2/language/1/"},"name":"ちょうはつ"},{"language":{"name":"ko","url":"https://pokeapi.co/api/v2/language/3/"},"name":"도발"},{"language":{"name":"zh-Hant","url":"https://pokeapi.co/api/v2/language/4/"},"name":"挑釁"},{"language":{"name":"fr","url":"https://pokeapi.co/api/v2/language/5/"},"name":"Provoc"},{"language":{"name":"de","url":"https://pokeapi.co/api/v2/language/6/"},"name":"Verhöhner"},{"language":{"name":"es","url":"https://pokeapi.co/api/v2/language/7/"},"name":"Mofa"},{"language":{"name":"it","url":"https://pokeapi.co/api/v2/language/8/"},"name":"Provocazione"},{"language":{"name":"en","url":"https://pokeapi.co/api/v2/language/9/"},"name":"Taunt"},{"language":{"name":"ja","url":"https://pokeapi.co/api/v2/language/11/"},"name":"ちょうはつ"},{"language":{"name":"zh-Hans","url":"https://pokeapi.co/api/v2/language/12/"},"name":"挑衅"}],"past_values":[],"power":null,"pp":20,"priority":0,"stat_changes":[],"super_contest_effect":{"url":"https://pokeapi.co/api/v2/super-contest-effect/16/"},"target":{"name":"selected-pokemon","url":"https://pokeapi.co/api/v2/move-target/10/"},"type":{"name":"dark","url":"https://pokeapi.co/api/v2/type/17/"}}