{"accuracy":null,"contest_combos":null,"contest_effect":{"url":"https://pokeapi.co/api/v2/contest-effect/15/"},"contest_type":{"name":"beauty","url":"https://pokeapi.co/api/v2/contest-type/2/"},"damage_class":{"name":"status","url":"https://pokeapi.co/api/v2/move-damage-class/1/"},"effect_chance":null,"effect_changes":[],"effect_entries":[{"effect":"The first non-damaging move targeting the user this turn that inflicts major status effects, stat changes, or trapping effects will be reflected at its user.\n\ndefog, memento, and teeter dance are not reflected.\n\nattract, flatter, gastro acid, leech seed, swagger, worry seed, and yawn are reflected.\n\nThis move cannot be copied by mirror move.","language":{"name":"en","url":"https://pokeapi.co/api/v2/language/9/"},"short_effect":"Reflects back the first effect move used on the user this turn."}],"flavor_text_entries":[{"flavor_text":"Reflects special effects\nback to the attacker.","language":{"name":"en","url":"https://pokeapi.co/api/v2/language/9/"},"version_group":{"name":"ruby-sapphire","url":"https://pokeapi.co/api/v2/version-group/5/"}},{"flavor_text":"Reflects special effects\nback to the attacker.","language":{"name":"en","url":"https://pokeapi.co/api/v2/language/9/"},"version_group":{"name":"emerald","url":"https://pokeapi.co/api/v2/version-group/6/"}},{"flavor_text":"Reflects back the\nfoe’s LEECH SEED\nand any status-\ndamaging move.","language":{"name":"en","url":"https://pokeapi.co/api/v2/language/9/"},"version_group":{"name":"firered-leafgreen","url":"https://pokeapi.co/api/v2/version-group/7/"}},{"flavor_text":"A barrier reflects\nback to the foe\nmoves like Leech\nSeed and moves\nthat damage status.","language":{"name":"en","url":"https://pokeapi.co/api/v2/language/9/"},"version_group":{"name":"diamond-pearl","url":"https://pokeapi.co/api/v2/version-group/8/"}},{"flavor_text":"A barrier reflects\nback to the foe\nmoves like Leech\nSeed and moves\nthat damage status.","language":{"name":"en","url":"https://pokeapi.co/api/v2/language/9/"},"version_group":{"name":"platinum","url":"https://pokeapi.co/api/v2/version-group/9/"}},{"flavor_text":"A barrier reflects\nback to the foe\nmoves like Leech\nSeed and moves\nthat damage status.","language":{"name":"en","url":"https://pokeapi.co/api/v2/language/9/"},"version_group":{"name":"heartgold-soulsilver","url":"https://pokeapi.co/api/v2/version-group/10/"}},{"flavor_text":"Une barrière qui renvoie les capacités\ncomme Vampigraine et celles affectant\nle statut et les stats.","language":{"name":"fr","url":"https://pokeapi.co/api/v2/language/5/"},"version_group":{"name":"black-white","url":"https://pokeapi.co/api/v2/version-group/11/"}},{"flavor_text":"A barrier reflects back to the target\nmoves like Leech Seed and moves\nthat damage status.","language":{"name":"en","url":"https://pokeapi.co/api/v2/language/9/"},"version_group":{"name":"black-white","url":"https://pokeapi.co/api/v2/version-group/11/"}},{"flavor_text":"A barrier reflects back to the target\nmoves like Leech Seed and moves\nthat damage status.","language":{"name":"en","url":"https://pokeapi.co/api/v2/language/9/"},"version_group":{"name":"black-2-white-2","url":"https://pokeapi.co/api/v2/version-group/14/"}},{"flavor_text":"じょうたい　いじょうに　なる　ワザや\nやどりぎのタネ　などを\nだされたとき　あいてに　はねかえす。","language":{"name":"ja-Hrkt","url":"https://pokeapi.co/api/v2/language/1/"},"version_group":{"name":"x-y","url":"https://pokeapi.co/api/v2/version-group/15/"}},{"flavor_text":"상대가 상태 이상이 되는 기술이나\n씨뿌리기 등을 썼을 때 되받아친다.","language":{"name":"ko","url":"https://pokeapi.co/api/v2/language/3/"},"version_group":{"name":"x-y","url":"https://pokeapi.co/api/v2/version-group/15/"}},{"flavor_text":"Une barrière qui renvoie les capacités comme\nVampigraine et celles affectant le statut et\nles stats.","language":{"name":"fr","url":"https://pokeapi.co/api/v2/language/5/"},"version_group":{"name":"x-y","url":"https://pokeapi.co/api/v2/version-group/15/"}},{"flavor_text":"Egelsamen und alle Attacken mit Status\nverändernden Effekten prallen ab.","language":{"name":"de","url":"https://pokeapi.co/api/v2/language/6/"},"version_group":{"name":"x-y","url":"https://pokeapi.co/api/v2/version-group/15/"}},{"flavor_text":"Barrera capaz de devolver al agresor movimientos\ncomo Drenadoras y otros que alteran el estado o\nlas características.","language":{"name":"es","url":"https://pokeapi.co/api/v2/language/7/"},"version_group":{"name":"x-y","url":"https://pokeapi.co/api/v2/version-group/15/"}},{"flavor_text":"Una barriera rimanda al mittente l’effetto\ndi mosse come Parassiseme e di mosse\nche influenzano lo stato.","language":{"name":"it","url":"https://pokeapi.co/api/v2/language/8/"},"version_group":{"name":"x-y","url":"https://pokeapi.co/api/v2/version-group/15/"}},{"flavor_text":"A barrier reflects back to the target\nmoves like Leech Seed and moves\nthat damage status.","language":{"name":"en","url":"https://pokeapi.co/api/v2/language/9/"},"version_group":{"name":"x-y","url":"https://pokeapi.co/api/v2/version-group/15/"}},{"flavor_text":"状態異常に　なる　技や\nやどりぎのタネ　などを\nだされたとき　相手に　跳ね返す。","language":{"name":"ja","url":"https://pokeapi.co/api/v2/language/11/"},"version_group":{"name":"x-y","url":"https://pokeapi.co/api/v2/version-group/15/"}},{"flavor_text":"じょうたい　いじょうに　なる　ワザや\nやどりぎのタネ　などを\nだされたとき　あいてに　はねかえす。","language":{"name":"ja-Hrkt","url":"https://pokeapi.co/api/v2/language/1/"},"version_group":{"name":"omega-ruby-alpha-sapphire","url":"https://pokeapi.co/api/v2/version-group/16/"}},{"flavor_text":"상대가 상태 이상이 되는 기술이나\n씨뿌리기 등을 썼을 때 되받아친다.","language":{"name":"ko","url":"https://pokeapi.co/api/v2/language/3/"},"version_group":{"name":"omega-ruby-alpha-sapphire","url":"https://pokeapi.co/api/v2/version-group/16/"}},{"flavor_text":"Une barrière qui renvoie les capacités comme\nVampigraine et celles affectant le statut et\nles stats.","language":{"name":"fr","url":"https://pokeapi.co/api/v2/language/5/"},"version_group":{"name":"omega-ruby-alpha-sapphire","url":"https://pokeapi.co/api/v2/version-group/16/"}},{"flavor_text":"Attacken wie Egelsamen und alle Attacken\nmit Status verändernden Effekten prallen ab.","language":{"name":"de","url":"https://pokeapi.co/api/v2/language/6/"},"version_group":{"name":"omega-ruby-alpha-sapphire","url":"https://pokeapi.co/api/v2/version-group/16/"}},{"flavor_text":"Barrera capaz de devolver al agresor movimientos \ncomo Drenadoras y otros que alteran el estado o \nlas características.","language":{"name":"es","url":"https://pokeapi.co/api/v2/language/7/"},"version_group":{"name":"omega-ruby-alpha-sapphire","url":"https://pokeapi.co/api/v2/version-group/16/"}},{"flavor_text":"Una barriera rimanda al mittente l’effetto\ndi mosse come Parassiseme e di mosse\nche influenzano lo stato.","language":{"name":"it","url":"https://pokeapi.co/api/v2/language/8/"},"version_group":{"name":"omega-ruby-alpha-sapphire","url":"https://pokeapi.co/api/v2/version-group/16/"}},{"flavor_text":"A barrier reflects back to the target\nmoves like Leech Seed and moves\nthat damage status.","language":{"name":"en","url":"https://pokeapi.co/api/v2/language/9/"},"version_group":{"name":"omega-ruby-alpha-sapphire","url":"https://pokeapi.co/api/v2/version-group/16/"}},{"flavor_text":"状態異常に　なる　技や\nやどりぎのタネ　などを\nだされたとき　相手に　跳ね返す。","language":{"name":"ja","url":"https://pokeapi.co/api/v2/language/11/"},"version_group":{"name":"omega-ruby-alpha-sapphire","url":"https://pokeapi.co/api/v2/version-group/16/"}},{"flavor_text":"じょうたい　いじょうに　なる　ワザや\nやどりぎのタネ　などを\nだされたとき　あいてに　はねかえす。","language":{"name":"ja-Hrkt","url":"https://pokeapi.co/api/v2/language/1/"},"version_group":{"name":"sun-moon","url":"https://pokeapi.co/api/v2/version-group/17/"}},{"flavor_text":"상대가 상태 이상이 되는 기술이나\n씨뿌리기 등을 썼을 때 되받아친다.","language":{"name":"ko","url":"https://pokeapi.co/api/v2/language/3/"},"version_group":{"name":"sun-moon","url":"https://pokeapi.co/api/v2/version-group/17/"}},{"flavor_text":"若對手使用寄生種子或\n其他會讓寶可夢陷入異常狀態的招式時，\n可將對手的招式反彈回去。","language":{"name":"zh-Hant","url":"https://pokeapi.co/api/v2/language/4/"},"version_group":{"name":"sun-moon","url":"https://pokeapi.co/api/v2/version-group/17/"}},{"flavor_text":"Une barrière qui renvoie les capacités comme\nVampigraine et celles affectant le statut et\nles stats.","language":{"name":"fr","url":"https://pokeapi.co/api/v2/language/5/"},"version_group":{"name":"sun-moon","url":"https://pokeapi.co/api/v2/version-group/17/"}},{"flavor_text":"Alle Status-Attacken wie Egelsamen werden\nreflektiert.","language":{"name":"de","url":"https://pokeapi.co/api/v2/language/6/"},"version_group":{"name":"sun-moon","url":"https://pokeapi.co/api/v2/version-group/17/"}},{"flavor_text":"Barrera capaz de devolver al agresor movimientos \ncomo Drenadoras y otros que alteran el estado o \nlas características.","language":{"name":"es","url":"https://pokeapi.co/api/v2/language/7/"},"version_group":{"name":"sun-moon","url":"https://pokeapi.co/api/v2/version-group/17/"}},{"flavor_text":"Una barriera rimanda al mittente l’effetto\ndi mosse come Parassiseme e di mosse\nche influenzano lo stato.","language":{"name":"it","url":"https://pokeapi.co/api/v2/language/8/"},"version_group":{"name":"sun-moon","url":"https://pokeapi.co/api/v2/version-group/17/"}},{"flavor_text":"A barrier reflects back to the target moves like\nLeech Seed and moves that damage status.","language":{"name":"en","url":"https://pokeapi.co/api/v2/language/9/"},"version_group":{"name":"sun-moon","url":"https://pokeapi.co/api/v2/version-group/17/"}},{"flavor_text":"状態異常に　なる　技や\nやどりぎのタネ　などを\nだされたとき　相手に　跳ね返す。","language":{"name":"ja","url":"https://pokeapi.co/api/v2/language/11/"},"version_group":{"name":"sun-moon","url":"https://pokeapi.co/api/v2/version-group/17/"}},{"flavor_text":"当对手使出会变成异常状态的\n招式或寄生种子等时，\n会将对手的招式反射回去。","language":{"name":"zh-Hans","url":"https://pokeapi.co/api/v2/language/12/"},"version_group":{"name":"sun-moon","url":"https://pokeapi.co/api/v2/version-group/17/"}},{"flavor_text":"じょうたい　いじょうに　なる　ワザや\nやどりぎのタネ　などを\nだされたとき　あいてに　はねかえす。","language":{"name":"ja-Hrkt","url":"https://pokeapi.co/api/v2/language/1/"},"version_group":{"name":"ultra-sun-ultra-moon","url":"https://pokeapi.co/api/v2/version-group/18/"}},{"flavor_text":"상대가 상태 이상이 되는 기술이나\n씨뿌리기 등을 썼을 때 되받아친다.","language":{"name":"ko","url":"https://pokeapi.co/api/v2/language/3/"},"version_group":{"name":"ultra-sun-ultra-moon","url":"https://pokeapi.co/api/v2/version-group/18/"}},{"flavor_text":"若對手使用寄生種子或\n其他會讓寶可夢陷入異常狀態的招式時，\n可將對手的招式反彈回去。","language":{"name":"zh-Hant","url":"https://pokeapi.co/api/v2/language/4/"},"version_group":{"name":"ultra-sun-ultra-moon","url":"https://pokeapi.co/api/v2/version-group/18/"}},{"flavor_text":"Une barrière qui renvoie les capacités comme\nVampigraine et celles affectant le statut et\nles stats.","language":{"name":"fr","url":"https://pokeapi.co/api/v2/language/5/"},"version_group":{"name":"ultra-sun-ultra-moon","url":"https://pokeapi.co/api/v2/version-group/18/"}},{"flavor_text":"Alle Status-Attacken wie Egelsamen werden\nreflektiert.","language":{"name":"de","url":"https://pokeapi.co/api/v2/language/6/"},"version_group":{"name":"ultra-sun-ultra-moon","url":"https://pokeapi.co/api/v2/version-group/18/"}},{"flavor_text":"Barrera capaz de devolver al agresor movimientos \ncomo Drenadoras y otros que alteran el estado o \nlas características.","language":{"name":"es","url":"https://pokeapi.co/api/v2/language/7/"},"version_group":{"name":"ultra-sun-ultra-moon","url":"https://pokeapi.co/api/v2/version-group/18/"}},{"flavor_text":"Una barriera rimanda al mittente l’effetto\ndi mosse come Parassiseme e di mosse\nche influenzano lo stato.","language":{"name":"it","url":"https://pokeapi.co/api/v2/language/8/"},"version_group":{"name":"ultra-sun-ultra-moon","url":"https://pokeapi.co/api/v2/version-group/18/"}},{"flavor_text":"A barrier reflects back to the target moves like\nLeech Seed and moves that damage status.","language":{"name":"en","url":"https://pokeapi.co/api/v2/language/9/"},"version_group":{"name":"ultra-sun-ultra-moon","url":"https://pokeapi.co/api/v2/version-group/18/"}},{"flavor_text":"状態異常に　なる　技や\nやどりぎのタネ　などを\nだされたとき　相手に　跳ね返す。","language":{"name":"ja","url":"https://pokeapi.co/api/v2/language/11/"},"version_group":{"name":"ultra-sun-ultra-moon","url":"https://pokeapi.co/api/v2/version-group/18/"}},{"flavor_text":"当对手使出会变成异常状态的\n招式或寄生种子等时，\n会将对手的招式反射回去。","language":{"name":"zh-Hans","url":"https://pokeapi.co/api/v2/language/12/"},"version_group":{"name":"ultra-sun-ultra-moon","url":"https://pokeapi.co/api/v2/version-group/18/"}},{"flavor_text":"じょうたい　いじょうに　なる　ワザや\nやどりぎのタネ　などを\nだされたとき　あいてに　はねかえす。","language":{"name":"ja-Hrkt","url":"https://pokeapi.co/api/v2/language/1/"},"version_group":{"name":"lets-go-pikachu-lets-go-eevee","url":"https://pokeapi.co/api/v2/version-group/19/"}},{"flavor_text":"상대가 상태 이상이 되는 기술이나\n씨뿌리기 등을 썼을 때 되받아친다.","language":{"name":"ko","url":"https://pokeapi.co/api/v2/language/3/"},"version_group":{"name":"lets-go-pikachu-lets-go-eevee","url":"https://pokeapi.co/api/v2/version-group/19/"}},{"flavor_text":"若對手使用寄生種子或\n其他會讓寶可夢陷入異常狀態的招式時，\n可將對手的招式反彈回去。","language":{"name":"zh-Hant","url":"https://pokeapi.co/api/v2/language/4/"},"version_group":{"name":"lets-go-pikachu-lets-go-eevee","url":"https://pokeapi.co/api/v2/version-group/19/"}},{"flavor_text":"Une barrière qui renvoie les capacités comme\nVampigraine et celles affectant le statut et les stats.","language":{"name":"fr","url":"https://pokeapi.co/api/v2/language/5/"},"version_group":{"name":"lets-go-pikachu-lets-go-eevee","url":"https://pokeapi.co/api/v2/version-group/19/"}},{"flavor_text":"Alle Status-Attacken wie Egelsamen werden\nreflektiert.","language":{"name":"de","url":"https://pokeapi.co/api/v2/language/6/"},"version_group":{"name":"lets-go-pikachu-lets-go-eevee","url":"https://pokeapi.co/api/v2/version-group/19/"}},{"flavor_text":"Barrera capaz de devolver al agresor movimientos \ncomo Drenadoras y otros que alteran el estado o \nlas características.","language":{"name":"es","url":"https://pokeapi.co/api/v2/language/7/"},"version_group":{"name":"lets-go-pikachu-lets-go-eevee","url":"https://pokeapi.co/api/v2/version-group/19/"}},{"flavor_text":"Una barriera rimanda al mittente l’effetto\ndi mosse come Parassiseme e di mosse\nche influenzano lo stato.","language":{"name":"it","url":"https://pokeapi.co/api/v2/language/8/"},"version_group":{"name":"lets-go-pikachu-lets-go-eevee","url":"https://pokeapi.co/api/v2/version-group/19/"}},{"flavor_text":"A barrier reflects back to the target moves like\nLeech Seed and moves that damage status.","language":{"name":"en","url":"https://pokeapi.co/api/v2/language/9/"},"version_group":{"name":"lets-go-pikachu-lets-go-eevee","url":"https://pokeapi.co/api/v2/version-group/19/"}},{"flavor_text":"状態異常に　なる　技や\nやどりぎのタネ　などを\nだされたとき　相手に　跳ね返す。","language":{"name":"ja","url":"https://pokeapi.co/api/v2/language/11/"},"version_group":{"name":"lets-go-pikachu-lets-go-eevee","url":"https://pokeapi.co/api/v2/version-group/19/"}},{"flavor_text":"当对手使出会变成异常状态的\n招式或寄生种子等时，\n会将对手的招式反射回去。","language":{"name":"zh-Hans","url":"https://pokeapi.co/api/v2/language/12/"},"version_group":{"name":"lets-go-pikachu-lets-go-eevee","url":"https://pokeapi.co/api/v2/version-group/19/"}},{"flavor_text":"じょうたい　いじょうに　なる　ワザや\nやどりぎのタネ　などを\nだされたとき　あいてに　はねかえす。","language":{"name":"ja-Hrkt","url":"https://pokeapi.co/api/v2/language/1/"},"version_group":{"name":"sword-shield","url":"https://pokeapi.co/api/v2/version-group/20/"}},{"flavor_text":"상대가 상태 이상이 되는 기술이나\n씨뿌리기 등을 썼을 때 되받아친다.","language":{"name":"ko","url":"https://pokeapi.co/api/v2/language/3/"},"version_group":{"name":"sword-shield","url":"https://pokeapi.co/api/v2/version-group/20/"}},{"flavor_text":"若對手使用寄生種子或\n其他會讓寶可夢陷入異常狀態的招式時，\n可將對手的招式反彈回去。","language":{"name":"zh-Hant","url":"https://pokeapi.co/api/v2/language/4/"},"version_group":{"name":"sword-shield","url":"https://pokeapi.co/api/v2/version-group/20/"}},{"flavor_text":"Une barrière qui renvoie les capacités comme\nVampigraine et celles affectant le statut et les stats.","language":{"name":"fr","url":"https://pokeapi.co/api/v2/language/5/"},"version_group":{"name":"sword-shield","url":"https://pokeapi.co/api/v2/version-group/20/"}},{"flavor_text":"Alle Status-Attacken wie Egelsamen werden reflektiert.","language":{"name":"de","url":"https://pokeapi.co/api/v2/language/6/"},"version_group":{"name":"sword-shield","url":"https://pokeapi.co/api/v2/version-group/20/"}},{"flavor_text":"Barrera capaz de devolver al agresor movimientos \ncomo Drenadoras y otros que alteran el estado o \nlas características.","language":{"name":"es","url":"https://pokeapi.co/api/v2/language/7/"},"version_group":{"name":"sword-shield","url":"https://pokeapi.co/api/v2/version-group/20/"}},{"flavor_text":"Una barriera rimanda al mittente l’effetto\ndi mosse come Parassiseme e di mosse\nche influenzano lo stato.","language":{"name":"it","url":"https://pokeapi.co/api/v2/language/8/"},"version_group":{"name":"sword-shield","url":"https://pokeapi.co/api/v2/version-group/20/"}},{"flavor_text":"Moves like Leech Seed and moves that inflict status\nconditions are blocked by a barrier and reflected back\nto the user of those moves.","language":{"name":"en","url":"https://pokeapi.co/api/v2/language/9/"},"version_group":{"name":"sword-shield","url":"https://pokeapi.co/api/v2/version-group/20/"}},{"flavor_text":"状態異常に　なる　技や\nやどりぎのタネ　などを\nだされたとき　相手に　跳ね返す。","language":{"name":"ja","url":"https://pokeapi.co/api/v2/language/11/"},"version_group":{"name":"sword-shield","url":"https://pokeapi.co/api/v2/version-group/20/"}},{"flavor_text":"当对手使出会变成异常状态的\n招式或寄生种子等时，\n会将对手的招式反射回去。","language":{"name":"zh-Hans","url":"https://pokeapi.co/api/v2/language/12/"},"version_group":{"name":"sword-shield","url":"https://pokeapi.co/api/v2/version-group/20/"}}],"generation":{"name":"generation-iii","url":"https://pokeapi.co/api/v2/generation/3/"},"id":277,"learned_by_pokemon":[{"name":"clefairy","url":"https://pokeapi.co/api/v2/pokemon/35/"},{"name":"clefable","url":"https://pokeapi.co/api/v2/pokemon/36/"},{"name":"jigglypuff","url":"https://pokeapi.co/api/v2/pokemon/39/"},{"name":"wigglytuff","url":"https://pokeapi.co/api/v2/pokemon/40/"},{"name":"abra","url":"https://pokeapi.co/api/v2/pokemon/63/"},{"name":"kadabra","url":"https://pokeapi.co/api/v2/pokemon/64/"},{"name":"alakazam","url":"https://pokeapi.co/api/v2/pokemon/65/"},{"name":"tentacool","url":"https://pokeapi.co/api/v2/pokemon/72/"},{"name":"tentacruel","url":"https://pokeapi.co/api/v2/pokemon/73/"},{"name":"slowpoke","url":"https://pokeapi.co/api/v2/pokemon/79/"},{"name":"slowbro","url":"https://pokeapi.co/api/v2/pokemon/80/"},{"name":"magnemite","url":"https://pokeapi.co/api/v2/pokemon/81/"},{"name":"magneton","url":"https://pokeapi.co/api/v2/pokemon/82/"},{"name":"drowzee","url":"https://pokeapi.co/api/v2/pokemon/96/"},{"name":"hypno","url":"https://pokeapi.co/api/v2/pokemon/97/"},{"name":"voltorb","url":"https://pokeapi.co/api/v2/pokemon/100/"},{"name":"electrode","url":"https://pokeapi.co/api/v2/pokemon/101/"},{"name":"staryu","url":"https://pokeapi.co/api/v2/pokemon/120/"},{"name":"starmie","url":"https://pokeapi.co/api/v2/pokemon/121/"},{"name":"mr-mime","url":"https://pokeapi.co/api/v2/pokemon/122/"},{"name":"jynx","url":"https://pokeapi.co/api/v2/pokemon/124/"},{"name":"porygon","url":"https://pokeapi.co/api/v2/pokemon/137/"},{"name":"mewtwo","url":"https://pokeapi.co/api/v2/pokemon/150/"},{"name":"mew","url":"https://pokeapi.co/api/v2/pokemon/151/"},{"name":"chikorita","url":"https://pokeapi.co/api/v2/pokemon/152/"},{"name":"bayleef","url":"https://pokeapi.co/api/v2/pokemon/153/"},{"name":"meganium","url":"https://pokeapi.co/api/v2/pokemon/154/"},{"name":"hoothoot","url":"https://pokeapi.co/api/v2/pokemon/163/"},{"name":"noctowl","url":"https://pokeapi.co/api/v2/pokemon/164/"},{"name":"cleffa","url":"https://pokeapi.co/api/v2/pokemon/173/"},{"name":"igglybuff","url":"https://pokeapi.co/api/v2/pokemon/174/"},{"name":"togepi","url":"https://pokeapi.co/api/v2/pokemon/175/"},{"name":"togetic","url":"https://pokeapi.co/api/v2/pokemon/176/"},{"name":"natu","url":"https://pokeapi.co/api/v2/pokemon/177/"},{"name":"xatu","url":"https://pokeapi.co/api/v2/pokemon/178/"},{"name":"espeon","url":"https://pokeapi.co/api/v2/pokemon/196/"},{"name":"slowking","url":"https://pokeapi.co/api/v2/pokemon/199/"},{"name":"misdreavus","url":"https://pokeapi.co/api/v2/pokemon/200/"},{"name":"girafarig","url":"https://pokeapi.co/api/v2/pokemon/203/"},{"name":"dunsparce","url":"https://pokeapi.co/api/v2/pokemon/206/"},{"name":"corsola","url":"https://pokeapi.co/api/v2/pokemon/222/"},{"name":"porygon2","url":"https://pokeapi.co/api/v2/pokemon/233/"},{"name":"smoochum","url":"https://pokeapi.co/api/v2/pokemon/238/"},{"name":"celebi","url":"https://pokeapi.co/api/v2/pokemon/251/"},{"name":"ralts","url":"https://pokeapi.co/api/v2/pokemon/280/"},{"name":"kirlia","url":"https://pokeapi.co/api/v2/pokemon/281/"},{"name":"gardevoir","url":"https://pokeapi.co/api/v2/pokemon/282/"},{"name":"nosepass","url":"https://pokeapi.co/api/v2/pokemon/299/"},{"name":"sableye","url":"https://pokeapi.co/api/v2/pokemon/302/"},{"name":"meditite","url":"https://pokeapi.co/api/v2/pokemon/307/"},{"name":"medicham","url":"https://pokeapi.co/api/v2/pokemon/308/"},{"name":"spoink","url":"https://pokeapi.co/api/v2/pokemon/325/"},{"name":"grumpig","url":"https://pokeapi.co/api/v2/pokemon/326/"},{"name":"lunatone","url":"https://pokeapi.co/api/v2/pokemon/337/"},{"name":"solrock","url":"https://pokeapi.co/api/v2/pokemon/338/"},{"name":"baltoy","url":"https://pokeapi.co/api/v2/pokemon/343/"},{"name":"claydol","url":"https://pokeapi.co/api/v2/pokemon/344/"},{"name":"milotic","url":"https://pokeapi.co/api/v2/pokemon/350/"},{"name":"kecleon","url":"https://pokeapi.co/api/v2/pokemon/352/"},{"name":"shuppet","url":"https://pokeapi.co/api/v2/pokemon/353/"},{"name":"banette","url":"https://pokeapi.co/api/v2/pokemon/354/"},{"name":"chimecho","url":"https://pokeapi.co/api/v2/pokemon/358/"},{"name":"absol","url":"https://pokeapi.co/api/v2/pokemon/359/"},{"name":"latias","url":"https://pokeapi.co/api/v2/pokemon/380/"},{"name":"latios","url":"https://pokeapi.co/api/v2/pokemon/381/"},{"name":"jirachi","url":"https://pokeapi.co/api/v2/pokemon/385/"},{"name":"deoxys-normal","url":"https://pokeapi.co/api/v2/pokemon/386/"},{"name":"bastiodon","url":"https://pokeapi.co/api/v2/pokemon/411/"},{"name":"drifloon","url":"https://pokeapi.co/api/v2/pokemon/425/"},{"name":"drifblim","url":"https://pokeapi.co/api/v2/pokemon/426/"},{"name":"buneary","url":"https://pokeapi.co/api/v2/pokemon/427/"},{"name":"lopunny","url":"https://pokeapi.co/api/v2/pokemon/428/"},{"name":"mismagius","url":"https://pokeapi.co/api/v2/pokemon/429/"},{"name":"chingling","url":"https://pokeapi.co/api/v2/pokemon/433/"},{"name":"mime-jr","url":"https://pokeapi.co/api/v2/pokemon/439/"},{"name":"magnezone","url":"https://pokeapi.co/api/v2/pokemon/462/"},{"name":"togekiss","url":"https://pokeapi.co/api/v2/pokemon/468/"},{"name":"porygon-z","url":"https://pokeapi.co/api/v2/pokemon/474/"},{"name":"gallade","url":"https://pokeapi.co/api/v2/pokemon/475/"},{"name":"probopass","url":"https://pokeapi.co/api/v2/pokemon/476/"},{"name":"uxie","url":"https://pokeapi.co/api/v2/pokemon/480/"},{"name":"mesprit","url":"https://pokeapi.co/api/v2/pokemon/481/"},{"name":"azelf","url":"https://pokeapi.co/api/v2/pokemon/482/"},{"name":"cresselia","url":"https://pokeapi.co/api/v2/pokemon/488/"},{"name":"arceus","url":"https://pokeapi.co/api/v2/pokemon/493/"},{"name":"victini","url":"https://pokeapi.co/api/v2/pokemon/494/"},{"name":"munna","url":"https://pokeapi.co/api/v2/pokemon/517/"},{"name":"musharna","url":"https://pokeapi.co/api/v2/pokemon/518/"},{"name":"woobat","url":"https://pokeapi.co/api/v2/pokemon/527/"},{"name":"swoobat","url":"https://pokeapi.co/api/v2/pokemon/528/"},{"name":"audino","url":"https://pokeapi.co/api/v2/pokemon/531/"},{"name":"sewaddle","url":"https://pokeapi.co/api/v2/pokemon/540/"},{"name":"swadloon","url":"https://pokeapi.co/api/v2/pokemon/541/"},{"name":"leavanny","url":"https://pokeapi.co/api/v2/pokemon/542/"},{"name":"sigilyph","url":"https://pokeapi.co/api/v2/pokemon/561/"},{"name":"yamask","url":"https://pokeapi.co/api/v2/pokemon/562/"},{"name":"cofagrigus","url":"https://pokeapi.co/api/v2/pokemon/563/"},{"name":"gothita","url":"https://pokeapi.co/api/v2/pokemon/574/"},{"name":"gothorita","url":"https://pokeapi.co/api/v2/pokemon/575/"},{"name":"gothitelle","url":"https://pokeapi.co/api/v2/pokemon/576/"},{"name":"solosis","url":"https://pokeapi.co/api/v2/pokemon/577/"},{"name":"duosion","url":"https://pokeapi.co/api/v2/pokemon/578/"},{"name":"reuniclus","url":"https://pokeapi.co/api/v2/pokemon/579/"},{"name":"vanillite","url":"https://pokeapi.co/api/v2/pokemon/582/"},{"name":"vanillish","url":"https://pokeapi.co/api/v2/pokemon/583/"},{"name":"vanilluxe","url":"https://pokeapi.co/api/v2/pokemon/584/"},{"name":"frillish","url":"https://pokeapi.co/api/v2/pokemon/592/"},{"name":"jellicent","url":"https://pokeapi.co/api/v2/pokemon/593/"},{"name":"alomomola","url":"https://pokeapi.co/api/v2/pokemon/594/"},{"name":"klink","url":"https://pokeapi.co/api/v2/pokemon/599/"},{"name":"klang","url":"https://pokeapi.co/api/v2/pokemon/600/"},{"name":"klinklang","url":"https://pokeapi.co/api/v2/pokemon/601/"},{"name":"elgyem","url":"https://pokeapi.co/api/v2/pokemon/605/"},{"name":"beheeyem","url":"https://pokeapi.co/api/v2/pokemon/606/"},{"name":"cryogonal","url":"https://pokeapi.co/api/v2/pokemon/615/"},{"name":"golett","url":"https://pokeapi.co/api/v2/pokemon/622/"},{"name":"golurk","url":"https://pokeapi.co/api/v2/pokemon/623/"},{"name":"meloetta-aria","url":"https://pokeapi.co/api/v2/pokemon/648/"},{"name":"genesect","url":"https://pokeapi.co/api/v2/pokemon/649/"},{"name":"fennekin","url":"https://pokeapi.co/api/v2/pokemon/653/"},{"name":"braixen","url":"https://pokeapi.co/api/v2/pokemon/654/"},{"name":"delphox","url":"https://pokeapi.co/api/v2/pokemon/655/"},{"name":"flabebe","url":"https://pokeapi.co/api/v2/pokemon/669/"},{"name":"floette","url":"https://pokeapi.co/api/v2/pokemon/670/"},{"name":"florges","url":"https://pokeapi.co/api/v2/pokemon/671/"},{"name":"espurr","url":"https://pokeapi.co/api/v2/pokemon/677/"},{"name":"meowstic-male","url":"https://pokeapi.co/api/v2/pokemon/678/"},{"name":"spritzee","url":"https://pokeapi.co/api/v2/pokemon/682/"},{"name":"aromatisse","url":"https://pokeapi.co/api/v2/pokemon/683/"},{"name":"swirlix","url":"https://pokeapi.co/api/v2/pokemon/684/"},{"name":"slurpuff","url":"https://pokeapi.co/api/v2/pokemon/685/"},{"name":"sylveon","url":"https://pokeapi.co/api/v2/pokemon/700/"},{"name":"carbink","url":"https://pokeapi.co/api/v2/pokemon/703/"},{"name":"klefki","url":"https://pokeapi.co/api/v2/pokemon/707/"},{"name":"phantump","url":"https://pokeapi.co/api/v2/pokemon/708/"},{"name":"trevenant","url":"https://pokeapi.co/api/v2/pokemon/709/"},{"name":"pumpkaboo-average","url":"https://pokeapi.co/api/v2/pokemon/710/"},{"name":"gourgeist-average","url":"https://pokeapi.co/api/v2/pokemon/711/"},{"name":"hoopa","url":"https://pokeapi.co/api/v2/pokemon/720/"},{"name":"primarina","url":"https://pokeapi.co/api/v2/pokemon/730/"},{"name":"mareanie","url":"https://pokeapi.co/api/v2/pokemon/747/"},{"name":"toxapex","url":"https://pokeapi.co/api/v2/pokemon/748/"},{"name":"dewpider","url":"https://pokeapi.co/api/v2/pokemon/751/"},{"name":"araquanid","url":"https://pokeapi.co/api/v2/pokemon/752/"},{"name":"morelull","url":"https://pokeapi.co/api/v2/pokemon/755/"},{"name":"shiinotic","url":"https://pokeapi.co/api/v2/pokemon/756/"},{"name":"comfey","url":"https://pokeapi.co/api/v2/pokemon/764/"},{"name":"oranguru","url":"https://pokeapi.co/api/v2/pokemon/765/"},{"name":"type-null","url":"https://pokeapi.co/api/v2/pokemon/772/"},{"name":"silvally","url":"https://pokeapi.co/api/v2/pokemon/773/"},{"name":"bruxish","url":"https://pokeapi.co/api/v2/pokemon/779/"},{"name":"tapu-lele","url":"https://pokeapi.co/api/v2/pokemon/786/"},{"name":"tapu-fini","url":"https://pokeapi.co/api/v2/pokemon/788/"},{"name":"lunala","url":"https://pokeapi.co/api/v2/pokemon/792/"},{"name":"nihilego","url":"https://pokeapi.co/api/v2/pokemon/793/"},{"name":"xurkitree","url":"https://pokeapi.co/api/v2/pokemon/796/"},{"name":"stakataka","url":"https://pokeapi.co/api/v2/pokemon/805/"},{"name":"blacephalon","url":"https://pokeapi.co/api/v2/pokemon/806/"},{"name":"orbeetle","url":"https://pokeapi.co/api/v2/pokemon/826/"},{"name":"deoxys-attack","url":"https://pokeapi.co/api/v2/pokemon/10001/"},{"name":"deoxys-defense","url":"https://pokeapi.co/api/v2/pokemon/10002/"},{"name":"deoxys-speed","url":"https://pokeapi.co/api/v2/pokemon/10003/"},{"name":"giratina-origin","url":"https://pokeapi.co/api/v2/pokemon/10007/"},{"name":"meloetta-pirouette","url":"https://pokeapi.co/api/v2/pokemon/10018/"},{"name":"meowstic-female","url":"https://pokeapi.co/api/v2/pokemon/10025/"},{"name":"pumpkaboo-small","url":"https://pokeapi.co/api/v2/pokemon/10027/"},{"name":"pumpkaboo-large","url":"https://pokeapi.co/api/v2/pokemon/10028/"},{"name":"pumpkaboo-super","url":"https://pokeapi.co/api/v2/pokemon/10029/"},{"name":"gourgeist-small","url":"https://pokeapi.co/api/v2/pokemon/10030/"},{"name":"gourgeist-large","url":"https://pokeapi.co/api/v2/pokemon/10031/"},{"name":"gourgeist-super","url":"https://pokeapi.co/api/v2/pokemon/10032/"},{"name":"alakazam-mega","url":"https://pokeapi.co/api/v2/pokemon/10037/"},{"name":"mewtwo-mega-x","url":"https://pokeapi.co/api/v2/pokemon/10043/"},{"name":"mewtwo-mega-y","url":"https://pokeapi.co/api/v2/pokemon/10044/"},{"name":"gardevoir-mega","url":"https://pokeapi.co/api/v2/pokemon/10051/"},{"name":"medicham-mega","url":"https://pokeapi.co/api/v2/pokemon/10054/"},{"name":"banette-mega","url":"https://pokeapi.co/api/v2/pokemon/10056/"},{"name":"absol-mega","url":"https://pokeapi.co/api/v2/pokemon/10057/"},{"name":"floette-eternal","url":"https://pokeapi.co/api/v2/pokemon/10061/"},{"name":"latias-mega","url":"https://pokeapi.co/api/v2/pokemon/10062/"},{"name":"latios-mega","url":"https://pokeapi.co/api/v2/pokemon/10063/"},{"name":"sableye-mega","url":"https://pokeapi.co/api/v2/pokemon/10066/"},{"name":"gallade-mega","url":"https://pokeapi.co/api/v2/pokemon/10068/"},{"name":"audino-mega","url":"https://pokeapi.co/api/v2/pokemon/10069/"},{"name":"slowbro-mega","url":"https://pokeapi.co/api/v2/pokemon/10071/"},{"name":"hoopa-unbound","url":"https://pokeapi.co/api/v2/pokemon/10086/"},{"name":"lopunny-mega","url":"https://pokeapi.co/api/v2/pokemon/10088/"},{"name":"raichu-alola","url":"https://pokeapi.co/api/v2/pokemon/10100/"},{"name":"araquanid-totem","url":"https://pokeapi.co/api/v2/pokemon/10153/"}],"machines":[],"meta":{"ailment":{"name":"none","url":"https://pokeapi.co/api/v2/move-ailment/0/"},"ailment_chance":0,"category":{"name":"unique","url":"https://pokeapi.co/api/v2/move-category/13/"},"crit_rate":0,"drain":0,"flinch_chance":0,"healing":0,"max_hits":null,"max_turns":null,"min_hits":null,"min_turns":null,"stat_chance":0},"name":"magic-coat","names":[{"language":{"name":"ja-Hrkt","url":"https://pokeapi.co/api/v2/language/1/"},"name":"マジックコート"},{"language":{"name":"ko","url":"https://pokeapi.co/api/v2/language/3/"},"name":"매직코트"},{"language":{"name":"zh-Hant","url":"https://pokeapi.co/api/v2/language/4/"},"name":"魔法反射"},{"language":{"name":"fr","url":"https://pokeapi.co/api/v2/language/5/"},"name":"Reflet Magik"},{"language":{"name":"de","url":"https://pokeapi.co/api/v2/language/6/"},"name":"Magiemantel"},{"language":{"name":"es","url":"https://pokeapi.co/api/v2/language/7/"},"name":"Capa Mágica"},{"language":{"name":"it","url":"https://pokeapi.co/api/v2/language/8/"},"name":"Magivelo"},{"language":{"name":"en","url":"https://pokeapi.co/api/v2/language/9/"},"name":"Magic Coat"},{"language":{"name":"ja","url":"https://pokeapi.co/api/v2/language/11/"},"name":"マジックコート"},{"language":{"name":"zh-Hans","url":"https://pokeapi.co/api/v2/language/12/"},"name":"魔法反射"}],"past_values":[],"power":null,"pp":15,"priority":4,"stat_changes":[],"super_contest_effect":{"url":"https://pokeapi.co/api/v2/super-contest-effect/15/"},"target":{"name":"user","url":"https://pokeapi.co/api/v2/move-target/7/"},"type":{"name":"psychic","url":"https://pokeapi.co/api/v2/type/14/"}}