{"accuracy":100,"contest_combos":{"normal":{"use_after":[{"name":"focus-energy","url":"https://pokeapi.co/api/v2/move/116/"}],"use_before":null},"super":{"use_after":null,"use_before":null}},"contest_effect":{"url":"https://pokeapi.co/api/v2/contest-effect/4/"},"contest_type":{"name":"cool","url":"https://pokeapi.co/api/v2/contest-type/1/"},"damage_class":{"name":"physical","url":"https://pokeapi.co/api/v2/move-damage-class/2/"},"effect_chance":null,"effect_changes":[{"effect_entries":[{"effect":"The barriers are destroyed even if this move has no effect.","language":{"name":"en","url":"https://pokeapi.co/api/v2/language/9/"}}],"version_group":{"name":"black-white","url":"https://pokeapi.co/api/v2/version-group/11/"}}],"effect_entries":[{"effect":"Destroys any light screen or reflect on the target's side of the field, then inflicts regular damage.","language":{"name":"en","url":"https://pokeapi.co/api/v2/language/9/"},"short_effect":"Destroys Reflect and Light Screen."}],"flavor_text_entries":[{"flavor_text":"Destroys barriers such as\nREFLECT and causes damage.","language":{"name":"en","url":"https://pokeapi.co/api/v2/language/9/"},"version_group":{"name":"ruby-sapphire","url":"https://pokeapi.co/api/v2/version-group/5/"}},{"flavor_text":"Destroys barriers such as\nREFLECT and causes damage.","language":{"name":"en","url":"https://pokeapi.co/api/v2/language/9/"},"version_group":{"name":"emerald","url":"https://pokeapi.co/api/v2/version-group/6/"}},{"flavor_text":"An attack that also\nbreaks any barrier\nlike LIGHT SCREEN\nand REFLECT.","language":{"name":"en","url":"https://pokeapi.co/api/v2/language/9/"},"version_group":{"name":"firered-leafgreen","url":"https://pokeapi.co/api/v2/version-group/7/"}},{"flavor_text":"The user attacks with\ntough fists, etc. It\ncan also break any\nbarrier such as Light\nScreen and Reflect.","language":{"name":"en","url":"https://pokeapi.co/api/v2/language/9/"},"version_group":{"name":"diamond-pearl","url":"https://pokeapi.co/api/v2/version-group/8/"}},{"flavor_text":"The user attacks with\ntough fists, etc. It\ncan also break any\nbarrier such as Light\nScreen and Reflect.","language":{"name":"en","url":"https://pokeapi.co/api/v2/language/9/"},"version_group":{"name":"platinum","url":"https://pokeapi.co/api/v2/version-group/9/"}},{"flavor_text":"The user attacks with\ntough fists, etc. It\ncan also break any\nbarrier such as Light\nScreen and Reflect.","language":{"name":"en","url":"https://pokeapi.co/api/v2/language/9/"},"version_group":{"name":"heartgold-soulsilver","url":"https://pokeapi.co/api/v2/version-group/10/"}},{"flavor_text":"Une attaque avec le tranchant de la main.\nPermet aussi de  briser les barrières\ncomme Mur Lumière et Protection.","language":{"name":"fr","url":"https://pokeapi.co/api/v2/language/5/"},"version_group":{"name":"black-white","url":"https://pokeapi.co/api/v2/version-group/11/"}},{"flavor_text":"The user attacks with a swift chop. It\ncan also break any barrier such as Light\nScreen and Reflect.","language":{"name":"en","url":"https://pokeapi.co/api/v2/language/9/"},"version_group":{"name":"black-white","url":"https://pokeapi.co/api/v2/version-group/11/"}},{"flavor_text":"The user attacks with a swift chop. It\ncan also break any barrier such as Light\nScreen and Reflect.","language":{"name":"en","url":"https://pokeapi.co/api/v2/language/9/"},"version_group":{"name":"black-2-white-2","url":"https://pokeapi.co/api/v2/version-group/14/"}},{"flavor_text":"しゅとうを　いきおいよく　ふりおろして\nあいてを　こうげきする。ひかりのかべや\nリフレクターも　はかいできる。","language":{"name":"ja-Hrkt","url":"https://pokeapi.co/api/v2/language/1/"},"version_group":{"name":"x-y","url":"https://pokeapi.co/api/v2/version-group/15/"}},{"flavor_text":"수도로 기세 좋게 내려쳐서\n상대를 공격한다. 빛의장막이나\n리플렉터도 파괴할 수 있다.","language":{"name":"ko","url":"https://pokeapi.co/api/v2/language/3/"},"version_group":{"name":"x-y","url":"https://pokeapi.co/api/v2/version-group/15/"}},{"flavor_text":"Une attaque avec le tranchant de la main.\nPermet aussi de briser les barrières comme\nMur Lumière et Protection.","language":{"name":"fr","url":"https://pokeapi.co/api/v2/language/5/"},"version_group":{"name":"x-y","url":"https://pokeapi.co/api/v2/version-group/15/"}},{"flavor_text":"Ein beherzter Handkantenschlag. Durchbricht\nBarrieren wie Lichtschild und Reflektor.","language":{"name":"de","url":"https://pokeapi.co/api/v2/language/6/"},"version_group":{"name":"x-y","url":"https://pokeapi.co/api/v2/version-group/15/"}},{"flavor_text":"Potente ataque que también es capaz de destruir\nbarreras como Pantalla de Luz y Reflejo.","language":{"name":"es","url":"https://pokeapi.co/api/v2/language/7/"},"version_group":{"name":"x-y","url":"https://pokeapi.co/api/v2/version-group/15/"}},{"flavor_text":"Colpisce il bersaglio con una mano e rompe\nbarriere come Riflesso e Schermoluce.","language":{"name":"it","url":"https://pokeapi.co/api/v2/language/8/"},"version_group":{"name":"x-y","url":"https://pokeapi.co/api/v2/version-group/15/"}},{"flavor_text":"The user attacks with a swift chop. It\ncan also break barriers, such as Light\nScreen and Reflect.","language":{"name":"en","url":"https://pokeapi.co/api/v2/language/9/"},"version_group":{"name":"x-y","url":"https://pokeapi.co/api/v2/version-group/15/"}},{"flavor_text":"手刀を　勢いよく　振りおろして\n相手を　攻撃する。ひかりのかべや\nリフレクターも　破壊できる。","language":{"name":"ja","url":"https://pokeapi.co/api/v2/language/11/"},"version_group":{"name":"x-y","url":"https://pokeapi.co/api/v2/version-group/15/"}},{"flavor_text":"しゅとうを　いきおいよく　ふりおろして\nあいてを　こうげきする。ひかりのかべや\nリフレクターも　はかいできる。","language":{"name":"ja-Hrkt","url":"https://pokeapi.co/api/v2/language/1/"},"version_group":{"name":"omega-ruby-alpha-sapphire","url":"https://pokeapi.co/api/v2/version-group/16/"}},{"flavor_text":"수도로 기세 좋게 내려쳐서\n상대를 공격한다. 빛의장막이나\n리플렉터도 파괴할 수 있다.","language":{"name":"ko","url":"https://pokeapi.co/api/v2/language/3/"},"version_group":{"name":"omega-ruby-alpha-sapphire","url":"https://pokeapi.co/api/v2/version-group/16/"}},{"flavor_text":"Une attaque avec le tranchant de la main.\nPermet aussi de briser les barrières comme\nMur Lumière et Protection.","language":{"name":"fr","url":"https://pokeapi.co/api/v2/language/5/"},"version_group":{"name":"omega-ruby-alpha-sapphire","url":"https://pokeapi.co/api/v2/version-group/16/"}},{"flavor_text":"Ein beherzter Handkantenschlag. Durchbricht\nBarrieren wie Lichtschild und Reflektor.","language":{"name":"de","url":"https://pokeapi.co/api/v2/language/6/"},"version_group":{"name":"omega-ruby-alpha-sapphire","url":"https://pokeapi.co/api/v2/version-group/16/"}},{"flavor_text":"Potente ataque que también es capaz de destruir \nbarreras como Pantalla de Luz y Reflejo.","language":{"name":"es","url":"https://pokeapi.co/api/v2/language/7/"},"version_group":{"name":"omega-ruby-alpha-sapphire","url":"https://pokeapi.co/api/v2/version-group/16/"}},{"flavor_text":"Colpisce il bersaglio con una mano e rompe\nbarriere come Riflesso e Schermoluce.","language":{"name":"it","url":"https://pokeapi.co/api/v2/language/8/"},"version_group":{"name":"omega-ruby-alpha-sapphire","url":"https://pokeapi.co/api/v2/version-group/16/"}},{"flavor_text":"The user attacks with a swift chop. It\ncan also break barriers, such as Light\nScreen and Reflect.","language":{"name":"en","url":"https://pokeapi.co/api/v2/language/9/"},"version_group":{"name":"omega-ruby-alpha-sapphire","url":"https://pokeapi.co/api/v2/version-group/16/"}},{"flavor_text":"手刀を　勢いよく　振りおろして\n相手を　攻撃する。ひかりのかべや\nリフレクターも　破壊できる。","language":{"name":"ja","url":"https://pokeapi.co/api/v2/language/11/"},"version_group":{"name":"omega-ruby-alpha-sapphire","url":"https://pokeapi.co/api/v2/version-group/16/"}},{"flavor_text":"しゅとうを　いきおいよく　ふりおろして\nあいてを　こうげきする。　ひかりのかべや\nリフレクター　なども　はかいできる。","language":{"name":"ja-Hrkt","url":"https://pokeapi.co/api/v2/language/1/"},"version_group":{"name":"sun-moon","url":"https://pokeapi.co/api/v2/version-group/17/"}},{"flavor_text":"수도로 기세 좋게 내려쳐서\n상대를 공격한다. 빛의장막이나\n리플렉터 등도 파괴할 수 있다.","language":{"name":"ko","url":"https://pokeapi.co/api/v2/language/3/"},"version_group":{"name":"sun-moon","url":"https://pokeapi.co/api/v2/version-group/17/"}},{"flavor_text":"猛烈地揮下手刀\n攻擊對手。還可以破壞\n光牆和反射壁等。","language":{"name":"zh-Hant","url":"https://pokeapi.co/api/v2/language/4/"},"version_group":{"name":"sun-moon","url":"https://pokeapi.co/api/v2/version-group/17/"}},{"flavor_text":"Une attaque avec le tranchant de la main.\nPermet aussi de briser les barrières comme\nMur Lumière et Protection.","language":{"name":"fr","url":"https://pokeapi.co/api/v2/language/5/"},"version_group":{"name":"sun-moon","url":"https://pokeapi.co/api/v2/version-group/17/"}},{"flavor_text":"Ein beherzter Handkantenschlag.\nDurchbricht Barrieren wie Lichtschild und Reflektor.","language":{"name":"de","url":"https://pokeapi.co/api/v2/language/6/"},"version_group":{"name":"sun-moon","url":"https://pokeapi.co/api/v2/version-group/17/"}},{"flavor_text":"Potente ataque que también es capaz de destruir \nbarreras como Pantalla de Luz y Reflejo.","language":{"name":"es","url":"https://pokeapi.co/api/v2/language/7/"},"version_group":{"name":"sun-moon","url":"https://pokeapi.co/api/v2/version-group/17/"}},{"flavor_text":"Colpisce il bersaglio con una mano e rompe\nbarriere come Riflesso e Schermoluce.","language":{"name":"it","url":"https://pokeapi.co/api/v2/language/8/"},"version_group":{"name":"sun-moon","url":"https://pokeapi.co/api/v2/version-group/17/"}},{"flavor_text":"The user attacks with a swift chop. It can also break\nbarriers, such as Light Screen and Reflect.","language":{"name":"en","url":"https://pokeapi.co/api/v2/language/9/"},"version_group":{"name":"sun-moon","url":"https://pokeapi.co/api/v2/version-group/17/"}},{"flavor_text":"手刀を　勢いよく　振りおろして\n相手を　攻撃する。　ひかりのかべや\nリフレクター　なども　破壊できる。","language":{"name":"ja","url":"https://pokeapi.co/api/v2/language/11/"},"version_group":{"name":"sun-moon","url":"https://pokeapi.co/api/v2/version-group/17/"}},{"flavor_text":"将手刀猛烈地挥下攻击对手。\n还可以破坏光墙和反射壁等。","language":{"name":"zh-Hans","url":"https://pokeapi.co/api/v2/language/12/"},"version_group":{"name":"sun-moon","url":"https://pokeapi.co/api/v2/version-group/17/"}},{"flavor_text":"しゅとうを　いきおいよく　ふりおろして\nあいてを　こうげきする。　ひかりのかべや\nリフレクター　なども　はかいできる。","language":{"name":"ja-Hrkt","url":"https://pokeapi.co/api/v2/language/1/"},"version_group":{"name":"ultra-sun-ultra-moon","url":"https://pokeapi.co/api/v2/version-group/18/"}},{"flavor_text":"수도로 기세 좋게 내려쳐서\n상대를 공격한다. 빛의장막이나\n리플렉터 등도 파괴할 수 있다.","language":{"name":"ko","url":"https://pokeapi.co/api/v2/language/3/"},"version_group":{"name":"ultra-sun-ultra-moon","url":"https://pokeapi.co/api/v2/version-group/18/"}},{"flavor_text":"猛烈地揮下手刀\n攻擊對手。還可以破壞\n光牆和反射壁等。","language":{"name":"zh-Hant","url":"https://pokeapi.co/api/v2/language/4/"},"version_group":{"name":"ultra-sun-ultra-moon","url":"https://pokeapi.co/api/v2/version-group/18/"}},{"flavor_text":"Une attaque avec le tranchant de la main.\nPermet aussi de briser les barrières comme\nMur Lumière et Protection.","language":{"name":"fr","url":"https://pokeapi.co/api/v2/language/5/"},"version_group":{"name":"ultra-sun-ultra-moon","url":"https://pokeapi.co/api/v2/version-group/18/"}},{"flavor_text":"Ein beherzter Handkantenschlag.\nDurchbricht Barrieren wie Lichtschild und Reflektor.","language":{"name":"de","url":"https://pokeapi.co/api/v2/language/6/"},"version_group":{"name":"ultra-sun-ultra-moon","url":"https://pokeapi.co/api/v2/version-group/18/"}},{"flavor_text":"Potente ataque que también es capaz de destruir \nbarreras como Pantalla de Luz y Reflejo.","language":{"name":"es","url":"https://pokeapi.co/api/v2/language/7/"},"version_group":{"name":"ultra-sun-ultra-moon","url":"https://pokeapi.co/api/v2/version-group/18/"}},{"flavor_text":"Colpisce il bersaglio con una mano e rompe\nbarriere come Riflesso e Schermoluce.","language":{"name":"it","url":"https://pokeapi.co/api/v2/language/8/"},"version_group":{"name":"ultra-sun-ultra-moon","url":"https://pokeapi.co/api/v2/version-group/18/"}},{"flavor_text":"The user attacks with a swift chop. It can also break\nbarriers, such as Light Screen and Reflect.","language":{"name":"en","url":"https://pokeapi.co/api/v2/language/9/"},"version_group":{"name":"ultra-sun-ultra-moon","url":"https://pokeapi.co/api/v2/version-group/18/"}},{"flavor_text":"手刀を　勢いよく　振りおろして\n相手を　攻撃する。　ひかりのかべや\nリフレクター　なども　破壊できる。","language":{"name":"ja","url":"https://pokeapi.co/api/v2/language/11/"},"version_group":{"name":"ultra-sun-ultra-moon","url":"https://pokeapi.co/api/v2/version-group/18/"}},{"flavor_text":"将手刀猛烈地挥下攻击对手。\n还可以破坏光墙和反射壁等。","language":{"name":"zh-Hans","url":"https://pokeapi.co/api/v2/language/12/"},"version_group":{"name":"ultra-sun-ultra-moon","url":"https://pokeapi.co/api/v2/version-group/18/"}},{"flavor_text":"しゅとうを　いきおいよく　ふりおろして\nあいてを　こうげきする。　ひかりのかべや\nリフレクター　なども　はかいできる。","language":{"name":"ja-Hrkt","url":"https://pokeapi.co/api/v2/language/1/"},"version_group":{"name":"lets-go-pikachu-lets-go-eevee","url":"https://pokeapi.co/api/v2/version-group/19/"}},{"flavor_text":"수도로 기세 좋게 내려쳐서\n상대를 공격한다. 빛의장막이나\n리플렉터 등도 파괴할 수 있다.","language":{"name":"ko","url":"https://pokeapi.co/api/v2/language/3/"},"version_group":{"name":"lets-go-pikachu-lets-go-eevee","url":"https://pokeapi.co/api/v2/version-group/19/"}},{"flavor_text":"猛烈地揮下手刀\n攻擊對手。還可以破壞\n光牆和反射壁等。","language":{"name":"zh-Hant","url":"https://pokeapi.co/api/v2/language/4/"},"version_group":{"name":"lets-go-pikachu-lets-go-eevee","url":"https://pokeapi.co/api/v2/version-group/19/"}},{"flavor_text":"Une attaque avec le tranchant de la main.\nPermet aussi de briser les barrières comme\nMur Lumière et Protection.","language":{"name":"fr","url":"https://pokeapi.co/api/v2/language/5/"},"version_group":{"name":"lets-go-pikachu-lets-go-eevee","url":"https://pokeapi.co/api/v2/version-group/19/"}},{"flavor_text":"Ein beherzter Handkantenschlag.\nDurchbricht Barrieren wie Lichtschild und Reflektor.","language":{"name":"de","url":"https://pokeapi.co/api/v2/language/6/"},"version_group":{"name":"lets-go-pikachu-lets-go-eevee","url":"https://pokeapi.co/api/v2/version-group/19/"}},{"flavor_text":"Potente ataque que también es capaz de destruir \nbarreras como Pantalla de Luz y Reflejo.","language":{"name":"es","url":"https://pokeapi.co/api/v2/language/7/"},"version_group":{"name":"lets-go-pikachu-lets-go-eevee","url":"https://pokeapi.co/api/v2/version-group/19/"}},{"flavor_text":"Colpisce il bersaglio con una mano e rompe\nbarriere come Riflesso e Schermoluce.","language":{"name":"it","url":"https://pokeapi.co/api/v2/language/8/"},"version_group":{"name":"lets-go-pikachu-lets-go-eevee","url":"https://pokeapi.co/api/v2/version-group/19/"}},{"flavor_text":"The user attacks with a swift chop. It can also break\nbarriers, such as Light Screen and Reflect.","language":{"name":"en","url":"https://pokeapi.co/api/v2/language/9/"},"version_group":{"name":"lets-go-pikachu-lets-go-eevee","url":"https://pokeapi.co/api/v2/version-group/19/"}},{"flavor_text":"手刀を　勢いよく　振りおろして\n相手を　攻撃する。　ひかりのかべや\nリフレクター　なども　破壊できる。","language":{"name":"ja","url":"https://pokeapi.co/api/v2/language/11/"},"version_group":{"name":"lets-go-pikachu-lets-go-eevee","url":"https://pokeapi.co/api/v2/version-group/19/"}},{"flavor_text":"将手刀猛烈地挥下攻击对手。\n还可以破坏光墙和反射壁等。","language":{"name":"zh-Hans","url":"https://pokeapi.co/api/v2/language/12/"},"version_group":{"name":"lets-go-pikachu-lets-go-eevee","url":"https://pokeapi.co/api/v2/version-group/19/"}},{"flavor_text":"しゅとうを　いきおいよく　ふりおろして\nあいてを　こうげきする。　ひかりのかべや\nリフレクター　なども　はかいできる。","language":{"name":"ja-Hrkt","url":"https://pokeapi.co/api/v2/language/1/"},"version_group":{"name":"sword-shield","url":"https://pokeapi.co/api/v2/version-group/20/"}},{"flavor_text":"수도로 기세 좋게 내려쳐서\n상대를 공격한다. 빛의장막이나\n리플렉터 등도 파괴할 수 있다.","language":{"name":"ko","url":"https://pokeapi.co/api/v2/language/3/"},"version_group":{"name":"sword-shield","url":"https://pokeapi.co/api/v2/version-group/20/"}},{"flavor_text":"猛烈地揮下手刀\n攻擊對手。還可以破壞\n光牆和反射壁等。","language":{"name":"zh-Hant","url":"https://pokeapi.co/api/v2/language/4/"},"version_group":{"name":"sword-shield","url":"https://pokeapi.co/api/v2/version-group/20/"}},{"flavor_text":"Le lanceur attaque avec le tranchant de la main.\nPermet aussi de briser les barrières\ncomme Mur Lumière et Protection.","language":{"name":"fr","url":"https://pokeapi.co/api/v2/language/5/"},"version_group":{"name":"sword-shield","url":"https://pokeapi.co/api/v2/version-group/20/"}},{"flavor_text":"Ein beherzter Handkantenschlag. Durchbricht Barrieren\nwie Lichtschild und Reflektor.","language":{"name":"de","url":"https://pokeapi.co/api/v2/language/6/"},"version_group":{"name":"sword-shield","url":"https://pokeapi.co/api/v2/version-group/20/"}},{"flavor_text":"Potente ataque que también es capaz de destruir \nbarreras como Pantalla de Luz y Reflejo.","language":{"name":"es","url":"https://pokeapi.co/api/v2/language/7/"},"version_group":{"name":"sword-shield","url":"https://pokeapi.co/api/v2/version-group/20/"}},{"flavor_text":"Colpisce il bersaglio con una mano e rompe\nbarriere come Riflesso e Schermoluce.","language":{"name":"it","url":"https://pokeapi.co/api/v2/language/8/"},"version_group":{"name":"sword-shield","url":"https://pokeapi.co/api/v2/version-group/20/"}},{"flavor_text":"The user attacks with a swift chop. It can also break\nbarriers, such as Light Screen and Reflect.","language":{"name":"en","url":"https://pokeapi.co/api/v2/language/9/"},"version_group":{"name":"sword-shield","url":"https://pokeapi.co/api/v2/version-group/20/"}},{"flavor_text":"手刀を　勢いよく　振りおろして\n相手を　攻撃する。　ひかりのかべや\nリフレクター　なども　破壊できる。","language":{"name":"ja","url":"https://pokeapi.co/api/v2/language/11/"},"version_group":{"name":"sword-shield","url":"https://pokeapi.co/api/v2/version-group/20/"}},{"flavor_text":"将手刀猛烈地挥下攻击对手。\n还可以破坏光墙和反射壁等。","language":{"name":"zh-Hans","url":"https://pokeapi.co/api/v2/language/12/"},"version_group":{"name":"sword-shield","url":"https://pokeapi.co/api/v2/version-group/20/"}}],"generation":{"name":"generation-iii","url":"https://pokeapi.co/api/v2/generation/3/"},"id":280,"learned_by_pokemon":[{"name":"charmander","url":"https://pokeapi.co/api/v2/pokemon/4/"},{"name":"charmeleon","url":"https://pokeapi.co/api/v2/pokemon/5/"},{"name":"charizard","url":"https://pokeapi.co/api/v2/pokemon/6/"},{"name":"squirtle","url":"https://pokeapi.co/api/v2/pokemon/7/"},{"name":"wartortle","url":"https://pokeapi.co/api/v2/pokemon/8/"},{"name":"blastoise","url":"https://pokeapi.co/api/v2/pokemon/9/"},{"name":"beedrill","url":"https://pokeapi.co/api/v2/pokemon/15/"},{"name":"pikachu","url":"https://pokeapi.co/api/v2/pokemon/25/"},{"name":"raichu","url":"https://pokeapi.co/api/v2/pokemon/26/"},{"name":"sandshrew","url":"https://pokeapi.co/api/v2/pokemon/27/"},{"name":"sandslash","url":"https://pokeapi.co/api/v2/pokemon/28/"},{"name":"nidoqueen","url":"https://pokeapi.co/api/v2/pokemon/31/"},{"name":"nidoking","url":"https://pokeapi.co/api/v2/pokemon/34/"},{"name":"clefairy","url":"https://pokeapi.co/api/v2/pokemon/35/"},{"name":"clefable","url":"https://pokeapi.co/api/v2/pokemon/36/"},{"name":"jigglypuff","url":"https://pokeapi.co/api/v2/pokemon/39/"},{"name":"wigglytuff","url":"https://pokeapi.co/api/v2/pokemon/40/"},{"name":"paras","url":"https://pokeapi.co/api/v2/pokemon/46/"},{"name":"parasect","url":"https://pokeapi.co/api/v2/pokemon/47/"},{"name":"psyduck","url":"https://pokeapi.co/api/v2/pokemon/54/"},{"name":"golduck","url":"https://pokeapi.co/api/v2/pokemon/55/"},{"name":"mankey","url":"https://pokeapi.co/api/v2/pokemon/56/"},{"name":"primeape","url":"https://pokeapi.co/api/v2/pokemon/57/"},{"name":"poliwhirl","url":"https://pokeapi.co/api/v2/pokemon/61/"},{"name":"poliwrath","url":"https://pokeapi.co/api/v2/pokemon/62/"},{"name":"machop","url":"https://pokeapi.co/api/v2/pokemon/66/"},{"name":"machoke","url":"https://pokeapi.co/api/v2/pokemon/67/"},{"name":"machamp","url":"https://pokeapi.co/api/v2/pokemon/68/"},{"name":"geodude","url":"https://pokeapi.co/api/v2/pokemon/74/"},{"name":"graveler","url":"https://pokeapi.co/api/v2/pokemon/75/"},{"name":"golem","url":"https://pokeapi.co/api/v2/pokemon/76/"},{"name":"slowbro","url":"https://pokeapi.co/api/v2/pokemon/80/"},{"name":"muk","url":"https://pokeapi.co/api/v2/pokemon/89/"},{"name":"gengar","url":"https://pokeapi.co/api/v2/pokemon/94/"},{"name":"drowzee","url":"https://pokeapi.co/api/v2/pokemon/96/"},{"name":"hypno","url":"https://pokeapi.co/api/v2/pokemon/97/"},{"name":"krabby","url":"https://pokeapi.co/api/v2/pokemon/98/"},{"name":"kingler","url":"https://pokeapi.co/api/v2/pokemon/99/"},{"name":"cubone","url":"https://pokeapi.co/api/v2/pokemon/104/"},{"name":"marowak","url":"https://pokeapi.co/api/v2/pokemon/105/"},{"name":"hitmonlee","url":"https://pokeapi.co/api/v2/pokemon/106/"},{"name":"hitmonchan","url":"https://pokeapi.co/api/v2/pokemon/107/"},{"name":"lickitung","url":"https://pokeapi.co/api/v2/pokemon/108/"},{"name":"rhydon","url":"https://pokeapi.co/api/v2/pokemon/112/"},{"name":"chansey","url":"https://pokeapi.co/api/v2/pokemon/113/"},{"name":"kangaskhan","url":"https://pokeapi.co/api/v2/pokemon/115/"},{"name":"mr-mime","url":"https://pokeapi.co/api/v2/pokemon/122/"},{"name":"scyther","url":"https://pokeapi.co/api/v2/pokemon/123/"},{"name":"jynx","url":"https://pokeapi.co/api/v2/pokemon/124/"},{"name":"electabuzz","url":"https://pokeapi.co/api/v2/pokemon/125/"},{"name":"magmar","url":"https://pokeapi.co/api/v2/pokemon/126/"},{"name":"pinsir","url":"https://pokeapi.co/api/v2/pokemon/127/"},{"name":"kabutops","url":"https://pokeapi.co/api/v2/pokemon/141/"},{"name":"snorlax","url":"https://pokeapi.co/api/v2/pokemon/143/"},{"name":"dragonite","url":"https://pokeapi.co/api/v2/pokemon/149/"},{"name":"mewtwo","url":"https://pokeapi.co/api/v2/pokemon/150/"},{"name":"mew","url":"https://pokeapi.co/api/v2/pokemon/151/"},{"name":"quilava","url":"https://pokeapi.co/api/v2/pokemon/156/"},{"name":"typhlosion","url":"https://pokeapi.co/api/v2/pokemon/157/"},{"name":"totodile","url":"https://pokeapi.co/api/v2/pokemon/158/"},{"name":"croconaw","url":"https://pokeapi.co/api/v2/pokemon/159/"},{"name":"feraligatr","url":"https://pokeapi.co/api/v2/pokemon/160/"},{"name":"sentret","url":"https://pokeapi.co/api/v2/pokemon/161/"},{"name":"furret","url":"https://pokeapi.co/api/v2/pokemon/162/"},{"name":"ledyba","url":"https://pokeapi.co/api/v2/pokemon/165/"},{"name":"ledian","url":"https://pokeapi.co/api/v2/pokemon/166/"},{"name":"togetic","url":"https://pokeapi.co/api/v2/pokemon/176/"},{"name":"flaaffy","url":"https://pokeapi.co/api/v2/pokemon/180/"},{"name":"ampharos","url":"https://pokeapi.co/api/v2/pokemon/181/"},{"name":"marill","url":"https://pokeapi.co/api/v2/pokemon/183/"},{"name":"azumarill","url":"https://pokeapi.co/api/v2/pokemon/184/"},{"name":"sudowoodo","url":"https://pokeapi.co/api/v2/pokemon/185/"},{"name":"politoed","url":"https://pokeapi.co/api/v2/pokemon/186/"},{"name":"aipom","url":"https://pokeapi.co/api/v2/pokemon/190/"},{"name":"quagsire","url":"https://pokeapi.co/api/v2/pokemon/195/"},{"name":"slowking","url":"https://pokeapi.co/api/v2/pokemon/199/"},{"name":"gligar","url":"https://pokeapi.co/api/v2/pokemon/207/"},{"name":"snubbull","url":"https://pokeapi.co/api/v2/pokemon/209/"},{"name":"granbull","url":"https://pokeapi.co/api/v2/pokemon/210/"},{"name":"scizor","url":"https://pokeapi.co/api/v2/pokemon/212/"},{"name":"heracross","url":"https://pokeapi.co/api/v2/pokemon/214/"},{"name":"sneasel","url":"https://pokeapi.co/api/v2/pokemon/215/"},{"name":"teddiursa","url":"https://pokeapi.co/api/v2/pokemon/216/"},{"name":"ursaring","url":"https://pokeapi.co/api/v2/pokemon/217/"},{"name":"delibird","url":"https://pokeapi.co/api/v2/pokemon/225/"},{"name":"tyrogue","url":"https://pokeapi.co/api/v2/pokemon/236/"},{"name":"hitmontop","url":"https://pokeapi.co/api/v2/pokemon/237/"},{"name":"elekid","url":"https://pokeapi.co/api/v2/pokemon/239/"},{"name":"magby","url":"https://pokeapi.co/api/v2/pokemon/240/"},{"name":"miltank","url":"https://pokeapi.co/api/v2/pokemon/241/"},{"name":"blissey","url":"https://pokeapi.co/api/v2/pokemon/242/"},{"name":"larvitar","url":"https://pokeapi.co/api/v2/pokemon/246/"},{"name":"pupitar","url":"https://pokeapi.co/api/v2/pokemon/247/"},{"name":"tyranitar","url":"https://pokeapi.co/api/v2/pokemon/248/"},{"name":"treecko","url":"https://pokeapi.co/api/v2/pokemon/252/"},{"name":"grovyle","url":"https://pokeapi.co/api/v2/pokemon/253/"},{"name":"sceptile","url":"https://pokeapi.co/api/v2/pokemon/254/"},{"name":"combusken","url":"https://pokeapi.co/api/v2/pokemon/256/"},{"name":"blaziken","url":"https://pokeapi.co/api/v2/pokemon/257/"},{"name":"marshtomp","url":"https://pokeapi.co/api/v2/pokemon/259/"},{"name":"swampert","url":"https://pokeapi.co/api/v2/pokemon/260/"},{"name":"lombre","url":"https://pokeapi.co/api/v2/pokemon/271/"},{"name":"ludicolo","url":"https://pokeapi.co/api/v2/pokemon/272/"},{"name":"nuzleaf","url":"https://pokeapi.co/api/v2/pokemon/274/"},{"name":"shiftry","url":"https://pokeapi.co/api/v2/pokemon/275/"},{"name":"breloom","url":"https://pokeapi.co/api/v2/pokemon/286/"},{"name":"slakoth","url":"https://pokeapi.co/api/v2/pokemon/287/"},{"name":"vigoroth","url":"https://pokeapi.co/api/v2/pokemon/288/"},{"name":"slaking","url":"https://pokeapi.co/api/v2/pokemon/289/"},{"name":"loudred","url":"https://pokeapi.co/api/v2/pokemon/294/"},{"name":"exploud","url":"https://pokeapi.co/api/v2/pokemon/295/"},{"name":"makuhita","url":"https://pokeapi.co/api/v2/pokemon/296/"},{"name":"hariyama","url":"https://pokeapi.co/api/v2/pokemon/297/"},{"name":"sableye","url":"https://pokeapi.co/api/v2/pokemon/302/"},{"name":"mawile","url":"https://pokeapi.co/api/v2/pokemon/303/"},{"name":"aggron","url":"https://pokeapi.co/api/v2/pokemon/306/"},{"name":"meditite","url":"https://pokeapi.co/api/v2/pokemon/307/"},{"name":"medicham","url":"https://pokeapi.co/api/v2/pokemon/308/"},{"name":"volbeat","url":"https://pokeapi.co/api/v2/pokemon/313/"},{"name":"illumise","url":"https://pokeapi.co/api/v2/pokemon/314/"},{"name":"swalot","url":"https://pokeapi.co/api/v2/pokemon/317/"},{"name":"grumpig","url":"https://pokeapi.co/api/v2/pokemon/326/"},{"name":"spinda","url":"https://pokeapi.co/api/v2/pokemon/327/"},{"name":"cacnea","url":"https://pokeapi.co/api/v2/pokemon/331/"},{"name":"cacturne","url":"https://pokeapi.co/api/v2/pokemon/332/"},{"name":"zangoose","url":"https://pokeapi.co/api/v2/pokemon/335/"},{"name":"seviper","url":"https://pokeapi.co/api/v2/pokemon/336/"},{"name":"corphish","url":"https://pokeapi.co/api/v2/pokemon/341/"},{"name":"crawdaunt","url":"https://pokeapi.co/api/v2/pokemon/342/"},{"name":"anorith","url":"https://pokeapi.co/api/v2/pokemon/347/"},{"name":"armaldo","url":"https://pokeapi.co/api/v2/pokemon/348/"},{"name":"kecleon","url":"https://pokeapi.co/api/v2/pokemon/352/"},{"name":"dusclops","url":"https://pokeapi.co/api/v2/pokemon/356/"},{"name":"bagon","url":"https://pokeapi.co/api/v2/pokemon/371/"},{"name":"shelgon","url":"https://pokeapi.co/api/v2/pokemon/372/"},{"name":"salamence","url":"https://pokeapi.co/api/v2/pokemon/373/"},{"name":"metang","url":"https://pokeapi.co/api/v2/pokemon/375/"},{"name":"metagross","url":"https://pokeapi.co/api/v2/pokemon/376/"},{"name":"regirock","url":"https://pokeapi.co/api/v2/pokemon/377/"},{"name":"regice","url":"https://pokeapi.co/api/v2/pokemon/378/"},{"name":"registeel","url":"https://pokeapi.co/api/v2/pokemon/379/"},{"name":"kyogre","url":"https://pokeapi.co/api/v2/pokemon/382/"},{"name":"groudon","url":"https://pokeapi.co/api/v2/pokemon/383/"},{"name":"rayquaza","url":"https://pokeapi.co/api/v2/pokemon/384/"},{"name":"deoxys-normal","url":"https://pokeapi.co/api/v2/pokemon/386/"},{"name":"chimchar","url":"https://pokeapi.co/api/v2/pokemon/390/"},{"name":"monferno","url":"https://pokeapi.co/api/v2/pokemon/391/"},{"name":"infernape","url":"https://pokeapi.co/api/v2/pokemon/392/"},{"name":"piplup","url":"https://pokeapi.co/api/v2/pokemon/393/"},{"name":"prinplup","url":"https://pokeapi.co/api/v2/pokemon/394/"},{"name":"empoleon","url":"https://pokeapi.co/api/v2/pokemon/395/"},{"name":"kricketune","url":"https://pokeapi.co/api/v2/pokemon/402/"},{"name":"rampardos","url":"https://pokeapi.co/api/v2/pokemon/409/"},{"name":"buizel","url":"https://pokeapi.co/api/v2/pokemon/418/"},{"name":"floatzel","url":"https://pokeapi.co/api/v2/pokemon/419/"},{"name":"ambipom","url":"https://pokeapi.co/api/v2/pokemon/424/"},{"name":"bonsly","url":"https://pokeapi.co/api/v2/pokemon/438/"},{"name":"mime-jr","url":"https://pokeapi.co/api/v2/pokemon/439/"},{"name":"garchomp","url":"https://pokeapi.co/api/v2/pokemon/445/"},{"name":"munchlax","url":"https://pokeapi.co/api/v2/pokemon/446/"},{"name":"riolu","url":"https://pokeapi.co/api/v2/pokemon/447/"},{"name":"lucario","url":"https://pokeapi.co/api/v2/pokemon/448/"},{"name":"skorupi","url":"https://pokeapi.co/api/v2/pokemon/451/"},{"name":"drapion","url":"https://pokeapi.co/api/v2/pokemon/452/"},{"name":"croagunk","url":"https://pokeapi.co/api/v2/pokemon/453/"},{"name":"toxicroak","url":"https://pokeapi.co/api/v2/pokemon/454/"},{"name":"abomasnow","url":"https://pokeapi.co/api/v2/pokemon/460/"},{"name":"weavile","url":"https://pokeapi.co/api/v2/pokemon/461/"},{"name":"lickilicky","url":"https://pokeapi.co/api/v2/pokemon/463/"},{"name":"rhyperior","url":"https://pokeapi.co/api/v2/pokemon/464/"},{"name":"tangrowth","url":"https://pokeapi.co/api/v2/pokemon/465/"},{"name":"electivire","url":"https://pokeapi.co/api/v2/pokemon/466/"},{"name":"magmortar","url":"https://pokeapi.co/api/v2/pokemon/467/"},{"name":"togekiss","url":"https://pokeapi.co/api/v2/pokemon/468/"},{"name":"gliscor","url":"https://pokeapi.co/api/v2/pokemon/472/"},{"name":"gallade","url":"https://pokeapi.co/api/v2/pokemon/475/"},{"name":"dusknoir","url":"https://pokeapi.co/api/v2/pokemon/477/"},{"name":"dialga","url":"https://pokeapi.co/api/v2/pokemon/483/"},{"name":"palkia","url":"https://pokeapi.co/api/v2/pokemon/484/"},{"name":"regigigas","url":"https://pokeapi.co/api/v2/pokemon/486/"},{"name":"darkrai","url":"https://pokeapi.co/api/v2/pokemon/491/"},{"name":"arceus","url":"https://pokeapi.co/api/v2/pokemon/493/"},{"name":"victini","url":"https://pokeapi.co/api/v2/pokemon/494/"},{"name":"pignite","url":"https://pokeapi.co/api/v2/pokemon/499/"},{"name":"emboar","url":"https://pokeapi.co/api/v2/pokemon/500/"},{"name":"dewott","url":"https://pokeapi.co/api/v2/pokemon/502/"},{"name":"samurott","url":"https://pokeapi.co/api/v2/pokemon/503/"},{"name":"simisage","url":"https://pokeapi.co/api/v2/pokemon/512/"},{"name":"simisear","url":"https://pokeapi.co/api/v2/pokemon/514/"},{"name":"simipour","url":"https://pokeapi.co/api/v2/pokemon/516/"},{"name":"drilbur","url":"https://pokeapi.co/api/v2/pokemon/529/"},{"name":"excadrill","url":"https://pokeapi.co/api/v2/pokemon/530/"},{"name":"timburr","url":"https://pokeapi.co/api/v2/pokemon/532/"},{"name":"gurdurr","url":"https://pokeapi.co/api/v2/pokemon/533/"},{"name":"conkeldurr","url":"https://pokeapi.co/api/v2/pokemon/534/"},{"name":"seismitoad","url":"https://pokeapi.co/api/v2/pokemon/537/"},{"name":"throh","url":"https://pokeapi.co/api/v2/pokemon/538/"},{"name":"sawk","url":"https://pokeapi.co/api/v2/pokemon/539/"},{"name":"sandile","url":"https://pokeapi.co/api/v2/pokemon/551/"},{"name":"krokorok","url":"https://pokeapi.co/api/v2/pokemon/552/"},{"name":"krookodile","url":"https://pokeapi.co/api/v2/pokemon/553/"},{"name":"darumaka","url":"https://pokeapi.co/api/v2/pokemon/554/"},{"name":"darmanitan-standard","url":"https://pokeapi.co/api/v2/pokemon/555/"},{"name":"scraggy","url":"https://pokeapi.co/api/v2/pokemon/559/"},{"name":"scrafty","url":"https://pokeapi.co/api/v2/pokemon/560/"},{"name":"zoroark","url":"https://pokeapi.co/api/v2/pokemon/571/"},{"name":"gothitelle","url":"https://pokeapi.co/api/v2/pokemon/576/"},{"name":"eelektross","url":"https://pokeapi.co/api/v2/pokemon/604/"},{"name":"axew","url":"https://pokeapi.co/api/v2/pokemon/610/"},{"name":"fraxure","url":"https://pokeapi.co/api/v2/pokemon/611/"},{"name":"haxorus","url":"https://pokeapi.co/api/v2/pokemon/612/"},{"name":"beartic","url":"https://pokeapi.co/api/v2/pokemon/614/"},{"name":"mienfoo","url":"https://pokeapi.co/api/v2/pokemon/619/"},{"name":"mienshao","url":"https://pokeapi.co/api/v2/pokemon/620/"},{"name":"golett","url":"https://pokeapi.co/api/v2/pokemon/622/"},{"name":"golurk","url":"https://pokeapi.co/api/v2/pokemon/623/"},{"name":"pawniard","url":"https://pokeapi.co/api/v2/pokemon/624/"},{"name":"bisharp","url":"https://pokeapi.co/api/v2/pokemon/625/"},{"name":"cobalion","url":"https://pokeapi.co/api/v2/pokemon/638/"},{"name":"terrakion","url":"https://pokeapi.co/api/v2/pokemon/639/"},{"name":"virizion","url":"https://pokeapi.co/api/v2/pokemon/640/"},{"name":"tornadus-incarnate","url":"https://pokeapi.co/api/v2/pokemon/641/"},{"name":"thundurus-incarnate","url":"https://pokeapi.co/api/v2/pokemon/642/"},{"name":"landorus-incarnate","url":"https://pokeapi.co/api/v2/pokemon/645/"},{"name":"keldeo-ordinary","url":"https://pokeapi.co/api/v2/pokemon/647/"},{"name":"meloetta-aria","url":"https://pokeapi.co/api/v2/pokemon/648/"},{"name":"chespin","url":"https://pokeapi.co/api/v2/pokemon/650/"},{"name":"quilladin","url":"https://pokeapi.co/api/v2/pokemon/651/"},{"name":"chesnaught","url":"https://pokeapi.co/api/v2/pokemon/652/"},{"name":"greninja","url":"https://pokeapi.co/api/v2/pokemon/658/"},{"name":"bunnelby","url":"https://pokeapi.co/api/v2/pokemon/659/"},{"name":"diggersby","url":"https://pokeapi.co/api/v2/pokemon/660/"},{"name":"skiddo","url":"https://pokeapi.co/api/v2/pokemon/672/"},{"name":"gogoat","url":"https://pokeapi.co/api/v2/pokemon/673/"},{"name":"pancham","url":"https://pokeapi.co/api/v2/pokemon/674/"},{"name":"pangoro","url":"https://pokeapi.co/api/v2/pokemon/675/"},{"name":"honedge","url":"https://pokeapi.co/api/v2/pokemon/679/"},{"name":"doublade","url":"https://pokeapi.co/api/v2/pokemon/680/"},{"name":"aegislash-shield","url":"https://pokeapi.co/api/v2/pokemon/681/"},{"name":"binacle","url":"https://pokeapi.co/api/v2/pokemon/688/"},{"name":"barbaracle","url":"https://pokeapi.co/api/v2/pokemon/689/"},{"name":"tyrunt","url":"https://pokeapi.co/api/v2/pokemon/696/"},{"name":"tyrantrum","url":"https://pokeapi.co/api/v2/pokemon/697/"},{"name":"hawlucha","url":"https://pokeapi.co/api/v2/pokemon/701/"},{"name":"noibat","url":"https://pokeapi.co/api/v2/pokemon/714/"},{"name":"noivern","url":"https://pokeapi.co/api/v2/pokemon/715/"},{"name":"zygarde-50","url":"https://pokeapi.co/api/v2/pokemon/718/"},{"name":"hoopa","url":"https://pokeapi.co/api/v2/pokemon/720/"},{"name":"volcanion","url":"https://pokeapi.co/api/v2/pokemon/721/"},{"name":"incineroar","url":"https://pokeapi.co/api/v2/pokemon/727/"},{"name":"pikipek","url":"https://pokeapi.co/api/v2/pokemon/731/"},{"name":"trumbeak","url":"https://pokeapi.co/api/v2/pokemon/732/"},{"name":"toucannon","url":"https://pokeapi.co/api/v2/pokemon/733/"},{"name":"crabrawler","url":"https://pokeapi.co/api/v2/pokemon/739/"},{"name":"crabominable","url":"https://pokeapi.co/api/v2/pokemon/740/"},{"name":"lycanroc-midday","url":"https://pokeapi.co/api/v2/pokemon/745/"},{"name":"lurantis","url":"https://pokeapi.co/api/v2/pokemon/754/"},{"name":"stufful","url":"https://pokeapi.co/api/v2/pokemon/759/"},{"name":"bewear","url":"https://pokeapi.co/api/v2/pokemon/760/"},{"name":"oranguru","url":"https://pokeapi.co/api/v2/pokemon/765/"},{"name":"passimian","url":"https://pokeapi.co/api/v2/pokemon/766/"},{"name":"golisopod","url":"https://pokeapi.co/api/v2/pokemon/768/"},{"name":"komala","url":"https://pokeapi.co/api/v2/pokemon/775/"},{"name":"dhelmise","url":"https://pokeapi.co/api/v2/pokemon/781/"},{"name":"jangmo-o","url":"https://pokeapi.co/api/v2/pokemon/782/"},{"name":"hakamo-o","url":"https://pokeapi.co/api/v2/pokemon/783/"},{"name":"kommo-o","url":"https://pokeapi.co/api/v2/pokemon/784/"},{"name":"tapu-bulu","url":"https://pokeapi.co/api/v2/pokemon/787/"},{"name":"buzzwole","url":"https://pokeapi.co/api/v2/pokemon/794/"},{"name":"pheromosa","url":"https://pokeapi.co/api/v2/pokemon/795/"},{"name":"kartana","url":"https://pokeapi.co/api/v2/pokemon/798/"},{"name":"guzzlord","url":"https://pokeapi.co/api/v2/pokemon/799/"},{"name":"necrozma","url":"https://pokeapi.co/api/v2/pokemon/800/"},{"name":"magearna","url":"https://pokeapi.co/api/v2/pokemon/801/"},{"name":"marshadow","url":"https://pokeapi.co/api/v2/pokemon/802/"},{"name":"zeraora","url":"https://pokeapi.co/api/v2/pokemon/807/"},{"name":"melmetal","url":"https://pokeapi.co/api/v2/pokemon/809/"},{"name":"rillaboom","url":"https://pokeapi.co/api/v2/pokemon/812/"},{"name":"arrokuda","url":"https://pokeapi.co/api/v2/pokemon/846/"},{"name":"barraskewda","url":"https://pokeapi.co/api/v2/pokemon/847/"},{"name":"toxtricity-amped","url":"https://pokeapi.co/api/v2/pokemon/849/"},{"name":"clobbopus","url":"https://pokeapi.co/api/v2/pokemon/852/"},{"name":"grapploct","url":"https://pokeapi.co/api/v2/pokemon/853/"},{"name":"grimmsnarl","url":"https://pokeapi.co/api/v2/pokemon/861/"},{"name":"obstagoon","url":"https://pokeapi.co/api/v2/pokemon/862/"},{"name":"perrserker","url":"https://pokeapi.co/api/v2/pokemon/863/"},{"name":"sirfetchd","url":"https://pokeapi.co/api/v2/pokemon/865/"},{"name":"mr-rime","url":"https://pokeapi.co/api/v2/pokemon/866/"},{"name":"falinks","url":"https://pokeapi.co/api/v2/pokemon/870/"},{"name":"morpeko-full-belly","url":"https://pokeapi.co/api/v2/pokemon/877/"},{"name":"cufant","url":"https://pokeapi.co/api/v2/pokemon/878/"},{"name":"copperajah","url":"https://pokeapi.co/api/v2/pokemon/879/"},{"name":"duraludon","url":"https://pokeapi.co/api/v2/pokemon/884/"},{"name":"zacian","url":"https://pokeapi.co/api/v2/pokemon/888/"},{"name":"zamazenta","url":"https://pokeapi.co/api/v2/pokemon/889/"},{"name":"kubfu","url":"https://pokeapi.co/api/v2/pokemon/891/"},{"name":"urshifu-single-strike","url":"https://pokeapi.co/api/v2/pokemon/892/"},{"name":"zarude","url":"https://pokeapi.co/api/v2/pokemon/893/"},{"name":"kleavor","url":"https://pokeapi.co/api/v2/pokemon/900/"},{"name":"ursaluna","url":"https://pokeapi.co/api/v2/pokemon/901/"},{"name":"sneasler","url":"https://pokeapi.co/api/v2/pokemon/903/"},{"name":"meowscarada","url":"https://pokeapi.co/api/v2/pokemon/908/"},{"name":"quaquaval","url":"https://pokeapi.co/api/v2/pokemon/914/"},{"name":"spidops","url":"https://pokeapi.co/api/v2/pokemon/918/"},{"name":"lokix","url":"https://pokeapi.co/api/v2/pokemon/920/"},{"name":"pawmot","url":"https://pokeapi.co/api/v2/pokemon/923/"},{"name":"garganacl","url":"https://pokeapi.co/api/v2/pokemon/934/"},{"name":"ceruledge","url":"https://pokeapi.co/api/v2/pokemon/937/"},{"name":"klawf","url":"https://pokeapi.co/api/v2/pokemon/950/"},{"name":"tinkatuff","url":"https://pokeapi.co/api/v2/pokemon/958/"},{"name":"tinkaton","url":"https://pokeapi.co/api/v2/pokemon/959/"},{"name":"annihilape","url":"https://pokeapi.co/api/v2/pokemon/979/"},{"name":"kingambit","url":"https://pokeapi.co/api/v2/pokemon/983/"},{"name":"great-tusk","url":"https://pokeapi.co/api/v2/pokemon/984/"},{"name":"slither-wing","url":"https://pokeapi.co/api/v2/pokemon/988/"},{"name":"iron-hands","url":"https://pokeapi.co/api/v2/pokemon/992/"},{"name":"iron-thorns","url":"https://pokeapi.co/api/v2/pokemon/995/"},{"name":"arctibax","url":"https://pokeapi.co/api/v2/pokemon/997/"},{"name":"baxcalibur","url":"https://pokeapi.co/api/v2/pokemon/998/"},{"name":"chien-pao","url":"https://pokeapi.co/api/v2/pokemon/1002/"},{"name":"roaring-moon","url":"https://pokeapi.co/api/v2/pokemon/1005/"},{"name":"iron-valiant","url":"https://pokeapi.co/api/v2/pokemon/1006/"},{"name":"koraidon","url":"https://pokeapi.co/api/v2/pokemon/1007/"},{"name":"iron-leaves","url":"https://pokeapi.co/api/v2/pokemon/1010/"},{"name":"deoxys-attack","url":"https://pokeapi.co/api/v2/pokemon/10001/"},{"name":"deoxys-defense","url":"https://pokeapi.co/api/v2/pokemon/10002/"},{"name":"deoxys-speed","url":"https://pokeapi.co/api/v2/pokemon/10003/"},{"name":"darmanitan-zen","url":"https://pokeapi.co/api/v2/pokemon/10017/"},{"name":"meloetta-pirouette","url":"https://pokeapi.co/api/v2/pokemon/10018/"},{"name":"tornadus-therian","url":"https://pokeapi.co/api/v2/pokemon/10019/"},{"name":"thundurus-therian","url":"https://pokeapi.co/api/v2/pokemon/10020/"},{"name":"landorus-therian","url":"https://pokeapi.co/api/v2/pokemon/10021/"},{"name":"keldeo-resolute","url":"https://pokeapi.co/api/v2/pokemon/10024/"},{"name":"aegislash-blade","url":"https://pokeapi.co/api/v2/pokemon/10026/"},{"name":"charizard-mega-x","url":"https://pokeapi.co/api/v2/pokemon/10034/"},{"name":"charizard-mega-y","url":"https://pokeapi.co/api/v2/pokemon/10035/"},{"name":"blastoise-mega","url":"https://pokeapi.co/api/v2/pokemon/10036/"},{"name":"gengar-mega","url":"https://pokeapi.co/api/v2/pokemon/10038/"},{"name":"kangaskhan-mega","url":"https://pokeapi.co/api/v2/pokemon/10039/"},{"name":"pinsir-mega","url":"https://pokeapi.co/api/v2/pokemon/10040/"},{"name":"mewtwo-mega-x","url":"https://pokeapi.co/api/v2/pokemon/10043/"},{"name":"mewtwo-mega-y","url":"https://pokeapi.co/api/v2/pokemon/10044/"},{"name":"ampharos-mega","url":"https://pokeapi.co/api/v2/pokemon/10045/"},{"name":"scizor-mega","url":"https://pokeapi.co/api/v2/pokemon/10046/"},{"name":"heracross-mega","url":"https://pokeapi.co/api/v2/pokemon/10047/"},{"name":"tyranitar-mega","url":"https://pokeapi.co/api/v2/pokemon/10049/"},{"name":"blaziken-mega","url":"https://pokeapi.co/api/v2/pokemon/10050/"},{"name":"mawile-mega","url":"https://pokeapi.co/api/v2/pokemon/10052/"},{"name":"aggron-mega","url":"https://pokeapi.co/api/v2/pokemon/10053/"},{"name":"medicham-mega","url":"https://pokeapi.co/api/v2/pokemon/10054/"},{"name":"garchomp-mega","url":"https://pokeapi.co/api/v2/pokemon/10058/"},{"name":"lucario-mega","url":"https://pokeapi.co/api/v2/pokemon/10059/"},{"name":"abomasnow-mega","url":"https://pokeapi.co/api/v2/pokemon/10060/"},{"name":"swampert-mega","url":"https://pokeapi.co/api/v2/pokemon/10064/"},{"name":"sceptile-mega","url":"https://pokeapi.co/api/v2/pokemon/10065/"},{"name":"sableye-mega","url":"https://pokeapi.co/api/v2/pokemon/10066/"},{"name":"gallade-mega","url":"https://pokeapi.co/api/v2/pokemon/10068/"},{"name":"slowbro-mega","url":"https://pokeapi.co/api/v2/pokemon/10071/"},{"name":"metagross-mega","url":"https://pokeapi.co/api/v2/pokemon/10076/"},{"name":"kyogre-primal","url":"https://pokeapi.co/api/v2/pokemon/10077/"},{"name":"groudon-primal","url":"https://pokeapi.co/api/v2/pokemon/10078/"},{"name":"rayquaza-mega","url":"https://pokeapi.co/api/v2/pokemon/10079/"},{"name":"pikachu-rock-star","url":"https://pokeapi.co/api/v2/pokemon/10080/"},{"name":"pikachu-belle","url":"https://pokeapi.co/api/v2/pokemon/10081/"},{"name":"pikachu-pop-star","url":"https://pokeapi.co/api/v2/pokemon/10082/"},{"name":"pikachu-phd","url":"https://pokeapi.co/api/v2/pokemon/10083/"},{"name":"pikachu-libre","url":"https://pokeapi.co/api/v2/pokemon/10084/"},{"name":"pikachu-cosplay","url":"https://pokeapi.co/api/v2/pokemon/10085/"},{"name":"hoopa-unbound","url":"https://pokeapi.co/api/v2/pokemon/10086/"},{"name":"salamence-mega","url":"https://pokeapi.co/api/v2/pokemon/10089/"},{"name":"beedrill-mega","url":"https://pokeapi.co/api/v2/pokemon/10090/"},{"name":"pikachu-original-cap","url":"https://pokeapi.co/api/v2/pokemon/10094/"},{"name":"pikachu-hoenn-cap","url":"https://pokeapi.co/api/v2/pokemon/10095/"},{"name":"pikachu-sinnoh-cap","url":"https://pokeapi.co/api/v2/pokemon/10096/"},{"name":"pikachu-unova-cap","url":"https://pokeapi.co/api/v2/pokemon/10097/"},{"name":"pikachu-kalos-cap","url":"https://pokeapi.co/api/v2/pokemon/10098/"},{"name":"pikachu-alola-cap","url":"https://pokeapi.co/api/v2/pokemon/10099/"},{"name":"raichu-alola","url":"https://pokeapi.co/api/v2/pokemon/10100/"},{"name":"sandshrew-alola","url":"https://pokeapi.co/api/v2/pokemon/10101/"},{"name":"sandslash-alola","url":"https://pokeapi.co/api/v2/pokemon/10102/"},{"name":"geodude-alola","url":"https://pokeapi.co/api/v2/pokemon/10109/"},{"name":"graveler-alola","url":"https://pokeapi.co/api/v2/pokemon/10110/"},{"name":"golem-alola","url":"https://pokeapi.co/api/v2/pokemon/10111/"},{"name":"grimer-alola","url":"https://pokeapi.co/api/v2/pokemon/10112/"},{"name":"muk-alola","url":"https://pokeapi.co/api/v2/pokemon/10113/"},{"name":"exeggutor-alola","url":"https://pokeapi.co/api/v2/pokemon/10114/"},{"name":"marowak-alola","url":"https://pokeapi.co/api/v2/pokemon/10115/"},{"name":"greninja-ash","url":"https://pokeapi.co/api/v2/pokemon/10117/"},{"name":"zygarde-10-power-construct","url":"https://pokeapi.co/api/v2/pokemon/10118/"},{"name":"zygarde-50-power-construct","url":"https://pokeapi.co/api/v2/pokemon/10119/"},{"name":"zygarde-complete","url":"https://pokeapi.co/api/v2/pokemon/10120/"},{"name":"lycanroc-midnight","url":"https://pokeapi.co/api/v2/pokemon/10126/"},{"name":"lurantis-totem","url":"https://pokeapi.co/api/v2/pokemon/10128/"},{"name":"kommo-o-totem","url":"https://pokeapi.co/api/v2/pokemon/10146/"},{"name":"magearna-original","url":"https://pokeapi.co/api/v2/pokemon/10147/"},{"name":"pikachu-partner-cap","url":"https://pokeapi.co/api/v2/pokemon/10148/"},{"name":"marowak-totem","url":"https://pokeapi.co/api/v2/pokemon/10149/"},{"name":"lycanroc-dusk","url":"https://pokeapi.co/api/v2/pokemon/10152/"},{"name":"necrozma-dusk","url":"https://pokeapi.co/api/v2/pokemon/10155/"},{"name":"necrozma-dawn","url":"https://pokeapi.co/api/v2/pokemon/10156/"},{"name":"necrozma-ultra","url":"https://pokeapi.co/api/v2/pokemon/10157/"},{"name":"pikachu-starter","url":"https://pokeapi.co/api/v2/pokemon/10158/"},{"name":"pikachu-world-cap","url":"https://pokeapi.co/api/v2/pokemon/10160/"},{"name":"meowth-galar","url":"https://pokeapi.co/api/v2/pokemon/10161/"},{"name":"slowbro-galar","url":"https://pokeapi.co/api/v2/pokemon/10165/"},{"name":"farfetchd-galar","url":"https://pokeapi.co/api/v2/pokemon/10166/"},{"name":"mr-mime-galar","url":"https://pokeapi.co/api/v2/pokemon/10168/"},{"name":"zapdos-galar","url":"https://pokeapi.co/api/v2/pokemon/10170/"},{"name":"slowking-galar","url":"https://pokeapi.co/api/v2/pokemon/10172/"},{"name":"darumaka-galar","url":"https://pokeapi.co/api/v2/pokemon/10176/"},{"name":"darmanitan-galar-standard","url":"https://pokeapi.co/api/v2/pokemon/10177/"},{"name":"darmanitan-galar-zen","url":"https://pokeapi.co/api/v2/pokemon/10178/"},{"name":"zygarde-10","url":"https://pokeapi.co/api/v2/pokemon/10181/"},{"name":"toxtricity-low-key","url":"https://pokeapi.co/api/v2/pokemon/10184/"},{"name":"morpeko-hangry","url":"https://pokeapi.co/api/v2/pokemon/10187/"},{"name":"zacian-crowned","url":"https://pokeapi.co/api/v2/pokemon/10188/"},{"name":"zamazenta-crowned","url":"https://pokeapi.co/api/v2/pokemon/10189/"},{"name":"urshifu-rapid-strike","url":"https://pokeapi.co/api/v2/pokemon/10191/"},{"name":"zarude-dada","url":"https://pokeapi.co/api/v2/pokemon/10192/"},{"name":"typhlosion-hisui","url":"https://pokeapi.co/api/v2/pokemon/10233/"},{"name":"sneasel-hisui","url":"https://pokeapi.co/api/v2/pokemon/10235/"},{"name":"samurott-hisui","url":"https://pokeapi.co/api/v2/pokemon/10236/"},{"name":"lilligant-hisui","url":"https://pokeapi.co/api/v2/pokemon/10237/"},{"name":"zoroark-hisui","url":"https://pokeapi.co/api/v2/pokemon/10239/"},{"name":"decidueye-hisui","url":"https://pokeapi.co/api/v2/pokemon/10244/"},{"name":"dialga-origin","url":"https://pokeapi.co/api/v2/pokemon/10245/"},{"name":"palkia-origin","url":"https://pokeapi.co/api/v2/pokemon/10246/"},{"name":"koraidon-limited-build","url":"https://pokeapi.co/api/v2/pokemon/10264/"},{"name":"koraidon-sprinting-build","url":"https://pokeapi.co/api/v2/pokemon/10265/"},{"name":"koraidon-swimming-build","url":"https://pokeapi.co/api/v2/pokemon/10266/"},{"name":"koraidon-gliding-build","url":"https://pokeapi.co/api/v2/pokemon/10267/"}],"machines":[{"machine":{"url":"https://pokeapi.co/api/v2/machine/260/"},"version_group":{"name":"lets-go-pikachu-lets-go-eevee","url":"https://pokeapi.co/api/v2/version-group/19/"}},{"machine":{"url":"https://pokeapi.co/api/v2/machine/606/"},"version_group":{"name":"ruby-sapphire","url":"https://pokeapi.co/api/v2/version-group/5/"}},{"machine":{"url":"https://pokeapi.co/api/v2/machine/607/"},"version_group":{"name":"emerald","url":"https://pokeapi.co/api/v2/version-group/6/"}},{"machine":{"url":"https://pokeapi.co/api/v2/machine/608/"},"version_group":{"name":"firered-leafgreen","url":"https://pokeapi.co/api/v2/version-group/7/"}},{"machine":{"url":"https://pokeapi.co/api/v2/machine/609/"},"version_group":{"name":"diamond-pearl","url":"https://pokeapi.co/api/v2/version-group/8/"}},{"machine":{"url":"https://pokeapi.co/api/v2/machine/610/"},"version_group":{"name":"platinum","url":"https://pokeapi.co/api/v2/version-group/9/"}},{"machine":{"url":"https://pokeapi.co/api/v2/machine/611/"},"version_group":{"name":"heartgold-soulsilver","url":"https://pokeapi.co/api/v2/version-group/10/"}},{"machine":{"url":"https://pokeapi.co/api/v2/machine/612/"},"version_group":{"name":"black-white","url":"https://pokeapi.co/api/v2/version-group/11/"}},{"machine":{"url":"https://pokeapi.co/api/v2/machine/613/"},"version_group":{"name":"colosseum","url":"https://pokeapi.co/api/v2/version-group/12/"}},{"machine":{"url":"https://pokeapi.co/api/v2/machine/614/"},"version_group":{"name":"xd","url":"https://pokeapi.co/api/v2/version-group/13/"}},{"machine":{"url":"https://pokeapi.co/api/v2/machine/615/"},"version_group":{"name":"black-2-white-2","url":"https://pokeapi.co/api/v2/version-group/14/"}},{"machine":{"url":"https://pokeapi.co/api/v2/machine/616/"},"version_group":{"name":"x-y","url":"https://pokeapi.co/api/v2/version-group/15/"}},{"machine":{"url":"https://pokeapi.co/api/v2/machine/617/"},"version_group":{"name":"omega-ruby-alpha-sapphire","url":"https://pokeapi.co/api/v2/version-group/16/"}},{"machine":{"url":"https://pokeapi.co/api/v2/machine/618/"},"version_group":{"name":"sun-moon","url":"https://pokeapi.co/api/v2/version-group/17/"}},{"machine":{"url":"https://pokeapi.co/api/v2/machine/619/"},"version_group":{"name":"ultra-sun-ultra-moon","url":"https://pokeapi.co/api/v2/version-group/18/"}},{"machine":{"url":"https://pokeapi.co/api/v2/machine/861/"},"version_group":{"name":"sword-shield","url":"https://pokeapi.co/api/v2/version-group/20/"}}],"meta":{"ailment":{"name":"none","url":"https://pokeapi.co/api/v2/move-ailment/0/"},"ailment_chance":0,"category":{"name":"damage","url":"https://pokeapi.co/api/v2/move-category/0/"},"crit_rate":0,"drain":0,"flinch_chance":0,"healing":0,"max_hits":null,"max_turns":null,"min_hits":null,"min_turns":null,"stat_chance":0},"name":"brick-break","names":[{"language":{"name":"ja-Hrkt","url":"https://pokeapi.co/api/v2/language/1/"},"name":"かわらわり"},{"language":{"name":"ko","url":"https://pokeapi.co/api/v2/language/3/"},"name":"깨트리다"},{"language":{"name":"zh-Hant","url":"https://pokeapi.co/api/v2/language/4/"},"name":"劈瓦"},{"language":{"name":"fr","url":"https://pokeapi.co/api/v2/language/5/"},"name":"Casse-Brique"},{"language":{"name":"de","url":"https://pokeapi.co/api/v2/language/6/"},"name":"Durchbruch"},{"language":{"name":"es","url":"https://pokeapi.co/api/v2/language/7/"},"name":"Demolición"},{"language":{"name":"it","url":"https://pokeapi.co/api/v2/language/8/"},"name":"Breccia"},{"language":{"name":"en","url":"https://pokeapi.co/api/v2/language/9/"},"name":"Brick Break"},{"language":{"name":"ja","url":"https://pokeapi.co/api/v2/language/11/"},"name":"かわらわり"},{"language":{"name":"zh-Hans","url":"https://pokeapi.co/api/v2/language/12/"},"name":"劈瓦"}],"past_values":[],"power":75,"pp":15,"priority":0,"stat_changes":[],"super_contest_effect":{"url":"https://pokeapi.co/api/v2/super-contest-effect/5/"},"target":{"name":"selected-pokemon","url":"https://pokeapi.co/api/v2/move-target/10/"},"type":{"name":"fighting","url":"https://pokeapi.co/api/v2/type/2/"}}