{"accuracy":100,"contest_combos":null,"contest_effect":{"url":"https://pokeapi.co/api/v2/contest-effect/6/"},"contest_type":{"name":"cute","url":"https://pokeapi.co/api/v2/contest-type/3/"},"damage_class":{"name":"status","url":"https://pokeapi.co/api/v2/move-damage-class/1/"},"effect_chance":null,"effect_changes":[],"effect_entries":[{"effect":"Confuses all targets.","language":{"name":"en","url":"https://pokeapi.co/api/v2/language/9/"},"short_effect":"Confuses the target."}],"flavor_text_entries":[{"flavor_text":"Confuses all POKéMON on\nthe scene.","language":{"name":"en","url":"https://pokeapi.co/api/v2/language/9/"},"version_group":{"name":"ruby-sapphire","url":"https://pokeapi.co/api/v2/version-group/5/"}},{"flavor_text":"Confuses all POKéMON on\nthe scene.","language":{"name":"en","url":"https://pokeapi.co/api/v2/language/9/"},"version_group":{"name":"emerald","url":"https://pokeapi.co/api/v2/version-group/6/"}},{"flavor_text":"A wobbly dance\nthat confuses all\nthe POKéMON in\nbattle.","language":{"name":"en","url":"https://pokeapi.co/api/v2/language/9/"},"version_group":{"name":"firered-leafgreen","url":"https://pokeapi.co/api/v2/version-group/7/"}},{"flavor_text":"The user performs a\nwobbly dance that\nconfuses all the\nPokémon in battle.\n","language":{"name":"en","url":"https://pokeapi.co/api/v2/language/9/"},"version_group":{"name":"diamond-pearl","url":"https://pokeapi.co/api/v2/version-group/8/"}},{"flavor_text":"The user performs a\nwobbly dance that\nconfuses all the\nPokémon in battle.\n","language":{"name":"en","url":"https://pokeapi.co/api/v2/language/9/"},"version_group":{"name":"platinum","url":"https://pokeapi.co/api/v2/version-group/9/"}},{"flavor_text":"The user performs a\nwobbly dance that\nconfuses all the\nPokémon in battle.\n","language":{"name":"en","url":"https://pokeapi.co/api/v2/language/9/"},"version_group":{"name":"heartgold-soulsilver","url":"https://pokeapi.co/api/v2/version-group/10/"}},{"flavor_text":"Danse qui rend confus tous les\nPokémon autour du lanceur.","language":{"name":"fr","url":"https://pokeapi.co/api/v2/language/5/"},"version_group":{"name":"black-white","url":"https://pokeapi.co/api/v2/version-group/11/"}},{"flavor_text":"The user performs a wobbly dance that\nconfuses the Pokémon around it.","language":{"name":"en","url":"https://pokeapi.co/api/v2/language/9/"},"version_group":{"name":"black-white","url":"https://pokeapi.co/api/v2/version-group/11/"}},{"flavor_text":"The user performs a wobbly dance that\nconfuses the Pokémon around it.","language":{"name":"en","url":"https://pokeapi.co/api/v2/language/9/"},"version_group":{"name":"black-2-white-2","url":"https://pokeapi.co/api/v2/version-group/14/"}},{"flavor_text":"フラフラと　ダンスを　おどって\nじぶんの　まわりに　いるものを\nこんらん　じょうたいに　させる。","language":{"name":"ja-Hrkt","url":"https://pokeapi.co/api/v2/language/1/"},"version_group":{"name":"x-y","url":"https://pokeapi.co/api/v2/version-group/15/"}},{"flavor_text":"흔들흔들 댄스를 춰서\n주위에 있는 포켓몬을\n혼란 상태로 만든다.","language":{"name":"ko","url":"https://pokeapi.co/api/v2/language/3/"},"version_group":{"name":"x-y","url":"https://pokeapi.co/api/v2/version-group/15/"}},{"flavor_text":"Danse qui rend confus tous les Pokémon autour\ndu lanceur.","language":{"name":"fr","url":"https://pokeapi.co/api/v2/language/5/"},"version_group":{"name":"x-y","url":"https://pokeapi.co/api/v2/version-group/15/"}},{"flavor_text":"Ein Wackeltanz, der andere Pokémon\nin der Umgebung des Anwenders verwirrt.","language":{"name":"de","url":"https://pokeapi.co/api/v2/language/6/"},"version_group":{"name":"x-y","url":"https://pokeapi.co/api/v2/version-group/15/"}},{"flavor_text":"Danza histérica que confunde a los Pokémon que\nestán alrededor del usuario.","language":{"name":"es","url":"https://pokeapi.co/api/v2/language/7/"},"version_group":{"name":"x-y","url":"https://pokeapi.co/api/v2/version-group/15/"}},{"flavor_text":"Chi la usa esegue una danza goffa che confonde\ntutti i Pokémon attorno.","language":{"name":"it","url":"https://pokeapi.co/api/v2/language/8/"},"version_group":{"name":"x-y","url":"https://pokeapi.co/api/v2/version-group/15/"}},{"flavor_text":"The user performs a wobbly dance that\nconfuses the Pokémon around it.","language":{"name":"en","url":"https://pokeapi.co/api/v2/language/9/"},"version_group":{"name":"x-y","url":"https://pokeapi.co/api/v2/version-group/15/"}},{"flavor_text":"フラフラと　ダンスを　おどって\n自分の　周りに　いるものを\n混乱状態に　させる。","language":{"name":"ja","url":"https://pokeapi.co/api/v2/language/11/"},"version_group":{"name":"x-y","url":"https://pokeapi.co/api/v2/version-group/15/"}},{"flavor_text":"フラフラと　ダンスを　おどって\nじぶんの　まわりに　いるものを\nこんらん　じょうたいに　させる。","language":{"name":"ja-Hrkt","url":"https://pokeapi.co/api/v2/language/1/"},"version_group":{"name":"omega-ruby-alpha-sapphire","url":"https://pokeapi.co/api/v2/version-group/16/"}},{"flavor_text":"흔들흔들 댄스를 춰서\n주위에 있는 포켓몬을\n혼란 상태로 만든다.","language":{"name":"ko","url":"https://pokeapi.co/api/v2/language/3/"},"version_group":{"name":"omega-ruby-alpha-sapphire","url":"https://pokeapi.co/api/v2/version-group/16/"}},{"flavor_text":"Danse qui rend confus tous les Pokémon autour\ndu lanceur.","language":{"name":"fr","url":"https://pokeapi.co/api/v2/language/5/"},"version_group":{"name":"omega-ruby-alpha-sapphire","url":"https://pokeapi.co/api/v2/version-group/16/"}},{"flavor_text":"Ein Wackeltanz, der andere Pokémon\nin der Umgebung des Anwenders verwirrt.","language":{"name":"de","url":"https://pokeapi.co/api/v2/language/6/"},"version_group":{"name":"omega-ruby-alpha-sapphire","url":"https://pokeapi.co/api/v2/version-group/16/"}},{"flavor_text":"Danza histérica que confunde a los Pokémon que \nestán alrededor del usuario.","language":{"name":"es","url":"https://pokeapi.co/api/v2/language/7/"},"version_group":{"name":"omega-ruby-alpha-sapphire","url":"https://pokeapi.co/api/v2/version-group/16/"}},{"flavor_text":"Chi la usa esegue una danza goffa che confonde\ntutti i Pokémon attorno.","language":{"name":"it","url":"https://pokeapi.co/api/v2/language/8/"},"version_group":{"name":"omega-ruby-alpha-sapphire","url":"https://pokeapi.co/api/v2/version-group/16/"}},{"flavor_text":"The user performs a wobbly dance that\nconfuses the Pokémon around it.","language":{"name":"en","url":"https://pokeapi.co/api/v2/language/9/"},"version_group":{"name":"omega-ruby-alpha-sapphire","url":"https://pokeapi.co/api/v2/version-group/16/"}},{"flavor_text":"フラフラと　ダンスを　おどって\n自分の　周りに　いるものを\n混乱状態に　させる。","language":{"name":"ja","url":"https://pokeapi.co/api/v2/language/11/"},"version_group":{"name":"omega-ruby-alpha-sapphire","url":"https://pokeapi.co/api/v2/version-group/16/"}},{"flavor_text":"フラフラと　ダンスを　おどって\nじぶんの　まわりに　いるものを\nこんらん　じょうたいに　させる。","language":{"name":"ja-Hrkt","url":"https://pokeapi.co/api/v2/language/1/"},"version_group":{"name":"sun-moon","url":"https://pokeapi.co/api/v2/version-group/17/"}},{"flavor_text":"흔들흔들 댄스를 춰서\n주위에 있는 포켓몬을\n혼란 상태로 만든다.","language":{"name":"ko","url":"https://pokeapi.co/api/v2/language/3/"},"version_group":{"name":"sun-moon","url":"https://pokeapi.co/api/v2/version-group/17/"}},{"flavor_text":"搖搖晃晃地跳起舞，\n讓自己周圍的寶可夢\n陷入混亂狀態。","language":{"name":"zh-Hant","url":"https://pokeapi.co/api/v2/language/4/"},"version_group":{"name":"sun-moon","url":"https://pokeapi.co/api/v2/version-group/17/"}},{"flavor_text":"Danse qui rend confus tous les Pokémon autour\ndu lanceur.","language":{"name":"fr","url":"https://pokeapi.co/api/v2/language/5/"},"version_group":{"name":"sun-moon","url":"https://pokeapi.co/api/v2/version-group/17/"}},{"flavor_text":"Ein Wackeltanz, der andere Pokémon in der\nUmgebung des Anwenders verwirrt.","language":{"name":"de","url":"https://pokeapi.co/api/v2/language/6/"},"version_group":{"name":"sun-moon","url":"https://pokeapi.co/api/v2/version-group/17/"}},{"flavor_text":"Danza histérica que confunde a los Pokémon que \nestán alrededor del usuario.","language":{"name":"es","url":"https://pokeapi.co/api/v2/language/7/"},"version_group":{"name":"sun-moon","url":"https://pokeapi.co/api/v2/version-group/17/"}},{"flavor_text":"Chi la usa esegue una danza goffa che confonde\ntutti i Pokémon attorno.","language":{"name":"it","url":"https://pokeapi.co/api/v2/language/8/"},"version_group":{"name":"sun-moon","url":"https://pokeapi.co/api/v2/version-group/17/"}},{"flavor_text":"The user performs a wobbly dance that confuses\nthe Pokémon around it.","language":{"name":"en","url":"https://pokeapi.co/api/v2/language/9/"},"version_group":{"name":"sun-moon","url":"https://pokeapi.co/api/v2/version-group/17/"}},{"flavor_text":"フラフラと　ダンスを　おどって\n自分の　周りに　いるものを\n混乱状態に　させる。","language":{"name":"ja","url":"https://pokeapi.co/api/v2/language/11/"},"version_group":{"name":"sun-moon","url":"https://pokeapi.co/api/v2/version-group/17/"}},{"flavor_text":"摇摇晃晃地跳起舞蹈，\n让自己周围的宝可梦\n陷入混乱状态。","language":{"name":"zh-Hans","url":"https://pokeapi.co/api/v2/language/12/"},"version_group":{"name":"sun-moon","url":"https://pokeapi.co/api/v2/version-group/17/"}},{"flavor_text":"フラフラと　ダンスを　おどって\nじぶんの　まわりに　いるものを\nこんらん　じょうたいに　させる。","language":{"name":"ja-Hrkt","url":"https://pokeapi.co/api/v2/language/1/"},"version_group":{"name":"ultra-sun-ultra-moon","url":"https://pokeapi.co/api/v2/version-group/18/"}},{"flavor_text":"흔들흔들 댄스를 춰서\n주위에 있는 포켓몬을\n혼란 상태로 만든다.","language":{"name":"ko","url":"https://pokeapi.co/api/v2/language/3/"},"version_group":{"name":"ultra-sun-ultra-moon","url":"https://pokeapi.co/api/v2/version-group/18/"}},{"flavor_text":"搖搖晃晃地跳起舞，\n讓自己周圍的寶可夢\n陷入混亂狀態。","language":{"name":"zh-Hant","url":"https://pokeapi.co/api/v2/language/4/"},"version_group":{"name":"ultra-sun-ultra-moon","url":"https://pokeapi.co/api/v2/version-group/18/"}},{"flavor_text":"Danse qui rend confus tous les Pokémon autour\ndu lanceur.","language":{"name":"fr","url":"https://pokeapi.co/api/v2/language/5/"},"version_group":{"name":"ultra-sun-ultra-moon","url":"https://pokeapi.co/api/v2/version-group/18/"}},{"flavor_text":"Ein Wackeltanz, der andere Pokémon in der\nUmgebung des Anwenders verwirrt.","language":{"name":"de","url":"https://pokeapi.co/api/v2/language/6/"},"version_group":{"name":"ultra-sun-ultra-moon","url":"https://pokeapi.co/api/v2/version-group/18/"}},{"flavor_text":"Danza histérica que confunde a los Pokémon que \nestán alrededor del usuario.","language":{"name":"es","url":"https://pokeapi.co/api/v2/language/7/"},"version_group":{"name":"ultra-sun-ultra-moon","url":"https://pokeapi.co/api/v2/version-group/18/"}},{"flavor_text":"Chi la usa esegue una danza goffa che confonde\ntutti i Pokémon attorno.","language":{"name":"it","url":"https://pokeapi.co/api/v2/language/8/"},"version_group":{"name":"ultra-sun-ultra-moon","url":"https://pokeapi.co/api/v2/version-group/18/"}},{"flavor_text":"The user performs a wobbly dance that confuses\nthe Pokémon around it.","language":{"name":"en","url":"https://pokeapi.co/api/v2/language/9/"},"version_group":{"name":"ultra-sun-ultra-moon","url":"https://pokeapi.co/api/v2/version-group/18/"}},{"flavor_text":"フラフラと　ダンスを　おどって\n自分の　周りに　いるものを\n混乱状態に　させる。","language":{"name":"ja","url":"https://pokeapi.co/api/v2/language/11/"},"version_group":{"name":"ultra-sun-ultra-moon","url":"https://pokeapi.co/api/v2/version-group/18/"}},{"flavor_text":"摇摇晃晃地跳起舞蹈，\n让自己周围的宝可梦\n陷入混乱状态。","language":{"name":"zh-Hans","url":"https://pokeapi.co/api/v2/language/12/"},"version_group":{"name":"ultra-sun-ultra-moon","url":"https://pokeapi.co/api/v2/version-group/18/"}},{"flavor_text":"フラフラと　ダンスを　おどって\nじぶんの　まわりに　いるものを\nこんらん　じょうたいに　させる。","language":{"name":"ja-Hrkt","url":"https://pokeapi.co/api/v2/language/1/"},"version_group":{"name":"lets-go-pikachu-lets-go-eevee","url":"https://pokeapi.co/api/v2/version-group/19/"}},{"flavor_text":"흔들흔들 댄스를 춰서\n주위에 있는 포켓몬을\n혼란 상태로 만든다.","language":{"name":"ko","url":"https://pokeapi.co/api/v2/language/3/"},"version_group":{"name":"lets-go-pikachu-lets-go-eevee","url":"https://pokeapi.co/api/v2/version-group/19/"}},{"flavor_text":"搖搖晃晃地跳起舞，\n讓自己周圍的寶可夢\n陷入混亂狀態。","language":{"name":"zh-Hant","url":"https://pokeapi.co/api/v2/language/4/"},"version_group":{"name":"lets-go-pikachu-lets-go-eevee","url":"https://pokeapi.co/api/v2/version-group/19/"}},{"flavor_text":"Danse qui rend confus tous les Pokémon autour\ndu lanceur.","language":{"name":"fr","url":"https://pokeapi.co/api/v2/language/5/"},"version_group":{"name":"lets-go-pikachu-lets-go-eevee","url":"https://pokeapi.co/api/v2/version-group/19/"}},{"flavor_text":"Ein Wackeltanz, der andere Pokémon in der\nUmgebung des Anwenders verwirrt.","language":{"name":"de","url":"https://pokeapi.co/api/v2/language/6/"},"version_group":{"name":"lets-go-pikachu-lets-go-eevee","url":"https://pokeapi.co/api/v2/version-group/19/"}},{"flavor_text":"Danza histérica que confunde a los Pokémon que \nestán alrededor del usuario.","language":{"name":"es","url":"https://pokeapi.co/api/v2/language/7/"},"version_group":{"name":"lets-go-pikachu-lets-go-eevee","url":"https://pokeapi.co/api/v2/version-group/19/"}},{"flavor_text":"Chi la usa esegue una danza goffa che confonde\ntutti i Pokémon attorno.","language":{"name":"it","url":"https://pokeapi.co/api/v2/language/8/"},"version_group":{"name":"lets-go-pikachu-lets-go-eevee","url":"https://pokeapi.co/api/v2/version-group/19/"}},{"flavor_text":"The user performs a wobbly dance that confuses\nthe Pokémon around it.","language":{"name":"en","url":"https://pokeapi.co/api/v2/language/9/"},"version_group":{"name":"lets-go-pikachu-lets-go-eevee","url":"https://pokeapi.co/api/v2/version-group/19/"}},{"flavor_text":"フラフラと　ダンスを　おどって\n自分の　周りに　いるものを\n混乱状態に　させる。","language":{"name":"ja","url":"https://pokeapi.co/api/v2/language/11/"},"version_group":{"name":"lets-go-pikachu-lets-go-eevee","url":"https://pokeapi.co/api/v2/version-group/19/"}},{"flavor_text":"摇摇晃晃地跳起舞蹈，\n让自己周围的宝可梦\n陷入混乱状态。","language":{"name":"zh-Hans","url":"https://pokeapi.co/api/v2/language/12/"},"version_group":{"name":"lets-go-pikachu-lets-go-eevee","url":"https://pokeapi.co/api/v2/version-group/19/"}},{"flavor_text":"フラフラと　ダンスを　おどって\nじぶんの　まわりに　いるものを\nこんらん　じょうたいに　させる。","language":{"name":"ja-Hrkt","url":"https://pokeapi.co/api/v2/language/1/"},"version_group":{"name":"sword-shield","url":"https://pokeapi.co/api/v2/version-group/20/"}},{"flavor_text":"흔들흔들 댄스를 춰서\n주위에 있는 포켓몬을\n혼란 상태로 만든다.","language":{"name":"ko","url":"https://pokeapi.co/api/v2/language/3/"},"version_group":{"name":"sword-shield","url":"https://pokeapi.co/api/v2/version-group/20/"}},{"flavor_text":"搖搖晃晃地跳起舞，\n讓自己周圍的寶可夢\n陷入混亂狀態。","language":{"name":"zh-Hant","url":"https://pokeapi.co/api/v2/language/4/"},"version_group":{"name":"sword-shield","url":"https://pokeapi.co/api/v2/version-group/20/"}},{"flavor_text":"Danse qui rend confus tous les Pokémon autour\ndu lanceur.","language":{"name":"fr","url":"https://pokeapi.co/api/v2/language/5/"},"version_group":{"name":"sword-shield","url":"https://pokeapi.co/api/v2/version-group/20/"}},{"flavor_text":"Ein Wackeltanz, der alle Pokémon im Umkreis verwirrt.","language":{"name":"de","url":"https://pokeapi.co/api/v2/language/6/"},"version_group":{"name":"sword-shield","url":"https://pokeapi.co/api/v2/version-group/20/"}},{"flavor_text":"Danza histérica que confunde a los Pokémon que están\nalrededor del usuario.","language":{"name":"es","url":"https://pokeapi.co/api/v2/language/7/"},"version_group":{"name":"sword-shield","url":"https://pokeapi.co/api/v2/version-group/20/"}},{"flavor_text":"Chi la usa esegue una danza goffa che confonde\ntutti i Pokémon attorno.","language":{"name":"it","url":"https://pokeapi.co/api/v2/language/8/"},"version_group":{"name":"sword-shield","url":"https://pokeapi.co/api/v2/version-group/20/"}},{"flavor_text":"The user performs a wobbly dance that confuses\nthe Pokémon around it.","language":{"name":"en","url":"https://pokeapi.co/api/v2/language/9/"},"version_group":{"name":"sword-shield","url":"https://pokeapi.co/api/v2/version-group/20/"}},{"flavor_text":"フラフラと　ダンスを　おどって\n自分の　周りに　いるものを\n混乱状態に　させる。","language":{"name":"ja","url":"https://pokeapi.co/api/v2/language/11/"},"version_group":{"name":"sword-shield","url":"https://pokeapi.co/api/v2/version-group/20/"}},{"flavor_text":"摇摇晃晃地跳起舞蹈，\n让自己周围的宝可梦\n陷入混乱状态。","language":{"name":"zh-Hans","url":"https://pokeapi.co/api/v2/language/12/"},"version_group":{"name":"sword-shield","url":"https://pokeapi.co/api/v2/version-group/20/"}}],"generation":{"name":"generation-iii","url":"https://pokeapi.co/api/v2/generation/3/"},"id":298,"learned_by_pokemon":[{"name":"oddish","url":"https://pokeapi.co/api/v2/pokemon/43/"},{"name":"mr-mime","url":"https://pokeapi.co/api/v2/pokemon/122/"},{"name":"lotad","url":"https://pokeapi.co/api/v2/pokemon/270/"},{"name":"lombre","url":"https://pokeapi.co/api/v2/pokemon/271/"},{"name":"ludicolo","url":"https://pokeapi.co/api/v2/pokemon/272/"},{"name":"grumpig","url":"https://pokeapi.co/api/v2/pokemon/326/"},{"name":"spinda","url":"https://pokeapi.co/api/v2/pokemon/327/"},{"name":"cacnea","url":"https://pokeapi.co/api/v2/pokemon/331/"},{"name":"buneary","url":"https://pokeapi.co/api/v2/pokemon/427/"},{"name":"mime-jr","url":"https://pokeapi.co/api/v2/pokemon/439/"},{"name":"lilligant","url":"https://pokeapi.co/api/v2/pokemon/549/"},{"name":"meloetta-aria","url":"https://pokeapi.co/api/v2/pokemon/648/"},{"name":"oricorio-baile","url":"https://pokeapi.co/api/v2/pokemon/741/"},{"name":"bounsweet","url":"https://pokeapi.co/api/v2/pokemon/761/"},{"name":"steenee","url":"https://pokeapi.co/api/v2/pokemon/762/"},{"name":"tsareena","url":"https://pokeapi.co/api/v2/pokemon/763/"},{"name":"mr-rime","url":"https://pokeapi.co/api/v2/pokemon/866/"},{"name":"meloetta-pirouette","url":"https://pokeapi.co/api/v2/pokemon/10018/"},{"name":"oricorio-pom-pom","url":"https://pokeapi.co/api/v2/pokemon/10123/"},{"name":"oricorio-pau","url":"https://pokeapi.co/api/v2/pokemon/10124/"},{"name":"oricorio-sensu","url":"https://pokeapi.co/api/v2/pokemon/10125/"},{"name":"mr-mime-galar","url":"https://pokeapi.co/api/v2/pokemon/10168/"},{"name":"lilligant-hisui","url":"https://pokeapi.co/api/v2/pokemon/10237/"}],"machines":[],"meta":{"ailment":{"name":"confusion","url":"https://pokeapi.co/api/v2/move-ailment/6/"},"ailment_chance":0,"category":{"name":"ailment","url":"https://pokeapi.co/api/v2/move-category/1/"},"crit_rate":0,"drain":0,"flinch_chance":0,"healing":0,"max_hits":null,"max_turns":5,"min_hits":null,"min_turns":2,"stat_chance":0},"name":"teeter-dance","names":[{"language":{"name":"ja-Hrkt","url":"https://pokeapi.co/api/v2/language/1/"},"name":"フラフラダンス"},{"language":{"name":"ko","url":"https://pokeapi.co/api/v2/language/3/"},"name":"흔들흔들댄스"},{"language":{"name":"zh-Hant","url":"https://pokeapi.co/api/v2/language/4/"},"name":"搖晃舞"},{"language":{"name":"fr","url":"https://pokeapi.co/api/v2/language/5/"},"name":"Danse Folle"},{"language":{"name":"de","url":"https://pokeapi.co/api/v2/language/6/"},"name":"Taumeltanz"},{"language":{"name":"es","url":"https://pokeapi.co/api/v2/language/7/"},"name":"Danza Caos"},{"language":{"name":"it","url":"https://pokeapi.co/api/v2/language/8/"},"name":"Strampadanza"},{"language":{"name":"en","url":"https://pokeapi.co/api/v2/language/9/"},"name":"Teeter Dance"},{"language":{"name":"ja","url":"https://pokeapi.co/api/v2/language/11/"},"name":"フラフラダンス"},{"language":{"name":"zh-Hans","url":"https://pokeapi.co/api/v2/language/12/"},"name":"摇晃舞"}],"past_values":[],"power":null,"pp":20,"priority":0,"stat_changes":[],"super_contest_effect":{"url":"https://pokeapi.co/api/v2/super-contest-effect/14/"},"target":{"name":"all-other-pokemon","url":"https://pokeapi.co/api/v2/move-target/9/"},"type":{"name":"normal","url":"https://pokeapi.co/api/v2/type/1/"}}