{"accuracy":100,"contest_combos":null,"contest_effect":{"url":"https://pokeapi.co/api/v2/contest-effect/4/"},"contest_type":{"name":"smart","url":"https://pokeapi.co/api/v2/contest-type/4/"},"damage_class":{"name":"physical","url":"https://pokeapi.co/api/v2/move-damage-class/2/"},"effect_chance":30,"effect_changes":[],"effect_entries":[{"effect":"Inflicts regular damage.  Has a $effect_chance% chance to make the target flinch.","language":{"name":"en","url":"https://pokeapi.co/api/v2/language/9/"},"short_effect":"Has a $effect_chance% chance to make the target flinch."}],"flavor_text_entries":[{"flavor_text":"用带刺的手臂\n猛烈地挥舞进行攻击。\n有时会使对手畏缩。","language":{"name":"zh-Hans","url":"https://pokeapi.co/api/v2/language/12/"},"version_group":{"name":"lets-go-pikachu-lets-go-eevee","url":"https://pokeapi.co/api/v2/version-group/19/"}},{"flavor_text":"トゲの　腕を\n激しく　ふるって　攻撃する。\n相手を　ひるませることが　ある。","language":{"name":"ja","url":"https://pokeapi.co/api/v2/language/11/"},"version_group":{"name":"lets-go-pikachu-lets-go-eevee","url":"https://pokeapi.co/api/v2/version-group/19/"}},{"flavor_text":"Attacks with thorny arms.\nMay cause flinching.","language":{"name":"en","url":"https://pokeapi.co/api/v2/language/9/"},"version_group":{"name":"ruby-sapphire","url":"https://pokeapi.co/api/v2/version-group/5/"}},{"flavor_text":"Attacks with thorny arms.\nMay cause flinching.","language":{"name":"en","url":"https://pokeapi.co/api/v2/language/9/"},"version_group":{"name":"emerald","url":"https://pokeapi.co/api/v2/version-group/6/"}},{"flavor_text":"An attack using\nthorny arms.\nIt may make the\nfoe flinch.","language":{"name":"en","url":"https://pokeapi.co/api/v2/language/9/"},"version_group":{"name":"firered-leafgreen","url":"https://pokeapi.co/api/v2/version-group/7/"}},{"flavor_text":"The user attacks by\nwildly swinging its\nthorny arms.\nIt may also make the\ntarget flinch.","language":{"name":"en","url":"https://pokeapi.co/api/v2/language/9/"},"version_group":{"name":"diamond-pearl","url":"https://pokeapi.co/api/v2/version-group/8/"}},{"flavor_text":"The user attacks by\nwildly swinging its\nthorny arms.\nIt may also make the\ntarget flinch.","language":{"name":"en","url":"https://pokeapi.co/api/v2/language/9/"},"version_group":{"name":"platinum","url":"https://pokeapi.co/api/v2/version-group/9/"}},{"flavor_text":"The user attacks by\nwildly swinging its\nthorny arms.\nIt may also make the\ntarget flinch.","language":{"name":"en","url":"https://pokeapi.co/api/v2/language/9/"},"version_group":{"name":"heartgold-soulsilver","url":"https://pokeapi.co/api/v2/version-group/10/"}},{"flavor_text":"Le lanceur attaque en fouettant l’ennemi\nde ses bras épineux. Peut aussi l’apeurer.","language":{"name":"fr","url":"https://pokeapi.co/api/v2/language/5/"},"version_group":{"name":"black-white","url":"https://pokeapi.co/api/v2/version-group/11/"}},{"flavor_text":"The user attacks by wildly swinging its\nthorny arms. It may also make the\ntarget flinch.","language":{"name":"en","url":"https://pokeapi.co/api/v2/language/9/"},"version_group":{"name":"black-white","url":"https://pokeapi.co/api/v2/version-group/11/"}},{"flavor_text":"The user attacks by wildly swinging its\nthorny arms. It may also make the\ntarget flinch.","language":{"name":"en","url":"https://pokeapi.co/api/v2/language/9/"},"version_group":{"name":"black-2-white-2","url":"https://pokeapi.co/api/v2/version-group/14/"}},{"flavor_text":"トゲの　うでを\nはげしく　ふるって　こうげきする。\nあいてを　ひるませる　ことが　ある。","language":{"name":"ja-Hrkt","url":"https://pokeapi.co/api/v2/language/1/"},"version_group":{"name":"x-y","url":"https://pokeapi.co/api/v2/version-group/15/"}},{"flavor_text":"바늘팔을\n세차게 흔들어 공격한다.\n상대를 풀죽게 만들 때가 있다.","language":{"name":"ko","url":"https://pokeapi.co/api/v2/language/3/"},"version_group":{"name":"x-y","url":"https://pokeapi.co/api/v2/version-group/15/"}},{"flavor_text":"Le lanceur attaque en fouettant l’ennemi de ses\nbras épineux. Peut aussi l’apeurer.","language":{"name":"fr","url":"https://pokeapi.co/api/v2/language/5/"},"version_group":{"name":"x-y","url":"https://pokeapi.co/api/v2/version-group/15/"}},{"flavor_text":"Angriff mit dornigen Armen.\nDas Ziel schreckt eventuell zurück.","language":{"name":"de","url":"https://pokeapi.co/api/v2/language/6/"},"version_group":{"name":"x-y","url":"https://pokeapi.co/api/v2/version-group/15/"}},{"flavor_text":"Pega con brazos de pinchos y puede hacer\nretroceder al objetivo.","language":{"name":"es","url":"https://pokeapi.co/api/v2/language/7/"},"version_group":{"name":"x-y","url":"https://pokeapi.co/api/v2/version-group/15/"}},{"flavor_text":"Chi la usa attacca colpendo il bersaglio con i suoi\narti pieni di spine. Può far tentennare il Pokémon\ncolpito.","language":{"name":"it","url":"https://pokeapi.co/api/v2/language/8/"},"version_group":{"name":"x-y","url":"https://pokeapi.co/api/v2/version-group/15/"}},{"flavor_text":"The user attacks by wildly swinging its\nthorny arms. This may also make the\ntarget flinch.","language":{"name":"en","url":"https://pokeapi.co/api/v2/language/9/"},"version_group":{"name":"x-y","url":"https://pokeapi.co/api/v2/version-group/15/"}},{"flavor_text":"トゲの　腕を\n激しく　ふるって　攻撃する。\n相手を　ひるませることが　ある。","language":{"name":"ja","url":"https://pokeapi.co/api/v2/language/11/"},"version_group":{"name":"x-y","url":"https://pokeapi.co/api/v2/version-group/15/"}},{"flavor_text":"トゲの　うでを\nはげしく　ふるって　こうげきする。\nあいてを　ひるませる　ことが　ある。","language":{"name":"ja-Hrkt","url":"https://pokeapi.co/api/v2/language/1/"},"version_group":{"name":"omega-ruby-alpha-sapphire","url":"https://pokeapi.co/api/v2/version-group/16/"}},{"flavor_text":"바늘팔을\n세차게 흔들어 공격한다.\n상대를 풀죽게 만들 때가 있다.","language":{"name":"ko","url":"https://pokeapi.co/api/v2/language/3/"},"version_group":{"name":"omega-ruby-alpha-sapphire","url":"https://pokeapi.co/api/v2/version-group/16/"}},{"flavor_text":"Le lanceur attaque en fouettant l’ennemi de ses\nbras épineux. Peut aussi l’apeurer.","language":{"name":"fr","url":"https://pokeapi.co/api/v2/language/5/"},"version_group":{"name":"omega-ruby-alpha-sapphire","url":"https://pokeapi.co/api/v2/version-group/16/"}},{"flavor_text":"Angriff mit dornigen Armen.\nDas Ziel schreckt eventuell zurück.","language":{"name":"de","url":"https://pokeapi.co/api/v2/language/6/"},"version_group":{"name":"omega-ruby-alpha-sapphire","url":"https://pokeapi.co/api/v2/version-group/16/"}},{"flavor_text":"Pega con brazos de pinchos y puede hacer\nretroceder al objetivo.","language":{"name":"es","url":"https://pokeapi.co/api/v2/language/7/"},"version_group":{"name":"omega-ruby-alpha-sapphire","url":"https://pokeapi.co/api/v2/version-group/16/"}},{"flavor_text":"Chi la usa attacca colpendo il bersaglio con i suoi\narti pieni di spine. Può far tentennare il Pokémon\ncolpito.","language":{"name":"it","url":"https://pokeapi.co/api/v2/language/8/"},"version_group":{"name":"omega-ruby-alpha-sapphire","url":"https://pokeapi.co/api/v2/version-group/16/"}},{"flavor_text":"The user attacks by wildly swinging its\nthorny arms. This may also make the\ntarget flinch.","language":{"name":"en","url":"https://pokeapi.co/api/v2/language/9/"},"version_group":{"name":"omega-ruby-alpha-sapphire","url":"https://pokeapi.co/api/v2/version-group/16/"}},{"flavor_text":"トゲの　腕を\n激しく　ふるって　攻撃する。\n相手を　ひるませることが　ある。","language":{"name":"ja","url":"https://pokeapi.co/api/v2/language/11/"},"version_group":{"name":"omega-ruby-alpha-sapphire","url":"https://pokeapi.co/api/v2/version-group/16/"}},{"flavor_text":"トゲの　うでを\nはげしく　ふるって　こうげきする。\nあいてを　ひるませる　ことが　ある。","language":{"name":"ja-Hrkt","url":"https://pokeapi.co/api/v2/language/1/"},"version_group":{"name":"sun-moon","url":"https://pokeapi.co/api/v2/version-group/17/"}},{"flavor_text":"바늘팔을\n세차게 흔들어 공격한다.\n상대를 풀죽게 만들 때가 있다.","language":{"name":"ko","url":"https://pokeapi.co/api/v2/language/3/"},"version_group":{"name":"sun-moon","url":"https://pokeapi.co/api/v2/version-group/17/"}},{"flavor_text":"用帶刺的手臂\n猛烈揮打進行攻擊。\n有時會使對手畏縮。","language":{"name":"zh-Hant","url":"https://pokeapi.co/api/v2/language/4/"},"version_group":{"name":"sun-moon","url":"https://pokeapi.co/api/v2/version-group/17/"}},{"flavor_text":"Le lanceur attaque en fouettant l’ennemi de ses\nbras épineux. Peut aussi l’apeurer.","language":{"name":"fr","url":"https://pokeapi.co/api/v2/language/5/"},"version_group":{"name":"sun-moon","url":"https://pokeapi.co/api/v2/version-group/17/"}},{"flavor_text":"Angriff mit dornigen Armen. Das Ziel schreckt\neventuell zurück.","language":{"name":"de","url":"https://pokeapi.co/api/v2/language/6/"},"version_group":{"name":"sun-moon","url":"https://pokeapi.co/api/v2/version-group/17/"}},{"flavor_text":"Pega con brazos de pinchos y puede hacer\nretroceder al objetivo.","language":{"name":"es","url":"https://pokeapi.co/api/v2/language/7/"},"version_group":{"name":"sun-moon","url":"https://pokeapi.co/api/v2/version-group/17/"}},{"flavor_text":"Chi la usa attacca colpendo il bersaglio con i suoi\narti pieni di spine. Può far tentennare il Pokémon\ncolpito.","language":{"name":"it","url":"https://pokeapi.co/api/v2/language/8/"},"version_group":{"name":"sun-moon","url":"https://pokeapi.co/api/v2/version-group/17/"}},{"flavor_text":"The user attacks by wildly swinging its thorny arms.\nThis may also make the target flinch.","language":{"name":"en","url":"https://pokeapi.co/api/v2/language/9/"},"version_group":{"name":"sun-moon","url":"https://pokeapi.co/api/v2/version-group/17/"}},{"flavor_text":"トゲの　腕を\n激しく　ふるって　攻撃する。\n相手を　ひるませることが　ある。","language":{"name":"ja","url":"https://pokeapi.co/api/v2/language/11/"},"version_group":{"name":"sun-moon","url":"https://pokeapi.co/api/v2/version-group/17/"}},{"flavor_text":"用带刺的手臂\n猛烈地挥舞进行攻击。\n有时会使对手畏缩。","language":{"name":"zh-Hans","url":"https://pokeapi.co/api/v2/language/12/"},"version_group":{"name":"sun-moon","url":"https://pokeapi.co/api/v2/version-group/17/"}},{"flavor_text":"トゲの　うでを\nはげしく　ふるって　こうげきする。\nあいてを　ひるませる　ことが　ある。","language":{"name":"ja-Hrkt","url":"https://pokeapi.co/api/v2/language/1/"},"version_group":{"name":"ultra-sun-ultra-moon","url":"https://pokeapi.co/api/v2/version-group/18/"}},{"flavor_text":"바늘팔을\n세차게 흔들어 공격한다.\n상대를 풀죽게 만들 때가 있다.","language":{"name":"ko","url":"https://pokeapi.co/api/v2/language/3/"},"version_group":{"name":"ultra-sun-ultra-moon","url":"https://pokeapi.co/api/v2/version-group/18/"}},{"flavor_text":"用帶刺的手臂\n猛烈揮打進行攻擊。\n有時會使對手畏縮。","language":{"name":"zh-Hant","url":"https://pokeapi.co/api/v2/language/4/"},"version_group":{"name":"ultra-sun-ultra-moon","url":"https://pokeapi.co/api/v2/version-group/18/"}},{"flavor_text":"Le lanceur attaque en fouettant l’ennemi de ses\nbras épineux. Peut aussi l’apeurer.","language":{"name":"fr","url":"https://pokeapi.co/api/v2/language/5/"},"version_group":{"name":"ultra-sun-ultra-moon","url":"https://pokeapi.co/api/v2/version-group/18/"}},{"flavor_text":"Angriff mit dornigen Armen. Das Ziel schreckt\neventuell zurück.","language":{"name":"de","url":"https://pokeapi.co/api/v2/language/6/"},"version_group":{"name":"ultra-sun-ultra-moon","url":"https://pokeapi.co/api/v2/version-group/18/"}},{"flavor_text":"Pega con brazos de pinchos y puede hacer\nretroceder al objetivo.","language":{"name":"es","url":"https://pokeapi.co/api/v2/language/7/"},"version_group":{"name":"ultra-sun-ultra-moon","url":"https://pokeapi.co/api/v2/version-group/18/"}},{"flavor_text":"Chi la usa attacca colpendo il bersaglio con i suoi\narti pieni di spine. Può far tentennare il Pokémon\ncolpito.","language":{"name":"it","url":"https://pokeapi.co/api/v2/language/8/"},"version_group":{"name":"ultra-sun-ultra-moon","url":"https://pokeapi.co/api/v2/version-group/18/"}},{"flavor_text":"The user attacks by wildly swinging its thorny arms.\nThis may also make the target flinch.","language":{"name":"en","url":"https://pokeapi.co/api/v2/language/9/"},"version_group":{"name":"ultra-sun-ultra-moon","url":"https://pokeapi.co/api/v2/version-group/18/"}},{"flavor_text":"トゲの　腕を\n激しく　ふるって　攻撃する。\n相手を　ひるませることが　ある。","language":{"name":"ja","url":"https://pokeapi.co/api/v2/language/11/"},"version_group":{"name":"ultra-sun-ultra-moon","url":"https://pokeapi.co/api/v2/version-group/18/"}},{"flavor_text":"用带刺的手臂\n猛烈地挥舞进行攻击。\n有时会使对手畏缩。","language":{"name":"zh-Hans","url":"https://pokeapi.co/api/v2/language/12/"},"version_group":{"name":"ultra-sun-ultra-moon","url":"https://pokeapi.co/api/v2/version-group/18/"}},{"flavor_text":"トゲの　うでを\nはげしく　ふるって　こうげきする。\nあいてを　ひるませる　ことが　ある。","language":{"name":"ja-Hrkt","url":"https://pokeapi.co/api/v2/language/1/"},"version_group":{"name":"lets-go-pikachu-lets-go-eevee","url":"https://pokeapi.co/api/v2/version-group/19/"}},{"flavor_text":"바늘팔을\n세차게 흔들어 공격한다.\n상대를 풀죽게 만들 때가 있다.","language":{"name":"ko","url":"https://pokeapi.co/api/v2/language/3/"},"version_group":{"name":"lets-go-pikachu-lets-go-eevee","url":"https://pokeapi.co/api/v2/version-group/19/"}},{"flavor_text":"用帶刺的手臂\n猛烈揮打進行攻擊。\n有時會使對手畏縮。","language":{"name":"zh-Hant","url":"https://pokeapi.co/api/v2/language/4/"},"version_group":{"name":"lets-go-pikachu-lets-go-eevee","url":"https://pokeapi.co/api/v2/version-group/19/"}},{"flavor_text":"Le lanceur attaque en fouettant l’ennemi\nde ses bras épineux. Peut aussi l’apeurer.","language":{"name":"fr","url":"https://pokeapi.co/api/v2/language/5/"},"version_group":{"name":"lets-go-pikachu-lets-go-eevee","url":"https://pokeapi.co/api/v2/version-group/19/"}},{"flavor_text":"Angriff mit dornigen Armen. Das Ziel schreckt\neventuell zurück.","language":{"name":"de","url":"https://pokeapi.co/api/v2/language/6/"},"version_group":{"name":"lets-go-pikachu-lets-go-eevee","url":"https://pokeapi.co/api/v2/version-group/19/"}},{"flavor_text":"Pega con brazos de pinchos y puede hacer\nretroceder al objetivo.","language":{"name":"es","url":"https://pokeapi.co/api/v2/language/7/"},"version_group":{"name":"lets-go-pikachu-lets-go-eevee","url":"https://pokeapi.co/api/v2/version-group/19/"}},{"flavor_text":"Chi la usa attacca colpendo il bersaglio con i suoi\narti pieni di spine. Può far tentennare il Pokémon\ncolpito.","language":{"name":"it","url":"https://pokeapi.co/api/v2/language/8/"},"version_group":{"name":"lets-go-pikachu-lets-go-eevee","url":"https://pokeapi.co/api/v2/version-group/19/"}},{"flavor_text":"The user attacks by wildly swinging its thorny arms.\nThis may also make the target flinch.","language":{"name":"en","url":"https://pokeapi.co/api/v2/language/9/"},"version_group":{"name":"lets-go-pikachu-lets-go-eevee","url":"https://pokeapi.co/api/v2/version-group/19/"}},{"flavor_text":"このわざは　つかえません\nおもいだすことが　できなくなりますが\nわざを　わすれることを　おすすめします","language":{"name":"ja-Hrkt","url":"https://pokeapi.co/api/v2/language/1/"},"version_group":{"name":"sword-shield","url":"https://pokeapi.co/api/v2/version-group/20/"}},{"flavor_text":"사용할 수 없는 기술입니다.\n다시 배우게 할 수 없지만\n기술을 잊게 하는 것을 권장합니다.","language":{"name":"ko","url":"https://pokeapi.co/api/v2/language/3/"},"version_group":{"name":"sword-shield","url":"https://pokeapi.co/api/v2/version-group/20/"}},{"flavor_text":"無法使用此招式。\n雖然忘記後將無法再想起來，\n但還是建議忘記此招式。","language":{"name":"zh-Hant","url":"https://pokeapi.co/api/v2/language/4/"},"version_group":{"name":"sword-shield","url":"https://pokeapi.co/api/v2/version-group/20/"}},{"flavor_text":"Cette capacité ne peut pas être utilisée.\nIl est recommandé de l’oublier, même s’il sera\nimpossible de se la remémorer une fois oubliée.","language":{"name":"fr","url":"https://pokeapi.co/api/v2/language/5/"},"version_group":{"name":"sword-shield","url":"https://pokeapi.co/api/v2/version-group/20/"}},{"flavor_text":"Diese Attacke kann nicht eingesetzt werden. Du solltest\ndein Pokémon sie vergessen lassen. Beachte aber,\ndass es sich danach nicht wieder an sie erinnern kann.","language":{"name":"de","url":"https://pokeapi.co/api/v2/language/6/"},"version_group":{"name":"sword-shield","url":"https://pokeapi.co/api/v2/version-group/20/"}},{"flavor_text":"Este movimiento no se puede usar, por lo que sería\nmejor olvidarlo, aunque eso implique que no se pueda\nrecordar posteriormente.","language":{"name":"es","url":"https://pokeapi.co/api/v2/language/7/"},"version_group":{"name":"sword-shield","url":"https://pokeapi.co/api/v2/version-group/20/"}},{"flavor_text":"Questa mossa non può essere usata.\nÈ consigliabile farla dimenticare al Pokémon. Tuttavia,\nuna volta dimenticata, non potrà più essere ricordata.","language":{"name":"it","url":"https://pokeapi.co/api/v2/language/8/"},"version_group":{"name":"sword-shield","url":"https://pokeapi.co/api/v2/version-group/20/"}},{"flavor_text":"This move can’t be used.\nIt’s recommended that this move is forgotten.\nOnce forgotten, this move can’t be remembered.","language":{"name":"en","url":"https://pokeapi.co/api/v2/language/9/"},"version_group":{"name":"sword-shield","url":"https://pokeapi.co/api/v2/version-group/20/"}},{"flavor_text":"この技は　使えません\n思い出すことが　できなくなりますが\n技を　忘れることを　おすすめします","language":{"name":"ja","url":"https://pokeapi.co/api/v2/language/11/"},"version_group":{"name":"sword-shield","url":"https://pokeapi.co/api/v2/version-group/20/"}},{"flavor_text":"无法使用这个招式。\n虽然忘记之后就再也想不起来了，\n但还是建议忘记这个招式。","language":{"name":"zh-Hans","url":"https://pokeapi.co/api/v2/language/12/"},"version_group":{"name":"sword-shield","url":"https://pokeapi.co/api/v2/version-group/20/"}}],"generation":{"name":"generation-iii","url":"https://pokeapi.co/api/v2/generation/3/"},"id":302,"learned_by_pokemon":[{"name":"cacnea","url":"https://pokeapi.co/api/v2/pokemon/331/"},{"name":"cacturne","url":"https://pokeapi.co/api/v2/pokemon/332/"},{"name":"maractus","url":"https://pokeapi.co/api/v2/pokemon/556/"},{"name":"quilladin","url":"https://pokeapi.co/api/v2/pokemon/651/"},{"name":"chesnaught","url":"https://pokeapi.co/api/v2/pokemon/652/"}],"machines":[],"meta":{"ailment":{"name":"none","url":"https://pokeapi.co/api/v2/move-ailment/0/"},"ailment_chance":0,"category":{"name":"damage","url":"https://pokeapi.co/api/v2/move-category/0/"},"crit_rate":0,"drain":0,"flinch_chance":30,"healing":0,"max_hits":null,"max_turns":null,"min_hits":null,"min_turns":null,"stat_chance":0},"name":"needle-arm","names":[{"language":{"name":"ja-Hrkt","url":"https://pokeapi.co/api/v2/language/1/"},"name":"ニードルアーム"},{"language":{"name":"ko","url":"https://pokeapi.co/api/v2/language/3/"},"name":"바늘팔"},{"language":{"name":"zh-Hant","url":"https://pokeapi.co/api/v2/language/4/"},"name":"尖刺臂"},{"language":{"name":"fr","url":"https://pokeapi.co/api/v2/language/5/"},"name":"Poing Dard"},{"language":{"name":"de","url":"https://pokeapi.co/api/v2/language/6/"},"name":"Nietenranke"},{"language":{"name":"es","url":"https://pokeapi.co/api/v2/language/7/"},"name":"Brazo Pincho"},{"language":{"name":"it","url":"https://pokeapi.co/api/v2/language/8/"},"name":"Pugnospine"},{"language":{"name":"en","url":"https://pokeapi.co/api/v2/language/9/"},"name":"Needle Arm"},{"language":{"name":"ja","url":"https://pokeapi.co/api/v2/language/11/"},"name":"ニードルアーム"},{"language":{"name":"zh-Hans","url":"https://pokeapi.co/api/v2/language/12/"},"name":"尖刺臂"}],"past_values":[],"power":60,"pp":15,"priority":0,"stat_changes":[],"super_contest_effect":{"url":"https://pokeapi.co/api/v2/super-contest-effect/5/"},"target":{"name":"selected-pokemon","url":"https://pokeapi.co/api/v2/move-target/10/"},"type":{"name":"grass","url":"https://pokeapi.co/api/v2/type/12/"}}