{"accuracy":100,"contest_combos":null,"contest_effect":{"url":"https://pokeapi.co/api/v2/contest-effect/32/"},"contest_type":{"name":"beauty","url":"https://pokeapi.co/api/v2/contest-type/2/"},"damage_class":{"name":"special","url":"https://pokeapi.co/api/v2/move-damage-class/3/"},"effect_chance":10,"effect_changes":[],"effect_entries":[{"effect":"Inflicts regular damage. Has a $effect_chance% chance to raise all of the user's stats one stage.","language":{"name":"en","url":"https://pokeapi.co/api/v2/language/9/"},"short_effect":"Has a $effect_chance% chance to raise all of the user's stats by one stage."}],"flavor_text_entries":[{"flavor_text":"A powdery attack that may\nraise abilities.","language":{"name":"en","url":"https://pokeapi.co/api/v2/language/9/"},"version_group":{"name":"emerald","url":"https://pokeapi.co/api/v2/version-group/6/"}},{"flavor_text":"A powdery attack that may\nraise abilities.","language":{"name":"en","url":"https://pokeapi.co/api/v2/language/9/"},"version_group":{"name":"ruby-sapphire","url":"https://pokeapi.co/api/v2/version-group/5/"}},{"flavor_text":"The foe is attacked\nwith a silver dust.\nIt may raise all\nthe user’s stats.","language":{"name":"en","url":"https://pokeapi.co/api/v2/language/9/"},"version_group":{"name":"firered-leafgreen","url":"https://pokeapi.co/api/v2/version-group/7/"}},{"flavor_text":"The foe is attacked\nwith powdery scales\nblown by wind.\nIt may also raise all\nthe user’s stats.","language":{"name":"en","url":"https://pokeapi.co/api/v2/language/9/"},"version_group":{"name":"diamond-pearl","url":"https://pokeapi.co/api/v2/version-group/8/"}},{"flavor_text":"The foe is attacked\nwith powdery scales\nblown by wind.\nIt may also raise all\nthe user’s stats.","language":{"name":"en","url":"https://pokeapi.co/api/v2/language/9/"},"version_group":{"name":"platinum","url":"https://pokeapi.co/api/v2/version-group/9/"}},{"flavor_text":"The foe is attacked\nwith powdery scales\nblown by wind.\nIt may also raise all\nthe user’s stats.","language":{"name":"en","url":"https://pokeapi.co/api/v2/language/9/"},"version_group":{"name":"heartgold-soulsilver","url":"https://pokeapi.co/api/v2/version-group/10/"}},{"flavor_text":"Vent qui projette des écailles poudreuses\nsur l’ennemi. Peut aussi monter toutes\nles stats du lanceur.","language":{"name":"fr","url":"https://pokeapi.co/api/v2/language/5/"},"version_group":{"name":"black-white","url":"https://pokeapi.co/api/v2/version-group/11/"}},{"flavor_text":"The target is attacked with powdery\nscales blown by wind.\nIt may also raise all the user’s stats.","language":{"name":"en","url":"https://pokeapi.co/api/v2/language/9/"},"version_group":{"name":"black-white","url":"https://pokeapi.co/api/v2/version-group/11/"}},{"flavor_text":"The target is attacked with powdery\nscales blown by wind.\nIt may also raise all the user’s stats.","language":{"name":"en","url":"https://pokeapi.co/api/v2/language/9/"},"version_group":{"name":"black-2-white-2","url":"https://pokeapi.co/api/v2/version-group/14/"}},{"flavor_text":"かぜに　りんぷんを　のせて　あいてを\nこうげきする。じぶんの　すべての\nのうりょくが　あがることが　ある。","language":{"name":"ja-Hrkt","url":"https://pokeapi.co/api/v2/language/1/"},"version_group":{"name":"x-y","url":"https://pokeapi.co/api/v2/version-group/15/"}},{"flavor_text":"바람에 날개 가루를 날려서 상대를\n공격한다. 자신의 모든\n능력이 올라갈 때가 있다.","language":{"name":"ko","url":"https://pokeapi.co/api/v2/language/3/"},"version_group":{"name":"x-y","url":"https://pokeapi.co/api/v2/version-group/15/"}},{"flavor_text":"Vent qui projette des écailles poudreuses sur\nl’ennemi. Peut aussi monter toutes les stats\ndu lanceur.","language":{"name":"fr","url":"https://pokeapi.co/api/v2/language/5/"},"version_group":{"name":"x-y","url":"https://pokeapi.co/api/v2/version-group/15/"}},{"flavor_text":"Angriff mit Silberstaub. Eventuell werden\nalle Statuswerte des Anwenders erhöht.","language":{"name":"de","url":"https://pokeapi.co/api/v2/language/6/"},"version_group":{"name":"x-y","url":"https://pokeapi.co/api/v2/version-group/15/"}},{"flavor_text":"Fuerte viento con polvo de escamas. Puede subir\ntodas las características de quien lo usa.","language":{"name":"es","url":"https://pokeapi.co/api/v2/language/7/"},"version_group":{"name":"x-y","url":"https://pokeapi.co/api/v2/version-group/15/"}},{"flavor_text":"Attacca con un forte vento di polvere di squame.\nTutte le statistiche di chi la usa possono salire.","language":{"name":"it","url":"https://pokeapi.co/api/v2/language/8/"},"version_group":{"name":"x-y","url":"https://pokeapi.co/api/v2/version-group/15/"}},{"flavor_text":"The target is attacked with powdery\nscales blown by wind.\nThis may also raise all the user’s stats.","language":{"name":"en","url":"https://pokeapi.co/api/v2/language/9/"},"version_group":{"name":"x-y","url":"https://pokeapi.co/api/v2/version-group/15/"}},{"flavor_text":"風に　りんぷんを　のせて　相手を\n攻撃する。自分の　すべての\n能力が　あがることが　ある。","language":{"name":"ja","url":"https://pokeapi.co/api/v2/language/11/"},"version_group":{"name":"x-y","url":"https://pokeapi.co/api/v2/version-group/15/"}},{"flavor_text":"かぜに　りんぷんを　のせて　あいてを\nこうげきする。じぶんの　すべての\nのうりょくが　あがることが　ある。","language":{"name":"ja-Hrkt","url":"https://pokeapi.co/api/v2/language/1/"},"version_group":{"name":"omega-ruby-alpha-sapphire","url":"https://pokeapi.co/api/v2/version-group/16/"}},{"flavor_text":"바람에 날개 가루를 날려서 상대를\n공격한다. 자신의 모든\n능력이 올라갈 때가 있다.","language":{"name":"ko","url":"https://pokeapi.co/api/v2/language/3/"},"version_group":{"name":"omega-ruby-alpha-sapphire","url":"https://pokeapi.co/api/v2/version-group/16/"}},{"flavor_text":"Vent qui projette des écailles poudreuses sur\nl’ennemi. Peut aussi monter toutes les stats\ndu lanceur.","language":{"name":"fr","url":"https://pokeapi.co/api/v2/language/5/"},"version_group":{"name":"omega-ruby-alpha-sapphire","url":"https://pokeapi.co/api/v2/version-group/16/"}},{"flavor_text":"Angriff mit Silberstaub. Eventuell werden\nalle Statuswerte des Anwenders erhöht.","language":{"name":"de","url":"https://pokeapi.co/api/v2/language/6/"},"version_group":{"name":"omega-ruby-alpha-sapphire","url":"https://pokeapi.co/api/v2/version-group/16/"}},{"flavor_text":"Fuerte viento con polvo de escamas. Puede subir \ntodas las características de quien lo usa.","language":{"name":"es","url":"https://pokeapi.co/api/v2/language/7/"},"version_group":{"name":"omega-ruby-alpha-sapphire","url":"https://pokeapi.co/api/v2/version-group/16/"}},{"flavor_text":"Attacca con un forte vento di polvere di squame.\nTutte le statistiche di chi la usa possono salire.","language":{"name":"it","url":"https://pokeapi.co/api/v2/language/8/"},"version_group":{"name":"omega-ruby-alpha-sapphire","url":"https://pokeapi.co/api/v2/version-group/16/"}},{"flavor_text":"The target is attacked with powdery\nscales blown by wind.\nThis may also raise all the user’s stats.","language":{"name":"en","url":"https://pokeapi.co/api/v2/language/9/"},"version_group":{"name":"omega-ruby-alpha-sapphire","url":"https://pokeapi.co/api/v2/version-group/16/"}},{"flavor_text":"風に　りんぷんを　のせて　相手を\n攻撃する。自分の　すべての\n能力が　あがることが　ある。","language":{"name":"ja","url":"https://pokeapi.co/api/v2/language/11/"},"version_group":{"name":"omega-ruby-alpha-sapphire","url":"https://pokeapi.co/api/v2/version-group/16/"}},{"flavor_text":"かぜに　りんぷんを　のせて　あいてを\nこうげきする。じぶんの　すべての\nのうりょくが　あがることが　ある。","language":{"name":"ja-Hrkt","url":"https://pokeapi.co/api/v2/language/1/"},"version_group":{"name":"sun-moon","url":"https://pokeapi.co/api/v2/version-group/17/"}},{"flavor_text":"바람에 날개 가루를 날려서 상대를\n공격한다. 자신의 모든\n능력이 올라갈 때가 있다.","language":{"name":"ko","url":"https://pokeapi.co/api/v2/language/3/"},"version_group":{"name":"sun-moon","url":"https://pokeapi.co/api/v2/version-group/17/"}},{"flavor_text":"乘著風飄送鱗粉攻擊對手。\n有時會提高自己的所有能力。","language":{"name":"zh-Hant","url":"https://pokeapi.co/api/v2/language/4/"},"version_group":{"name":"sun-moon","url":"https://pokeapi.co/api/v2/version-group/17/"}},{"flavor_text":"Vent qui projette des écailles poudreuses sur\nl’ennemi. Peut aussi monter toutes les stats\ndu lanceur.","language":{"name":"fr","url":"https://pokeapi.co/api/v2/language/5/"},"version_group":{"name":"sun-moon","url":"https://pokeapi.co/api/v2/version-group/17/"}},{"flavor_text":"Angriff mit Silberstaub. Eventuell werden alle\nStatuswerte des Anwenders erhöht.","language":{"name":"de","url":"https://pokeapi.co/api/v2/language/6/"},"version_group":{"name":"sun-moon","url":"https://pokeapi.co/api/v2/version-group/17/"}},{"flavor_text":"Fuerte viento con polvo de escamas. Puede subir \ntodas las características de quien lo usa.","language":{"name":"es","url":"https://pokeapi.co/api/v2/language/7/"},"version_group":{"name":"sun-moon","url":"https://pokeapi.co/api/v2/version-group/17/"}},{"flavor_text":"Attacca con un forte vento di polvere di squame.\nTutte le statistiche di chi la usa possono salire.","language":{"name":"it","url":"https://pokeapi.co/api/v2/language/8/"},"version_group":{"name":"sun-moon","url":"https://pokeapi.co/api/v2/version-group/17/"}},{"flavor_text":"The target is attacked with powdery scales blown\nby the wind. This may also raise all the user’s stats.","language":{"name":"en","url":"https://pokeapi.co/api/v2/language/9/"},"version_group":{"name":"sun-moon","url":"https://pokeapi.co/api/v2/version-group/17/"}},{"flavor_text":"風に　りんぷんを　のせて　相手を\n攻撃する。自分の　すべての\n能力が　あがることが　ある。","language":{"name":"ja","url":"https://pokeapi.co/api/v2/language/11/"},"version_group":{"name":"sun-moon","url":"https://pokeapi.co/api/v2/version-group/17/"}},{"flavor_text":"在风中掺入鳞粉攻击对手。\n有时会提高自己的全部能力。","language":{"name":"zh-Hans","url":"https://pokeapi.co/api/v2/language/12/"},"version_group":{"name":"sun-moon","url":"https://pokeapi.co/api/v2/version-group/17/"}},{"flavor_text":"かぜに　りんぷんを　のせて　あいてを\nこうげきする。じぶんの　すべての\nのうりょくが　あがることが　ある。","language":{"name":"ja-Hrkt","url":"https://pokeapi.co/api/v2/language/1/"},"version_group":{"name":"ultra-sun-ultra-moon","url":"https://pokeapi.co/api/v2/version-group/18/"}},{"flavor_text":"바람에 날개 가루를 날려서 상대를\n공격한다. 자신의 모든\n능력이 올라갈 때가 있다.","language":{"name":"ko","url":"https://pokeapi.co/api/v2/language/3/"},"version_group":{"name":"ultra-sun-ultra-moon","url":"https://pokeapi.co/api/v2/version-group/18/"}},{"flavor_text":"乘著風飄送鱗粉攻擊對手。\n有時會提高自己的所有能力。","language":{"name":"zh-Hant","url":"https://pokeapi.co/api/v2/language/4/"},"version_group":{"name":"ultra-sun-ultra-moon","url":"https://pokeapi.co/api/v2/version-group/18/"}},{"flavor_text":"Vent qui projette des écailles poudreuses sur\nl’ennemi. Peut aussi monter toutes les stats\ndu lanceur.","language":{"name":"fr","url":"https://pokeapi.co/api/v2/language/5/"},"version_group":{"name":"ultra-sun-ultra-moon","url":"https://pokeapi.co/api/v2/version-group/18/"}},{"flavor_text":"Angriff mit Silberstaub. Eventuell werden alle\nStatuswerte des Anwenders erhöht.","language":{"name":"de","url":"https://pokeapi.co/api/v2/language/6/"},"version_group":{"name":"ultra-sun-ultra-moon","url":"https://pokeapi.co/api/v2/version-group/18/"}},{"flavor_text":"Fuerte viento con polvo de escamas. Puede subir \ntodas las características de quien lo usa.","language":{"name":"es","url":"https://pokeapi.co/api/v2/language/7/"},"version_group":{"name":"ultra-sun-ultra-moon","url":"https://pokeapi.co/api/v2/version-group/18/"}},{"flavor_text":"Attacca con un forte vento di polvere di squame.\nTutte le statistiche di chi la usa possono salire.","language":{"name":"it","url":"https://pokeapi.co/api/v2/language/8/"},"version_group":{"name":"ultra-sun-ultra-moon","url":"https://pokeapi.co/api/v2/version-group/18/"}},{"flavor_text":"The target is attacked with powdery scales blown\nby the wind. This may also raise all the user’s stats.","language":{"name":"en","url":"https://pokeapi.co/api/v2/language/9/"},"version_group":{"name":"ultra-sun-ultra-moon","url":"https://pokeapi.co/api/v2/version-group/18/"}},{"flavor_text":"風に　りんぷんを　のせて　相手を\n攻撃する。自分の　すべての\n能力が　あがることが　ある。","language":{"name":"ja","url":"https://pokeapi.co/api/v2/language/11/"},"version_group":{"name":"ultra-sun-ultra-moon","url":"https://pokeapi.co/api/v2/version-group/18/"}},{"flavor_text":"在风中掺入鳞粉攻击对手。\n有时会提高自己的全部能力。","language":{"name":"zh-Hans","url":"https://pokeapi.co/api/v2/language/12/"},"version_group":{"name":"ultra-sun-ultra-moon","url":"https://pokeapi.co/api/v2/version-group/18/"}},{"flavor_text":"かぜに　りんぷんを　のせて　あいてを\nこうげきする。じぶんの　すべての\nのうりょくが　あがることが　ある。","language":{"name":"ja-Hrkt","url":"https://pokeapi.co/api/v2/language/1/"},"version_group":{"name":"lets-go-pikachu-lets-go-eevee","url":"https://pokeapi.co/api/v2/version-group/19/"}},{"flavor_text":"바람에 날개 가루를 날려서 상대를\n공격한다. 자신의 모든\n능력이 올라갈 때가 있다.","language":{"name":"ko","url":"https://pokeapi.co/api/v2/language/3/"},"version_group":{"name":"lets-go-pikachu-lets-go-eevee","url":"https://pokeapi.co/api/v2/version-group/19/"}},{"flavor_text":"乘著風飄送鱗粉攻擊對手。\n有時會提高自己的所有能力。","language":{"name":"zh-Hant","url":"https://pokeapi.co/api/v2/language/4/"},"version_group":{"name":"lets-go-pikachu-lets-go-eevee","url":"https://pokeapi.co/api/v2/version-group/19/"}},{"flavor_text":"Un vent se lève et projette des écailles poudreuses\nsur l’ennemi. Peut aussi monter toutes les stats du lanceur.","language":{"name":"fr","url":"https://pokeapi.co/api/v2/language/5/"},"version_group":{"name":"lets-go-pikachu-lets-go-eevee","url":"https://pokeapi.co/api/v2/version-group/19/"}},{"flavor_text":"Angriff mit Silberstaub. Eventuell werden alle\nStatuswerte des Anwenders erhöht.","language":{"name":"de","url":"https://pokeapi.co/api/v2/language/6/"},"version_group":{"name":"lets-go-pikachu-lets-go-eevee","url":"https://pokeapi.co/api/v2/version-group/19/"}},{"flavor_text":"Fuerte viento con polvo de escamas. Puede subir \ntodas las características de quien lo usa.","language":{"name":"es","url":"https://pokeapi.co/api/v2/language/7/"},"version_group":{"name":"lets-go-pikachu-lets-go-eevee","url":"https://pokeapi.co/api/v2/version-group/19/"}},{"flavor_text":"Attacca con un forte vento di polvere di squame.\nTutte le statistiche di chi la usa possono salire.","language":{"name":"it","url":"https://pokeapi.co/api/v2/language/8/"},"version_group":{"name":"lets-go-pikachu-lets-go-eevee","url":"https://pokeapi.co/api/v2/version-group/19/"}},{"flavor_text":"The target is attacked with powdery scales blown\nby the wind. This may also raise all the user’s stats.","language":{"name":"en","url":"https://pokeapi.co/api/v2/language/9/"},"version_group":{"name":"lets-go-pikachu-lets-go-eevee","url":"https://pokeapi.co/api/v2/version-group/19/"}},{"flavor_text":"風に　りんぷんを　のせて　相手を\n攻撃する。自分の　すべての\n能力が　あがることが　ある。","language":{"name":"ja","url":"https://pokeapi.co/api/v2/language/11/"},"version_group":{"name":"lets-go-pikachu-lets-go-eevee","url":"https://pokeapi.co/api/v2/version-group/19/"}},{"flavor_text":"在风中掺入鳞粉攻击对手。\n有时会提高自己的全部能力。","language":{"name":"zh-Hans","url":"https://pokeapi.co/api/v2/language/12/"},"version_group":{"name":"lets-go-pikachu-lets-go-eevee","url":"https://pokeapi.co/api/v2/version-group/19/"}},{"flavor_text":"このわざは　つかえません\nおもいだすことが　できなくなりますが\nわざを　わすれることを　おすすめします","language":{"name":"ja-Hrkt","url":"https://pokeapi.co/api/v2/language/1/"},"version_group":{"name":"sword-shield","url":"https://pokeapi.co/api/v2/version-group/20/"}},{"flavor_text":"사용할 수 없는 기술입니다.\n다시 배우게 할 수 없지만\n기술을 잊게 하는 것을 권장합니다.","language":{"name":"ko","url":"https://pokeapi.co/api/v2/language/3/"},"version_group":{"name":"sword-shield","url":"https://pokeapi.co/api/v2/version-group/20/"}},{"flavor_text":"無法使用此招式。\n雖然忘記後將無法再想起來，\n但還是建議忘記此招式。","language":{"name":"zh-Hant","url":"https://pokeapi.co/api/v2/language/4/"},"version_group":{"name":"sword-shield","url":"https://pokeapi.co/api/v2/version-group/20/"}},{"flavor_text":"Cette capacité ne peut pas être utilisée.\nIl est recommandé de l’oublier, même s’il sera\nimpossible de se la remémorer une fois oubliée.","language":{"name":"fr","url":"https://pokeapi.co/api/v2/language/5/"},"version_group":{"name":"sword-shield","url":"https://pokeapi.co/api/v2/version-group/20/"}},{"flavor_text":"Diese Attacke kann nicht eingesetzt werden. Du solltest\ndein Pokémon sie vergessen lassen. Beachte aber,\ndass es sich danach nicht wieder an sie erinnern kann.","language":{"name":"de","url":"https://pokeapi.co/api/v2/language/6/"},"version_group":{"name":"sword-shield","url":"https://pokeapi.co/api/v2/version-group/20/"}},{"flavor_text":"Este movimiento no se puede usar, por lo que sería\nmejor olvidarlo, aunque eso implique que no se pueda\nrecordar posteriormente.","language":{"name":"es","url":"https://pokeapi.co/api/v2/language/7/"},"version_group":{"name":"sword-shield","url":"https://pokeapi.co/api/v2/version-group/20/"}},{"flavor_text":"Questa mossa non può essere usata.\nÈ consigliabile farla dimenticare al Pokémon. Tuttavia,\nuna volta dimenticata, non potrà più essere ricordata.","language":{"name":"it","url":"https://pokeapi.co/api/v2/language/8/"},"version_group":{"name":"sword-shield","url":"https://pokeapi.co/api/v2/version-group/20/"}},{"flavor_text":"This move can’t be used.\nIt’s recommended that this move is forgotten.\nOnce forgotten, this move can’t be remembered.","language":{"name":"en","url":"https://pokeapi.co/api/v2/language/9/"},"version_group":{"name":"sword-shield","url":"https://pokeapi.co/api/v2/version-group/20/"}},{"flavor_text":"この技は　使えません\n思い出すことが　できなくなりますが\n技を　忘れることを　おすすめします","language":{"name":"ja","url":"https://pokeapi.co/api/v2/language/11/"},"version_group":{"name":"sword-shield","url":"https://pokeapi.co/api/v2/version-group/20/"}},{"flavor_text":"无法使用这个招式。\n虽然忘记之后就再也想不起来了，\n但还是建议忘记这个招式。","language":{"name":"zh-Hans","url":"https://pokeapi.co/api/v2/language/12/"},"version_group":{"name":"sword-shield","url":"https://pokeapi.co/api/v2/version-group/20/"}}],"generation":{"name":"generation-iii","url":"https://pokeapi.co/api/v2/generation/3/"},"id":318,"learned_by_pokemon":[{"name":"butterfree","url":"https://pokeapi.co/api/v2/pokemon/12/"},{"name":"beedrill","url":"https://pokeapi.co/api/v2/pokemon/15/"},{"name":"venomoth","url":"https://pokeapi.co/api/v2/pokemon/49/"},{"name":"scyther","url":"https://pokeapi.co/api/v2/pokemon/123/"},{"name":"mew","url":"https://pokeapi.co/api/v2/pokemon/151/"},{"name":"hoothoot","url":"https://pokeapi.co/api/v2/pokemon/163/"},{"name":"noctowl","url":"https://pokeapi.co/api/v2/pokemon/164/"},{"name":"ledyba","url":"https://pokeapi.co/api/v2/pokemon/165/"},{"name":"ledian","url":"https://pokeapi.co/api/v2/pokemon/166/"},{"name":"togetic","url":"https://pokeapi.co/api/v2/pokemon/176/"},{"name":"natu","url":"https://pokeapi.co/api/v2/pokemon/177/"},{"name":"xatu","url":"https://pokeapi.co/api/v2/pokemon/178/"},{"name":"hoppip","url":"https://pokeapi.co/api/v2/pokemon/187/"},{"name":"skiploom","url":"https://pokeapi.co/api/v2/pokemon/188/"},{"name":"jumpluff","url":"https://pokeapi.co/api/v2/pokemon/189/"},{"name":"yanma","url":"https://pokeapi.co/api/v2/pokemon/193/"},{"name":"scizor","url":"https://pokeapi.co/api/v2/pokemon/212/"},{"name":"celebi","url":"https://pokeapi.co/api/v2/pokemon/251/"},{"name":"beautifly","url":"https://pokeapi.co/api/v2/pokemon/267/"},{"name":"dustox","url":"https://pokeapi.co/api/v2/pokemon/269/"},{"name":"shiftry","url":"https://pokeapi.co/api/v2/pokemon/275/"},{"name":"masquerain","url":"https://pokeapi.co/api/v2/pokemon/284/"},{"name":"nincada","url":"https://pokeapi.co/api/v2/pokemon/290/"},{"name":"ninjask","url":"https://pokeapi.co/api/v2/pokemon/291/"},{"name":"volbeat","url":"https://pokeapi.co/api/v2/pokemon/313/"},{"name":"illumise","url":"https://pokeapi.co/api/v2/pokemon/314/"},{"name":"vibrava","url":"https://pokeapi.co/api/v2/pokemon/329/"},{"name":"flygon","url":"https://pokeapi.co/api/v2/pokemon/330/"},{"name":"tropius","url":"https://pokeapi.co/api/v2/pokemon/357/"},{"name":"kricketune","url":"https://pokeapi.co/api/v2/pokemon/402/"},{"name":"mothim","url":"https://pokeapi.co/api/v2/pokemon/414/"},{"name":"vespiquen","url":"https://pokeapi.co/api/v2/pokemon/416/"},{"name":"drifloon","url":"https://pokeapi.co/api/v2/pokemon/425/"},{"name":"drifblim","url":"https://pokeapi.co/api/v2/pokemon/426/"},{"name":"spiritomb","url":"https://pokeapi.co/api/v2/pokemon/442/"},{"name":"finneon","url":"https://pokeapi.co/api/v2/pokemon/456/"},{"name":"lumineon","url":"https://pokeapi.co/api/v2/pokemon/457/"},{"name":"togekiss","url":"https://pokeapi.co/api/v2/pokemon/468/"},{"name":"yanmega","url":"https://pokeapi.co/api/v2/pokemon/469/"},{"name":"giratina-altered","url":"https://pokeapi.co/api/v2/pokemon/487/"},{"name":"arceus","url":"https://pokeapi.co/api/v2/pokemon/493/"},{"name":"sewaddle","url":"https://pokeapi.co/api/v2/pokemon/540/"},{"name":"volcarona","url":"https://pokeapi.co/api/v2/pokemon/637/"},{"name":"cutiefly","url":"https://pokeapi.co/api/v2/pokemon/742/"},{"name":"ribombee","url":"https://pokeapi.co/api/v2/pokemon/743/"},{"name":"pheromosa","url":"https://pokeapi.co/api/v2/pokemon/795/"},{"name":"giratina-origin","url":"https://pokeapi.co/api/v2/pokemon/10007/"},{"name":"ribombee-totem","url":"https://pokeapi.co/api/v2/pokemon/10150/"}],"machines":[{"machine":{"url":"https://pokeapi.co/api/v2/machine/1122/"},"version_group":{"name":"diamond-pearl","url":"https://pokeapi.co/api/v2/version-group/8/"}},{"machine":{"url":"https://pokeapi.co/api/v2/machine/1123/"},"version_group":{"name":"platinum","url":"https://pokeapi.co/api/v2/version-group/9/"}},{"machine":{"url":"https://pokeapi.co/api/v2/machine/1124/"},"version_group":{"name":"heartgold-soulsilver","url":"https://pokeapi.co/api/v2/version-group/10/"}}],"meta":{"ailment":{"name":"none","url":"https://pokeapi.co/api/v2/move-ailment/0/"},"ailment_chance":0,"category":{"name":"damage+raise","url":"https://pokeapi.co/api/v2/move-category/7/"},"crit_rate":0,"drain":0,"flinch_chance":0,"healing":0,"max_hits":null,"max_turns":null,"min_hits":null,"min_turns":null,"stat_chance":10},"name":"silver-wind","names":[{"language":{"name":"ja-Hrkt","url":"https://pokeapi.co/api/v2/language/1/"},"name":"ぎんいろのかぜ"},{"language":{"name":"ko","url":"https://pokeapi.co/api/v2/language/3/"},"name":"은빛바람"},{"language":{"name":"zh-Hant","url":"https://pokeapi.co/api/v2/language/4/"},"name":"銀色旋風"},{"language":{"name":"fr","url":"https://pokeapi.co/api/v2/language/5/"},"name":"Vent Argenté"},{"language":{"name":"de","url":"https://pokeapi.co/api/v2/language/6/"},"name":"Silberhauch"},{"language":{"name":"es","url":"https://pokeapi.co/api/v2/language/7/"},"name":"Viento Plata"},{"language":{"name":"it","url":"https://pokeapi.co/api/v2/language/8/"},"name":"Ventargenteo"},{"language":{"name":"en","url":"https://pokeapi.co/api/v2/language/9/"},"name":"Silver Wind"},{"language":{"name":"ja","url":"https://pokeapi.co/api/v2/language/11/"},"name":"ぎんいろのかぜ"},{"language":{"name":"zh-Hans","url":"https://pokeapi.co/api/v2/language/12/"},"name":"银色旋风"}],"past_values":[],"power":60,"pp":5,"priority":0,"stat_changes":[{"change":1,"stat":{"name":"attack","url":"https://pokeapi.co/api/v2/stat/2/"}},{"change":1,"stat":{"name":"defense","url":"https://pokeapi.co/api/v2/stat/3/"}},{"change":1,"stat":{"name":"special-attack","url":"https://pokeapi.co/api/v2/stat/4/"}},{"change":1,"stat":{"name":"special-defense","url":"https://pokeapi.co/api/v2/stat/5/"}},{"change":1,"stat":{"name":"speed","url":"https://pokeapi.co/api/v2/stat/6/"}}],"super_contest_effect":{"url":"https://pokeapi.co/api/v2/super-contest-effect/4/"},"target":{"name":"selected-pokemon","url":"https://pokeapi.co/api/v2/move-target/10/"},"type":{"name":"bug","url":"https://pokeapi.co/api/v2/type/7/"}}