{"accuracy":85,"contest_combos":{"normal":{"use_after":null,"use_before":[{"name":"metal-claw","url":"https://pokeapi.co/api/v2/move/232/"}]},"super":{"use_after":null,"use_before":null}},"contest_effect":{"url":"https://pokeapi.co/api/v2/contest-effect/5/"},"contest_type":{"name":"smart","url":"https://pokeapi.co/api/v2/contest-type/4/"},"damage_class":{"name":"status","url":"https://pokeapi.co/api/v2/move-damage-class/1/"},"effect_chance":null,"effect_changes":[],"effect_entries":[{"effect":"Lowers the target's Special Defense by two stages.","language":{"name":"en","url":"https://pokeapi.co/api/v2/language/9/"},"short_effect":"Lowers the target's Special Defense by two stages."}],"flavor_text_entries":[{"flavor_text":"Emits a horrible screech\nthat sharply lowers SP. DEF.","language":{"name":"en","url":"https://pokeapi.co/api/v2/language/9/"},"version_group":{"name":"ruby-sapphire","url":"https://pokeapi.co/api/v2/version-group/5/"}},{"flavor_text":"Emits a horrible screech\nthat sharply lowers SP. DEF.","language":{"name":"en","url":"https://pokeapi.co/api/v2/language/9/"},"version_group":{"name":"emerald","url":"https://pokeapi.co/api/v2/version-group/6/"}},{"flavor_text":"A horrible metallic\nscreech is used to\nsharply lower the\nfoe’s SP. DEF.","language":{"name":"en","url":"https://pokeapi.co/api/v2/language/9/"},"version_group":{"name":"firered-leafgreen","url":"https://pokeapi.co/api/v2/version-group/7/"}},{"flavor_text":"A horrible sound like\nscraping metal is\nemitted to sharply\nreduce the foe’s\nSp. Def stat.","language":{"name":"en","url":"https://pokeapi.co/api/v2/language/9/"},"version_group":{"name":"diamond-pearl","url":"https://pokeapi.co/api/v2/version-group/8/"}},{"flavor_text":"A horrible sound like\nscraping metal is\nemitted to sharply\nreduce the foe’s\nSp. Def stat.","language":{"name":"en","url":"https://pokeapi.co/api/v2/language/9/"},"version_group":{"name":"platinum","url":"https://pokeapi.co/api/v2/version-group/9/"}},{"flavor_text":"A horrible sound like\nscraping metal is\nemitted to sharply\nreduce the foe’s\nSp. Def stat.","language":{"name":"en","url":"https://pokeapi.co/api/v2/language/9/"},"version_group":{"name":"heartgold-soulsilver","url":"https://pokeapi.co/api/v2/version-group/10/"}},{"flavor_text":"Un cri horrible tel un crissement\nmétallique qui réduit fortement\nla Défense Spéciale de l’ennemi.","language":{"name":"fr","url":"https://pokeapi.co/api/v2/language/5/"},"version_group":{"name":"black-white","url":"https://pokeapi.co/api/v2/version-group/11/"}},{"flavor_text":"A horrible sound like scraping metal\nharshly reduces the target’s\nSp. Def stat.","language":{"name":"en","url":"https://pokeapi.co/api/v2/language/9/"},"version_group":{"name":"black-white","url":"https://pokeapi.co/api/v2/version-group/11/"}},{"flavor_text":"A horrible sound like scraping metal\nharshly reduces the target’s\nSp. Def stat.","language":{"name":"en","url":"https://pokeapi.co/api/v2/language/9/"},"version_group":{"name":"black-2-white-2","url":"https://pokeapi.co/api/v2/version-group/14/"}},{"flavor_text":"きんぞくを　こすって　でるような\nいやな　おとを　きかせる。\nあいての　とくぼうを　がくっと　さげる。","language":{"name":"ja-Hrkt","url":"https://pokeapi.co/api/v2/language/1/"},"version_group":{"name":"x-y","url":"https://pokeapi.co/api/v2/version-group/15/"}},{"flavor_text":"금속을 긁을 때 나는 듯한\n싫은 소리를 들려준다.\n상대의 특수방어를 크게 떨어뜨린다.","language":{"name":"ko","url":"https://pokeapi.co/api/v2/language/3/"},"version_group":{"name":"x-y","url":"https://pokeapi.co/api/v2/version-group/15/"}},{"flavor_text":"Un cri horrible tel un crissement métallique qui\nréduit fortement la Défense Spéciale de l’ennemi.","language":{"name":"fr","url":"https://pokeapi.co/api/v2/language/5/"},"version_group":{"name":"x-y","url":"https://pokeapi.co/api/v2/version-group/15/"}},{"flavor_text":"Stößt einen spitzen Schrei aus, der die\nSpezial-Verteidigung des Zieles stark senkt.","language":{"name":"de","url":"https://pokeapi.co/api/v2/language/6/"},"version_group":{"name":"x-y","url":"https://pokeapi.co/api/v2/version-group/15/"}},{"flavor_text":"Horrible chirrido metálico que baja mucho la\nDefensa Especial del objetivo.","language":{"name":"es","url":"https://pokeapi.co/api/v2/language/7/"},"version_group":{"name":"x-y","url":"https://pokeapi.co/api/v2/version-group/15/"}},{"flavor_text":"Orribile stridio, simile a quello prodotto dal\nmetallo, che riduce di molto la Difesa Speciale\ndel bersaglio.","language":{"name":"it","url":"https://pokeapi.co/api/v2/language/8/"},"version_group":{"name":"x-y","url":"https://pokeapi.co/api/v2/version-group/15/"}},{"flavor_text":"A horrible sound like scraping metal\nharshly lowers the target’s\nSp. Def stat.","language":{"name":"en","url":"https://pokeapi.co/api/v2/language/9/"},"version_group":{"name":"x-y","url":"https://pokeapi.co/api/v2/version-group/15/"}},{"flavor_text":"金属を　こすって　でるような\nいやな　音を　聞かせる。\n相手の　特防を　がくっと　さげる。","language":{"name":"ja","url":"https://pokeapi.co/api/v2/language/11/"},"version_group":{"name":"x-y","url":"https://pokeapi.co/api/v2/version-group/15/"}},{"flavor_text":"きんぞくを　こすって　でるような\nいやな　おとを　きかせる。\nあいての　とくぼうを　がくっと　さげる。","language":{"name":"ja-Hrkt","url":"https://pokeapi.co/api/v2/language/1/"},"version_group":{"name":"omega-ruby-alpha-sapphire","url":"https://pokeapi.co/api/v2/version-group/16/"}},{"flavor_text":"금속을 긁을 때 나는 듯한\n싫은 소리를 들려준다.\n상대의 특수방어를 크게 떨어뜨린다.","language":{"name":"ko","url":"https://pokeapi.co/api/v2/language/3/"},"version_group":{"name":"omega-ruby-alpha-sapphire","url":"https://pokeapi.co/api/v2/version-group/16/"}},{"flavor_text":"Un cri horrible tel un crissement métallique qui\nréduit fortement la Défense Spéciale de l’ennemi.","language":{"name":"fr","url":"https://pokeapi.co/api/v2/language/5/"},"version_group":{"name":"omega-ruby-alpha-sapphire","url":"https://pokeapi.co/api/v2/version-group/16/"}},{"flavor_text":"Stößt einen spitzen Schrei aus, der die\nSpezial-Verteidigung des Zieles stark senkt.","language":{"name":"de","url":"https://pokeapi.co/api/v2/language/6/"},"version_group":{"name":"omega-ruby-alpha-sapphire","url":"https://pokeapi.co/api/v2/version-group/16/"}},{"flavor_text":"Horrible chirrido metálico que baja mucho la \nDefensa Especial del objetivo.","language":{"name":"es","url":"https://pokeapi.co/api/v2/language/7/"},"version_group":{"name":"omega-ruby-alpha-sapphire","url":"https://pokeapi.co/api/v2/version-group/16/"}},{"flavor_text":"Orribile stridio, simile a quello prodotto dal\nmetallo, che riduce di molto la Difesa Speciale\ndel bersaglio.","language":{"name":"it","url":"https://pokeapi.co/api/v2/language/8/"},"version_group":{"name":"omega-ruby-alpha-sapphire","url":"https://pokeapi.co/api/v2/version-group/16/"}},{"flavor_text":"A horrible sound like scraping metal\nharshly lowers the target’s\nSp. Def stat.","language":{"name":"en","url":"https://pokeapi.co/api/v2/language/9/"},"version_group":{"name":"omega-ruby-alpha-sapphire","url":"https://pokeapi.co/api/v2/version-group/16/"}},{"flavor_text":"金属を　こすって　でるような\nいやな　音を　聞かせる。\n相手の　特防を　がくっと　さげる。","language":{"name":"ja","url":"https://pokeapi.co/api/v2/language/11/"},"version_group":{"name":"omega-ruby-alpha-sapphire","url":"https://pokeapi.co/api/v2/version-group/16/"}},{"flavor_text":"きんぞくを　こすって　でるような\nいやな　おとを　きかせる。\nあいての　とくぼうを　がくっと　さげる。","language":{"name":"ja-Hrkt","url":"https://pokeapi.co/api/v2/language/1/"},"version_group":{"name":"sun-moon","url":"https://pokeapi.co/api/v2/version-group/17/"}},{"flavor_text":"금속을 긁을 때 나는 듯한\n싫은 소리를 들려준다.\n상대의 특수방어를 크게 떨어뜨린다.","language":{"name":"ko","url":"https://pokeapi.co/api/v2/language/3/"},"version_group":{"name":"sun-moon","url":"https://pokeapi.co/api/v2/version-group/17/"}},{"flavor_text":"讓對手聽如同金屬摩擦般\n的刺耳聲。\n大幅降低對手的特防。","language":{"name":"zh-Hant","url":"https://pokeapi.co/api/v2/language/4/"},"version_group":{"name":"sun-moon","url":"https://pokeapi.co/api/v2/version-group/17/"}},{"flavor_text":"Un cri horrible tel un crissement métallique qui\nréduit beaucoup la Défense Spéciale de l’ennemi.","language":{"name":"fr","url":"https://pokeapi.co/api/v2/language/5/"},"version_group":{"name":"sun-moon","url":"https://pokeapi.co/api/v2/version-group/17/"}},{"flavor_text":"Stößt einen spitzen Schrei aus, der die\nSpezial-Verteidigung des Zieles stark senkt.","language":{"name":"de","url":"https://pokeapi.co/api/v2/language/6/"},"version_group":{"name":"sun-moon","url":"https://pokeapi.co/api/v2/version-group/17/"}},{"flavor_text":"Horrible chirrido metálico que baja mucho la \nDefensa Especial del objetivo.","language":{"name":"es","url":"https://pokeapi.co/api/v2/language/7/"},"version_group":{"name":"sun-moon","url":"https://pokeapi.co/api/v2/version-group/17/"}},{"flavor_text":"Orribile stridio, simile a quello prodotto dal\nmetallo, che riduce di molto la Difesa Speciale\ndel bersaglio.","language":{"name":"it","url":"https://pokeapi.co/api/v2/language/8/"},"version_group":{"name":"sun-moon","url":"https://pokeapi.co/api/v2/version-group/17/"}},{"flavor_text":"A horrible sound like scraping metal harshly lowers\nthe target’s Sp. Def stat.","language":{"name":"en","url":"https://pokeapi.co/api/v2/language/9/"},"version_group":{"name":"sun-moon","url":"https://pokeapi.co/api/v2/version-group/17/"}},{"flavor_text":"金属を　こすって　でるような\nいやな　音を　聞かせる。\n相手の　特防を　がくっと　さげる。","language":{"name":"ja","url":"https://pokeapi.co/api/v2/language/11/"},"version_group":{"name":"sun-moon","url":"https://pokeapi.co/api/v2/version-group/17/"}},{"flavor_text":"让对手听摩擦金属般\n讨厌的声音。\n大幅降低对手的特防。","language":{"name":"zh-Hans","url":"https://pokeapi.co/api/v2/language/12/"},"version_group":{"name":"sun-moon","url":"https://pokeapi.co/api/v2/version-group/17/"}},{"flavor_text":"きんぞくを　こすって　でるような\nいやな　おとを　きかせる。\nあいての　とくぼうを　がくっと　さげる。","language":{"name":"ja-Hrkt","url":"https://pokeapi.co/api/v2/language/1/"},"version_group":{"name":"ultra-sun-ultra-moon","url":"https://pokeapi.co/api/v2/version-group/18/"}},{"flavor_text":"금속을 긁을 때 나는 듯한\n싫은 소리를 들려준다.\n상대의 특수방어를 크게 떨어뜨린다.","language":{"name":"ko","url":"https://pokeapi.co/api/v2/language/3/"},"version_group":{"name":"ultra-sun-ultra-moon","url":"https://pokeapi.co/api/v2/version-group/18/"}},{"flavor_text":"讓對手聽如同金屬摩擦般\n的刺耳聲。\n大幅降低對手的特防。","language":{"name":"zh-Hant","url":"https://pokeapi.co/api/v2/language/4/"},"version_group":{"name":"ultra-sun-ultra-moon","url":"https://pokeapi.co/api/v2/version-group/18/"}},{"flavor_text":"Un cri horrible tel un crissement métallique qui\nréduit beaucoup la Défense Spéciale de l’ennemi.","language":{"name":"fr","url":"https://pokeapi.co/api/v2/language/5/"},"version_group":{"name":"ultra-sun-ultra-moon","url":"https://pokeapi.co/api/v2/version-group/18/"}},{"flavor_text":"Stößt einen spitzen Schrei aus, der die\nSpezial-Verteidigung des Zieles stark senkt.","language":{"name":"de","url":"https://pokeapi.co/api/v2/language/6/"},"version_group":{"name":"ultra-sun-ultra-moon","url":"https://pokeapi.co/api/v2/version-group/18/"}},{"flavor_text":"Horrible chirrido metálico que baja mucho la \nDefensa Especial del objetivo.","language":{"name":"es","url":"https://pokeapi.co/api/v2/language/7/"},"version_group":{"name":"ultra-sun-ultra-moon","url":"https://pokeapi.co/api/v2/version-group/18/"}},{"flavor_text":"Orribile stridio, simile a quello prodotto dal\nmetallo, che riduce di molto la Difesa Speciale\ndel bersaglio.","language":{"name":"it","url":"https://pokeapi.co/api/v2/language/8/"},"version_group":{"name":"ultra-sun-ultra-moon","url":"https://pokeapi.co/api/v2/version-group/18/"}},{"flavor_text":"A horrible sound like scraping metal harshly lowers\nthe target’s Sp. Def stat.","language":{"name":"en","url":"https://pokeapi.co/api/v2/language/9/"},"version_group":{"name":"ultra-sun-ultra-moon","url":"https://pokeapi.co/api/v2/version-group/18/"}},{"flavor_text":"金属を　こすって　でるような\nいやな　音を　聞かせる。\n相手の　特防を　がくっと　さげる。","language":{"name":"ja","url":"https://pokeapi.co/api/v2/language/11/"},"version_group":{"name":"ultra-sun-ultra-moon","url":"https://pokeapi.co/api/v2/version-group/18/"}},{"flavor_text":"让对手听摩擦金属般\n讨厌的声音。\n大幅降低对手的特防。","language":{"name":"zh-Hans","url":"https://pokeapi.co/api/v2/language/12/"},"version_group":{"name":"ultra-sun-ultra-moon","url":"https://pokeapi.co/api/v2/version-group/18/"}},{"flavor_text":"きんぞくを　こすって　でるような\nいやな　おとを　きかせる。\nあいての　とくぼうを　がくっと　さげる。","language":{"name":"ja-Hrkt","url":"https://pokeapi.co/api/v2/language/1/"},"version_group":{"name":"lets-go-pikachu-lets-go-eevee","url":"https://pokeapi.co/api/v2/version-group/19/"}},{"flavor_text":"금속을 긁을 때 나는 듯한\n싫은 소리를 들려준다.\n상대의 특수방어를 크게 떨어뜨린다.","language":{"name":"ko","url":"https://pokeapi.co/api/v2/language/3/"},"version_group":{"name":"lets-go-pikachu-lets-go-eevee","url":"https://pokeapi.co/api/v2/version-group/19/"}},{"flavor_text":"讓對手聽如同金屬摩擦般\n的刺耳聲。\n大幅降低對手的特防。","language":{"name":"zh-Hant","url":"https://pokeapi.co/api/v2/language/4/"},"version_group":{"name":"lets-go-pikachu-lets-go-eevee","url":"https://pokeapi.co/api/v2/version-group/19/"}},{"flavor_text":"Un cri horrible tel un crissement métallique qui réduit\nbeaucoup la Défense Spéciale de l’ennemi.","language":{"name":"fr","url":"https://pokeapi.co/api/v2/language/5/"},"version_group":{"name":"lets-go-pikachu-lets-go-eevee","url":"https://pokeapi.co/api/v2/version-group/19/"}},{"flavor_text":"Stößt einen spitzen Schrei aus, der die\nSpezial-Verteidigung des Zieles stark senkt.","language":{"name":"de","url":"https://pokeapi.co/api/v2/language/6/"},"version_group":{"name":"lets-go-pikachu-lets-go-eevee","url":"https://pokeapi.co/api/v2/version-group/19/"}},{"flavor_text":"Horrible chirrido metálico que baja mucho la \nDefensa Especial del objetivo.","language":{"name":"es","url":"https://pokeapi.co/api/v2/language/7/"},"version_group":{"name":"lets-go-pikachu-lets-go-eevee","url":"https://pokeapi.co/api/v2/version-group/19/"}},{"flavor_text":"Orribile stridio, simile a quello prodotto dal\nmetallo, che riduce di molto la Difesa Speciale\ndel bersaglio.","language":{"name":"it","url":"https://pokeapi.co/api/v2/language/8/"},"version_group":{"name":"lets-go-pikachu-lets-go-eevee","url":"https://pokeapi.co/api/v2/version-group/19/"}},{"flavor_text":"A horrible sound like scraping metal harshly lowers\nthe target’s Sp. Def stat.","language":{"name":"en","url":"https://pokeapi.co/api/v2/language/9/"},"version_group":{"name":"lets-go-pikachu-lets-go-eevee","url":"https://pokeapi.co/api/v2/version-group/19/"}},{"flavor_text":"金属を　こすって　でるような\nいやな　音を　聞かせる。\n相手の　特防を　がくっと　さげる。","language":{"name":"ja","url":"https://pokeapi.co/api/v2/language/11/"},"version_group":{"name":"lets-go-pikachu-lets-go-eevee","url":"https://pokeapi.co/api/v2/version-group/19/"}},{"flavor_text":"让对手听摩擦金属般\n讨厌的声音。\n大幅降低对手的特防。","language":{"name":"zh-Hans","url":"https://pokeapi.co/api/v2/language/12/"},"version_group":{"name":"lets-go-pikachu-lets-go-eevee","url":"https://pokeapi.co/api/v2/version-group/19/"}},{"flavor_text":"きんぞくを　こすって　でるような\nいやな　おとを　きかせる。\nあいての　とくぼうを　がくっと　さげる。","language":{"name":"ja-Hrkt","url":"https://pokeapi.co/api/v2/language/1/"},"version_group":{"name":"sword-shield","url":"https://pokeapi.co/api/v2/version-group/20/"}},{"flavor_text":"금속을 긁을 때 나는 듯한\n싫은 소리를 들려준다.\n상대의 특수방어를 크게 떨어뜨린다.","language":{"name":"ko","url":"https://pokeapi.co/api/v2/language/3/"},"version_group":{"name":"sword-shield","url":"https://pokeapi.co/api/v2/version-group/20/"}},{"flavor_text":"讓對手聽如同金屬摩擦般\n的刺耳聲。\n大幅降低對手的特防。","language":{"name":"zh-Hant","url":"https://pokeapi.co/api/v2/language/4/"},"version_group":{"name":"sword-shield","url":"https://pokeapi.co/api/v2/version-group/20/"}},{"flavor_text":"Un cri horrible tel un crissement métallique qui\nréduit beaucoup la Défense Spéciale de l’ennemi.","language":{"name":"fr","url":"https://pokeapi.co/api/v2/language/5/"},"version_group":{"name":"sword-shield","url":"https://pokeapi.co/api/v2/version-group/20/"}},{"flavor_text":"Stößt einen spitzen Schrei aus, der die\nSpezial-Verteidigung des Zieles stark senkt.","language":{"name":"de","url":"https://pokeapi.co/api/v2/language/6/"},"version_group":{"name":"sword-shield","url":"https://pokeapi.co/api/v2/version-group/20/"}},{"flavor_text":"Horrible chirrido metálico que baja mucho la Defensa\nEspecial del objetivo.","language":{"name":"es","url":"https://pokeapi.co/api/v2/language/7/"},"version_group":{"name":"sword-shield","url":"https://pokeapi.co/api/v2/version-group/20/"}},{"flavor_text":"Orribile stridio, simile a quello prodotto dal\nmetallo, che riduce di molto la Difesa Speciale\ndel bersaglio.","language":{"name":"it","url":"https://pokeapi.co/api/v2/language/8/"},"version_group":{"name":"sword-shield","url":"https://pokeapi.co/api/v2/version-group/20/"}},{"flavor_text":"A horrible sound like scraping metal harshly lowers\nthe target’s Sp. Def stat.","language":{"name":"en","url":"https://pokeapi.co/api/v2/language/9/"},"version_group":{"name":"sword-shield","url":"https://pokeapi.co/api/v2/version-group/20/"}},{"flavor_text":"金属を　こすって　でるような\nいやな　音を　聞かせる。\n相手の　特防を　がくっと　さげる。","language":{"name":"ja","url":"https://pokeapi.co/api/v2/language/11/"},"version_group":{"name":"sword-shield","url":"https://pokeapi.co/api/v2/version-group/20/"}},{"flavor_text":"让对手听摩擦金属般\n讨厌的声音。\n大幅降低对手的特防。","language":{"name":"zh-Hans","url":"https://pokeapi.co/api/v2/language/12/"},"version_group":{"name":"sword-shield","url":"https://pokeapi.co/api/v2/version-group/20/"}}],"generation":{"name":"generation-iii","url":"https://pokeapi.co/api/v2/generation/3/"},"id":319,"learned_by_pokemon":[{"name":"magnemite","url":"https://pokeapi.co/api/v2/pokemon/81/"},{"name":"magneton","url":"https://pokeapi.co/api/v2/pokemon/82/"},{"name":"voltorb","url":"https://pokeapi.co/api/v2/pokemon/100/"},{"name":"kabuto","url":"https://pokeapi.co/api/v2/pokemon/140/"},{"name":"kabutops","url":"https://pokeapi.co/api/v2/pokemon/141/"},{"name":"skarmory","url":"https://pokeapi.co/api/v2/pokemon/227/"},{"name":"aron","url":"https://pokeapi.co/api/v2/pokemon/304/"},{"name":"lairon","url":"https://pokeapi.co/api/v2/pokemon/305/"},{"name":"aggron","url":"https://pokeapi.co/api/v2/pokemon/306/"},{"name":"shieldon","url":"https://pokeapi.co/api/v2/pokemon/410/"},{"name":"bastiodon","url":"https://pokeapi.co/api/v2/pokemon/411/"},{"name":"bronzor","url":"https://pokeapi.co/api/v2/pokemon/436/"},{"name":"bronzong","url":"https://pokeapi.co/api/v2/pokemon/437/"},{"name":"lucario","url":"https://pokeapi.co/api/v2/pokemon/448/"},{"name":"magnezone","url":"https://pokeapi.co/api/v2/pokemon/462/"},{"name":"heatran","url":"https://pokeapi.co/api/v2/pokemon/485/"},{"name":"drilbur","url":"https://pokeapi.co/api/v2/pokemon/529/"},{"name":"klink","url":"https://pokeapi.co/api/v2/pokemon/599/"},{"name":"klang","url":"https://pokeapi.co/api/v2/pokemon/600/"},{"name":"klinklang","url":"https://pokeapi.co/api/v2/pokemon/601/"},{"name":"pawniard","url":"https://pokeapi.co/api/v2/pokemon/624/"},{"name":"bisharp","url":"https://pokeapi.co/api/v2/pokemon/625/"},{"name":"durant","url":"https://pokeapi.co/api/v2/pokemon/632/"},{"name":"genesect","url":"https://pokeapi.co/api/v2/pokemon/649/"},{"name":"honedge","url":"https://pokeapi.co/api/v2/pokemon/679/"},{"name":"doublade","url":"https://pokeapi.co/api/v2/pokemon/680/"},{"name":"aegislash-shield","url":"https://pokeapi.co/api/v2/pokemon/681/"},{"name":"klefki","url":"https://pokeapi.co/api/v2/pokemon/707/"},{"name":"type-null","url":"https://pokeapi.co/api/v2/pokemon/772/"},{"name":"silvally","url":"https://pokeapi.co/api/v2/pokemon/773/"},{"name":"dhelmise","url":"https://pokeapi.co/api/v2/pokemon/781/"},{"name":"solgaleo","url":"https://pokeapi.co/api/v2/pokemon/791/"},{"name":"celesteela","url":"https://pokeapi.co/api/v2/pokemon/797/"},{"name":"corviknight","url":"https://pokeapi.co/api/v2/pokemon/823/"},{"name":"toxel","url":"https://pokeapi.co/api/v2/pokemon/848/"},{"name":"perrserker","url":"https://pokeapi.co/api/v2/pokemon/863/"},{"name":"duraludon","url":"https://pokeapi.co/api/v2/pokemon/884/"},{"name":"kingambit","url":"https://pokeapi.co/api/v2/pokemon/983/"},{"name":"sandy-shocks","url":"https://pokeapi.co/api/v2/pokemon/989/"},{"name":"iron-moth","url":"https://pokeapi.co/api/v2/pokemon/994/"},{"name":"gholdengo","url":"https://pokeapi.co/api/v2/pokemon/1000/"},{"name":"miraidon","url":"https://pokeapi.co/api/v2/pokemon/1008/"},{"name":"wormadam-trash","url":"https://pokeapi.co/api/v2/pokemon/10005/"},{"name":"aegislash-blade","url":"https://pokeapi.co/api/v2/pokemon/10026/"},{"name":"aggron-mega","url":"https://pokeapi.co/api/v2/pokemon/10053/"},{"name":"lucario-mega","url":"https://pokeapi.co/api/v2/pokemon/10059/"},{"name":"diglett-alola","url":"https://pokeapi.co/api/v2/pokemon/10105/"},{"name":"meowth-galar","url":"https://pokeapi.co/api/v2/pokemon/10161/"},{"name":"stunfisk-galar","url":"https://pokeapi.co/api/v2/pokemon/10180/"},{"name":"miraidon-low-power-mode","url":"https://pokeapi.co/api/v2/pokemon/10268/"},{"name":"miraidon-drive-mode","url":"https://pokeapi.co/api/v2/pokemon/10269/"},{"name":"miraidon-aquatic-mode","url":"https://pokeapi.co/api/v2/pokemon/10270/"},{"name":"miraidon-glide-mode","url":"https://pokeapi.co/api/v2/pokemon/10271/"}],"machines":[],"meta":{"ailment":{"name":"none","url":"https://pokeapi.co/api/v2/move-ailment/0/"},"ailment_chance":0,"category":{"name":"net-good-stats","url":"https://pokeapi.co/api/v2/move-category/2/"},"crit_rate":0,"drain":0,"flinch_chance":0,"healing":0,"max_hits":null,"max_turns":null,"min_hits":null,"min_turns":null,"stat_chance":0},"name":"metal-sound","names":[{"language":{"name":"ja-Hrkt","url":"https://pokeapi.co/api/v2/language/1/"},"name":"きんぞくおん"},{"language":{"name":"ko","url":"https://pokeapi.co/api/v2/language/3/"},"name":"금속음"},{"language":{"name":"zh-Hant","url":"https://pokeapi.co/api/v2/language/4/"},"name":"金屬音"},{"language":{"name":"fr","url":"https://pokeapi.co/api/v2/language/5/"},"name":"Strido-Son"},{"language":{"name":"de","url":"https://pokeapi.co/api/v2/language/6/"},"name":"Metallsound"},{"language":{"name":"es","url":"https://pokeapi.co/api/v2/language/7/"},"name":"Eco Metálico"},{"language":{"name":"it","url":"https://pokeapi.co/api/v2/language/8/"},"name":"Ferrostrido"},{"language":{"name":"en","url":"https://pokeapi.co/api/v2/language/9/"},"name":"Metal Sound"},{"language":{"name":"ja","url":"https://pokeapi.co/api/v2/language/11/"},"name":"きんぞくおん"},{"language":{"name":"zh-Hans","url":"https://pokeapi.co/api/v2/language/12/"},"name":"金属音"}],"past_values":[],"power":null,"pp":40,"priority":0,"stat_changes":[{"change":-2,"stat":{"name":"special-defense","url":"https://pokeapi.co/api/v2/stat/5/"}}],"super_contest_effect":{"url":"https://pokeapi.co/api/v2/super-contest-effect/10/"},"target":{"name":"selected-pokemon","url":"https://pokeapi.co/api/v2/move-target/10/"},"type":{"name":"steel","url":"https://pokeapi.co/api/v2/type/9/"}}