{"accuracy":null,"contest_combos":null,"contest_effect":{"url":"https://pokeapi.co/api/v2/contest-effect/27/"},"contest_type":{"name":"cool","url":"https://pokeapi.co/api/v2/contest-type/1/"},"damage_class":{"name":"physical","url":"https://pokeapi.co/api/v2/move-damage-class/2/"},"effect_chance":null,"effect_changes":[{"effect_entries":[{"effect":"Hits Pokémon under the effects of dig and fly.","language":{"name":"en","url":"https://pokeapi.co/api/v2/language/9/"}}],"version_group":{"name":"gold-silver","url":"https://pokeapi.co/api/v2/version-group/3/"}}],"effect_entries":[{"effect":"Inflicts regular damage.  Ignores accuracy and evasion modifiers.","language":{"name":"en","url":"https://pokeapi.co/api/v2/language/9/"},"short_effect":"Never misses."}],"flavor_text_entries":[{"flavor_text":"An extremely speedy and\nunavoidable attack.","language":{"name":"en","url":"https://pokeapi.co/api/v2/language/9/"},"version_group":{"name":"ruby-sapphire","url":"https://pokeapi.co/api/v2/version-group/5/"}},{"flavor_text":"An extremely speedy and\nunavoidable attack.","language":{"name":"en","url":"https://pokeapi.co/api/v2/language/9/"},"version_group":{"name":"emerald","url":"https://pokeapi.co/api/v2/version-group/6/"}},{"flavor_text":"An extremely fast\nattack against one\ntarget. It can’t be\nevaded.","language":{"name":"en","url":"https://pokeapi.co/api/v2/language/9/"},"version_group":{"name":"firered-leafgreen","url":"https://pokeapi.co/api/v2/version-group/7/"}},{"flavor_text":"The user confounds\nthe foe with speed,\nthen slashes.\nThe attack lands\nwithout fail.","language":{"name":"en","url":"https://pokeapi.co/api/v2/language/9/"},"version_group":{"name":"diamond-pearl","url":"https://pokeapi.co/api/v2/version-group/8/"}},{"flavor_text":"The user confounds\nthe foe with speed,\nthen slashes.\nThe attack lands\nwithout fail.","language":{"name":"en","url":"https://pokeapi.co/api/v2/language/9/"},"version_group":{"name":"platinum","url":"https://pokeapi.co/api/v2/version-group/9/"}},{"flavor_text":"The user confounds\nthe foe with speed,\nthen slashes.\nThe attack lands\nwithout fail.","language":{"name":"en","url":"https://pokeapi.co/api/v2/language/9/"},"version_group":{"name":"heartgold-soulsilver","url":"https://pokeapi.co/api/v2/version-group/10/"}},{"flavor_text":"Le lanceur prend l’ennemi de vitesse\net le lacère. N’échoue jamais.","language":{"name":"fr","url":"https://pokeapi.co/api/v2/language/5/"},"version_group":{"name":"black-white","url":"https://pokeapi.co/api/v2/version-group/11/"}},{"flavor_text":"The user confounds the target with speed,\nthen slashes.\nThe attack lands without fail.","language":{"name":"en","url":"https://pokeapi.co/api/v2/language/9/"},"version_group":{"name":"black-white","url":"https://pokeapi.co/api/v2/version-group/11/"}},{"flavor_text":"The user confounds the target with speed,\nthen slashes.\nThe attack lands without fail.","language":{"name":"en","url":"https://pokeapi.co/api/v2/language/9/"},"version_group":{"name":"black-2-white-2","url":"https://pokeapi.co/api/v2/version-group/14/"}},{"flavor_text":"すばやい　うごきで\nあいてを　ほんろうして　きりつける。\nこうげきは　かならず　めいちゅう　する。","language":{"name":"ja-Hrkt","url":"https://pokeapi.co/api/v2/language/1/"},"version_group":{"name":"x-y","url":"https://pokeapi.co/api/v2/version-group/15/"}},{"flavor_text":"재빠른 움직임으로\n상대를 농락해 벤다.\n공격은 반드시 명중한다.","language":{"name":"ko","url":"https://pokeapi.co/api/v2/language/3/"},"version_group":{"name":"x-y","url":"https://pokeapi.co/api/v2/version-group/15/"}},{"flavor_text":"Le lanceur prend l’ennemi de vitesse et le lacère.\nN’échoue jamais.","language":{"name":"fr","url":"https://pokeapi.co/api/v2/language/5/"},"version_group":{"name":"x-y","url":"https://pokeapi.co/api/v2/version-group/15/"}},{"flavor_text":"Eine extrem schnelle Attacke, der das Ziel\nnicht ausweichen kann.","language":{"name":"de","url":"https://pokeapi.co/api/v2/language/6/"},"version_group":{"name":"x-y","url":"https://pokeapi.co/api/v2/version-group/15/"}},{"flavor_text":"El usuario lanza un ataque muy rápido e ineludible.","language":{"name":"es","url":"https://pokeapi.co/api/v2/language/7/"},"version_group":{"name":"x-y","url":"https://pokeapi.co/api/v2/version-group/15/"}},{"flavor_text":"Chi la usa attacca il bersaglio a grande velocità.\nQuesta mossa è infallibile.","language":{"name":"it","url":"https://pokeapi.co/api/v2/language/8/"},"version_group":{"name":"x-y","url":"https://pokeapi.co/api/v2/version-group/15/"}},{"flavor_text":"The user confounds the target with speed,\nthen slashes.\nThis attack never misses.","language":{"name":"en","url":"https://pokeapi.co/api/v2/language/9/"},"version_group":{"name":"x-y","url":"https://pokeapi.co/api/v2/version-group/15/"}},{"flavor_text":"素早い　動きで\n相手を　ほんろうして　切りつける。\n攻撃は　必ず　命中する。","language":{"name":"ja","url":"https://pokeapi.co/api/v2/language/11/"},"version_group":{"name":"x-y","url":"https://pokeapi.co/api/v2/version-group/15/"}},{"flavor_text":"すばやい　うごきで\nあいてを　ほんろうして　きりつける。\nこうげきは　かならず　めいちゅう　する。","language":{"name":"ja-Hrkt","url":"https://pokeapi.co/api/v2/language/1/"},"version_group":{"name":"omega-ruby-alpha-sapphire","url":"https://pokeapi.co/api/v2/version-group/16/"}},{"flavor_text":"재빠른 움직임으로\n상대를 농락해 벤다.\n공격은 반드시 명중한다.","language":{"name":"ko","url":"https://pokeapi.co/api/v2/language/3/"},"version_group":{"name":"omega-ruby-alpha-sapphire","url":"https://pokeapi.co/api/v2/version-group/16/"}},{"flavor_text":"Le lanceur prend l’ennemi de vitesse et le lacère.\nN’échoue jamais.","language":{"name":"fr","url":"https://pokeapi.co/api/v2/language/5/"},"version_group":{"name":"omega-ruby-alpha-sapphire","url":"https://pokeapi.co/api/v2/version-group/16/"}},{"flavor_text":"Eine extrem schnelle Attacke, der das Ziel\nnicht ausweichen kann.","language":{"name":"de","url":"https://pokeapi.co/api/v2/language/6/"},"version_group":{"name":"omega-ruby-alpha-sapphire","url":"https://pokeapi.co/api/v2/version-group/16/"}},{"flavor_text":"El usuario lanza un ataque muy rápido e ineludible. ","language":{"name":"es","url":"https://pokeapi.co/api/v2/language/7/"},"version_group":{"name":"omega-ruby-alpha-sapphire","url":"https://pokeapi.co/api/v2/version-group/16/"}},{"flavor_text":"Chi la usa attacca il bersaglio a grande velocità.\nQuesta mossa è infallibile.","language":{"name":"it","url":"https://pokeapi.co/api/v2/language/8/"},"version_group":{"name":"omega-ruby-alpha-sapphire","url":"https://pokeapi.co/api/v2/version-group/16/"}},{"flavor_text":"The user confounds the target with speed,\nthen slashes.\nThis attack never misses.","language":{"name":"en","url":"https://pokeapi.co/api/v2/language/9/"},"version_group":{"name":"omega-ruby-alpha-sapphire","url":"https://pokeapi.co/api/v2/version-group/16/"}},{"flavor_text":"素早い　動きで\n相手を　ほんろうして　切りつける。\n攻撃は　必ず　命中する。","language":{"name":"ja","url":"https://pokeapi.co/api/v2/language/11/"},"version_group":{"name":"omega-ruby-alpha-sapphire","url":"https://pokeapi.co/api/v2/version-group/16/"}},{"flavor_text":"すばやい　うごきで\nあいてを　ほんろうして　きりつける。\nこうげきは　かならず　めいちゅう　する。","language":{"name":"ja-Hrkt","url":"https://pokeapi.co/api/v2/language/1/"},"version_group":{"name":"sun-moon","url":"https://pokeapi.co/api/v2/version-group/17/"}},{"flavor_text":"재빠른 움직임으로\n상대를 농락해 벤다.\n공격은 반드시 명중한다.","language":{"name":"ko","url":"https://pokeapi.co/api/v2/language/3/"},"version_group":{"name":"sun-moon","url":"https://pokeapi.co/api/v2/version-group/17/"}},{"flavor_text":"以敏捷的動作\n戲弄對手後進行切斬。\n攻擊必定會命中。","language":{"name":"zh-Hant","url":"https://pokeapi.co/api/v2/language/4/"},"version_group":{"name":"sun-moon","url":"https://pokeapi.co/api/v2/version-group/17/"}},{"flavor_text":"Le lanceur prend l’ennemi de vitesse et le lacère.\nN’échoue jamais.","language":{"name":"fr","url":"https://pokeapi.co/api/v2/language/5/"},"version_group":{"name":"sun-moon","url":"https://pokeapi.co/api/v2/version-group/17/"}},{"flavor_text":"Eine extrem schnelle Attacke, der das Ziel nicht\nausweichen kann.","language":{"name":"de","url":"https://pokeapi.co/api/v2/language/6/"},"version_group":{"name":"sun-moon","url":"https://pokeapi.co/api/v2/version-group/17/"}},{"flavor_text":"El usuario lanza un ataque muy rápido e ineludible. ","language":{"name":"es","url":"https://pokeapi.co/api/v2/language/7/"},"version_group":{"name":"sun-moon","url":"https://pokeapi.co/api/v2/version-group/17/"}},{"flavor_text":"Chi la usa attacca il bersaglio a grande velocità.\nQuesta mossa è infallibile.","language":{"name":"it","url":"https://pokeapi.co/api/v2/language/8/"},"version_group":{"name":"sun-moon","url":"https://pokeapi.co/api/v2/version-group/17/"}},{"flavor_text":"The user confounds the target with speed, then\nslashes. This attack never misses.","language":{"name":"en","url":"https://pokeapi.co/api/v2/language/9/"},"version_group":{"name":"sun-moon","url":"https://pokeapi.co/api/v2/version-group/17/"}},{"flavor_text":"素早い　動きで\n相手を　ほんろうして　切りつける。\n攻撃は　必ず　命中する。","language":{"name":"ja","url":"https://pokeapi.co/api/v2/language/11/"},"version_group":{"name":"sun-moon","url":"https://pokeapi.co/api/v2/version-group/17/"}},{"flavor_text":"以敏捷的动作\n戏弄对手后进行切斩。\n攻击必定会命中。","language":{"name":"zh-Hans","url":"https://pokeapi.co/api/v2/language/12/"},"version_group":{"name":"sun-moon","url":"https://pokeapi.co/api/v2/version-group/17/"}},{"flavor_text":"すばやい　うごきで\nあいてを　ほんろうして　きりつける。\nこうげきは　かならず　めいちゅう　する。","language":{"name":"ja-Hrkt","url":"https://pokeapi.co/api/v2/language/1/"},"version_group":{"name":"ultra-sun-ultra-moon","url":"https://pokeapi.co/api/v2/version-group/18/"}},{"flavor_text":"재빠른 움직임으로\n상대를 농락해 벤다.\n공격은 반드시 명중한다.","language":{"name":"ko","url":"https://pokeapi.co/api/v2/language/3/"},"version_group":{"name":"ultra-sun-ultra-moon","url":"https://pokeapi.co/api/v2/version-group/18/"}},{"flavor_text":"以敏捷的動作\n戲弄對手後進行切斬。\n攻擊必定會命中。","language":{"name":"zh-Hant","url":"https://pokeapi.co/api/v2/language/4/"},"version_group":{"name":"ultra-sun-ultra-moon","url":"https://pokeapi.co/api/v2/version-group/18/"}},{"flavor_text":"Le lanceur prend l’ennemi de vitesse et le lacère.\nN’échoue jamais.","language":{"name":"fr","url":"https://pokeapi.co/api/v2/language/5/"},"version_group":{"name":"ultra-sun-ultra-moon","url":"https://pokeapi.co/api/v2/version-group/18/"}},{"flavor_text":"Eine extrem schnelle Attacke, der das Ziel nicht\nausweichen kann.","language":{"name":"de","url":"https://pokeapi.co/api/v2/language/6/"},"version_group":{"name":"ultra-sun-ultra-moon","url":"https://pokeapi.co/api/v2/version-group/18/"}},{"flavor_text":"El usuario lanza un ataque muy rápido e ineludible. ","language":{"name":"es","url":"https://pokeapi.co/api/v2/language/7/"},"version_group":{"name":"ultra-sun-ultra-moon","url":"https://pokeapi.co/api/v2/version-group/18/"}},{"flavor_text":"Chi la usa attacca il bersaglio a grande velocità.\nQuesta mossa è infallibile.","language":{"name":"it","url":"https://pokeapi.co/api/v2/language/8/"},"version_group":{"name":"ultra-sun-ultra-moon","url":"https://pokeapi.co/api/v2/version-group/18/"}},{"flavor_text":"The user confounds the target with speed, then\nslashes. This attack never misses.","language":{"name":"en","url":"https://pokeapi.co/api/v2/language/9/"},"version_group":{"name":"ultra-sun-ultra-moon","url":"https://pokeapi.co/api/v2/version-group/18/"}},{"flavor_text":"素早い　動きで\n相手を　ほんろうして　切りつける。\n攻撃は　必ず　命中する。","language":{"name":"ja","url":"https://pokeapi.co/api/v2/language/11/"},"version_group":{"name":"ultra-sun-ultra-moon","url":"https://pokeapi.co/api/v2/version-group/18/"}},{"flavor_text":"以敏捷的动作\n戏弄对手后进行切斩。\n攻击必定会命中。","language":{"name":"zh-Hans","url":"https://pokeapi.co/api/v2/language/12/"},"version_group":{"name":"ultra-sun-ultra-moon","url":"https://pokeapi.co/api/v2/version-group/18/"}},{"flavor_text":"すばやい　うごきで\nあいてを　ほんろうして　きりつける。\nこうげきは　かならず　めいちゅう　する。","language":{"name":"ja-Hrkt","url":"https://pokeapi.co/api/v2/language/1/"},"version_group":{"name":"lets-go-pikachu-lets-go-eevee","url":"https://pokeapi.co/api/v2/version-group/19/"}},{"flavor_text":"재빠른 움직임으로\n상대를 농락해 벤다.\n공격은 반드시 명중한다.","language":{"name":"ko","url":"https://pokeapi.co/api/v2/language/3/"},"version_group":{"name":"lets-go-pikachu-lets-go-eevee","url":"https://pokeapi.co/api/v2/version-group/19/"}},{"flavor_text":"以敏捷的動作\n戲弄對手後進行切斬。\n攻擊必定會命中。","language":{"name":"zh-Hant","url":"https://pokeapi.co/api/v2/language/4/"},"version_group":{"name":"lets-go-pikachu-lets-go-eevee","url":"https://pokeapi.co/api/v2/version-group/19/"}},{"flavor_text":"Le lanceur prend l’ennemi de vitesse et le lacère.\nN’échoue jamais.","language":{"name":"fr","url":"https://pokeapi.co/api/v2/language/5/"},"version_group":{"name":"lets-go-pikachu-lets-go-eevee","url":"https://pokeapi.co/api/v2/version-group/19/"}},{"flavor_text":"Eine extrem schnelle Attacke, der das Ziel nicht\nausweichen kann.","language":{"name":"de","url":"https://pokeapi.co/api/v2/language/6/"},"version_group":{"name":"lets-go-pikachu-lets-go-eevee","url":"https://pokeapi.co/api/v2/version-group/19/"}},{"flavor_text":"El usuario lanza un ataque muy rápido e ineludible. ","language":{"name":"es","url":"https://pokeapi.co/api/v2/language/7/"},"version_group":{"name":"lets-go-pikachu-lets-go-eevee","url":"https://pokeapi.co/api/v2/version-group/19/"}},{"flavor_text":"Chi la usa attacca il bersaglio a grande velocità.\nQuesta mossa è infallibile.","language":{"name":"it","url":"https://pokeapi.co/api/v2/language/8/"},"version_group":{"name":"lets-go-pikachu-lets-go-eevee","url":"https://pokeapi.co/api/v2/version-group/19/"}},{"flavor_text":"The user confounds the target with speed, then\nslashes. This attack never misses.","language":{"name":"en","url":"https://pokeapi.co/api/v2/language/9/"},"version_group":{"name":"lets-go-pikachu-lets-go-eevee","url":"https://pokeapi.co/api/v2/version-group/19/"}},{"flavor_text":"素早い　動きで\n相手を　ほんろうして　切りつける。\n攻撃は　必ず　命中する。","language":{"name":"ja","url":"https://pokeapi.co/api/v2/language/11/"},"version_group":{"name":"lets-go-pikachu-lets-go-eevee","url":"https://pokeapi.co/api/v2/version-group/19/"}},{"flavor_text":"以敏捷的动作\n戏弄对手后进行切斩。\n攻击必定会命中。","language":{"name":"zh-Hans","url":"https://pokeapi.co/api/v2/language/12/"},"version_group":{"name":"lets-go-pikachu-lets-go-eevee","url":"https://pokeapi.co/api/v2/version-group/19/"}},{"flavor_text":"すばやい　うごきで\nあいてを　ほんろうして　きりつける。\nこうげきは　かならず　めいちゅう　する。","language":{"name":"ja-Hrkt","url":"https://pokeapi.co/api/v2/language/1/"},"version_group":{"name":"sword-shield","url":"https://pokeapi.co/api/v2/version-group/20/"}},{"flavor_text":"재빠른 움직임으로\n상대를 농락해 벤다.\n공격은 반드시 명중한다.","language":{"name":"ko","url":"https://pokeapi.co/api/v2/language/3/"},"version_group":{"name":"sword-shield","url":"https://pokeapi.co/api/v2/version-group/20/"}},{"flavor_text":"以敏捷的動作\n戲弄對手後進行切斬。\n攻擊必定會命中。","language":{"name":"zh-Hant","url":"https://pokeapi.co/api/v2/language/4/"},"version_group":{"name":"sword-shield","url":"https://pokeapi.co/api/v2/version-group/20/"}},{"flavor_text":"Le lanceur prend l’ennemi de vitesse et le lacère.\nN’échoue jamais.","language":{"name":"fr","url":"https://pokeapi.co/api/v2/language/5/"},"version_group":{"name":"sword-shield","url":"https://pokeapi.co/api/v2/version-group/20/"}},{"flavor_text":"Eine extrem schnelle Attacke, der das Ziel nicht\nausweichen kann.","language":{"name":"de","url":"https://pokeapi.co/api/v2/language/6/"},"version_group":{"name":"sword-shield","url":"https://pokeapi.co/api/v2/version-group/20/"}},{"flavor_text":"El usuario lanza un ataque muy rápido e ineludible. ","language":{"name":"es","url":"https://pokeapi.co/api/v2/language/7/"},"version_group":{"name":"sword-shield","url":"https://pokeapi.co/api/v2/version-group/20/"}},{"flavor_text":"Chi la usa attacca il bersaglio a grande velocità.\nQuesta mossa è infallibile.","language":{"name":"it","url":"https://pokeapi.co/api/v2/language/8/"},"version_group":{"name":"sword-shield","url":"https://pokeapi.co/api/v2/version-group/20/"}},{"flavor_text":"The user confounds the target with speed, then\nslashes. This attack never misses.","language":{"name":"en","url":"https://pokeapi.co/api/v2/language/9/"},"version_group":{"name":"sword-shield","url":"https://pokeapi.co/api/v2/version-group/20/"}},{"flavor_text":"素早い　動きで\n相手を　ほんろうして　切りつける。\n攻撃は　必ず　命中する。","language":{"name":"ja","url":"https://pokeapi.co/api/v2/language/11/"},"version_group":{"name":"sword-shield","url":"https://pokeapi.co/api/v2/version-group/20/"}},{"flavor_text":"以敏捷的动作\n戏弄对手后进行切斩。\n攻击必定会命中。","language":{"name":"zh-Hans","url":"https://pokeapi.co/api/v2/language/12/"},"version_group":{"name":"sword-shield","url":"https://pokeapi.co/api/v2/version-group/20/"}}],"generation":{"name":"generation-iii","url":"https://pokeapi.co/api/v2/generation/3/"},"id":332,"learned_by_pokemon":[{"name":"charmander","url":"https://pokeapi.co/api/v2/pokemon/4/"},{"name":"charmeleon","url":"https://pokeapi.co/api/v2/pokemon/5/"},{"name":"charizard","url":"https://pokeapi.co/api/v2/pokemon/6/"},{"name":"butterfree","url":"https://pokeapi.co/api/v2/pokemon/12/"},{"name":"beedrill","url":"https://pokeapi.co/api/v2/pokemon/15/"},{"name":"pidgey","url":"https://pokeapi.co/api/v2/pokemon/16/"},{"name":"pidgeotto","url":"https://pokeapi.co/api/v2/pokemon/17/"},{"name":"pidgeot","url":"https://pokeapi.co/api/v2/pokemon/18/"},{"name":"spearow","url":"https://pokeapi.co/api/v2/pokemon/21/"},{"name":"fearow","url":"https://pokeapi.co/api/v2/pokemon/22/"},{"name":"sandshrew","url":"https://pokeapi.co/api/v2/pokemon/27/"},{"name":"sandslash","url":"https://pokeapi.co/api/v2/pokemon/28/"},{"name":"nidoran-f","url":"https://pokeapi.co/api/v2/pokemon/29/"},{"name":"nidorina","url":"https://pokeapi.co/api/v2/pokemon/30/"},{"name":"nidoqueen","url":"https://pokeapi.co/api/v2/pokemon/31/"},{"name":"zubat","url":"https://pokeapi.co/api/v2/pokemon/41/"},{"name":"golbat","url":"https://pokeapi.co/api/v2/pokemon/42/"},{"name":"paras","url":"https://pokeapi.co/api/v2/pokemon/46/"},{"name":"parasect","url":"https://pokeapi.co/api/v2/pokemon/47/"},{"name":"venomoth","url":"https://pokeapi.co/api/v2/pokemon/49/"},{"name":"diglett","url":"https://pokeapi.co/api/v2/pokemon/50/"},{"name":"dugtrio","url":"https://pokeapi.co/api/v2/pokemon/51/"},{"name":"meowth","url":"https://pokeapi.co/api/v2/pokemon/52/"},{"name":"persian","url":"https://pokeapi.co/api/v2/pokemon/53/"},{"name":"psyduck","url":"https://pokeapi.co/api/v2/pokemon/54/"},{"name":"golduck","url":"https://pokeapi.co/api/v2/pokemon/55/"},{"name":"mankey","url":"https://pokeapi.co/api/v2/pokemon/56/"},{"name":"primeape","url":"https://pokeapi.co/api/v2/pokemon/57/"},{"name":"growlithe","url":"https://pokeapi.co/api/v2/pokemon/58/"},{"name":"arcanine","url":"https://pokeapi.co/api/v2/pokemon/59/"},{"name":"slowbro","url":"https://pokeapi.co/api/v2/pokemon/80/"},{"name":"farfetchd","url":"https://pokeapi.co/api/v2/pokemon/83/"},{"name":"doduo","url":"https://pokeapi.co/api/v2/pokemon/84/"},{"name":"dodrio","url":"https://pokeapi.co/api/v2/pokemon/85/"},{"name":"cubone","url":"https://pokeapi.co/api/v2/pokemon/104/"},{"name":"marowak","url":"https://pokeapi.co/api/v2/pokemon/105/"},{"name":"kangaskhan","url":"https://pokeapi.co/api/v2/pokemon/115/"},{"name":"mr-mime","url":"https://pokeapi.co/api/v2/pokemon/122/"},{"name":"scyther","url":"https://pokeapi.co/api/v2/pokemon/123/"},{"name":"porygon","url":"https://pokeapi.co/api/v2/pokemon/137/"},{"name":"kabuto","url":"https://pokeapi.co/api/v2/pokemon/140/"},{"name":"kabutops","url":"https://pokeapi.co/api/v2/pokemon/141/"},{"name":"aerodactyl","url":"https://pokeapi.co/api/v2/pokemon/142/"},{"name":"articuno","url":"https://pokeapi.co/api/v2/pokemon/144/"},{"name":"zapdos","url":"https://pokeapi.co/api/v2/pokemon/145/"},{"name":"moltres","url":"https://pokeapi.co/api/v2/pokemon/146/"},{"name":"dragonite","url":"https://pokeapi.co/api/v2/pokemon/149/"},{"name":"mewtwo","url":"https://pokeapi.co/api/v2/pokemon/150/"},{"name":"mew","url":"https://pokeapi.co/api/v2/pokemon/151/"},{"name":"cyndaquil","url":"https://pokeapi.co/api/v2/pokemon/155/"},{"name":"quilava","url":"https://pokeapi.co/api/v2/pokemon/156/"},{"name":"typhlosion","url":"https://pokeapi.co/api/v2/pokemon/157/"},{"name":"totodile","url":"https://pokeapi.co/api/v2/pokemon/158/"},{"name":"croconaw","url":"https://pokeapi.co/api/v2/pokemon/159/"},{"name":"feraligatr","url":"https://pokeapi.co/api/v2/pokemon/160/"},{"name":"hoothoot","url":"https://pokeapi.co/api/v2/pokemon/163/"},{"name":"noctowl","url":"https://pokeapi.co/api/v2/pokemon/164/"},{"name":"ledyba","url":"https://pokeapi.co/api/v2/pokemon/165/"},{"name":"ledian","url":"https://pokeapi.co/api/v2/pokemon/166/"},{"name":"crobat","url":"https://pokeapi.co/api/v2/pokemon/169/"},{"name":"togepi","url":"https://pokeapi.co/api/v2/pokemon/175/"},{"name":"togetic","url":"https://pokeapi.co/api/v2/pokemon/176/"},{"name":"natu","url":"https://pokeapi.co/api/v2/pokemon/177/"},{"name":"xatu","url":"https://pokeapi.co/api/v2/pokemon/178/"},{"name":"hoppip","url":"https://pokeapi.co/api/v2/pokemon/187/"},{"name":"skiploom","url":"https://pokeapi.co/api/v2/pokemon/188/"},{"name":"jumpluff","url":"https://pokeapi.co/api/v2/pokemon/189/"},{"name":"aipom","url":"https://pokeapi.co/api/v2/pokemon/190/"},{"name":"yanma","url":"https://pokeapi.co/api/v2/pokemon/193/"},{"name":"murkrow","url":"https://pokeapi.co/api/v2/pokemon/198/"},{"name":"misdreavus","url":"https://pokeapi.co/api/v2/pokemon/200/"},{"name":"gligar","url":"https://pokeapi.co/api/v2/pokemon/207/"},{"name":"scizor","url":"https://pokeapi.co/api/v2/pokemon/212/"},{"name":"heracross","url":"https://pokeapi.co/api/v2/pokemon/214/"},{"name":"sneasel","url":"https://pokeapi.co/api/v2/pokemon/215/"},{"name":"teddiursa","url":"https://pokeapi.co/api/v2/pokemon/216/"},{"name":"ursaring","url":"https://pokeapi.co/api/v2/pokemon/217/"},{"name":"delibird","url":"https://pokeapi.co/api/v2/pokemon/225/"},{"name":"mantine","url":"https://pokeapi.co/api/v2/pokemon/226/"},{"name":"skarmory","url":"https://pokeapi.co/api/v2/pokemon/227/"},{"name":"porygon2","url":"https://pokeapi.co/api/v2/pokemon/233/"},{"name":"hitmontop","url":"https://pokeapi.co/api/v2/pokemon/237/"},{"name":"pupitar","url":"https://pokeapi.co/api/v2/pokemon/247/"},{"name":"tyranitar","url":"https://pokeapi.co/api/v2/pokemon/248/"},{"name":"lugia","url":"https://pokeapi.co/api/v2/pokemon/249/"},{"name":"ho-oh","url":"https://pokeapi.co/api/v2/pokemon/250/"},{"name":"celebi","url":"https://pokeapi.co/api/v2/pokemon/251/"},{"name":"treecko","url":"https://pokeapi.co/api/v2/pokemon/252/"},{"name":"grovyle","url":"https://pokeapi.co/api/v2/pokemon/253/"},{"name":"sceptile","url":"https://pokeapi.co/api/v2/pokemon/254/"},{"name":"torchic","url":"https://pokeapi.co/api/v2/pokemon/255/"},{"name":"combusken","url":"https://pokeapi.co/api/v2/pokemon/256/"},{"name":"blaziken","url":"https://pokeapi.co/api/v2/pokemon/257/"},{"name":"beautifly","url":"https://pokeapi.co/api/v2/pokemon/267/"},{"name":"dustox","url":"https://pokeapi.co/api/v2/pokemon/269/"},{"name":"shiftry","url":"https://pokeapi.co/api/v2/pokemon/275/"},{"name":"taillow","url":"https://pokeapi.co/api/v2/pokemon/276/"},{"name":"swellow","url":"https://pokeapi.co/api/v2/pokemon/277/"},{"name":"wingull","url":"https://pokeapi.co/api/v2/pokemon/278/"},{"name":"pelipper","url":"https://pokeapi.co/api/v2/pokemon/279/"},{"name":"masquerain","url":"https://pokeapi.co/api/v2/pokemon/284/"},{"name":"breloom","url":"https://pokeapi.co/api/v2/pokemon/286/"},{"name":"slakoth","url":"https://pokeapi.co/api/v2/pokemon/287/"},{"name":"vigoroth","url":"https://pokeapi.co/api/v2/pokemon/288/"},{"name":"slaking","url":"https://pokeapi.co/api/v2/pokemon/289/"},{"name":"nincada","url":"https://pokeapi.co/api/v2/pokemon/290/"},{"name":"ninjask","url":"https://pokeapi.co/api/v2/pokemon/291/"},{"name":"shedinja","url":"https://pokeapi.co/api/v2/pokemon/292/"},{"name":"sableye","url":"https://pokeapi.co/api/v2/pokemon/302/"},{"name":"aron","url":"https://pokeapi.co/api/v2/pokemon/304/"},{"name":"lairon","url":"https://pokeapi.co/api/v2/pokemon/305/"},{"name":"aggron","url":"https://pokeapi.co/api/v2/pokemon/306/"},{"name":"meditite","url":"https://pokeapi.co/api/v2/pokemon/307/"},{"name":"medicham","url":"https://pokeapi.co/api/v2/pokemon/308/"},{"name":"volbeat","url":"https://pokeapi.co/api/v2/pokemon/313/"},{"name":"illumise","url":"https://pokeapi.co/api/v2/pokemon/314/"},{"name":"flygon","url":"https://pokeapi.co/api/v2/pokemon/330/"},{"name":"swablu","url":"https://pokeapi.co/api/v2/pokemon/333/"},{"name":"altaria","url":"https://pokeapi.co/api/v2/pokemon/334/"},{"name":"zangoose","url":"https://pokeapi.co/api/v2/pokemon/335/"},{"name":"corphish","url":"https://pokeapi.co/api/v2/pokemon/341/"},{"name":"crawdaunt","url":"https://pokeapi.co/api/v2/pokemon/342/"},{"name":"anorith","url":"https://pokeapi.co/api/v2/pokemon/347/"},{"name":"armaldo","url":"https://pokeapi.co/api/v2/pokemon/348/"},{"name":"kecleon","url":"https://pokeapi.co/api/v2/pokemon/352/"},{"name":"tropius","url":"https://pokeapi.co/api/v2/pokemon/357/"},{"name":"absol","url":"https://pokeapi.co/api/v2/pokemon/359/"},{"name":"bagon","url":"https://pokeapi.co/api/v2/pokemon/371/"},{"name":"shelgon","url":"https://pokeapi.co/api/v2/pokemon/372/"},{"name":"salamence","url":"https://pokeapi.co/api/v2/pokemon/373/"},{"name":"metang","url":"https://pokeapi.co/api/v2/pokemon/375/"},{"name":"metagross","url":"https://pokeapi.co/api/v2/pokemon/376/"},{"name":"registeel","url":"https://pokeapi.co/api/v2/pokemon/379/"},{"name":"latias","url":"https://pokeapi.co/api/v2/pokemon/380/"},{"name":"latios","url":"https://pokeapi.co/api/v2/pokemon/381/"},{"name":"groudon","url":"https://pokeapi.co/api/v2/pokemon/383/"},{"name":"rayquaza","url":"https://pokeapi.co/api/v2/pokemon/384/"},{"name":"jirachi","url":"https://pokeapi.co/api/v2/pokemon/385/"},{"name":"deoxys-normal","url":"https://pokeapi.co/api/v2/pokemon/386/"},{"name":"chimchar","url":"https://pokeapi.co/api/v2/pokemon/390/"},{"name":"monferno","url":"https://pokeapi.co/api/v2/pokemon/391/"},{"name":"infernape","url":"https://pokeapi.co/api/v2/pokemon/392/"},{"name":"piplup","url":"https://pokeapi.co/api/v2/pokemon/393/"},{"name":"prinplup","url":"https://pokeapi.co/api/v2/pokemon/394/"},{"name":"empoleon","url":"https://pokeapi.co/api/v2/pokemon/395/"},{"name":"starly","url":"https://pokeapi.co/api/v2/pokemon/396/"},{"name":"staravia","url":"https://pokeapi.co/api/v2/pokemon/397/"},{"name":"staraptor","url":"https://pokeapi.co/api/v2/pokemon/398/"},{"name":"kricketune","url":"https://pokeapi.co/api/v2/pokemon/402/"},{"name":"mothim","url":"https://pokeapi.co/api/v2/pokemon/414/"},{"name":"vespiquen","url":"https://pokeapi.co/api/v2/pokemon/416/"},{"name":"pachirisu","url":"https://pokeapi.co/api/v2/pokemon/417/"},{"name":"ambipom","url":"https://pokeapi.co/api/v2/pokemon/424/"},{"name":"drifloon","url":"https://pokeapi.co/api/v2/pokemon/425/"},{"name":"drifblim","url":"https://pokeapi.co/api/v2/pokemon/426/"},{"name":"mismagius","url":"https://pokeapi.co/api/v2/pokemon/429/"},{"name":"honchkrow","url":"https://pokeapi.co/api/v2/pokemon/430/"},{"name":"glameow","url":"https://pokeapi.co/api/v2/pokemon/431/"},{"name":"purugly","url":"https://pokeapi.co/api/v2/pokemon/432/"},{"name":"chatot","url":"https://pokeapi.co/api/v2/pokemon/441/"},{"name":"gible","url":"https://pokeapi.co/api/v2/pokemon/443/"},{"name":"gabite","url":"https://pokeapi.co/api/v2/pokemon/444/"},{"name":"garchomp","url":"https://pokeapi.co/api/v2/pokemon/445/"},{"name":"riolu","url":"https://pokeapi.co/api/v2/pokemon/447/"},{"name":"lucario","url":"https://pokeapi.co/api/v2/pokemon/448/"},{"name":"skorupi","url":"https://pokeapi.co/api/v2/pokemon/451/"},{"name":"drapion","url":"https://pokeapi.co/api/v2/pokemon/452/"},{"name":"croagunk","url":"https://pokeapi.co/api/v2/pokemon/453/"},{"name":"toxicroak","url":"https://pokeapi.co/api/v2/pokemon/454/"},{"name":"mantyke","url":"https://pokeapi.co/api/v2/pokemon/458/"},{"name":"weavile","url":"https://pokeapi.co/api/v2/pokemon/461/"},{"name":"tangrowth","url":"https://pokeapi.co/api/v2/pokemon/465/"},{"name":"togekiss","url":"https://pokeapi.co/api/v2/pokemon/468/"},{"name":"yanmega","url":"https://pokeapi.co/api/v2/pokemon/469/"},{"name":"leafeon","url":"https://pokeapi.co/api/v2/pokemon/470/"},{"name":"gliscor","url":"https://pokeapi.co/api/v2/pokemon/472/"},{"name":"porygon-z","url":"https://pokeapi.co/api/v2/pokemon/474/"},{"name":"gallade","url":"https://pokeapi.co/api/v2/pokemon/475/"},{"name":"dialga","url":"https://pokeapi.co/api/v2/pokemon/483/"},{"name":"palkia","url":"https://pokeapi.co/api/v2/pokemon/484/"},{"name":"regigigas","url":"https://pokeapi.co/api/v2/pokemon/486/"},{"name":"giratina-altered","url":"https://pokeapi.co/api/v2/pokemon/487/"},{"name":"darkrai","url":"https://pokeapi.co/api/v2/pokemon/491/"},{"name":"arceus","url":"https://pokeapi.co/api/v2/pokemon/493/"},{"name":"snivy","url":"https://pokeapi.co/api/v2/pokemon/495/"},{"name":"servine","url":"https://pokeapi.co/api/v2/pokemon/496/"},{"name":"serperior","url":"https://pokeapi.co/api/v2/pokemon/497/"},{"name":"oshawott","url":"https://pokeapi.co/api/v2/pokemon/501/"},{"name":"dewott","url":"https://pokeapi.co/api/v2/pokemon/502/"},{"name":"samurott","url":"https://pokeapi.co/api/v2/pokemon/503/"},{"name":"lillipup","url":"https://pokeapi.co/api/v2/pokemon/506/"},{"name":"herdier","url":"https://pokeapi.co/api/v2/pokemon/507/"},{"name":"stoutland","url":"https://pokeapi.co/api/v2/pokemon/508/"},{"name":"purrloin","url":"https://pokeapi.co/api/v2/pokemon/509/"},{"name":"liepard","url":"https://pokeapi.co/api/v2/pokemon/510/"},{"name":"pidove","url":"https://pokeapi.co/api/v2/pokemon/519/"},{"name":"tranquill","url":"https://pokeapi.co/api/v2/pokemon/520/"},{"name":"unfezant","url":"https://pokeapi.co/api/v2/pokemon/521/"},{"name":"woobat","url":"https://pokeapi.co/api/v2/pokemon/527/"},{"name":"swoobat","url":"https://pokeapi.co/api/v2/pokemon/528/"},{"name":"drilbur","url":"https://pokeapi.co/api/v2/pokemon/529/"},{"name":"excadrill","url":"https://pokeapi.co/api/v2/pokemon/530/"},{"name":"leavanny","url":"https://pokeapi.co/api/v2/pokemon/542/"},{"name":"krokorok","url":"https://pokeapi.co/api/v2/pokemon/552/"},{"name":"krookodile","url":"https://pokeapi.co/api/v2/pokemon/553/"},{"name":"maractus","url":"https://pokeapi.co/api/v2/pokemon/556/"},{"name":"dwebble","url":"https://pokeapi.co/api/v2/pokemon/557/"},{"name":"crustle","url":"https://pokeapi.co/api/v2/pokemon/558/"},{"name":"sigilyph","url":"https://pokeapi.co/api/v2/pokemon/561/"},{"name":"archen","url":"https://pokeapi.co/api/v2/pokemon/566/"},{"name":"archeops","url":"https://pokeapi.co/api/v2/pokemon/567/"},{"name":"zorua","url":"https://pokeapi.co/api/v2/pokemon/570/"},{"name":"zoroark","url":"https://pokeapi.co/api/v2/pokemon/571/"},{"name":"ducklett","url":"https://pokeapi.co/api/v2/pokemon/580/"},{"name":"swanna","url":"https://pokeapi.co/api/v2/pokemon/581/"},{"name":"emolga","url":"https://pokeapi.co/api/v2/pokemon/587/"},{"name":"karrablast","url":"https://pokeapi.co/api/v2/pokemon/588/"},{"name":"escavalier","url":"https://pokeapi.co/api/v2/pokemon/589/"},{"name":"ferrothorn","url":"https://pokeapi.co/api/v2/pokemon/598/"},{"name":"axew","url":"https://pokeapi.co/api/v2/pokemon/610/"},{"name":"fraxure","url":"https://pokeapi.co/api/v2/pokemon/611/"},{"name":"haxorus","url":"https://pokeapi.co/api/v2/pokemon/612/"},{"name":"cubchoo","url":"https://pokeapi.co/api/v2/pokemon/613/"},{"name":"beartic","url":"https://pokeapi.co/api/v2/pokemon/614/"},{"name":"mienfoo","url":"https://pokeapi.co/api/v2/pokemon/619/"},{"name":"mienshao","url":"https://pokeapi.co/api/v2/pokemon/620/"},{"name":"druddigon","url":"https://pokeapi.co/api/v2/pokemon/621/"},{"name":"pawniard","url":"https://pokeapi.co/api/v2/pokemon/624/"},{"name":"bisharp","url":"https://pokeapi.co/api/v2/pokemon/625/"},{"name":"bouffalant","url":"https://pokeapi.co/api/v2/pokemon/626/"},{"name":"rufflet","url":"https://pokeapi.co/api/v2/pokemon/627/"},{"name":"braviary","url":"https://pokeapi.co/api/v2/pokemon/628/"},{"name":"vullaby","url":"https://pokeapi.co/api/v2/pokemon/629/"},{"name":"mandibuzz","url":"https://pokeapi.co/api/v2/pokemon/630/"},{"name":"heatmor","url":"https://pokeapi.co/api/v2/pokemon/631/"},{"name":"durant","url":"https://pokeapi.co/api/v2/pokemon/632/"},{"name":"volcarona","url":"https://pokeapi.co/api/v2/pokemon/637/"},{"name":"cobalion","url":"https://pokeapi.co/api/v2/pokemon/638/"},{"name":"terrakion","url":"https://pokeapi.co/api/v2/pokemon/639/"},{"name":"virizion","url":"https://pokeapi.co/api/v2/pokemon/640/"},{"name":"tornadus-incarnate","url":"https://pokeapi.co/api/v2/pokemon/641/"},{"name":"keldeo-ordinary","url":"https://pokeapi.co/api/v2/pokemon/647/"},{"name":"genesect","url":"https://pokeapi.co/api/v2/pokemon/649/"},{"name":"chespin","url":"https://pokeapi.co/api/v2/pokemon/650/"},{"name":"quilladin","url":"https://pokeapi.co/api/v2/pokemon/651/"},{"name":"chesnaught","url":"https://pokeapi.co/api/v2/pokemon/652/"},{"name":"froakie","url":"https://pokeapi.co/api/v2/pokemon/656/"},{"name":"frogadier","url":"https://pokeapi.co/api/v2/pokemon/657/"},{"name":"greninja","url":"https://pokeapi.co/api/v2/pokemon/658/"},{"name":"fletchling","url":"https://pokeapi.co/api/v2/pokemon/661/"},{"name":"fletchinder","url":"https://pokeapi.co/api/v2/pokemon/662/"},{"name":"talonflame","url":"https://pokeapi.co/api/v2/pokemon/663/"},{"name":"vivillon","url":"https://pokeapi.co/api/v2/pokemon/666/"},{"name":"gogoat","url":"https://pokeapi.co/api/v2/pokemon/673/"},{"name":"pancham","url":"https://pokeapi.co/api/v2/pokemon/674/"},{"name":"pangoro","url":"https://pokeapi.co/api/v2/pokemon/675/"},{"name":"honedge","url":"https://pokeapi.co/api/v2/pokemon/679/"},{"name":"doublade","url":"https://pokeapi.co/api/v2/pokemon/680/"},{"name":"aegislash-shield","url":"https://pokeapi.co/api/v2/pokemon/681/"},{"name":"inkay","url":"https://pokeapi.co/api/v2/pokemon/686/"},{"name":"malamar","url":"https://pokeapi.co/api/v2/pokemon/687/"},{"name":"binacle","url":"https://pokeapi.co/api/v2/pokemon/688/"},{"name":"barbaracle","url":"https://pokeapi.co/api/v2/pokemon/689/"},{"name":"tyrunt","url":"https://pokeapi.co/api/v2/pokemon/696/"},{"name":"tyrantrum","url":"https://pokeapi.co/api/v2/pokemon/697/"},{"name":"hawlucha","url":"https://pokeapi.co/api/v2/pokemon/701/"},{"name":"dedenne","url":"https://pokeapi.co/api/v2/pokemon/702/"},{"name":"noibat","url":"https://pokeapi.co/api/v2/pokemon/714/"},{"name":"noivern","url":"https://pokeapi.co/api/v2/pokemon/715/"},{"name":"yveltal","url":"https://pokeapi.co/api/v2/pokemon/717/"},{"name":"rowlet","url":"https://pokeapi.co/api/v2/pokemon/722/"},{"name":"dartrix","url":"https://pokeapi.co/api/v2/pokemon/723/"},{"name":"decidueye","url":"https://pokeapi.co/api/v2/pokemon/724/"},{"name":"pikipek","url":"https://pokeapi.co/api/v2/pokemon/731/"},{"name":"trumbeak","url":"https://pokeapi.co/api/v2/pokemon/732/"},{"name":"toucannon","url":"https://pokeapi.co/api/v2/pokemon/733/"},{"name":"oricorio-baile","url":"https://pokeapi.co/api/v2/pokemon/741/"},{"name":"cutiefly","url":"https://pokeapi.co/api/v2/pokemon/742/"},{"name":"ribombee","url":"https://pokeapi.co/api/v2/pokemon/743/"},{"name":"lurantis","url":"https://pokeapi.co/api/v2/pokemon/754/"},{"name":"stufful","url":"https://pokeapi.co/api/v2/pokemon/759/"},{"name":"bewear","url":"https://pokeapi.co/api/v2/pokemon/760/"},{"name":"passimian","url":"https://pokeapi.co/api/v2/pokemon/766/"},{"name":"golisopod","url":"https://pokeapi.co/api/v2/pokemon/768/"},{"name":"type-null","url":"https://pokeapi.co/api/v2/pokemon/772/"},{"name":"silvally","url":"https://pokeapi.co/api/v2/pokemon/773/"},{"name":"bruxish","url":"https://pokeapi.co/api/v2/pokemon/779/"},{"name":"dhelmise","url":"https://pokeapi.co/api/v2/pokemon/781/"},{"name":"jangmo-o","url":"https://pokeapi.co/api/v2/pokemon/782/"},{"name":"hakamo-o","url":"https://pokeapi.co/api/v2/pokemon/783/"},{"name":"kommo-o","url":"https://pokeapi.co/api/v2/pokemon/784/"},{"name":"tapu-koko","url":"https://pokeapi.co/api/v2/pokemon/785/"},{"name":"lunala","url":"https://pokeapi.co/api/v2/pokemon/792/"},{"name":"kartana","url":"https://pokeapi.co/api/v2/pokemon/798/"},{"name":"necrozma","url":"https://pokeapi.co/api/v2/pokemon/800/"},{"name":"naganadel","url":"https://pokeapi.co/api/v2/pokemon/804/"},{"name":"zeraora","url":"https://pokeapi.co/api/v2/pokemon/807/"},{"name":"rookidee","url":"https://pokeapi.co/api/v2/pokemon/821/"},{"name":"corvisquire","url":"https://pokeapi.co/api/v2/pokemon/822/"},{"name":"corviknight","url":"https://pokeapi.co/api/v2/pokemon/823/"},{"name":"flapple","url":"https://pokeapi.co/api/v2/pokemon/841/"},{"name":"cramorant","url":"https://pokeapi.co/api/v2/pokemon/845/"},{"name":"dracozolt","url":"https://pokeapi.co/api/v2/pokemon/880/"},{"name":"kubfu","url":"https://pokeapi.co/api/v2/pokemon/891/"},{"name":"urshifu-single-strike","url":"https://pokeapi.co/api/v2/pokemon/892/"},{"name":"zarude","url":"https://pokeapi.co/api/v2/pokemon/893/"},{"name":"kleavor","url":"https://pokeapi.co/api/v2/pokemon/900/"},{"name":"ursaluna","url":"https://pokeapi.co/api/v2/pokemon/901/"},{"name":"sneasler","url":"https://pokeapi.co/api/v2/pokemon/903/"},{"name":"floragato","url":"https://pokeapi.co/api/v2/pokemon/907/"},{"name":"meowscarada","url":"https://pokeapi.co/api/v2/pokemon/908/"},{"name":"quaxly","url":"https://pokeapi.co/api/v2/pokemon/912/"},{"name":"quaxwell","url":"https://pokeapi.co/api/v2/pokemon/913/"},{"name":"quaquaval","url":"https://pokeapi.co/api/v2/pokemon/914/"},{"name":"spidops","url":"https://pokeapi.co/api/v2/pokemon/918/"},{"name":"lokix","url":"https://pokeapi.co/api/v2/pokemon/920/"},{"name":"tandemaus","url":"https://pokeapi.co/api/v2/pokemon/924/"},{"name":"maushold","url":"https://pokeapi.co/api/v2/pokemon/925/"},{"name":"squawkabilly","url":"https://pokeapi.co/api/v2/pokemon/931/"},{"name":"wattrel","url":"https://pokeapi.co/api/v2/pokemon/940/"},{"name":"kilowattrel","url":"https://pokeapi.co/api/v2/pokemon/941/"},{"name":"espathra","url":"https://pokeapi.co/api/v2/pokemon/956/"},{"name":"bombirdier","url":"https://pokeapi.co/api/v2/pokemon/962/"},{"name":"cyclizar","url":"https://pokeapi.co/api/v2/pokemon/967/"},{"name":"flamigo","url":"https://pokeapi.co/api/v2/pokemon/973/"},{"name":"kingambit","url":"https://pokeapi.co/api/v2/pokemon/983/"},{"name":"slither-wing","url":"https://pokeapi.co/api/v2/pokemon/988/"},{"name":"arctibax","url":"https://pokeapi.co/api/v2/pokemon/997/"},{"name":"baxcalibur","url":"https://pokeapi.co/api/v2/pokemon/998/"},{"name":"chien-pao","url":"https://pokeapi.co/api/v2/pokemon/1002/"},{"name":"roaring-moon","url":"https://pokeapi.co/api/v2/pokemon/1005/"},{"name":"iron-valiant","url":"https://pokeapi.co/api/v2/pokemon/1006/"},{"name":"iron-leaves","url":"https://pokeapi.co/api/v2/pokemon/1010/"},{"name":"deoxys-attack","url":"https://pokeapi.co/api/v2/pokemon/10001/"},{"name":"deoxys-defense","url":"https://pokeapi.co/api/v2/pokemon/10002/"},{"name":"deoxys-speed","url":"https://pokeapi.co/api/v2/pokemon/10003/"},{"name":"giratina-origin","url":"https://pokeapi.co/api/v2/pokemon/10007/"},{"name":"tornadus-therian","url":"https://pokeapi.co/api/v2/pokemon/10019/"},{"name":"keldeo-resolute","url":"https://pokeapi.co/api/v2/pokemon/10024/"},{"name":"aegislash-blade","url":"https://pokeapi.co/api/v2/pokemon/10026/"},{"name":"charizard-mega-x","url":"https://pokeapi.co/api/v2/pokemon/10034/"},{"name":"charizard-mega-y","url":"https://pokeapi.co/api/v2/pokemon/10035/"},{"name":"kangaskhan-mega","url":"https://pokeapi.co/api/v2/pokemon/10039/"},{"name":"aerodactyl-mega","url":"https://pokeapi.co/api/v2/pokemon/10042/"},{"name":"mewtwo-mega-x","url":"https://pokeapi.co/api/v2/pokemon/10043/"},{"name":"mewtwo-mega-y","url":"https://pokeapi.co/api/v2/pokemon/10044/"},{"name":"scizor-mega","url":"https://pokeapi.co/api/v2/pokemon/10046/"},{"name":"heracross-mega","url":"https://pokeapi.co/api/v2/pokemon/10047/"},{"name":"tyranitar-mega","url":"https://pokeapi.co/api/v2/pokemon/10049/"},{"name":"blaziken-mega","url":"https://pokeapi.co/api/v2/pokemon/10050/"},{"name":"aggron-mega","url":"https://pokeapi.co/api/v2/pokemon/10053/"},{"name":"absol-mega","url":"https://pokeapi.co/api/v2/pokemon/10057/"},{"name":"garchomp-mega","url":"https://pokeapi.co/api/v2/pokemon/10058/"},{"name":"latias-mega","url":"https://pokeapi.co/api/v2/pokemon/10062/"},{"name":"latios-mega","url":"https://pokeapi.co/api/v2/pokemon/10063/"},{"name":"sceptile-mega","url":"https://pokeapi.co/api/v2/pokemon/10065/"},{"name":"sableye-mega","url":"https://pokeapi.co/api/v2/pokemon/10066/"},{"name":"altaria-mega","url":"https://pokeapi.co/api/v2/pokemon/10067/"},{"name":"gallade-mega","url":"https://pokeapi.co/api/v2/pokemon/10068/"},{"name":"slowbro-mega","url":"https://pokeapi.co/api/v2/pokemon/10071/"},{"name":"pidgeot-mega","url":"https://pokeapi.co/api/v2/pokemon/10073/"},{"name":"metagross-mega","url":"https://pokeapi.co/api/v2/pokemon/10076/"},{"name":"groudon-primal","url":"https://pokeapi.co/api/v2/pokemon/10078/"},{"name":"rayquaza-mega","url":"https://pokeapi.co/api/v2/pokemon/10079/"},{"name":"salamence-mega","url":"https://pokeapi.co/api/v2/pokemon/10089/"},{"name":"beedrill-mega","url":"https://pokeapi.co/api/v2/pokemon/10090/"},{"name":"sandshrew-alola","url":"https://pokeapi.co/api/v2/pokemon/10101/"},{"name":"sandslash-alola","url":"https://pokeapi.co/api/v2/pokemon/10102/"},{"name":"diglett-alola","url":"https://pokeapi.co/api/v2/pokemon/10105/"},{"name":"dugtrio-alola","url":"https://pokeapi.co/api/v2/pokemon/10106/"},{"name":"meowth-alola","url":"https://pokeapi.co/api/v2/pokemon/10107/"},{"name":"persian-alola","url":"https://pokeapi.co/api/v2/pokemon/10108/"},{"name":"marowak-alola","url":"https://pokeapi.co/api/v2/pokemon/10115/"},{"name":"greninja-battle-bond","url":"https://pokeapi.co/api/v2/pokemon/10116/"},{"name":"greninja-ash","url":"https://pokeapi.co/api/v2/pokemon/10117/"},{"name":"oricorio-pom-pom","url":"https://pokeapi.co/api/v2/pokemon/10123/"},{"name":"oricorio-pau","url":"https://pokeapi.co/api/v2/pokemon/10124/"},{"name":"oricorio-sensu","url":"https://pokeapi.co/api/v2/pokemon/10125/"},{"name":"lurantis-totem","url":"https://pokeapi.co/api/v2/pokemon/10128/"},{"name":"kommo-o-totem","url":"https://pokeapi.co/api/v2/pokemon/10146/"},{"name":"marowak-totem","url":"https://pokeapi.co/api/v2/pokemon/10149/"},{"name":"ribombee-totem","url":"https://pokeapi.co/api/v2/pokemon/10150/"},{"name":"necrozma-dusk","url":"https://pokeapi.co/api/v2/pokemon/10155/"},{"name":"necrozma-dawn","url":"https://pokeapi.co/api/v2/pokemon/10156/"},{"name":"necrozma-ultra","url":"https://pokeapi.co/api/v2/pokemon/10157/"},{"name":"meowth-galar","url":"https://pokeapi.co/api/v2/pokemon/10161/"},{"name":"zapdos-galar","url":"https://pokeapi.co/api/v2/pokemon/10170/"},{"name":"moltres-galar","url":"https://pokeapi.co/api/v2/pokemon/10171/"},{"name":"cramorant-gulping","url":"https://pokeapi.co/api/v2/pokemon/10182/"},{"name":"cramorant-gorging","url":"https://pokeapi.co/api/v2/pokemon/10183/"},{"name":"urshifu-rapid-strike","url":"https://pokeapi.co/api/v2/pokemon/10191/"},{"name":"zarude-dada","url":"https://pokeapi.co/api/v2/pokemon/10192/"},{"name":"arcanine-hisui","url":"https://pokeapi.co/api/v2/pokemon/10230/"},{"name":"typhlosion-hisui","url":"https://pokeapi.co/api/v2/pokemon/10233/"},{"name":"sneasel-hisui","url":"https://pokeapi.co/api/v2/pokemon/10235/"},{"name":"samurott-hisui","url":"https://pokeapi.co/api/v2/pokemon/10236/"},{"name":"lilligant-hisui","url":"https://pokeapi.co/api/v2/pokemon/10237/"},{"name":"zoroark-hisui","url":"https://pokeapi.co/api/v2/pokemon/10239/"},{"name":"braviary-hisui","url":"https://pokeapi.co/api/v2/pokemon/10240/"},{"name":"decidueye-hisui","url":"https://pokeapi.co/api/v2/pokemon/10244/"},{"name":"palkia-origin","url":"https://pokeapi.co/api/v2/pokemon/10246/"},{"name":"maushold-family-of-three","url":"https://pokeapi.co/api/v2/pokemon/10257/"},{"name":"squawkabilly-blue-plumage","url":"https://pokeapi.co/api/v2/pokemon/10260/"},{"name":"squawkabilly-yellow-plumage","url":"https://pokeapi.co/api/v2/pokemon/10261/"},{"name":"squawkabilly-white-plumage","url":"https://pokeapi.co/api/v2/pokemon/10262/"}],"machines":[{"machine":{"url":"https://pokeapi.co/api/v2/machine/786/"},"version_group":{"name":"ruby-sapphire","url":"https://pokeapi.co/api/v2/version-group/5/"}},{"machine":{"url":"https://pokeapi.co/api/v2/machine/787/"},"version_group":{"name":"emerald","url":"https://pokeapi.co/api/v2/version-group/6/"}},{"machine":{"url":"https://pokeapi.co/api/v2/machine/788/"},"version_group":{"name":"firered-leafgreen","url":"https://pokeapi.co/api/v2/version-group/7/"}},{"machine":{"url":"https://pokeapi.co/api/v2/machine/789/"},"version_group":{"name":"diamond-pearl","url":"https://pokeapi.co/api/v2/version-group/8/"}},{"machine":{"url":"https://pokeapi.co/api/v2/machine/790/"},"version_group":{"name":"platinum","url":"https://pokeapi.co/api/v2/version-group/9/"}},{"machine":{"url":"https://pokeapi.co/api/v2/machine/791/"},"version_group":{"name":"heartgold-soulsilver","url":"https://pokeapi.co/api/v2/version-group/10/"}},{"machine":{"url":"https://pokeapi.co/api/v2/machine/792/"},"version_group":{"name":"black-white","url":"https://pokeapi.co/api/v2/version-group/11/"}},{"machine":{"url":"https://pokeapi.co/api/v2/machine/793/"},"version_group":{"name":"colosseum","url":"https://pokeapi.co/api/v2/version-group/12/"}},{"machine":{"url":"https://pokeapi.co/api/v2/machine/794/"},"version_group":{"name":"xd","url":"https://pokeapi.co/api/v2/version-group/13/"}},{"machine":{"url":"https://pokeapi.co/api/v2/machine/795/"},"version_group":{"name":"black-2-white-2","url":"https://pokeapi.co/api/v2/version-group/14/"}},{"machine":{"url":"https://pokeapi.co/api/v2/machine/796/"},"version_group":{"name":"x-y","url":"https://pokeapi.co/api/v2/version-group/15/"}},{"machine":{"url":"https://pokeapi.co/api/v2/machine/797/"},"version_group":{"name":"omega-ruby-alpha-sapphire","url":"https://pokeapi.co/api/v2/version-group/16/"}},{"machine":{"url":"https://pokeapi.co/api/v2/machine/798/"},"version_group":{"name":"sun-moon","url":"https://pokeapi.co/api/v2/version-group/17/"}},{"machine":{"url":"https://pokeapi.co/api/v2/machine/799/"},"version_group":{"name":"ultra-sun-ultra-moon","url":"https://pokeapi.co/api/v2/version-group/18/"}}],"meta":{"ailment":{"name":"none","url":"https://pokeapi.co/api/v2/move-ailment/0/"},"ailment_chance":0,"category":{"name":"damage","url":"https://pokeapi.co/api/v2/move-category/0/"},"crit_rate":0,"drain":0,"flinch_chance":0,"healing":0,"max_hits":null,"max_turns":null,"min_hits":null,"min_turns":null,"stat_chance":0},"name":"aerial-ace","names":[{"language":{"name":"ja-Hrkt","url":"https://pokeapi.co/api/v2/language/1/"},"name":"つばめがえし"},{"language":{"name":"ko","url":"https://pokeapi.co/api/v2/language/3/"},"name":"제비반환"},{"language":{"name":"zh-Hant","url":"https://pokeapi.co/api/v2/language/4/"},"name":"燕返"},{"language":{"name":"fr","url":"https://pokeapi.co/api/v2/language/5/"},"name":"Aéropique"},{"language":{"name":"de","url":"https://pokeapi.co/api/v2/language/6/"},"name":"Aero-Ass"},{"language":{"name":"es","url":"https://pokeapi.co/api/v2/language/7/"},"name":"Golpe Aéreo"},{"language":{"name":"it","url":"https://pokeapi.co/api/v2/language/8/"},"name":"Aeroassalto"},{"language":{"name":"en","url":"https://pokeapi.co/api/v2/language/9/"},"name":"Aerial Ace"},{"language":{"name":"ja","url":"https://pokeapi.co/api/v2/language/11/"},"name":"つばめがえし"},{"language":{"name":"zh-Hans","url":"https://pokeapi.co/api/v2/language/12/"},"name":"燕返"}],"past_values":[],"power":60,"pp":20,"priority":0,"stat_changes":[],"super_contest_effect":{"url":"https://pokeapi.co/api/v2/super-contest-effect/17/"},"target":{"name":"selected-pokemon","url":"https://pokeapi.co/api/v2/move-target/10/"},"type":{"name":"flying","url":"https://pokeapi.co/api/v2/type/3/"}}