{"accuracy":null,"contest_combos":{"normal":{"use_after":[{"name":"dragon-rage","url":"https://pokeapi.co/api/v2/move/82/"},{"name":"dragon-breath","url":"https://pokeapi.co/api/v2/move/225/"}],"use_before":[{"name":"dragon-rage","url":"https://pokeapi.co/api/v2/move/82/"},{"name":"dragon-breath","url":"https://pokeapi.co/api/v2/move/225/"},{"name":"dragon-claw","url":"https://pokeapi.co/api/v2/move/337/"}]},"super":{"use_after":null,"use_before":null}},"contest_effect":{"url":"https://pokeapi.co/api/v2/contest-effect/32/"},"contest_type":{"name":"cool","url":"https://pokeapi.co/api/v2/contest-type/1/"},"damage_class":{"name":"status","url":"https://pokeapi.co/api/v2/move-damage-class/1/"},"effect_chance":null,"effect_changes":[],"effect_entries":[{"effect":"Raises the user's Attack and Speed by one stage each.","language":{"name":"en","url":"https://pokeapi.co/api/v2/language/9/"},"short_effect":"Raises the user's Attack and Speed by one stage."}],"flavor_text_entries":[{"flavor_text":"A mystical dance that ups\nATTACK and SPEED.","language":{"name":"en","url":"https://pokeapi.co/api/v2/language/9/"},"version_group":{"name":"ruby-sapphire","url":"https://pokeapi.co/api/v2/version-group/5/"}},{"flavor_text":"A mystical dance that ups\nATTACK and SPEED.","language":{"name":"en","url":"https://pokeapi.co/api/v2/language/9/"},"version_group":{"name":"emerald","url":"https://pokeapi.co/api/v2/version-group/6/"}},{"flavor_text":"A mystic, powerful\ndance that boosts\nthe user’s ATTACK\nand SPEED stats.","language":{"name":"en","url":"https://pokeapi.co/api/v2/language/9/"},"version_group":{"name":"firered-leafgreen","url":"https://pokeapi.co/api/v2/version-group/7/"}},{"flavor_text":"The user vigorously\nperforms a mystic,\npowerful dance that\nboosts its Attack and\nSpeed stats.","language":{"name":"en","url":"https://pokeapi.co/api/v2/language/9/"},"version_group":{"name":"diamond-pearl","url":"https://pokeapi.co/api/v2/version-group/8/"}},{"flavor_text":"The user vigorously\nperforms a mystic,\npowerful dance that\nboosts its Attack and\nSpeed stats.","language":{"name":"en","url":"https://pokeapi.co/api/v2/language/9/"},"version_group":{"name":"platinum","url":"https://pokeapi.co/api/v2/version-group/9/"}},{"flavor_text":"The user vigorously\nperforms a mystic,\npowerful dance that\nboosts its Attack and\nSpeed stats.","language":{"name":"en","url":"https://pokeapi.co/api/v2/language/9/"},"version_group":{"name":"heartgold-soulsilver","url":"https://pokeapi.co/api/v2/version-group/10/"}},{"flavor_text":"Une danse mystique dont le rythme\neffréné augmente l’Attaque et la\nVitesse du lanceur.","language":{"name":"fr","url":"https://pokeapi.co/api/v2/language/5/"},"version_group":{"name":"black-white","url":"https://pokeapi.co/api/v2/version-group/11/"}},{"flavor_text":"The user vigorously performs a mystic,\npowerful dance that boosts its Attack and\nSpeed stats.","language":{"name":"en","url":"https://pokeapi.co/api/v2/language/9/"},"version_group":{"name":"black-white","url":"https://pokeapi.co/api/v2/version-group/11/"}},{"flavor_text":"The user vigorously performs a mystic,\npowerful dance that boosts its Attack and\nSpeed stats.","language":{"name":"en","url":"https://pokeapi.co/api/v2/language/9/"},"version_group":{"name":"black-2-white-2","url":"https://pokeapi.co/api/v2/version-group/14/"}},{"flavor_text":"しんぴてきで　ちからづよい　まいを\nはげしく　おどる。じぶんの\nこうげきと　すばやさを　あげる。","language":{"name":"ja-Hrkt","url":"https://pokeapi.co/api/v2/language/1/"},"version_group":{"name":"x-y","url":"https://pokeapi.co/api/v2/version-group/15/"}},{"flavor_text":"신비롭고 힘센 춤을\n격렬하게 춘다. 자신의\n공격과 스피드를 올린다.","language":{"name":"ko","url":"https://pokeapi.co/api/v2/language/3/"},"version_group":{"name":"x-y","url":"https://pokeapi.co/api/v2/version-group/15/"}},{"flavor_text":"Une danse mystique dont le rythme effréné\naugmente l’Attaque et la Vitesse du lanceur.","language":{"name":"fr","url":"https://pokeapi.co/api/v2/language/5/"},"version_group":{"name":"x-y","url":"https://pokeapi.co/api/v2/version-group/15/"}},{"flavor_text":"Ein mystischer Tanz, der den\nAngriffs- und Initiative-Wert erhöht.","language":{"name":"de","url":"https://pokeapi.co/api/v2/language/6/"},"version_group":{"name":"x-y","url":"https://pokeapi.co/api/v2/version-group/15/"}},{"flavor_text":"Danza mística que sube el Ataque y la Velocidad.","language":{"name":"es","url":"https://pokeapi.co/api/v2/language/7/"},"version_group":{"name":"x-y","url":"https://pokeapi.co/api/v2/version-group/15/"}},{"flavor_text":"Danza mistica e vigorosa che aumenta l’Attacco\ne la Velocità di chi la usa.","language":{"name":"it","url":"https://pokeapi.co/api/v2/language/8/"},"version_group":{"name":"x-y","url":"https://pokeapi.co/api/v2/version-group/15/"}},{"flavor_text":"The user vigorously performs a mystic,\npowerful dance that raises its Attack and\nSpeed stats.","language":{"name":"en","url":"https://pokeapi.co/api/v2/language/9/"},"version_group":{"name":"x-y","url":"https://pokeapi.co/api/v2/version-group/15/"}},{"flavor_text":"神秘的で　力強い　舞を\n激しく　おどる。自分の\n攻撃と　素早さを　あげる。","language":{"name":"ja","url":"https://pokeapi.co/api/v2/language/11/"},"version_group":{"name":"x-y","url":"https://pokeapi.co/api/v2/version-group/15/"}},{"flavor_text":"しんぴてきで　ちからづよい　まいを\nはげしく　おどる。じぶんの\nこうげきと　すばやさを　あげる。","language":{"name":"ja-Hrkt","url":"https://pokeapi.co/api/v2/language/1/"},"version_group":{"name":"omega-ruby-alpha-sapphire","url":"https://pokeapi.co/api/v2/version-group/16/"}},{"flavor_text":"신비롭고 힘센 춤을\n격렬하게 춘다. 자신의\n공격과 스피드를 올린다.","language":{"name":"ko","url":"https://pokeapi.co/api/v2/language/3/"},"version_group":{"name":"omega-ruby-alpha-sapphire","url":"https://pokeapi.co/api/v2/version-group/16/"}},{"flavor_text":"Une danse mystique dont le rythme effréné\naugmente l’Attaque et la Vitesse du lanceur.","language":{"name":"fr","url":"https://pokeapi.co/api/v2/language/5/"},"version_group":{"name":"omega-ruby-alpha-sapphire","url":"https://pokeapi.co/api/v2/version-group/16/"}},{"flavor_text":"Ein mystischer Tanz, der den\nAngriffs- und Initiative-Wert erhöht.","language":{"name":"de","url":"https://pokeapi.co/api/v2/language/6/"},"version_group":{"name":"omega-ruby-alpha-sapphire","url":"https://pokeapi.co/api/v2/version-group/16/"}},{"flavor_text":"Danza mística que sube el Ataque y la Velocidad. ","language":{"name":"es","url":"https://pokeapi.co/api/v2/language/7/"},"version_group":{"name":"omega-ruby-alpha-sapphire","url":"https://pokeapi.co/api/v2/version-group/16/"}},{"flavor_text":"Danza mistica e vigorosa che aumenta l’Attacco\ne la Velocità di chi la usa.","language":{"name":"it","url":"https://pokeapi.co/api/v2/language/8/"},"version_group":{"name":"omega-ruby-alpha-sapphire","url":"https://pokeapi.co/api/v2/version-group/16/"}},{"flavor_text":"The user vigorously performs a mystic,\npowerful dance that raises its Attack and\nSpeed stats.","language":{"name":"en","url":"https://pokeapi.co/api/v2/language/9/"},"version_group":{"name":"omega-ruby-alpha-sapphire","url":"https://pokeapi.co/api/v2/version-group/16/"}},{"flavor_text":"神秘的で　力強い　舞を\n激しく　おどる。自分の\n攻撃と　素早さを　あげる。","language":{"name":"ja","url":"https://pokeapi.co/api/v2/language/11/"},"version_group":{"name":"omega-ruby-alpha-sapphire","url":"https://pokeapi.co/api/v2/version-group/16/"}},{"flavor_text":"しんぴてきで　ちからづよい　まいを\nはげしく　おどる。　じぶんの\nこうげきと　すばやさを　あげる。","language":{"name":"ja-Hrkt","url":"https://pokeapi.co/api/v2/language/1/"},"version_group":{"name":"sun-moon","url":"https://pokeapi.co/api/v2/version-group/17/"}},{"flavor_text":"신비롭고 힘센 춤을\n격렬하게 춘다. 자신의\n공격과 스피드를 올린다.","language":{"name":"ko","url":"https://pokeapi.co/api/v2/language/3/"},"version_group":{"name":"sun-moon","url":"https://pokeapi.co/api/v2/version-group/17/"}},{"flavor_text":"激烈地跳起神秘又強而有力的舞蹈。\n提高自己的攻擊和速度。","language":{"name":"zh-Hant","url":"https://pokeapi.co/api/v2/language/4/"},"version_group":{"name":"sun-moon","url":"https://pokeapi.co/api/v2/version-group/17/"}},{"flavor_text":"Une danse mystique dont le rythme effréné\naugmente l’Attaque et la Vitesse du lanceur.","language":{"name":"fr","url":"https://pokeapi.co/api/v2/language/5/"},"version_group":{"name":"sun-moon","url":"https://pokeapi.co/api/v2/version-group/17/"}},{"flavor_text":"Ein mystischer Tanz, der den Angriffs- und\nInitiative-Wert erhöht.","language":{"name":"de","url":"https://pokeapi.co/api/v2/language/6/"},"version_group":{"name":"sun-moon","url":"https://pokeapi.co/api/v2/version-group/17/"}},{"flavor_text":"Danza mística que sube el Ataque y la Velocidad. ","language":{"name":"es","url":"https://pokeapi.co/api/v2/language/7/"},"version_group":{"name":"sun-moon","url":"https://pokeapi.co/api/v2/version-group/17/"}},{"flavor_text":"Danza mistica e vigorosa che aumenta l’Attacco\ne la Velocità di chi la usa.","language":{"name":"it","url":"https://pokeapi.co/api/v2/language/8/"},"version_group":{"name":"sun-moon","url":"https://pokeapi.co/api/v2/version-group/17/"}},{"flavor_text":"The user vigorously performs a mystic, powerful\ndance that raises its Attack and Speed stats.","language":{"name":"en","url":"https://pokeapi.co/api/v2/language/9/"},"version_group":{"name":"sun-moon","url":"https://pokeapi.co/api/v2/version-group/17/"}},{"flavor_text":"神秘的で　力強い　舞を\n激しく　おどる。　自分の\n攻撃と　素早さを　あげる。","language":{"name":"ja","url":"https://pokeapi.co/api/v2/language/11/"},"version_group":{"name":"sun-moon","url":"https://pokeapi.co/api/v2/version-group/17/"}},{"flavor_text":"激烈地跳起神秘\n且强有力的舞蹈。\n从而提高自己的攻击和速度。","language":{"name":"zh-Hans","url":"https://pokeapi.co/api/v2/language/12/"},"version_group":{"name":"sun-moon","url":"https://pokeapi.co/api/v2/version-group/17/"}},{"flavor_text":"しんぴてきで　ちからづよい　まいを\nはげしく　おどる。　じぶんの\nこうげきと　すばやさを　あげる。","language":{"name":"ja-Hrkt","url":"https://pokeapi.co/api/v2/language/1/"},"version_group":{"name":"ultra-sun-ultra-moon","url":"https://pokeapi.co/api/v2/version-group/18/"}},{"flavor_text":"신비롭고 힘센 춤을\n격렬하게 춘다. 자신의\n공격과 스피드를 올린다.","language":{"name":"ko","url":"https://pokeapi.co/api/v2/language/3/"},"version_group":{"name":"ultra-sun-ultra-moon","url":"https://pokeapi.co/api/v2/version-group/18/"}},{"flavor_text":"激烈地跳起神秘又強而有力的舞蹈。\n提高自己的攻擊和速度。","language":{"name":"zh-Hant","url":"https://pokeapi.co/api/v2/language/4/"},"version_group":{"name":"ultra-sun-ultra-moon","url":"https://pokeapi.co/api/v2/version-group/18/"}},{"flavor_text":"Une danse mystique dont le rythme effréné\naugmente l’Attaque et la Vitesse du lanceur.","language":{"name":"fr","url":"https://pokeapi.co/api/v2/language/5/"},"version_group":{"name":"ultra-sun-ultra-moon","url":"https://pokeapi.co/api/v2/version-group/18/"}},{"flavor_text":"Ein mystischer Tanz, der den Angriffs- und\nInitiative-Wert erhöht.","language":{"name":"de","url":"https://pokeapi.co/api/v2/language/6/"},"version_group":{"name":"ultra-sun-ultra-moon","url":"https://pokeapi.co/api/v2/version-group/18/"}},{"flavor_text":"Danza mística que sube el Ataque y la Velocidad. ","language":{"name":"es","url":"https://pokeapi.co/api/v2/language/7/"},"version_group":{"name":"ultra-sun-ultra-moon","url":"https://pokeapi.co/api/v2/version-group/18/"}},{"flavor_text":"Danza mistica e vigorosa che aumenta l’Attacco\ne la Velocità di chi la usa.","language":{"name":"it","url":"https://pokeapi.co/api/v2/language/8/"},"version_group":{"name":"ultra-sun-ultra-moon","url":"https://pokeapi.co/api/v2/version-group/18/"}},{"flavor_text":"The user vigorously performs a mystic, powerful\ndance that raises its Attack and Speed stats.","language":{"name":"en","url":"https://pokeapi.co/api/v2/language/9/"},"version_group":{"name":"ultra-sun-ultra-moon","url":"https://pokeapi.co/api/v2/version-group/18/"}},{"flavor_text":"神秘的で　力強い　舞を\n激しく　おどる。　自分の\n攻撃と　素早さを　あげる。","language":{"name":"ja","url":"https://pokeapi.co/api/v2/language/11/"},"version_group":{"name":"ultra-sun-ultra-moon","url":"https://pokeapi.co/api/v2/version-group/18/"}},{"flavor_text":"激烈地跳起神秘\n且强有力的舞蹈。\n从而提高自己的攻击和速度。","language":{"name":"zh-Hans","url":"https://pokeapi.co/api/v2/language/12/"},"version_group":{"name":"ultra-sun-ultra-moon","url":"https://pokeapi.co/api/v2/version-group/18/"}},{"flavor_text":"しんぴてきで　ちからづよい　まいを\nはげしく　おどる。　じぶんの\nこうげきと　すばやさを　あげる。","language":{"name":"ja-Hrkt","url":"https://pokeapi.co/api/v2/language/1/"},"version_group":{"name":"lets-go-pikachu-lets-go-eevee","url":"https://pokeapi.co/api/v2/version-group/19/"}},{"flavor_text":"신비롭고 힘센 춤을\n격렬하게 춘다. 자신의\n공격과 스피드를 올린다.","language":{"name":"ko","url":"https://pokeapi.co/api/v2/language/3/"},"version_group":{"name":"lets-go-pikachu-lets-go-eevee","url":"https://pokeapi.co/api/v2/version-group/19/"}},{"flavor_text":"激烈地跳起神秘又強而有力的舞蹈。\n提高自己的攻擊和速度。","language":{"name":"zh-Hant","url":"https://pokeapi.co/api/v2/language/4/"},"version_group":{"name":"lets-go-pikachu-lets-go-eevee","url":"https://pokeapi.co/api/v2/version-group/19/"}},{"flavor_text":"Une danse mystique dont le rythme effréné\naugmente l’Attaque et la Vitesse du lanceur.","language":{"name":"fr","url":"https://pokeapi.co/api/v2/language/5/"},"version_group":{"name":"lets-go-pikachu-lets-go-eevee","url":"https://pokeapi.co/api/v2/version-group/19/"}},{"flavor_text":"Ein mystischer Tanz, der den Angriffs- und\nInitiative-Wert erhöht.","language":{"name":"de","url":"https://pokeapi.co/api/v2/language/6/"},"version_group":{"name":"lets-go-pikachu-lets-go-eevee","url":"https://pokeapi.co/api/v2/version-group/19/"}},{"flavor_text":"Danza mística que sube el Ataque y la Velocidad. ","language":{"name":"es","url":"https://pokeapi.co/api/v2/language/7/"},"version_group":{"name":"lets-go-pikachu-lets-go-eevee","url":"https://pokeapi.co/api/v2/version-group/19/"}},{"flavor_text":"Danza mistica e vigorosa che aumenta l’Attacco\ne la Velocità di chi la usa.","language":{"name":"it","url":"https://pokeapi.co/api/v2/language/8/"},"version_group":{"name":"lets-go-pikachu-lets-go-eevee","url":"https://pokeapi.co/api/v2/version-group/19/"}},{"flavor_text":"The user vigorously performs a mystic, powerful\ndance that raises its Attack and Speed stats.","language":{"name":"en","url":"https://pokeapi.co/api/v2/language/9/"},"version_group":{"name":"lets-go-pikachu-lets-go-eevee","url":"https://pokeapi.co/api/v2/version-group/19/"}},{"flavor_text":"神秘的で　力強い　舞を\n激しく　おどる。　自分の\n攻撃と　素早さを　あげる。","language":{"name":"ja","url":"https://pokeapi.co/api/v2/language/11/"},"version_group":{"name":"lets-go-pikachu-lets-go-eevee","url":"https://pokeapi.co/api/v2/version-group/19/"}},{"flavor_text":"激烈地跳起神秘\n且强有力的舞蹈。\n从而提高自己的攻击和速度。","language":{"name":"zh-Hans","url":"https://pokeapi.co/api/v2/language/12/"},"version_group":{"name":"lets-go-pikachu-lets-go-eevee","url":"https://pokeapi.co/api/v2/version-group/19/"}},{"flavor_text":"しんぴてきで　ちからづよい　まいを\nはげしく　おどる。　じぶんの\nこうげきと　すばやさを　あげる。","language":{"name":"ja-Hrkt","url":"https://pokeapi.co/api/v2/language/1/"},"version_group":{"name":"sword-shield","url":"https://pokeapi.co/api/v2/version-group/20/"}},{"flavor_text":"신비롭고 힘센 춤을\n격렬하게 춘다. 자신의\n공격과 스피드를 올린다.","language":{"name":"ko","url":"https://pokeapi.co/api/v2/language/3/"},"version_group":{"name":"sword-shield","url":"https://pokeapi.co/api/v2/version-group/20/"}},{"flavor_text":"激烈地跳起神秘又強而有力的舞蹈。\n提高自己的攻擊和速度。","language":{"name":"zh-Hant","url":"https://pokeapi.co/api/v2/language/4/"},"version_group":{"name":"sword-shield","url":"https://pokeapi.co/api/v2/version-group/20/"}},{"flavor_text":"Une danse mystique dont le rythme effréné\naugmente l’Attaque et la Vitesse du lanceur.","language":{"name":"fr","url":"https://pokeapi.co/api/v2/language/5/"},"version_group":{"name":"sword-shield","url":"https://pokeapi.co/api/v2/version-group/20/"}},{"flavor_text":"Ein mystischer Tanz, der den Angriffs- und\nInitiative-Wert erhöht.","language":{"name":"de","url":"https://pokeapi.co/api/v2/language/6/"},"version_group":{"name":"sword-shield","url":"https://pokeapi.co/api/v2/version-group/20/"}},{"flavor_text":"Danza mística que sube el Ataque y la Velocidad. ","language":{"name":"es","url":"https://pokeapi.co/api/v2/language/7/"},"version_group":{"name":"sword-shield","url":"https://pokeapi.co/api/v2/version-group/20/"}},{"flavor_text":"Danza mistica e vigorosa che aumenta l’Attacco\ne la Velocità di chi la usa.","language":{"name":"it","url":"https://pokeapi.co/api/v2/language/8/"},"version_group":{"name":"sword-shield","url":"https://pokeapi.co/api/v2/version-group/20/"}},{"flavor_text":"The user vigorously performs a mystic, powerful\ndance that raises its Attack and Speed stats.","language":{"name":"en","url":"https://pokeapi.co/api/v2/language/9/"},"version_group":{"name":"sword-shield","url":"https://pokeapi.co/api/v2/version-group/20/"}},{"flavor_text":"神秘的で　力強い　舞を\n激しく　おどる。　自分の\n攻撃と　素早さを　あげる。","language":{"name":"ja","url":"https://pokeapi.co/api/v2/language/11/"},"version_group":{"name":"sword-shield","url":"https://pokeapi.co/api/v2/version-group/20/"}},{"flavor_text":"激烈地跳起神秘\n且强有力的舞蹈。\n从而提高自己的攻击和速度。","language":{"name":"zh-Hans","url":"https://pokeapi.co/api/v2/language/12/"},"version_group":{"name":"sword-shield","url":"https://pokeapi.co/api/v2/version-group/20/"}}],"generation":{"name":"generation-iii","url":"https://pokeapi.co/api/v2/generation/3/"},"id":349,"learned_by_pokemon":[{"name":"charmander","url":"https://pokeapi.co/api/v2/pokemon/4/"},{"name":"charmeleon","url":"https://pokeapi.co/api/v2/pokemon/5/"},{"name":"charizard","url":"https://pokeapi.co/api/v2/pokemon/6/"},{"name":"onix","url":"https://pokeapi.co/api/v2/pokemon/95/"},{"name":"horsea","url":"https://pokeapi.co/api/v2/pokemon/116/"},{"name":"seadra","url":"https://pokeapi.co/api/v2/pokemon/117/"},{"name":"gyarados","url":"https://pokeapi.co/api/v2/pokemon/130/"},{"name":"lapras","url":"https://pokeapi.co/api/v2/pokemon/131/"},{"name":"aerodactyl","url":"https://pokeapi.co/api/v2/pokemon/142/"},{"name":"dratini","url":"https://pokeapi.co/api/v2/pokemon/147/"},{"name":"dragonair","url":"https://pokeapi.co/api/v2/pokemon/148/"},{"name":"dragonite","url":"https://pokeapi.co/api/v2/pokemon/149/"},{"name":"mew","url":"https://pokeapi.co/api/v2/pokemon/151/"},{"name":"totodile","url":"https://pokeapi.co/api/v2/pokemon/158/"},{"name":"steelix","url":"https://pokeapi.co/api/v2/pokemon/208/"},{"name":"kingdra","url":"https://pokeapi.co/api/v2/pokemon/230/"},{"name":"larvitar","url":"https://pokeapi.co/api/v2/pokemon/246/"},{"name":"pupitar","url":"https://pokeapi.co/api/v2/pokemon/247/"},{"name":"tyranitar","url":"https://pokeapi.co/api/v2/pokemon/248/"},{"name":"sceptile","url":"https://pokeapi.co/api/v2/pokemon/254/"},{"name":"flygon","url":"https://pokeapi.co/api/v2/pokemon/330/"},{"name":"altaria","url":"https://pokeapi.co/api/v2/pokemon/334/"},{"name":"barboach","url":"https://pokeapi.co/api/v2/pokemon/339/"},{"name":"whiscash","url":"https://pokeapi.co/api/v2/pokemon/340/"},{"name":"corphish","url":"https://pokeapi.co/api/v2/pokemon/341/"},{"name":"crawdaunt","url":"https://pokeapi.co/api/v2/pokemon/342/"},{"name":"milotic","url":"https://pokeapi.co/api/v2/pokemon/350/"},{"name":"tropius","url":"https://pokeapi.co/api/v2/pokemon/357/"},{"name":"bagon","url":"https://pokeapi.co/api/v2/pokemon/371/"},{"name":"shelgon","url":"https://pokeapi.co/api/v2/pokemon/372/"},{"name":"salamence","url":"https://pokeapi.co/api/v2/pokemon/373/"},{"name":"latias","url":"https://pokeapi.co/api/v2/pokemon/380/"},{"name":"latios","url":"https://pokeapi.co/api/v2/pokemon/381/"},{"name":"rayquaza","url":"https://pokeapi.co/api/v2/pokemon/384/"},{"name":"arceus","url":"https://pokeapi.co/api/v2/pokemon/493/"},{"name":"scraggy","url":"https://pokeapi.co/api/v2/pokemon/559/"},{"name":"scrafty","url":"https://pokeapi.co/api/v2/pokemon/560/"},{"name":"axew","url":"https://pokeapi.co/api/v2/pokemon/610/"},{"name":"fraxure","url":"https://pokeapi.co/api/v2/pokemon/611/"},{"name":"haxorus","url":"https://pokeapi.co/api/v2/pokemon/612/"},{"name":"hydreigon","url":"https://pokeapi.co/api/v2/pokemon/635/"},{"name":"reshiram","url":"https://pokeapi.co/api/v2/pokemon/643/"},{"name":"zekrom","url":"https://pokeapi.co/api/v2/pokemon/644/"},{"name":"kyurem","url":"https://pokeapi.co/api/v2/pokemon/646/"},{"name":"tyrunt","url":"https://pokeapi.co/api/v2/pokemon/696/"},{"name":"tyrantrum","url":"https://pokeapi.co/api/v2/pokemon/697/"},{"name":"noivern","url":"https://pokeapi.co/api/v2/pokemon/715/"},{"name":"zygarde-50","url":"https://pokeapi.co/api/v2/pokemon/718/"},{"name":"salazzle","url":"https://pokeapi.co/api/v2/pokemon/758/"},{"name":"drampa","url":"https://pokeapi.co/api/v2/pokemon/780/"},{"name":"jangmo-o","url":"https://pokeapi.co/api/v2/pokemon/782/"},{"name":"hakamo-o","url":"https://pokeapi.co/api/v2/pokemon/783/"},{"name":"kommo-o","url":"https://pokeapi.co/api/v2/pokemon/784/"},{"name":"necrozma","url":"https://pokeapi.co/api/v2/pokemon/800/"},{"name":"naganadel","url":"https://pokeapi.co/api/v2/pokemon/804/"},{"name":"flapple","url":"https://pokeapi.co/api/v2/pokemon/841/"},{"name":"drakloak","url":"https://pokeapi.co/api/v2/pokemon/886/"},{"name":"dragapult","url":"https://pokeapi.co/api/v2/pokemon/887/"},{"name":"eternatus","url":"https://pokeapi.co/api/v2/pokemon/890/"},{"name":"regidrago","url":"https://pokeapi.co/api/v2/pokemon/895/"},{"name":"tatsugiri","url":"https://pokeapi.co/api/v2/pokemon/978/"},{"name":"iron-thorns","url":"https://pokeapi.co/api/v2/pokemon/995/"},{"name":"baxcalibur","url":"https://pokeapi.co/api/v2/pokemon/998/"},{"name":"roaring-moon","url":"https://pokeapi.co/api/v2/pokemon/1005/"},{"name":"walking-wake","url":"https://pokeapi.co/api/v2/pokemon/1009/"},{"name":"kyurem-black","url":"https://pokeapi.co/api/v2/pokemon/10022/"},{"name":"kyurem-white","url":"https://pokeapi.co/api/v2/pokemon/10023/"},{"name":"gyarados-mega","url":"https://pokeapi.co/api/v2/pokemon/10041/"},{"name":"latios-mega","url":"https://pokeapi.co/api/v2/pokemon/10063/"},{"name":"altaria-mega","url":"https://pokeapi.co/api/v2/pokemon/10067/"},{"name":"rayquaza-mega","url":"https://pokeapi.co/api/v2/pokemon/10079/"},{"name":"zygarde-10-power-construct","url":"https://pokeapi.co/api/v2/pokemon/10118/"},{"name":"zygarde-50-power-construct","url":"https://pokeapi.co/api/v2/pokemon/10119/"},{"name":"zygarde-complete","url":"https://pokeapi.co/api/v2/pokemon/10120/"},{"name":"kommo-o-totem","url":"https://pokeapi.co/api/v2/pokemon/10146/"},{"name":"necrozma-dusk","url":"https://pokeapi.co/api/v2/pokemon/10155/"},{"name":"necrozma-dawn","url":"https://pokeapi.co/api/v2/pokemon/10156/"},{"name":"zygarde-10","url":"https://pokeapi.co/api/v2/pokemon/10181/"},{"name":"eternatus-eternamax","url":"https://pokeapi.co/api/v2/pokemon/10190/"},{"name":"tatsugiri-droopy","url":"https://pokeapi.co/api/v2/pokemon/10258/"},{"name":"tatsugiri-stretchy","url":"https://pokeapi.co/api/v2/pokemon/10259/"}],"machines":[{"machine":{"url":"https://pokeapi.co/api/v2/machine/1640/"},"version_group":{"name":"sword-shield","url":"https://pokeapi.co/api/v2/version-group/20/"}}],"meta":{"ailment":{"name":"none","url":"https://pokeapi.co/api/v2/move-ailment/0/"},"ailment_chance":0,"category":{"name":"net-good-stats","url":"https://pokeapi.co/api/v2/move-category/2/"},"crit_rate":0,"drain":0,"flinch_chance":0,"healing":0,"max_hits":null,"max_turns":null,"min_hits":null,"min_turns":null,"stat_chance":0},"name":"dragon-dance","names":[{"language":{"name":"ja-Hrkt","url":"https://pokeapi.co/api/v2/language/1/"},"name":"りゅうのまい"},{"language":{"name":"ko","url":"https://pokeapi.co/api/v2/language/3/"},"name":"용의춤"},{"language":{"name":"zh-Hant","url":"https://pokeapi.co/api/v2/language/4/"},"name":"龍之舞"},{"language":{"name":"fr","url":"https://pokeapi.co/api/v2/language/5/"},"name":"Danse Draco"},{"language":{"name":"de","url":"https://pokeapi.co/api/v2/language/6/"},"name":"Drachentanz"},{"language":{"name":"es","url":"https://pokeapi.co/api/v2/language/7/"},"name":"Danza Dragón"},{"language":{"name":"it","url":"https://pokeapi.co/api/v2/language/8/"},"name":"Dragodanza"},{"language":{"name":"en","url":"https://pokeapi.co/api/v2/language/9/"},"name":"Dragon Dance"},{"language":{"name":"ja","url":"https://pokeapi.co/api/v2/language/11/"},"name":"りゅうのまい"},{"language":{"name":"zh-Hans","url":"https://pokeapi.co/api/v2/language/12/"},"name":"龙之舞"}],"past_values":[],"power":null,"pp":20,"priority":0,"stat_changes":[{"change":1,"stat":{"name":"attack","url":"https://pokeapi.co/api/v2/stat/2/"}},{"change":1,"stat":{"name":"speed","url":"https://pokeapi.co/api/v2/stat/6/"}}],"super_contest_effect":{"url":"https://pokeapi.co/api/v2/super-contest-effect/11/"},"target":{"name":"user","url":"https://pokeapi.co/api/v2/move-target/7/"},"type":{"name":"dragon","url":"https://pokeapi.co/api/v2/type/16/"}}