{"accuracy":90,"contest_combos":null,"contest_effect":null,"contest_type":{"name":"cool","url":"https://pokeapi.co/api/v2/contest-type/1/"},"damage_class":{"name":"physical","url":"https://pokeapi.co/api/v2/move-damage-class/2/"},"effect_chance":100,"effect_changes":[],"effect_entries":[{"effect":"Inflicts regular damage, then lowers the user's Speed by one stage.","language":{"name":"en","url":"https://pokeapi.co/api/v2/language/9/"},"short_effect":"Lowers user's Speed by one stage."}],"flavor_text_entries":[{"flavor_text":"The user swings and\nhits with its strong\nand heavy fist.\nIt lowers the user’s\nSpeed, however.","language":{"name":"en","url":"https://pokeapi.co/api/v2/language/9/"},"version_group":{"name":"diamond-pearl","url":"https://pokeapi.co/api/v2/version-group/8/"}},{"flavor_text":"The user swings and\nhits with its strong\nand heavy fist.\nIt lowers the user’s\nSpeed, however.","language":{"name":"en","url":"https://pokeapi.co/api/v2/language/9/"},"version_group":{"name":"platinum","url":"https://pokeapi.co/api/v2/version-group/9/"}},{"flavor_text":"The user swings and\nhits with its strong\nand heavy fist.\nIt lowers the user’s\nSpeed, however.","language":{"name":"en","url":"https://pokeapi.co/api/v2/language/9/"},"version_group":{"name":"heartgold-soulsilver","url":"https://pokeapi.co/api/v2/version-group/10/"}},{"flavor_text":"Le lanceur lâche un puissant coup de\npoing sur l’ennemi. Réduit la vitesse\ndu lanceur.","language":{"name":"fr","url":"https://pokeapi.co/api/v2/language/5/"},"version_group":{"name":"black-white","url":"https://pokeapi.co/api/v2/version-group/11/"}},{"flavor_text":"The user swings and hits with its strong\nand heavy fist.\nIt lowers the user’s Speed, however.","language":{"name":"en","url":"https://pokeapi.co/api/v2/language/9/"},"version_group":{"name":"black-white","url":"https://pokeapi.co/api/v2/version-group/11/"}},{"flavor_text":"The user swings and hits with its strong\nand heavy fist.\nIt lowers the user’s Speed, however.","language":{"name":"en","url":"https://pokeapi.co/api/v2/language/9/"},"version_group":{"name":"black-2-white-2","url":"https://pokeapi.co/api/v2/version-group/14/"}},{"flavor_text":"つよくて　おもい　こぶしを\nふるって　ダメージを　あたえる。\nじぶんの　すばやさが　さがる。","language":{"name":"ja-Hrkt","url":"https://pokeapi.co/api/v2/language/1/"},"version_group":{"name":"x-y","url":"https://pokeapi.co/api/v2/version-group/15/"}},{"flavor_text":"강하고 무거운 주먹을\n휘둘러 데미지를 준다.\n자신의 스피드가 떨어진다.","language":{"name":"ko","url":"https://pokeapi.co/api/v2/language/3/"},"version_group":{"name":"x-y","url":"https://pokeapi.co/api/v2/version-group/15/"}},{"flavor_text":"Le lanceur lâche un puissant coup de poing sur\nl’ennemi. Réduit la vitesse du lanceur.","language":{"name":"fr","url":"https://pokeapi.co/api/v2/language/5/"},"version_group":{"name":"x-y","url":"https://pokeapi.co/api/v2/version-group/15/"}},{"flavor_text":"Anwender trifft mit einem starken Hieb.\nSenkt Initiative des Anwenders.","language":{"name":"de","url":"https://pokeapi.co/api/v2/language/6/"},"version_group":{"name":"x-y","url":"https://pokeapi.co/api/v2/version-group/15/"}},{"flavor_text":"Gira con fuerza el puño y da un gran golpe. No\nobstante, baja la Velocidad.","language":{"name":"es","url":"https://pokeapi.co/api/v2/language/7/"},"version_group":{"name":"x-y","url":"https://pokeapi.co/api/v2/version-group/15/"}},{"flavor_text":"Chi la usa colpisce il bersaglio con il suo pugno\nforte e pesante, ma perde Velocità.","language":{"name":"it","url":"https://pokeapi.co/api/v2/language/8/"},"version_group":{"name":"x-y","url":"https://pokeapi.co/api/v2/version-group/15/"}},{"flavor_text":"The user swings and hits with its strong\nand heavy fist.\nIt lowers the user’s Speed, however.","language":{"name":"en","url":"https://pokeapi.co/api/v2/language/9/"},"version_group":{"name":"x-y","url":"https://pokeapi.co/api/v2/version-group/15/"}},{"flavor_text":"強くて　重い　こぶしを\nふるって　ダメージを　与える。\n自分の　素早さが　さがる。","language":{"name":"ja","url":"https://pokeapi.co/api/v2/language/11/"},"version_group":{"name":"x-y","url":"https://pokeapi.co/api/v2/version-group/15/"}},{"flavor_text":"つよくて　おもい　こぶしを\nふるって　ダメージを　あたえる。\nじぶんの　すばやさが　さがる。","language":{"name":"ja-Hrkt","url":"https://pokeapi.co/api/v2/language/1/"},"version_group":{"name":"omega-ruby-alpha-sapphire","url":"https://pokeapi.co/api/v2/version-group/16/"}},{"flavor_text":"강하고 무거운 주먹을\n휘둘러 데미지를 준다.\n자신의 스피드가 떨어진다.","language":{"name":"ko","url":"https://pokeapi.co/api/v2/language/3/"},"version_group":{"name":"omega-ruby-alpha-sapphire","url":"https://pokeapi.co/api/v2/version-group/16/"}},{"flavor_text":"Le lanceur lâche un puissant coup de poing sur\nl’ennemi. Réduit la vitesse du lanceur.","language":{"name":"fr","url":"https://pokeapi.co/api/v2/language/5/"},"version_group":{"name":"omega-ruby-alpha-sapphire","url":"https://pokeapi.co/api/v2/version-group/16/"}},{"flavor_text":"Anwender trifft mit einem starken Hieb.\nSenkt Initiative des Anwenders.","language":{"name":"de","url":"https://pokeapi.co/api/v2/language/6/"},"version_group":{"name":"omega-ruby-alpha-sapphire","url":"https://pokeapi.co/api/v2/version-group/16/"}},{"flavor_text":"Gira con fuerza el puño y da un gran golpe. No\nobstante, baja la Velocidad.","language":{"name":"es","url":"https://pokeapi.co/api/v2/language/7/"},"version_group":{"name":"omega-ruby-alpha-sapphire","url":"https://pokeapi.co/api/v2/version-group/16/"}},{"flavor_text":"Chi la usa colpisce il bersaglio con il suo pugno\nforte e pesante, ma perde Velocità.","language":{"name":"it","url":"https://pokeapi.co/api/v2/language/8/"},"version_group":{"name":"omega-ruby-alpha-sapphire","url":"https://pokeapi.co/api/v2/version-group/16/"}},{"flavor_text":"The user swings and hits with its strong\nand heavy fist.\nIt lowers the user’s Speed, however.","language":{"name":"en","url":"https://pokeapi.co/api/v2/language/9/"},"version_group":{"name":"omega-ruby-alpha-sapphire","url":"https://pokeapi.co/api/v2/version-group/16/"}},{"flavor_text":"強くて　重い　こぶしを\nふるって　ダメージを　与える。\n自分の　素早さが　さがる。","language":{"name":"ja","url":"https://pokeapi.co/api/v2/language/11/"},"version_group":{"name":"omega-ruby-alpha-sapphire","url":"https://pokeapi.co/api/v2/version-group/16/"}},{"flavor_text":"つよくて　おもい　こぶしを\nふるって　ダメージを　あたえる。\nじぶんの　すばやさが　さがる。","language":{"name":"ja-Hrkt","url":"https://pokeapi.co/api/v2/language/1/"},"version_group":{"name":"sun-moon","url":"https://pokeapi.co/api/v2/version-group/17/"}},{"flavor_text":"강하고 무거운 주먹을\n휘둘러 데미지를 준다.\n자신의 스피드가 떨어진다.","language":{"name":"ko","url":"https://pokeapi.co/api/v2/language/3/"},"version_group":{"name":"sun-moon","url":"https://pokeapi.co/api/v2/version-group/17/"}},{"flavor_text":"揮出強力而沉重的拳頭，\n給予對手傷害。\n自己的速度會降低。","language":{"name":"zh-Hant","url":"https://pokeapi.co/api/v2/language/4/"},"version_group":{"name":"sun-moon","url":"https://pokeapi.co/api/v2/version-group/17/"}},{"flavor_text":"Le lanceur donne un puissant coup de poing à\nl’ennemi. Réduit la Vitesse du lanceur.","language":{"name":"fr","url":"https://pokeapi.co/api/v2/language/5/"},"version_group":{"name":"sun-moon","url":"https://pokeapi.co/api/v2/version-group/17/"}},{"flavor_text":"Anwender trifft mit einem starken Hieb.\nSenkt Initiative des Anwenders.","language":{"name":"de","url":"https://pokeapi.co/api/v2/language/6/"},"version_group":{"name":"sun-moon","url":"https://pokeapi.co/api/v2/version-group/17/"}},{"flavor_text":"Gira con fuerza el puño y da un gran golpe. No\nobstante, baja la Velocidad.","language":{"name":"es","url":"https://pokeapi.co/api/v2/language/7/"},"version_group":{"name":"sun-moon","url":"https://pokeapi.co/api/v2/version-group/17/"}},{"flavor_text":"Chi la usa colpisce il bersaglio con il suo pugno\nforte e pesante, ma perde Velocità.","language":{"name":"it","url":"https://pokeapi.co/api/v2/language/8/"},"version_group":{"name":"sun-moon","url":"https://pokeapi.co/api/v2/version-group/17/"}},{"flavor_text":"The user swings and hits with its strong, heavy fist.\nIt lowers the user’s Speed, however.","language":{"name":"en","url":"https://pokeapi.co/api/v2/language/9/"},"version_group":{"name":"sun-moon","url":"https://pokeapi.co/api/v2/version-group/17/"}},{"flavor_text":"強くて　重い　こぶしを\nふるって　ダメージを　与える。\n自分の　素早さが　さがる。","language":{"name":"ja","url":"https://pokeapi.co/api/v2/language/11/"},"version_group":{"name":"sun-moon","url":"https://pokeapi.co/api/v2/version-group/17/"}},{"flavor_text":"挥舞强力而沉重的拳头，\n给予对手伤害。\n自己的速度会降低。","language":{"name":"zh-Hans","url":"https://pokeapi.co/api/v2/language/12/"},"version_group":{"name":"sun-moon","url":"https://pokeapi.co/api/v2/version-group/17/"}},{"flavor_text":"つよくて　おもい　こぶしを\nふるって　ダメージを　あたえる。\nじぶんの　すばやさが　さがる。","language":{"name":"ja-Hrkt","url":"https://pokeapi.co/api/v2/language/1/"},"version_group":{"name":"ultra-sun-ultra-moon","url":"https://pokeapi.co/api/v2/version-group/18/"}},{"flavor_text":"강하고 무거운 주먹을\n휘둘러 데미지를 준다.\n자신의 스피드가 떨어진다.","language":{"name":"ko","url":"https://pokeapi.co/api/v2/language/3/"},"version_group":{"name":"ultra-sun-ultra-moon","url":"https://pokeapi.co/api/v2/version-group/18/"}},{"flavor_text":"揮出強力而沉重的拳頭，\n給予對手傷害。\n自己的速度會降低。","language":{"name":"zh-Hant","url":"https://pokeapi.co/api/v2/language/4/"},"version_group":{"name":"ultra-sun-ultra-moon","url":"https://pokeapi.co/api/v2/version-group/18/"}},{"flavor_text":"Le lanceur donne un puissant coup de poing à\nl’ennemi. Réduit la Vitesse du lanceur.","language":{"name":"fr","url":"https://pokeapi.co/api/v2/language/5/"},"version_group":{"name":"ultra-sun-ultra-moon","url":"https://pokeapi.co/api/v2/version-group/18/"}},{"flavor_text":"Anwender trifft mit einem starken Hieb.\nSenkt Initiative des Anwenders.","language":{"name":"de","url":"https://pokeapi.co/api/v2/language/6/"},"version_group":{"name":"ultra-sun-ultra-moon","url":"https://pokeapi.co/api/v2/version-group/18/"}},{"flavor_text":"Gira con fuerza el puño y da un gran golpe. No\nobstante, baja la Velocidad.","language":{"name":"es","url":"https://pokeapi.co/api/v2/language/7/"},"version_group":{"name":"ultra-sun-ultra-moon","url":"https://pokeapi.co/api/v2/version-group/18/"}},{"flavor_text":"Chi la usa colpisce il bersaglio con il suo pugno\nforte e pesante, ma perde Velocità.","language":{"name":"it","url":"https://pokeapi.co/api/v2/language/8/"},"version_group":{"name":"ultra-sun-ultra-moon","url":"https://pokeapi.co/api/v2/version-group/18/"}},{"flavor_text":"The user swings and hits with its strong, heavy fist.\nIt lowers the user’s Speed, however.","language":{"name":"en","url":"https://pokeapi.co/api/v2/language/9/"},"version_group":{"name":"ultra-sun-ultra-moon","url":"https://pokeapi.co/api/v2/version-group/18/"}},{"flavor_text":"強くて　重い　こぶしを\nふるって　ダメージを　与える。\n自分の　素早さが　さがる。","language":{"name":"ja","url":"https://pokeapi.co/api/v2/language/11/"},"version_group":{"name":"ultra-sun-ultra-moon","url":"https://pokeapi.co/api/v2/version-group/18/"}},{"flavor_text":"挥舞强力而沉重的拳头，\n给予对手伤害。\n自己的速度会降低。","language":{"name":"zh-Hans","url":"https://pokeapi.co/api/v2/language/12/"},"version_group":{"name":"ultra-sun-ultra-moon","url":"https://pokeapi.co/api/v2/version-group/18/"}},{"flavor_text":"つよくて　おもい　こぶしを\nふるって　ダメージを　あたえる。\nじぶんの　すばやさが　さがる。","language":{"name":"ja-Hrkt","url":"https://pokeapi.co/api/v2/language/1/"},"version_group":{"name":"lets-go-pikachu-lets-go-eevee","url":"https://pokeapi.co/api/v2/version-group/19/"}},{"flavor_text":"강하고 무거운 주먹을\n휘둘러 데미지를 준다.\n자신의 스피드가 떨어진다.","language":{"name":"ko","url":"https://pokeapi.co/api/v2/language/3/"},"version_group":{"name":"lets-go-pikachu-lets-go-eevee","url":"https://pokeapi.co/api/v2/version-group/19/"}},{"flavor_text":"揮舞強力而沉重的拳頭，\n給予對手傷害。\n自己的速度會降低。","language":{"name":"zh-Hant","url":"https://pokeapi.co/api/v2/language/4/"},"version_group":{"name":"lets-go-pikachu-lets-go-eevee","url":"https://pokeapi.co/api/v2/version-group/19/"}},{"flavor_text":"Le lanceur donne un puissant coup de poing à l’ennemi.\nRéduit la Vitesse du lanceur.","language":{"name":"fr","url":"https://pokeapi.co/api/v2/language/5/"},"version_group":{"name":"lets-go-pikachu-lets-go-eevee","url":"https://pokeapi.co/api/v2/version-group/19/"}},{"flavor_text":"Anwender trifft mit einem starken Hieb.\nSenkt Initiative des Anwenders.","language":{"name":"de","url":"https://pokeapi.co/api/v2/language/6/"},"version_group":{"name":"lets-go-pikachu-lets-go-eevee","url":"https://pokeapi.co/api/v2/version-group/19/"}},{"flavor_text":"Gira con fuerza el puño y da un gran golpe. No\nobstante, baja la Velocidad.","language":{"name":"es","url":"https://pokeapi.co/api/v2/language/7/"},"version_group":{"name":"lets-go-pikachu-lets-go-eevee","url":"https://pokeapi.co/api/v2/version-group/19/"}},{"flavor_text":"Infligge danni al bersaglio colpendolo con\nun pugno molto potente. Riduce la Velocità\ndi chi la usa.","language":{"name":"it","url":"https://pokeapi.co/api/v2/language/8/"},"version_group":{"name":"lets-go-pikachu-lets-go-eevee","url":"https://pokeapi.co/api/v2/version-group/19/"}},{"flavor_text":"The user swings and hits with its strong, heavy fist.\nIt lowers the user’s Speed, however.","language":{"name":"en","url":"https://pokeapi.co/api/v2/language/9/"},"version_group":{"name":"lets-go-pikachu-lets-go-eevee","url":"https://pokeapi.co/api/v2/version-group/19/"}},{"flavor_text":"強くて　重い　こぶしを\nふるって　ダメージを　与える。\n自分の　素早さが　さがる。","language":{"name":"ja","url":"https://pokeapi.co/api/v2/language/11/"},"version_group":{"name":"lets-go-pikachu-lets-go-eevee","url":"https://pokeapi.co/api/v2/version-group/19/"}},{"flavor_text":"挥舞强力而沉重的拳头，\n给予对手伤害。\n自己的速度会降低。","language":{"name":"zh-Hans","url":"https://pokeapi.co/api/v2/language/12/"},"version_group":{"name":"lets-go-pikachu-lets-go-eevee","url":"https://pokeapi.co/api/v2/version-group/19/"}},{"flavor_text":"つよくて　おもい　こぶしを\nふるって　ダメージを　あたえる。\nじぶんの　すばやさが　さがる。","language":{"name":"ja-Hrkt","url":"https://pokeapi.co/api/v2/language/1/"},"version_group":{"name":"sword-shield","url":"https://pokeapi.co/api/v2/version-group/20/"}},{"flavor_text":"강하고 무거운 주먹을\n휘둘러 데미지를 준다.\n자신의 스피드가 떨어진다.","language":{"name":"ko","url":"https://pokeapi.co/api/v2/language/3/"},"version_group":{"name":"sword-shield","url":"https://pokeapi.co/api/v2/version-group/20/"}},{"flavor_text":"揮出強力而沉重的拳頭，\n給予對手傷害。\n自己的速度會降低。","language":{"name":"zh-Hant","url":"https://pokeapi.co/api/v2/language/4/"},"version_group":{"name":"sword-shield","url":"https://pokeapi.co/api/v2/version-group/20/"}},{"flavor_text":"Le lanceur donne un puissant coup de poing à l’ennemi.\nRéduit la Vitesse du lanceur.","language":{"name":"fr","url":"https://pokeapi.co/api/v2/language/5/"},"version_group":{"name":"sword-shield","url":"https://pokeapi.co/api/v2/version-group/20/"}},{"flavor_text":"Anwender trifft mit einem starken Hieb. Senkt Initiative\ndes Anwenders.","language":{"name":"de","url":"https://pokeapi.co/api/v2/language/6/"},"version_group":{"name":"sword-shield","url":"https://pokeapi.co/api/v2/version-group/20/"}},{"flavor_text":"Gira con fuerza el puño y da un gran golpe. No\nobstante, baja la Velocidad.","language":{"name":"es","url":"https://pokeapi.co/api/v2/language/7/"},"version_group":{"name":"sword-shield","url":"https://pokeapi.co/api/v2/version-group/20/"}},{"flavor_text":"Infligge danni al bersaglio colpendolo con\nun pugno molto potente. Riduce la Velocità\ndi chi la usa.","language":{"name":"it","url":"https://pokeapi.co/api/v2/language/8/"},"version_group":{"name":"sword-shield","url":"https://pokeapi.co/api/v2/version-group/20/"}},{"flavor_text":"The user swings and hits with its strong, heavy fist.\nIt lowers the user’s Speed, however.","language":{"name":"en","url":"https://pokeapi.co/api/v2/language/9/"},"version_group":{"name":"sword-shield","url":"https://pokeapi.co/api/v2/version-group/20/"}},{"flavor_text":"強くて　重い　こぶしを\nふるって　ダメージを　与える。\n自分の　素早さが　さがる。","language":{"name":"ja","url":"https://pokeapi.co/api/v2/language/11/"},"version_group":{"name":"sword-shield","url":"https://pokeapi.co/api/v2/version-group/20/"}},{"flavor_text":"挥舞强力而沉重的拳头，\n给予对手伤害。\n自己的速度会降低。","language":{"name":"zh-Hans","url":"https://pokeapi.co/api/v2/language/12/"},"version_group":{"name":"sword-shield","url":"https://pokeapi.co/api/v2/version-group/20/"}}],"generation":{"name":"generation-iv","url":"https://pokeapi.co/api/v2/generation/4/"},"id":359,"learned_by_pokemon":[{"name":"geodude","url":"https://pokeapi.co/api/v2/pokemon/74/"},{"name":"krabby","url":"https://pokeapi.co/api/v2/pokemon/98/"},{"name":"kingler","url":"https://pokeapi.co/api/v2/pokemon/99/"},{"name":"lickitung","url":"https://pokeapi.co/api/v2/pokemon/108/"},{"name":"rhydon","url":"https://pokeapi.co/api/v2/pokemon/112/"},{"name":"kangaskhan","url":"https://pokeapi.co/api/v2/pokemon/115/"},{"name":"snorlax","url":"https://pokeapi.co/api/v2/pokemon/143/"},{"name":"sudowoodo","url":"https://pokeapi.co/api/v2/pokemon/185/"},{"name":"ursaring","url":"https://pokeapi.co/api/v2/pokemon/217/"},{"name":"elekid","url":"https://pokeapi.co/api/v2/pokemon/239/"},{"name":"miltank","url":"https://pokeapi.co/api/v2/pokemon/241/"},{"name":"swampert","url":"https://pokeapi.co/api/v2/pokemon/260/"},{"name":"slakoth","url":"https://pokeapi.co/api/v2/pokemon/287/"},{"name":"slaking","url":"https://pokeapi.co/api/v2/pokemon/289/"},{"name":"whismur","url":"https://pokeapi.co/api/v2/pokemon/293/"},{"name":"metagross","url":"https://pokeapi.co/api/v2/pokemon/376/"},{"name":"regirock","url":"https://pokeapi.co/api/v2/pokemon/377/"},{"name":"regice","url":"https://pokeapi.co/api/v2/pokemon/378/"},{"name":"registeel","url":"https://pokeapi.co/api/v2/pokemon/379/"},{"name":"groudon","url":"https://pokeapi.co/api/v2/pokemon/383/"},{"name":"cranidos","url":"https://pokeapi.co/api/v2/pokemon/408/"},{"name":"rhyperior","url":"https://pokeapi.co/api/v2/pokemon/464/"},{"name":"regigigas","url":"https://pokeapi.co/api/v2/pokemon/486/"},{"name":"emboar","url":"https://pokeapi.co/api/v2/pokemon/500/"},{"name":"timburr","url":"https://pokeapi.co/api/v2/pokemon/532/"},{"name":"gurdurr","url":"https://pokeapi.co/api/v2/pokemon/533/"},{"name":"conkeldurr","url":"https://pokeapi.co/api/v2/pokemon/534/"},{"name":"darumaka","url":"https://pokeapi.co/api/v2/pokemon/554/"},{"name":"darmanitan-standard","url":"https://pokeapi.co/api/v2/pokemon/555/"},{"name":"reuniclus","url":"https://pokeapi.co/api/v2/pokemon/579/"},{"name":"golett","url":"https://pokeapi.co/api/v2/pokemon/622/"},{"name":"golurk","url":"https://pokeapi.co/api/v2/pokemon/623/"},{"name":"tornadus-incarnate","url":"https://pokeapi.co/api/v2/pokemon/641/"},{"name":"thundurus-incarnate","url":"https://pokeapi.co/api/v2/pokemon/642/"},{"name":"landorus-incarnate","url":"https://pokeapi.co/api/v2/pokemon/645/"},{"name":"chesnaught","url":"https://pokeapi.co/api/v2/pokemon/652/"},{"name":"diggersby","url":"https://pokeapi.co/api/v2/pokemon/660/"},{"name":"pangoro","url":"https://pokeapi.co/api/v2/pokemon/675/"},{"name":"stufful","url":"https://pokeapi.co/api/v2/pokemon/759/"},{"name":"bewear","url":"https://pokeapi.co/api/v2/pokemon/760/"},{"name":"buzzwole","url":"https://pokeapi.co/api/v2/pokemon/794/"},{"name":"guzzlord","url":"https://pokeapi.co/api/v2/pokemon/799/"},{"name":"grookey","url":"https://pokeapi.co/api/v2/pokemon/810/"},{"name":"grimmsnarl","url":"https://pokeapi.co/api/v2/pokemon/861/"},{"name":"zarude","url":"https://pokeapi.co/api/v2/pokemon/893/"},{"name":"regidrago","url":"https://pokeapi.co/api/v2/pokemon/895/"},{"name":"ursaluna","url":"https://pokeapi.co/api/v2/pokemon/901/"},{"name":"garganacl","url":"https://pokeapi.co/api/v2/pokemon/934/"},{"name":"darmanitan-zen","url":"https://pokeapi.co/api/v2/pokemon/10017/"},{"name":"tornadus-therian","url":"https://pokeapi.co/api/v2/pokemon/10019/"},{"name":"thundurus-therian","url":"https://pokeapi.co/api/v2/pokemon/10020/"},{"name":"landorus-therian","url":"https://pokeapi.co/api/v2/pokemon/10021/"},{"name":"kangaskhan-mega","url":"https://pokeapi.co/api/v2/pokemon/10039/"},{"name":"swampert-mega","url":"https://pokeapi.co/api/v2/pokemon/10064/"},{"name":"metagross-mega","url":"https://pokeapi.co/api/v2/pokemon/10076/"},{"name":"groudon-primal","url":"https://pokeapi.co/api/v2/pokemon/10078/"},{"name":"darumaka-galar","url":"https://pokeapi.co/api/v2/pokemon/10176/"},{"name":"zarude-dada","url":"https://pokeapi.co/api/v2/pokemon/10192/"}],"machines":[],"meta":{"ailment":{"name":"none","url":"https://pokeapi.co/api/v2/move-ailment/0/"},"ailment_chance":0,"category":{"name":"damage+raise","url":"https://pokeapi.co/api/v2/move-category/7/"},"crit_rate":0,"drain":0,"flinch_chance":0,"healing":0,"max_hits":null,"max_turns":null,"min_hits":null,"min_turns":null,"stat_chance":100},"name":"hammer-arm","names":[{"language":{"name":"ja-Hrkt","url":"https://pokeapi.co/api/v2/language/1/"},"name":"アームハンマー"},{"language":{"name":"ko","url":"https://pokeapi.co/api/v2/language/3/"},"name":"암해머"},{"language":{"name":"zh-Hant","url":"https://pokeapi.co/api/v2/language/4/"},"name":"臂錘"},{"language":{"name":"fr","url":"https://pokeapi.co/api/v2/language/5/"},"name":"Marto-Poing"},{"language":{"name":"de","url":"https://pokeapi.co/api/v2/language/6/"},"name":"Hammerarm"},{"language":{"name":"es","url":"https://pokeapi.co/api/v2/language/7/"},"name":"Machada"},{"language":{"name":"it","url":"https://pokeapi.co/api/v2/language/8/"},"name":"Martelpugno"},{"language":{"name":"en","url":"https://pokeapi.co/api/v2/language/9/"},"name":"Hammer Arm"},{"language":{"name":"ja","url":"https://pokeapi.co/api/v2/language/11/"},"name":"アームハンマー"},{"language":{"name":"zh-Hans","url":"https://pokeapi.co/api/v2/language/12/"},"name":"臂锤"}],"past_values":[],"power":100,"pp":10,"priority":0,"stat_changes":[{"change":-1,"stat":{"name":"speed","url":"https://pokeapi.co/api/v2/stat/6/"}}],"super_contest_effect":{"url":"https://pokeapi.co/api/v2/super-contest-effect/2/"},"target":{"name":"selected-pokemon","url":"https://pokeapi.co/api/v2/move-target/10/"},"type":{"name":"fighting","url":"https://pokeapi.co/api/v2/type/2/"}}