{"accuracy":null,"contest_combos":null,"contest_effect":null,"contest_type":{"name":"cool","url":"https://pokeapi.co/api/v2/contest-type/1/"},"damage_class":{"name":"status","url":"https://pokeapi.co/api/v2/move-damage-class/1/"},"effect_chance":null,"effect_changes":[],"effect_entries":[{"effect":"Raises one of the target's stats by two stages.  The raised stat is chosen at random from any stats that can be raised by two stages.  If no stat is eligible, this move will fail.\n\nIf the target has a substitute, this move will have no effect, even if the user is the target.\n\nThis move cannot be copied by mirror move.","language":{"name":"en","url":"https://pokeapi.co/api/v2/language/9/"},"short_effect":"Raises one of a friendly Pokémon's stats at random by two stages."}],"flavor_text_entries":[{"flavor_text":"The user applies\npressure to stress\npoints, sharply\nboosting one of its\nstats.","language":{"name":"en","url":"https://pokeapi.co/api/v2/language/9/"},"version_group":{"name":"diamond-pearl","url":"https://pokeapi.co/api/v2/version-group/8/"}},{"flavor_text":"The user applies\npressure to stress\npoints, sharply\nboosting one of its\nstats.","language":{"name":"en","url":"https://pokeapi.co/api/v2/language/9/"},"version_group":{"name":"platinum","url":"https://pokeapi.co/api/v2/version-group/9/"}},{"flavor_text":"The user applies\npressure to stress\npoints, sharply\nboosting one of its\nstats.","language":{"name":"en","url":"https://pokeapi.co/api/v2/language/9/"},"version_group":{"name":"heartgold-soulsilver","url":"https://pokeapi.co/api/v2/version-group/10/"}},{"flavor_text":"Le lanceur effectue des pressions\npour augmenter fortement l’une\nde ses stats.","language":{"name":"fr","url":"https://pokeapi.co/api/v2/language/5/"},"version_group":{"name":"black-white","url":"https://pokeapi.co/api/v2/version-group/11/"}},{"flavor_text":"The user applies pressure to stress\npoints, sharply boosting one of\nits stats.","language":{"name":"en","url":"https://pokeapi.co/api/v2/language/9/"},"version_group":{"name":"black-white","url":"https://pokeapi.co/api/v2/version-group/11/"}},{"flavor_text":"The user applies pressure to stress\npoints, sharply boosting one of\nits stats.","language":{"name":"en","url":"https://pokeapi.co/api/v2/language/9/"},"version_group":{"name":"black-2-white-2","url":"https://pokeapi.co/api/v2/version-group/14/"}},{"flavor_text":"つぼおしで　からだを\nかっせいか　させる。のうりょくの\nどれか　１つを　ぐーんと　あげる。","language":{"name":"ja-Hrkt","url":"https://pokeapi.co/api/v2/language/1/"},"version_group":{"name":"x-y","url":"https://pokeapi.co/api/v2/version-group/15/"}},{"flavor_text":"경혈을 눌러 몸을 활성화시킨다.\n능력 중 하나를 크게 올린다.","language":{"name":"ko","url":"https://pokeapi.co/api/v2/language/3/"},"version_group":{"name":"x-y","url":"https://pokeapi.co/api/v2/version-group/15/"}},{"flavor_text":"Le lanceur utilise sa connaissance des\npoints de pression pour augmenter\nfortement une stat.","language":{"name":"fr","url":"https://pokeapi.co/api/v2/language/5/"},"version_group":{"name":"x-y","url":"https://pokeapi.co/api/v2/version-group/15/"}},{"flavor_text":"Anwender erhöht Druck auf Stresspunkte\nund steigert einen Statuswert stark.","language":{"name":"de","url":"https://pokeapi.co/api/v2/language/6/"},"version_group":{"name":"x-y","url":"https://pokeapi.co/api/v2/version-group/15/"}},{"flavor_text":"Aplica presión en puntos clave de su cuerpo o de\nlos aliados para potenciar un parámetro de sus\ncaracterísticas.","language":{"name":"es","url":"https://pokeapi.co/api/v2/language/7/"},"version_group":{"name":"x-y","url":"https://pokeapi.co/api/v2/version-group/15/"}},{"flavor_text":"Chi la usa esercita pressione su alcuni punti\nnevralgici e aumenta di molto una statistica a caso.","language":{"name":"it","url":"https://pokeapi.co/api/v2/language/8/"},"version_group":{"name":"x-y","url":"https://pokeapi.co/api/v2/version-group/15/"}},{"flavor_text":"The user applies pressure to stress\npoints, sharply boosting one of its or\nits allies’ stats.","language":{"name":"en","url":"https://pokeapi.co/api/v2/language/9/"},"version_group":{"name":"x-y","url":"https://pokeapi.co/api/v2/version-group/15/"}},{"flavor_text":"つぼおしで　体を　活性化させる。\n能力の　どれか　１つを\nぐーんと　あげる。","language":{"name":"ja","url":"https://pokeapi.co/api/v2/language/11/"},"version_group":{"name":"x-y","url":"https://pokeapi.co/api/v2/version-group/15/"}},{"flavor_text":"つぼおしで　からだを\nかっせいか　させる。のうりょくの\nどれか　１つを　ぐーんと　あげる。","language":{"name":"ja-Hrkt","url":"https://pokeapi.co/api/v2/language/1/"},"version_group":{"name":"omega-ruby-alpha-sapphire","url":"https://pokeapi.co/api/v2/version-group/16/"}},{"flavor_text":"경혈을 눌러 몸을 활성화시킨다.\n능력 중 하나를 크게 올린다.","language":{"name":"ko","url":"https://pokeapi.co/api/v2/language/3/"},"version_group":{"name":"omega-ruby-alpha-sapphire","url":"https://pokeapi.co/api/v2/version-group/16/"}},{"flavor_text":"Le lanceur utilise sa connaissance des\npoints de pression pour augmenter\nfortement une stat.","language":{"name":"fr","url":"https://pokeapi.co/api/v2/language/5/"},"version_group":{"name":"omega-ruby-alpha-sapphire","url":"https://pokeapi.co/api/v2/version-group/16/"}},{"flavor_text":"Anwender erhöht Druck auf Stresspunkte\nund steigert einen Statuswert stark.","language":{"name":"de","url":"https://pokeapi.co/api/v2/language/6/"},"version_group":{"name":"omega-ruby-alpha-sapphire","url":"https://pokeapi.co/api/v2/version-group/16/"}},{"flavor_text":"Aplica presión en puntos clave de su cuerpo o de \nlos aliados para potenciar un parámetro de sus\ncaracterísticas.","language":{"name":"es","url":"https://pokeapi.co/api/v2/language/7/"},"version_group":{"name":"omega-ruby-alpha-sapphire","url":"https://pokeapi.co/api/v2/version-group/16/"}},{"flavor_text":"Chi la usa esercita pressione su alcuni punti nevralgici \ne aumenta di molto una statistica a caso.","language":{"name":"it","url":"https://pokeapi.co/api/v2/language/8/"},"version_group":{"name":"omega-ruby-alpha-sapphire","url":"https://pokeapi.co/api/v2/version-group/16/"}},{"flavor_text":"The user applies pressure to stress\npoints, sharply boosting one of its or\nits allies’ stats.","language":{"name":"en","url":"https://pokeapi.co/api/v2/language/9/"},"version_group":{"name":"omega-ruby-alpha-sapphire","url":"https://pokeapi.co/api/v2/version-group/16/"}},{"flavor_text":"つぼおしで　体を　活性化させる。\n能力の　どれか　１つを\nぐーんと　あげる。","language":{"name":"ja","url":"https://pokeapi.co/api/v2/language/11/"},"version_group":{"name":"omega-ruby-alpha-sapphire","url":"https://pokeapi.co/api/v2/version-group/16/"}},{"flavor_text":"つぼおしで　からだを\nかっせいか　させる。　のうりょくの\nどれか　１つを　ぐーんと　あげる。","language":{"name":"ja-Hrkt","url":"https://pokeapi.co/api/v2/language/1/"},"version_group":{"name":"sun-moon","url":"https://pokeapi.co/api/v2/version-group/17/"}},{"flavor_text":"경혈을 눌러 몸을 활성화시킨다.\n능력 중 하나를 크게 올린다.","language":{"name":"ko","url":"https://pokeapi.co/api/v2/language/3/"},"version_group":{"name":"sun-moon","url":"https://pokeapi.co/api/v2/version-group/17/"}},{"flavor_text":"利用點穴激發身體的活力，\n大幅提高自己的某一項能力。","language":{"name":"zh-Hant","url":"https://pokeapi.co/api/v2/language/4/"},"version_group":{"name":"sun-moon","url":"https://pokeapi.co/api/v2/version-group/17/"}},{"flavor_text":"Le lanceur utilise sa connaissance des points\nde pression pour beaucoup augmenter une stat.","language":{"name":"fr","url":"https://pokeapi.co/api/v2/language/5/"},"version_group":{"name":"sun-moon","url":"https://pokeapi.co/api/v2/version-group/17/"}},{"flavor_text":"Anwender übt Druck auf Stresspunkte aus und\nerhöht einen Statuswert stark.","language":{"name":"de","url":"https://pokeapi.co/api/v2/language/6/"},"version_group":{"name":"sun-moon","url":"https://pokeapi.co/api/v2/version-group/17/"}},{"flavor_text":"Aplica presión en puntos clave del cuerpo para\npotenciar una de sus características.","language":{"name":"es","url":"https://pokeapi.co/api/v2/language/7/"},"version_group":{"name":"sun-moon","url":"https://pokeapi.co/api/v2/version-group/17/"}},{"flavor_text":"Chi la usa esercita pressione su alcuni punti\nnevralgici e aumenta di molto una statistica a caso.","language":{"name":"it","url":"https://pokeapi.co/api/v2/language/8/"},"version_group":{"name":"sun-moon","url":"https://pokeapi.co/api/v2/version-group/17/"}},{"flavor_text":"The user applies pressure to stress points, sharply\nboosting one of its or its allies’ stats.","language":{"name":"en","url":"https://pokeapi.co/api/v2/language/9/"},"version_group":{"name":"sun-moon","url":"https://pokeapi.co/api/v2/version-group/17/"}},{"flavor_text":"つぼおしで　体を　活性化させる。\n能力の　どれか　１つを\nぐーんと　あげる。","language":{"name":"ja","url":"https://pokeapi.co/api/v2/language/11/"},"version_group":{"name":"sun-moon","url":"https://pokeapi.co/api/v2/version-group/17/"}},{"flavor_text":"通过点穴\n让身体舒筋活络。\n大幅提高某１项能力。","language":{"name":"zh-Hans","url":"https://pokeapi.co/api/v2/language/12/"},"version_group":{"name":"sun-moon","url":"https://pokeapi.co/api/v2/version-group/17/"}},{"flavor_text":"つぼおしで　からだを\nかっせいか　させる。　のうりょくの\nどれか　１つを　ぐーんと　あげる。","language":{"name":"ja-Hrkt","url":"https://pokeapi.co/api/v2/language/1/"},"version_group":{"name":"ultra-sun-ultra-moon","url":"https://pokeapi.co/api/v2/version-group/18/"}},{"flavor_text":"경혈을 눌러 몸을 활성화시킨다.\n능력 중 하나를 크게 올린다.","language":{"name":"ko","url":"https://pokeapi.co/api/v2/language/3/"},"version_group":{"name":"ultra-sun-ultra-moon","url":"https://pokeapi.co/api/v2/version-group/18/"}},{"flavor_text":"利用點穴激發身體的活力，\n大幅提高自己的某一項能力。","language":{"name":"zh-Hant","url":"https://pokeapi.co/api/v2/language/4/"},"version_group":{"name":"ultra-sun-ultra-moon","url":"https://pokeapi.co/api/v2/version-group/18/"}},{"flavor_text":"Le lanceur utilise sa connaissance des points\nde pression pour beaucoup augmenter une stat.","language":{"name":"fr","url":"https://pokeapi.co/api/v2/language/5/"},"version_group":{"name":"ultra-sun-ultra-moon","url":"https://pokeapi.co/api/v2/version-group/18/"}},{"flavor_text":"Anwender übt Druck auf Stresspunkte aus und\nerhöht einen Statuswert stark.","language":{"name":"de","url":"https://pokeapi.co/api/v2/language/6/"},"version_group":{"name":"ultra-sun-ultra-moon","url":"https://pokeapi.co/api/v2/version-group/18/"}},{"flavor_text":"Aplica presión en puntos clave del cuerpo para\npotenciar una de sus características.","language":{"name":"es","url":"https://pokeapi.co/api/v2/language/7/"},"version_group":{"name":"ultra-sun-ultra-moon","url":"https://pokeapi.co/api/v2/version-group/18/"}},{"flavor_text":"Chi la usa esercita pressione su alcuni punti\nnevralgici e aumenta di molto una statistica a caso.","language":{"name":"it","url":"https://pokeapi.co/api/v2/language/8/"},"version_group":{"name":"ultra-sun-ultra-moon","url":"https://pokeapi.co/api/v2/version-group/18/"}},{"flavor_text":"The user applies pressure to stress points, sharply\nboosting one of its or its allies’ stats.","language":{"name":"en","url":"https://pokeapi.co/api/v2/language/9/"},"version_group":{"name":"ultra-sun-ultra-moon","url":"https://pokeapi.co/api/v2/version-group/18/"}},{"flavor_text":"つぼおしで　体を　活性化させる。\n能力の　どれか　１つを\nぐーんと　あげる。","language":{"name":"ja","url":"https://pokeapi.co/api/v2/language/11/"},"version_group":{"name":"ultra-sun-ultra-moon","url":"https://pokeapi.co/api/v2/version-group/18/"}},{"flavor_text":"通过点穴\n让身体舒筋活络。\n大幅提高某１项能力。","language":{"name":"zh-Hans","url":"https://pokeapi.co/api/v2/language/12/"},"version_group":{"name":"ultra-sun-ultra-moon","url":"https://pokeapi.co/api/v2/version-group/18/"}},{"flavor_text":"つぼおしで　からだを\nかっせいか　させる。　のうりょくの\nどれか　１つを　ぐーんと　あげる。","language":{"name":"ja-Hrkt","url":"https://pokeapi.co/api/v2/language/1/"},"version_group":{"name":"lets-go-pikachu-lets-go-eevee","url":"https://pokeapi.co/api/v2/version-group/19/"}},{"flavor_text":"경혈을 눌러 몸을 활성화시킨다.\n능력 중 하나를 크게 올린다.","language":{"name":"ko","url":"https://pokeapi.co/api/v2/language/3/"},"version_group":{"name":"lets-go-pikachu-lets-go-eevee","url":"https://pokeapi.co/api/v2/version-group/19/"}},{"flavor_text":"利用點穴激發身體的活力，\n大幅提高自己的某一項能力。","language":{"name":"zh-Hant","url":"https://pokeapi.co/api/v2/language/4/"},"version_group":{"name":"lets-go-pikachu-lets-go-eevee","url":"https://pokeapi.co/api/v2/version-group/19/"}},{"flavor_text":"Le lanceur utilise sa connaissance des points de pression\npour beaucoup augmenter une stat.","language":{"name":"fr","url":"https://pokeapi.co/api/v2/language/5/"},"version_group":{"name":"lets-go-pikachu-lets-go-eevee","url":"https://pokeapi.co/api/v2/version-group/19/"}},{"flavor_text":"Anwender übt Druck auf Stresspunkte aus und\nerhöht einen Statuswert stark.","language":{"name":"de","url":"https://pokeapi.co/api/v2/language/6/"},"version_group":{"name":"lets-go-pikachu-lets-go-eevee","url":"https://pokeapi.co/api/v2/version-group/19/"}},{"flavor_text":"Aplica presión en puntos clave del cuerpo para\npotenciar mucho una de sus características.","language":{"name":"es","url":"https://pokeapi.co/api/v2/language/7/"},"version_group":{"name":"lets-go-pikachu-lets-go-eevee","url":"https://pokeapi.co/api/v2/version-group/19/"}},{"flavor_text":"Chi la usa esercita pressione su alcuni punti\nnevralgici e aumenta di molto una statistica a caso.","language":{"name":"it","url":"https://pokeapi.co/api/v2/language/8/"},"version_group":{"name":"lets-go-pikachu-lets-go-eevee","url":"https://pokeapi.co/api/v2/version-group/19/"}},{"flavor_text":"The user applies pressure to stress points, sharply\nboosting one of its or its allies’ stats.","language":{"name":"en","url":"https://pokeapi.co/api/v2/language/9/"},"version_group":{"name":"lets-go-pikachu-lets-go-eevee","url":"https://pokeapi.co/api/v2/version-group/19/"}},{"flavor_text":"つぼおしで　体を　活性化させる。\n能力の　どれか　１つを\nぐーんと　あげる。","language":{"name":"ja","url":"https://pokeapi.co/api/v2/language/11/"},"version_group":{"name":"lets-go-pikachu-lets-go-eevee","url":"https://pokeapi.co/api/v2/version-group/19/"}},{"flavor_text":"通过点穴\n让身体舒筋活络。\n大幅提高某１项能力。","language":{"name":"zh-Hans","url":"https://pokeapi.co/api/v2/language/12/"},"version_group":{"name":"lets-go-pikachu-lets-go-eevee","url":"https://pokeapi.co/api/v2/version-group/19/"}},{"flavor_text":"つぼおしで　からだを\nかっせいか　させる。　のうりょくの\nどれか　１つを　ぐーんと　あげる。","language":{"name":"ja-Hrkt","url":"https://pokeapi.co/api/v2/language/1/"},"version_group":{"name":"sword-shield","url":"https://pokeapi.co/api/v2/version-group/20/"}},{"flavor_text":"경혈을 눌러 몸을 활성화시킨다.\n능력 중 하나를 크게 올린다.","language":{"name":"ko","url":"https://pokeapi.co/api/v2/language/3/"},"version_group":{"name":"sword-shield","url":"https://pokeapi.co/api/v2/version-group/20/"}},{"flavor_text":"利用點穴激發身體的活力，\n大幅提高某一項能力。","language":{"name":"zh-Hant","url":"https://pokeapi.co/api/v2/language/4/"},"version_group":{"name":"sword-shield","url":"https://pokeapi.co/api/v2/version-group/20/"}},{"flavor_text":"Le lanceur utilise sa connaissance des points de pression\npour beaucoup augmenter une stat.","language":{"name":"fr","url":"https://pokeapi.co/api/v2/language/5/"},"version_group":{"name":"sword-shield","url":"https://pokeapi.co/api/v2/version-group/20/"}},{"flavor_text":"Anwender übt Druck auf Stresspunkte aus und erhöht\neinen Statuswert stark.","language":{"name":"de","url":"https://pokeapi.co/api/v2/language/6/"},"version_group":{"name":"sword-shield","url":"https://pokeapi.co/api/v2/version-group/20/"}},{"flavor_text":"Aplica presión en puntos clave del cuerpo para\npotenciar mucho una de sus características.","language":{"name":"es","url":"https://pokeapi.co/api/v2/language/7/"},"version_group":{"name":"sword-shield","url":"https://pokeapi.co/api/v2/version-group/20/"}},{"flavor_text":"Chi la usa esercita pressione su alcuni punti\nnevralgici e aumenta di molto una statistica a caso.","language":{"name":"it","url":"https://pokeapi.co/api/v2/language/8/"},"version_group":{"name":"sword-shield","url":"https://pokeapi.co/api/v2/version-group/20/"}},{"flavor_text":"The user applies pressure to stress points, sharply\nboosting one of its or its allies’ stats.","language":{"name":"en","url":"https://pokeapi.co/api/v2/language/9/"},"version_group":{"name":"sword-shield","url":"https://pokeapi.co/api/v2/version-group/20/"}},{"flavor_text":"つぼおしで　体を　活性化させる。\n能力の　どれか　１つを\nぐーんと　あげる。","language":{"name":"ja","url":"https://pokeapi.co/api/v2/language/11/"},"version_group":{"name":"sword-shield","url":"https://pokeapi.co/api/v2/version-group/20/"}},{"flavor_text":"通过点穴\n让身体舒筋活络。\n大幅提高某１项能力。","language":{"name":"zh-Hans","url":"https://pokeapi.co/api/v2/language/12/"},"version_group":{"name":"sword-shield","url":"https://pokeapi.co/api/v2/version-group/20/"}}],"generation":{"name":"generation-iv","url":"https://pokeapi.co/api/v2/generation/4/"},"id":367,"learned_by_pokemon":[{"name":"tentacool","url":"https://pokeapi.co/api/v2/pokemon/72/"},{"name":"doduo","url":"https://pokeapi.co/api/v2/pokemon/84/"},{"name":"dodrio","url":"https://pokeapi.co/api/v2/pokemon/85/"},{"name":"goldeen","url":"https://pokeapi.co/api/v2/pokemon/118/"},{"name":"qwilfish","url":"https://pokeapi.co/api/v2/pokemon/211/"},{"name":"shuckle","url":"https://pokeapi.co/api/v2/pokemon/213/"},{"name":"meditite","url":"https://pokeapi.co/api/v2/pokemon/307/"},{"name":"medicham","url":"https://pokeapi.co/api/v2/pokemon/308/"},{"name":"skorupi","url":"https://pokeapi.co/api/v2/pokemon/451/"},{"name":"drapion","url":"https://pokeapi.co/api/v2/pokemon/452/"},{"name":"croagunk","url":"https://pokeapi.co/api/v2/pokemon/453/"},{"name":"maractus","url":"https://pokeapi.co/api/v2/pokemon/556/"},{"name":"inkay","url":"https://pokeapi.co/api/v2/pokemon/686/"},{"name":"bounsweet","url":"https://pokeapi.co/api/v2/pokemon/761/"},{"name":"arrokuda","url":"https://pokeapi.co/api/v2/pokemon/846/"},{"name":"pincurchin","url":"https://pokeapi.co/api/v2/pokemon/871/"},{"name":"overqwil","url":"https://pokeapi.co/api/v2/pokemon/904/"},{"name":"toedscool","url":"https://pokeapi.co/api/v2/pokemon/948/"},{"name":"medicham-mega","url":"https://pokeapi.co/api/v2/pokemon/10054/"},{"name":"qwilfish-hisui","url":"https://pokeapi.co/api/v2/pokemon/10234/"}],"machines":[],"meta":{"ailment":{"name":"none","url":"https://pokeapi.co/api/v2/move-ailment/0/"},"ailment_chance":0,"category":{"name":"unique","url":"https://pokeapi.co/api/v2/move-category/13/"},"crit_rate":0,"drain":0,"flinch_chance":0,"healing":0,"max_hits":null,"max_turns":null,"min_hits":null,"min_turns":null,"stat_chance":0},"name":"acupressure","names":[{"language":{"name":"ja-Hrkt","url":"https://pokeapi.co/api/v2/language/1/"},"name":"つぼをつく"},{"language":{"name":"ko","url":"https://pokeapi.co/api/v2/language/3/"},"name":"경혈찌르기"},{"language":{"name":"zh-Hant","url":"https://pokeapi.co/api/v2/language/4/"},"name":"點穴"},{"language":{"name":"fr","url":"https://pokeapi.co/api/v2/language/5/"},"name":"Acupression"},{"language":{"name":"de","url":"https://pokeapi.co/api/v2/language/6/"},"name":"Akupressur"},{"language":{"name":"es","url":"https://pokeapi.co/api/v2/language/7/"},"name":"Acupresión"},{"language":{"name":"it","url":"https://pokeapi.co/api/v2/language/8/"},"name":"Acupressione"},{"language":{"name":"en","url":"https://pokeapi.co/api/v2/language/9/"},"name":"Acupressure"},{"language":{"name":"ja","url":"https://pokeapi.co/api/v2/language/11/"},"name":"つぼをつく"},{"language":{"name":"zh-Hans","url":"https://pokeapi.co/api/v2/language/12/"},"name":"点穴"}],"past_values":[],"power":null,"pp":30,"priority":0,"stat_changes":[],"super_contest_effect":{"url":"https://pokeapi.co/api/v2/super-contest-effect/11/"},"target":{"name":"user-or-ally","url":"https://pokeapi.co/api/v2/move-target/5/"},"type":{"name":"normal","url":"https://pokeapi.co/api/v2/type/1/"}}