{"accuracy":100,"contest_combos":{"normal":{"use_after":[{"name":"rage","url":"https://pokeapi.co/api/v2/move/99/"}],"use_before":null},"super":{"use_after":null,"use_before":null}},"contest_effect":{"url":"https://pokeapi.co/api/v2/contest-effect/6/"},"contest_type":{"name":"tough","url":"https://pokeapi.co/api/v2/contest-type/5/"},"damage_class":{"name":"physical","url":"https://pokeapi.co/api/v2/move-damage-class/2/"},"effect_chance":null,"effect_changes":[],"effect_entries":[{"effect":"Inflicts regular damage.  User is forced to attack with this move for 2–3 turns,selected at random.  After the last hit, the user becomes confused.\n\nsafeguard does not protect against the confusion from this move.","language":{"name":"en","url":"https://pokeapi.co/api/v2/language/9/"},"short_effect":"Hits every turn for 2-3 turns, then confuses the user."}],"flavor_text_entries":[{"flavor_text":"Works 2-3 turns\nand confuses user.","language":{"name":"en","url":"https://pokeapi.co/api/v2/language/9/"},"version_group":{"name":"gold-silver","url":"https://pokeapi.co/api/v2/version-group/3/"}},{"flavor_text":"Works 2-3 turns\nand confuses user.","language":{"name":"en","url":"https://pokeapi.co/api/v2/language/9/"},"version_group":{"name":"crystal","url":"https://pokeapi.co/api/v2/version-group/4/"}},{"flavor_text":"A rampage of 2 to 3 turns\nthat confuses the user.","language":{"name":"en","url":"https://pokeapi.co/api/v2/language/9/"},"version_group":{"name":"ruby-sapphire","url":"https://pokeapi.co/api/v2/version-group/5/"}},{"flavor_text":"A rampage of 2 to 3 turns\nthat confuses the user.","language":{"name":"en","url":"https://pokeapi.co/api/v2/language/9/"},"version_group":{"name":"emerald","url":"https://pokeapi.co/api/v2/version-group/6/"}},{"flavor_text":"The user rampages\nabout for two to\nthree turns, then\nbecomes confused.","language":{"name":"en","url":"https://pokeapi.co/api/v2/language/9/"},"version_group":{"name":"firered-leafgreen","url":"https://pokeapi.co/api/v2/version-group/7/"}},{"flavor_text":"The user rampages\nand attacks for two\nto three turns.\nIt then becomes\nconfused, however.","language":{"name":"en","url":"https://pokeapi.co/api/v2/language/9/"},"version_group":{"name":"diamond-pearl","url":"https://pokeapi.co/api/v2/version-group/8/"}},{"flavor_text":"The user rampages\nand attacks for two\nto three turns.\nIt then becomes\nconfused, however.","language":{"name":"en","url":"https://pokeapi.co/api/v2/language/9/"},"version_group":{"name":"platinum","url":"https://pokeapi.co/api/v2/version-group/9/"}},{"flavor_text":"The user rampages\nand attacks for two\nto three turns.\nIt then becomes\nconfused, however.","language":{"name":"en","url":"https://pokeapi.co/api/v2/language/9/"},"version_group":{"name":"heartgold-soulsilver","url":"https://pokeapi.co/api/v2/version-group/10/"}},{"flavor_text":"Une attaque furieuse qui dure de 2 à 3\ntours. Le lanceur devient confus.","language":{"name":"fr","url":"https://pokeapi.co/api/v2/language/5/"},"version_group":{"name":"black-white","url":"https://pokeapi.co/api/v2/version-group/11/"}},{"flavor_text":"The user rampages and attacks for two\nto three turns. It then becomes\nconfused, however.","language":{"name":"en","url":"https://pokeapi.co/api/v2/language/9/"},"version_group":{"name":"black-white","url":"https://pokeapi.co/api/v2/version-group/11/"}},{"flavor_text":"The user rampages and attacks for two\nto three turns. It then becomes\nconfused, however.","language":{"name":"en","url":"https://pokeapi.co/api/v2/language/9/"},"version_group":{"name":"black-2-white-2","url":"https://pokeapi.co/api/v2/version-group/14/"}},{"flavor_text":"２ー３ターンの　あいだ\nあばれまくって　あいてを　こうげきする。\nあばれた　あとは　こんらん　する。","language":{"name":"ja-Hrkt","url":"https://pokeapi.co/api/v2/language/1/"},"version_group":{"name":"x-y","url":"https://pokeapi.co/api/v2/version-group/15/"}},{"flavor_text":"2-3턴 동안\n마구 난동 부려서 상대를 공격한다.\n난동 부린 뒤에는 혼란에 빠진다.","language":{"name":"ko","url":"https://pokeapi.co/api/v2/language/3/"},"version_group":{"name":"x-y","url":"https://pokeapi.co/api/v2/version-group/15/"}},{"flavor_text":"Une attaque furieuse qui dure de deux à\ntrois tours. Le lanceur devient confus.","language":{"name":"fr","url":"https://pokeapi.co/api/v2/language/5/"},"version_group":{"name":"x-y","url":"https://pokeapi.co/api/v2/version-group/15/"}},{"flavor_text":"Attacke über zwei bis drei Runden,\ndie den Angreifer verwirrt.","language":{"name":"de","url":"https://pokeapi.co/api/v2/language/6/"},"version_group":{"name":"x-y","url":"https://pokeapi.co/api/v2/version-group/15/"}},{"flavor_text":"Ataca de dos a tres turnos y acaba confundiendo\nal agresor.","language":{"name":"es","url":"https://pokeapi.co/api/v2/language/7/"},"version_group":{"name":"x-y","url":"https://pokeapi.co/api/v2/version-group/15/"}},{"flavor_text":"Assale e attacca il nemico per due o tre turni,\nma confonde chi la usa.","language":{"name":"it","url":"https://pokeapi.co/api/v2/language/8/"},"version_group":{"name":"x-y","url":"https://pokeapi.co/api/v2/version-group/15/"}},{"flavor_text":"The user rampages and attacks\nfor two to three turns.\nThe user then becomes confused.","language":{"name":"en","url":"https://pokeapi.co/api/v2/language/9/"},"version_group":{"name":"x-y","url":"https://pokeapi.co/api/v2/version-group/15/"}},{"flavor_text":"２ー３ターンの　あいだ\n暴れまくって　相手を　攻撃する。\n暴れたあとは　混乱する。","language":{"name":"ja","url":"https://pokeapi.co/api/v2/language/11/"},"version_group":{"name":"x-y","url":"https://pokeapi.co/api/v2/version-group/15/"}},{"flavor_text":"２ー３ターンの　あいだ\nあばれまくって　あいてを　こうげきする。\nあばれた　あとは　こんらん　する。","language":{"name":"ja-Hrkt","url":"https://pokeapi.co/api/v2/language/1/"},"version_group":{"name":"omega-ruby-alpha-sapphire","url":"https://pokeapi.co/api/v2/version-group/16/"}},{"flavor_text":"2-3턴 동안\n마구 난동 부려서 상대를 공격한다.\n난동 부린 뒤에는 혼란에 빠진다.","language":{"name":"ko","url":"https://pokeapi.co/api/v2/language/3/"},"version_group":{"name":"omega-ruby-alpha-sapphire","url":"https://pokeapi.co/api/v2/version-group/16/"}},{"flavor_text":"Une attaque furieuse qui dure de deux à\ntrois tours. Le lanceur devient confus.","language":{"name":"fr","url":"https://pokeapi.co/api/v2/language/5/"},"version_group":{"name":"omega-ruby-alpha-sapphire","url":"https://pokeapi.co/api/v2/version-group/16/"}},{"flavor_text":"Attacke über zwei bis drei Runden,\ndie den Angreifer verwirrt.","language":{"name":"de","url":"https://pokeapi.co/api/v2/language/6/"},"version_group":{"name":"omega-ruby-alpha-sapphire","url":"https://pokeapi.co/api/v2/version-group/16/"}},{"flavor_text":"Ataca de dos a tres turnos y acaba confundiendo al \nagresor.","language":{"name":"es","url":"https://pokeapi.co/api/v2/language/7/"},"version_group":{"name":"omega-ruby-alpha-sapphire","url":"https://pokeapi.co/api/v2/version-group/16/"}},{"flavor_text":"Assale e attacca il nemico per due o tre turni,\nma confonde chi la usa.","language":{"name":"it","url":"https://pokeapi.co/api/v2/language/8/"},"version_group":{"name":"omega-ruby-alpha-sapphire","url":"https://pokeapi.co/api/v2/version-group/16/"}},{"flavor_text":"The user rampages and attacks\nfor two to three turns.\nThe user then becomes confused.","language":{"name":"en","url":"https://pokeapi.co/api/v2/language/9/"},"version_group":{"name":"omega-ruby-alpha-sapphire","url":"https://pokeapi.co/api/v2/version-group/16/"}},{"flavor_text":"２ー３ターンの　あいだ\n暴れまくって　相手を　攻撃する。\n暴れたあとは　混乱する。","language":{"name":"ja","url":"https://pokeapi.co/api/v2/language/11/"},"version_group":{"name":"omega-ruby-alpha-sapphire","url":"https://pokeapi.co/api/v2/version-group/16/"}},{"flavor_text":"２ー３ターンの　あいだ\nあばれまくって　あいてを　こうげきする。\nあばれた　あとは　こんらん　する。","language":{"name":"ja-Hrkt","url":"https://pokeapi.co/api/v2/language/1/"},"version_group":{"name":"sun-moon","url":"https://pokeapi.co/api/v2/version-group/17/"}},{"flavor_text":"2-3턴 동안\n마구 난동 부려서 상대를 공격한다.\n난동 부린 뒤에는 혼란에 빠진다.","language":{"name":"ko","url":"https://pokeapi.co/api/v2/language/3/"},"version_group":{"name":"sun-moon","url":"https://pokeapi.co/api/v2/version-group/17/"}},{"flavor_text":"在２～３回合內\n瘋狂亂打對手進行攻擊。\n大鬧一番後自己會陷入混亂。","language":{"name":"zh-Hant","url":"https://pokeapi.co/api/v2/language/4/"},"version_group":{"name":"sun-moon","url":"https://pokeapi.co/api/v2/version-group/17/"}},{"flavor_text":"Une attaque furieuse qui dure de deux à trois tours.\nLe lanceur devient confus.","language":{"name":"fr","url":"https://pokeapi.co/api/v2/language/5/"},"version_group":{"name":"sun-moon","url":"https://pokeapi.co/api/v2/version-group/17/"}},{"flavor_text":"Attacke über zwei bis drei Runden, die den Angreifer\nverwirrt.","language":{"name":"de","url":"https://pokeapi.co/api/v2/language/6/"},"version_group":{"name":"sun-moon","url":"https://pokeapi.co/api/v2/version-group/17/"}},{"flavor_text":"Ataca de dos a tres turnos y acaba confundiendo al \nagresor.","language":{"name":"es","url":"https://pokeapi.co/api/v2/language/7/"},"version_group":{"name":"sun-moon","url":"https://pokeapi.co/api/v2/version-group/17/"}},{"flavor_text":"Assale e attacca il nemico per due o tre turni,\nma confonde chi la usa.","language":{"name":"it","url":"https://pokeapi.co/api/v2/language/8/"},"version_group":{"name":"sun-moon","url":"https://pokeapi.co/api/v2/version-group/17/"}},{"flavor_text":"The user rampages and attacks for two to three\nturns. The user then becomes confused.","language":{"name":"en","url":"https://pokeapi.co/api/v2/language/9/"},"version_group":{"name":"sun-moon","url":"https://pokeapi.co/api/v2/version-group/17/"}},{"flavor_text":"２ー３ターンの　間\n暴れまくって　相手を　攻撃する。\n暴れたあとは　混乱する。","language":{"name":"ja","url":"https://pokeapi.co/api/v2/language/11/"},"version_group":{"name":"sun-moon","url":"https://pokeapi.co/api/v2/version-group/17/"}},{"flavor_text":"在２～３回合内，\n乱打一气地攻击对手。\n大闹一番后自己会陷入混乱。","language":{"name":"zh-Hans","url":"https://pokeapi.co/api/v2/language/12/"},"version_group":{"name":"sun-moon","url":"https://pokeapi.co/api/v2/version-group/17/"}},{"flavor_text":"２ー３ターンの　あいだ\nあばれまくって　あいてを　こうげきする。\nあばれた　あとは　こんらん　する。","language":{"name":"ja-Hrkt","url":"https://pokeapi.co/api/v2/language/1/"},"version_group":{"name":"ultra-sun-ultra-moon","url":"https://pokeapi.co/api/v2/version-group/18/"}},{"flavor_text":"2-3턴 동안\n마구 난동 부려서 상대를 공격한다.\n난동 부린 뒤에는 혼란에 빠진다.","language":{"name":"ko","url":"https://pokeapi.co/api/v2/language/3/"},"version_group":{"name":"ultra-sun-ultra-moon","url":"https://pokeapi.co/api/v2/version-group/18/"}},{"flavor_text":"在２～３回合內\n瘋狂亂打對手進行攻擊。\n大鬧一番後自己會陷入混亂。","language":{"name":"zh-Hant","url":"https://pokeapi.co/api/v2/language/4/"},"version_group":{"name":"ultra-sun-ultra-moon","url":"https://pokeapi.co/api/v2/version-group/18/"}},{"flavor_text":"Une attaque furieuse qui dure de deux à trois tours.\nLe lanceur devient confus.","language":{"name":"fr","url":"https://pokeapi.co/api/v2/language/5/"},"version_group":{"name":"ultra-sun-ultra-moon","url":"https://pokeapi.co/api/v2/version-group/18/"}},{"flavor_text":"Attacke über zwei bis drei Runden, die den Angreifer\nverwirrt.","language":{"name":"de","url":"https://pokeapi.co/api/v2/language/6/"},"version_group":{"name":"ultra-sun-ultra-moon","url":"https://pokeapi.co/api/v2/version-group/18/"}},{"flavor_text":"Ataca de dos a tres turnos y acaba confundiendo al \nagresor.","language":{"name":"es","url":"https://pokeapi.co/api/v2/language/7/"},"version_group":{"name":"ultra-sun-ultra-moon","url":"https://pokeapi.co/api/v2/version-group/18/"}},{"flavor_text":"Assale e attacca il nemico per due o tre turni,\nma confonde chi la usa.","language":{"name":"it","url":"https://pokeapi.co/api/v2/language/8/"},"version_group":{"name":"ultra-sun-ultra-moon","url":"https://pokeapi.co/api/v2/version-group/18/"}},{"flavor_text":"The user rampages and attacks for two to three\nturns. The user then becomes confused.","language":{"name":"en","url":"https://pokeapi.co/api/v2/language/9/"},"version_group":{"name":"ultra-sun-ultra-moon","url":"https://pokeapi.co/api/v2/version-group/18/"}},{"flavor_text":"２ー３ターンの　間\n暴れまくって　相手を　攻撃する。\n暴れたあとは　混乱する。","language":{"name":"ja","url":"https://pokeapi.co/api/v2/language/11/"},"version_group":{"name":"ultra-sun-ultra-moon","url":"https://pokeapi.co/api/v2/version-group/18/"}},{"flavor_text":"在２～３回合内，\n乱打一气地攻击对手。\n大闹一番后自己会陷入混乱。","language":{"name":"zh-Hans","url":"https://pokeapi.co/api/v2/language/12/"},"version_group":{"name":"ultra-sun-ultra-moon","url":"https://pokeapi.co/api/v2/version-group/18/"}},{"flavor_text":"２ー３ターンの　あいだ\nあばれまくって　あいてを　こうげきする。\nあばれた　あとは　こんらん　する。","language":{"name":"ja-Hrkt","url":"https://pokeapi.co/api/v2/language/1/"},"version_group":{"name":"lets-go-pikachu-lets-go-eevee","url":"https://pokeapi.co/api/v2/version-group/19/"}},{"flavor_text":"2-3턴 동안\n마구 난동 부려서 상대를 공격한다.\n난동 부린 뒤에는 혼란에 빠진다.","language":{"name":"ko","url":"https://pokeapi.co/api/v2/language/3/"},"version_group":{"name":"lets-go-pikachu-lets-go-eevee","url":"https://pokeapi.co/api/v2/version-group/19/"}},{"flavor_text":"在２～３回合內\n瘋狂亂打對手進行攻擊。\n大鬧一番後自己會陷入混亂。","language":{"name":"zh-Hant","url":"https://pokeapi.co/api/v2/language/4/"},"version_group":{"name":"lets-go-pikachu-lets-go-eevee","url":"https://pokeapi.co/api/v2/version-group/19/"}},{"flavor_text":"Une attaque furieuse qui dure de deux à trois tours.\nLe lanceur devient confus.","language":{"name":"fr","url":"https://pokeapi.co/api/v2/language/5/"},"version_group":{"name":"lets-go-pikachu-lets-go-eevee","url":"https://pokeapi.co/api/v2/version-group/19/"}},{"flavor_text":"Attacke über zwei bis drei Runden, die den Angreifer\nverwirrt.","language":{"name":"de","url":"https://pokeapi.co/api/v2/language/6/"},"version_group":{"name":"lets-go-pikachu-lets-go-eevee","url":"https://pokeapi.co/api/v2/version-group/19/"}},{"flavor_text":"Ataca de dos a tres turnos y acaba confundiendo al \nagresor.","language":{"name":"es","url":"https://pokeapi.co/api/v2/language/7/"},"version_group":{"name":"lets-go-pikachu-lets-go-eevee","url":"https://pokeapi.co/api/v2/version-group/19/"}},{"flavor_text":"Assale e attacca il nemico per due o tre turni,\nma confonde chi la usa.","language":{"name":"it","url":"https://pokeapi.co/api/v2/language/8/"},"version_group":{"name":"lets-go-pikachu-lets-go-eevee","url":"https://pokeapi.co/api/v2/version-group/19/"}},{"flavor_text":"The user rampages and attacks for two to three\nturns. The user then becomes confused.","language":{"name":"en","url":"https://pokeapi.co/api/v2/language/9/"},"version_group":{"name":"lets-go-pikachu-lets-go-eevee","url":"https://pokeapi.co/api/v2/version-group/19/"}},{"flavor_text":"２ー３ターンの　間\n暴れまくって　相手を　攻撃する。\n暴れたあとは　混乱する。","language":{"name":"ja","url":"https://pokeapi.co/api/v2/language/11/"},"version_group":{"name":"lets-go-pikachu-lets-go-eevee","url":"https://pokeapi.co/api/v2/version-group/19/"}},{"flavor_text":"在２～３回合内，\n乱打一气地攻击对手。\n大闹一番后自己会陷入混乱。","language":{"name":"zh-Hans","url":"https://pokeapi.co/api/v2/language/12/"},"version_group":{"name":"lets-go-pikachu-lets-go-eevee","url":"https://pokeapi.co/api/v2/version-group/19/"}},{"flavor_text":"２ー３ターンの　あいだ\nあばれまくって　あいてを　こうげきする。\nあばれた　あとは　こんらん　する。","language":{"name":"ja-Hrkt","url":"https://pokeapi.co/api/v2/language/1/"},"version_group":{"name":"sword-shield","url":"https://pokeapi.co/api/v2/version-group/20/"}},{"flavor_text":"2-3턴 동안\n마구 난동 부려서 상대를 공격한다.\n난동 부린 뒤에는 혼란에 빠진다.","language":{"name":"ko","url":"https://pokeapi.co/api/v2/language/3/"},"version_group":{"name":"sword-shield","url":"https://pokeapi.co/api/v2/version-group/20/"}},{"flavor_text":"在２～３回合內\n瘋狂亂打對手進行攻擊。\n大鬧一番後自己會陷入混亂。","language":{"name":"zh-Hant","url":"https://pokeapi.co/api/v2/language/4/"},"version_group":{"name":"sword-shield","url":"https://pokeapi.co/api/v2/version-group/20/"}},{"flavor_text":"Une attaque furieuse qui dure de deux à trois tours.\nLe lanceur devient confus.","language":{"name":"fr","url":"https://pokeapi.co/api/v2/language/5/"},"version_group":{"name":"sword-shield","url":"https://pokeapi.co/api/v2/version-group/20/"}},{"flavor_text":"Attacke über zwei bis drei Runden, die den Anwender\ndanach verwirrt.","language":{"name":"de","url":"https://pokeapi.co/api/v2/language/6/"},"version_group":{"name":"sword-shield","url":"https://pokeapi.co/api/v2/version-group/20/"}},{"flavor_text":"Ataque de dos a tres turnos que acaba confundiendo\nal agresor.","language":{"name":"es","url":"https://pokeapi.co/api/v2/language/7/"},"version_group":{"name":"sword-shield","url":"https://pokeapi.co/api/v2/version-group/20/"}},{"flavor_text":"Assale e attacca il nemico per due o tre turni,\nma confonde chi la usa.","language":{"name":"it","url":"https://pokeapi.co/api/v2/language/8/"},"version_group":{"name":"sword-shield","url":"https://pokeapi.co/api/v2/version-group/20/"}},{"flavor_text":"The user rampages and attacks for two to three\nturns. The user then becomes confused.","language":{"name":"en","url":"https://pokeapi.co/api/v2/language/9/"},"version_group":{"name":"sword-shield","url":"https://pokeapi.co/api/v2/version-group/20/"}},{"flavor_text":"２ー３ターンの　間\n暴れまくって　相手を　攻撃する。\n暴れたあとは　混乱する。","language":{"name":"ja","url":"https://pokeapi.co/api/v2/language/11/"},"version_group":{"name":"sword-shield","url":"https://pokeapi.co/api/v2/version-group/20/"}},{"flavor_text":"在２～３回合内，\n乱打一气地攻击对手。\n大闹一番后自己会陷入混乱。","language":{"name":"zh-Hans","url":"https://pokeapi.co/api/v2/language/12/"},"version_group":{"name":"sword-shield","url":"https://pokeapi.co/api/v2/version-group/20/"}}],"generation":{"name":"generation-i","url":"https://pokeapi.co/api/v2/generation/1/"},"id":37,"learned_by_pokemon":[{"name":"nidoran-m","url":"https://pokeapi.co/api/v2/pokemon/32/"},{"name":"nidoking","url":"https://pokeapi.co/api/v2/pokemon/34/"},{"name":"mankey","url":"https://pokeapi.co/api/v2/pokemon/56/"},{"name":"primeape","url":"https://pokeapi.co/api/v2/pokemon/57/"},{"name":"growlithe","url":"https://pokeapi.co/api/v2/pokemon/58/"},{"name":"ponyta","url":"https://pokeapi.co/api/v2/pokemon/77/"},{"name":"doduo","url":"https://pokeapi.co/api/v2/pokemon/84/"},{"name":"dodrio","url":"https://pokeapi.co/api/v2/pokemon/85/"},{"name":"cubone","url":"https://pokeapi.co/api/v2/pokemon/104/"},{"name":"marowak","url":"https://pokeapi.co/api/v2/pokemon/105/"},{"name":"lickitung","url":"https://pokeapi.co/api/v2/pokemon/108/"},{"name":"rhyhorn","url":"https://pokeapi.co/api/v2/pokemon/111/"},{"name":"jynx","url":"https://pokeapi.co/api/v2/pokemon/124/"},{"name":"pinsir","url":"https://pokeapi.co/api/v2/pokemon/127/"},{"name":"tauros","url":"https://pokeapi.co/api/v2/pokemon/128/"},{"name":"gyarados","url":"https://pokeapi.co/api/v2/pokemon/130/"},{"name":"cyndaquil","url":"https://pokeapi.co/api/v2/pokemon/155/"},{"name":"totodile","url":"https://pokeapi.co/api/v2/pokemon/158/"},{"name":"croconaw","url":"https://pokeapi.co/api/v2/pokemon/159/"},{"name":"feraligatr","url":"https://pokeapi.co/api/v2/pokemon/160/"},{"name":"heracross","url":"https://pokeapi.co/api/v2/pokemon/214/"},{"name":"teddiursa","url":"https://pokeapi.co/api/v2/pokemon/216/"},{"name":"ursaring","url":"https://pokeapi.co/api/v2/pokemon/217/"},{"name":"piloswine","url":"https://pokeapi.co/api/v2/pokemon/221/"},{"name":"stantler","url":"https://pokeapi.co/api/v2/pokemon/234/"},{"name":"larvitar","url":"https://pokeapi.co/api/v2/pokemon/246/"},{"name":"pupitar","url":"https://pokeapi.co/api/v2/pokemon/247/"},{"name":"tyranitar","url":"https://pokeapi.co/api/v2/pokemon/248/"},{"name":"carvanha","url":"https://pokeapi.co/api/v2/pokemon/318/"},{"name":"wailmer","url":"https://pokeapi.co/api/v2/pokemon/320/"},{"name":"spinda","url":"https://pokeapi.co/api/v2/pokemon/327/"},{"name":"barboach","url":"https://pokeapi.co/api/v2/pokemon/339/"},{"name":"whiscash","url":"https://pokeapi.co/api/v2/pokemon/340/"},{"name":"bagon","url":"https://pokeapi.co/api/v2/pokemon/371/"},{"name":"turtwig","url":"https://pokeapi.co/api/v2/pokemon/387/"},{"name":"cranidos","url":"https://pokeapi.co/api/v2/pokemon/408/"},{"name":"gible","url":"https://pokeapi.co/api/v2/pokemon/443/"},{"name":"mamoswine","url":"https://pokeapi.co/api/v2/pokemon/473/"},{"name":"tepig","url":"https://pokeapi.co/api/v2/pokemon/498/"},{"name":"blitzle","url":"https://pokeapi.co/api/v2/pokemon/522/"},{"name":"zebstrika","url":"https://pokeapi.co/api/v2/pokemon/523/"},{"name":"basculin-red-striped","url":"https://pokeapi.co/api/v2/pokemon/550/"},{"name":"sandile","url":"https://pokeapi.co/api/v2/pokemon/551/"},{"name":"krokorok","url":"https://pokeapi.co/api/v2/pokemon/552/"},{"name":"krookodile","url":"https://pokeapi.co/api/v2/pokemon/553/"},{"name":"darumaka","url":"https://pokeapi.co/api/v2/pokemon/554/"},{"name":"darmanitan-standard","url":"https://pokeapi.co/api/v2/pokemon/555/"},{"name":"archen","url":"https://pokeapi.co/api/v2/pokemon/566/"},{"name":"archeops","url":"https://pokeapi.co/api/v2/pokemon/567/"},{"name":"eelektrik","url":"https://pokeapi.co/api/v2/pokemon/603/"},{"name":"eelektross","url":"https://pokeapi.co/api/v2/pokemon/604/"},{"name":"cubchoo","url":"https://pokeapi.co/api/v2/pokemon/613/"},{"name":"beartic","url":"https://pokeapi.co/api/v2/pokemon/614/"},{"name":"bouffalant","url":"https://pokeapi.co/api/v2/pokemon/626/"},{"name":"rufflet","url":"https://pokeapi.co/api/v2/pokemon/627/"},{"name":"braviary","url":"https://pokeapi.co/api/v2/pokemon/628/"},{"name":"larvesta","url":"https://pokeapi.co/api/v2/pokemon/636/"},{"name":"volcarona","url":"https://pokeapi.co/api/v2/pokemon/637/"},{"name":"tornadus-incarnate","url":"https://pokeapi.co/api/v2/pokemon/641/"},{"name":"thundurus-incarnate","url":"https://pokeapi.co/api/v2/pokemon/642/"},{"name":"tyrunt","url":"https://pokeapi.co/api/v2/pokemon/696/"},{"name":"tyrantrum","url":"https://pokeapi.co/api/v2/pokemon/697/"},{"name":"litten","url":"https://pokeapi.co/api/v2/pokemon/725/"},{"name":"torracat","url":"https://pokeapi.co/api/v2/pokemon/726/"},{"name":"incineroar","url":"https://pokeapi.co/api/v2/pokemon/727/"},{"name":"yungoos","url":"https://pokeapi.co/api/v2/pokemon/734/"},{"name":"gumshoos","url":"https://pokeapi.co/api/v2/pokemon/735/"},{"name":"rockruff","url":"https://pokeapi.co/api/v2/pokemon/744/"},{"name":"stufful","url":"https://pokeapi.co/api/v2/pokemon/759/"},{"name":"bewear","url":"https://pokeapi.co/api/v2/pokemon/760/"},{"name":"passimian","url":"https://pokeapi.co/api/v2/pokemon/766/"},{"name":"komala","url":"https://pokeapi.co/api/v2/pokemon/775/"},{"name":"guzzlord","url":"https://pokeapi.co/api/v2/pokemon/799/"},{"name":"cramorant","url":"https://pokeapi.co/api/v2/pokemon/845/"},{"name":"arrokuda","url":"https://pokeapi.co/api/v2/pokemon/846/"},{"name":"perrserker","url":"https://pokeapi.co/api/v2/pokemon/863/"},{"name":"morpeko-full-belly","url":"https://pokeapi.co/api/v2/pokemon/877/"},{"name":"zarude","url":"https://pokeapi.co/api/v2/pokemon/893/"},{"name":"regieleki","url":"https://pokeapi.co/api/v2/pokemon/894/"},{"name":"regidrago","url":"https://pokeapi.co/api/v2/pokemon/895/"},{"name":"glastrier","url":"https://pokeapi.co/api/v2/pokemon/896/"},{"name":"spectrier","url":"https://pokeapi.co/api/v2/pokemon/897/"},{"name":"ursaluna","url":"https://pokeapi.co/api/v2/pokemon/901/"},{"name":"basculegion-male","url":"https://pokeapi.co/api/v2/pokemon/902/"},{"name":"veluza","url":"https://pokeapi.co/api/v2/pokemon/976/"},{"name":"dondozo","url":"https://pokeapi.co/api/v2/pokemon/977/"},{"name":"annihilape","url":"https://pokeapi.co/api/v2/pokemon/979/"},{"name":"brute-bonnet","url":"https://pokeapi.co/api/v2/pokemon/986/"},{"name":"slither-wing","url":"https://pokeapi.co/api/v2/pokemon/988/"},{"name":"ting-lu","url":"https://pokeapi.co/api/v2/pokemon/1003/"},{"name":"basculin-blue-striped","url":"https://pokeapi.co/api/v2/pokemon/10016/"},{"name":"darmanitan-zen","url":"https://pokeapi.co/api/v2/pokemon/10017/"},{"name":"tornadus-therian","url":"https://pokeapi.co/api/v2/pokemon/10019/"},{"name":"thundurus-therian","url":"https://pokeapi.co/api/v2/pokemon/10020/"},{"name":"pinsir-mega","url":"https://pokeapi.co/api/v2/pokemon/10040/"},{"name":"gyarados-mega","url":"https://pokeapi.co/api/v2/pokemon/10041/"},{"name":"tyranitar-mega","url":"https://pokeapi.co/api/v2/pokemon/10049/"},{"name":"diglett-alola","url":"https://pokeapi.co/api/v2/pokemon/10105/"},{"name":"marowak-alola","url":"https://pokeapi.co/api/v2/pokemon/10115/"},{"name":"gumshoos-totem","url":"https://pokeapi.co/api/v2/pokemon/10121/"},{"name":"marowak-totem","url":"https://pokeapi.co/api/v2/pokemon/10149/"},{"name":"rockruff-own-tempo","url":"https://pokeapi.co/api/v2/pokemon/10151/"},{"name":"lycanroc-dusk","url":"https://pokeapi.co/api/v2/pokemon/10152/"},{"name":"meowth-galar","url":"https://pokeapi.co/api/v2/pokemon/10161/"},{"name":"ponyta-galar","url":"https://pokeapi.co/api/v2/pokemon/10162/"},{"name":"darumaka-galar","url":"https://pokeapi.co/api/v2/pokemon/10176/"},{"name":"darmanitan-galar-standard","url":"https://pokeapi.co/api/v2/pokemon/10177/"},{"name":"darmanitan-galar-zen","url":"https://pokeapi.co/api/v2/pokemon/10178/"},{"name":"cramorant-gulping","url":"https://pokeapi.co/api/v2/pokemon/10182/"},{"name":"cramorant-gorging","url":"https://pokeapi.co/api/v2/pokemon/10183/"},{"name":"morpeko-hangry","url":"https://pokeapi.co/api/v2/pokemon/10187/"},{"name":"zarude-dada","url":"https://pokeapi.co/api/v2/pokemon/10192/"},{"name":"calyrex-ice","url":"https://pokeapi.co/api/v2/pokemon/10193/"},{"name":"calyrex-shadow","url":"https://pokeapi.co/api/v2/pokemon/10194/"},{"name":"growlithe-hisui","url":"https://pokeapi.co/api/v2/pokemon/10229/"},{"name":"braviary-hisui","url":"https://pokeapi.co/api/v2/pokemon/10240/"},{"name":"basculin-white-striped","url":"https://pokeapi.co/api/v2/pokemon/10247/"},{"name":"basculegion-female","url":"https://pokeapi.co/api/v2/pokemon/10248/"},{"name":"tauros-paldea-combat-breed","url":"https://pokeapi.co/api/v2/pokemon/10250/"},{"name":"tauros-paldea-blaze-breed","url":"https://pokeapi.co/api/v2/pokemon/10251/"},{"name":"tauros-paldea-aqua-breed","url":"https://pokeapi.co/api/v2/pokemon/10252/"}],"machines":[],"meta":{"ailment":{"name":"none","url":"https://pokeapi.co/api/v2/move-ailment/0/"},"ailment_chance":0,"category":{"name":"damage","url":"https://pokeapi.co/api/v2/move-category/0/"},"crit_rate":0,"drain":0,"flinch_chance":0,"healing":0,"max_hits":null,"max_turns":null,"min_hits":null,"min_turns":null,"stat_chance":0},"name":"thrash","names":[{"language":{"name":"ja-Hrkt","url":"https://pokeapi.co/api/v2/language/1/"},"name":"あばれる"},{"language":{"name":"ko","url":"https://pokeapi.co/api/v2/language/3/"},"name":"난동부리기"},{"language":{"name":"zh-Hant","url":"https://pokeapi.co/api/v2/language/4/"},"name":"大鬧一番"},{"language":{"name":"fr","url":"https://pokeapi.co/api/v2/language/5/"},"name":"Mania"},{"language":{"name":"de","url":"https://pokeapi.co/api/v2/language/6/"},"name":"Fuchtler"},{"language":{"name":"es","url":"https://pokeapi.co/api/v2/language/7/"},"name":"Golpe"},{"language":{"name":"it","url":"https://pokeapi.co/api/v2/language/8/"},"name":"Colpo"},{"language":{"name":"en","url":"https://pokeapi.co/api/v2/language/9/"},"name":"Thrash"},{"language":{"name":"ja","url":"https://pokeapi.co/api/v2/language/11/"},"name":"あばれる"},{"language":{"name":"zh-Hans","url":"https://pokeapi.co/api/v2/language/12/"},"name":"大闹一番"}],"past_values":[{"accuracy":null,"effect_chance":null,"effect_entries":[],"power":90,"pp":20,"type":null,"version_group":{"name":"black-white","url":"https://pokeapi.co/api/v2/version-group/11/"}}],"power":120,"pp":10,"priority":0,"stat_changes":[],"super_contest_effect":{"url":"https://pokeapi.co/api/v2/super-contest-effect/7/"},"target":{"name":"random-opponent","url":"https://pokeapi.co/api/v2/move-target/8/"},"type":{"name":"normal","url":"https://pokeapi.co/api/v2/type/1/"}}