{"accuracy":100,"contest_combos":{"normal":{"use_after":[{"name":"charm","url":"https://pokeapi.co/api/v2/move/204/"}],"use_before":null},"super":{"use_after":null,"use_before":null}},"contest_effect":{"url":"https://pokeapi.co/api/v2/contest-effect/28/"},"contest_type":{"name":"cute","url":"https://pokeapi.co/api/v2/contest-type/3/"},"damage_class":{"name":"status","url":"https://pokeapi.co/api/v2/move-damage-class/1/"},"effect_chance":null,"effect_changes":[],"effect_entries":[{"effect":"Lowers the target's Defense by one stage.","language":{"name":"en","url":"https://pokeapi.co/api/v2/language/9/"},"short_effect":"Lowers the target's Defense by one stage."}],"flavor_text_entries":[{"flavor_text":"Agita la cola para bajar la Defensa del equipo rival. ","language":{"name":"es","url":"https://pokeapi.co/api/v2/language/7/"},"version_group":{"name":"lets-go-pikachu-lets-go-eevee","url":"https://pokeapi.co/api/v2/version-group/19/"}},{"flavor_text":"Lowers the foe's\nDEFENSE.","language":{"name":"en","url":"https://pokeapi.co/api/v2/language/9/"},"version_group":{"name":"gold-silver","url":"https://pokeapi.co/api/v2/version-group/3/"}},{"flavor_text":"Lowers the foe's\nDEFENSE.","language":{"name":"en","url":"https://pokeapi.co/api/v2/language/9/"},"version_group":{"name":"crystal","url":"https://pokeapi.co/api/v2/version-group/4/"}},{"flavor_text":"Wags the tail to lower the\nfoe’s DEFENSE.","language":{"name":"en","url":"https://pokeapi.co/api/v2/language/9/"},"version_group":{"name":"ruby-sapphire","url":"https://pokeapi.co/api/v2/version-group/5/"}},{"flavor_text":"Wags the tail to lower the\nfoe’s DEFENSE.","language":{"name":"en","url":"https://pokeapi.co/api/v2/language/9/"},"version_group":{"name":"emerald","url":"https://pokeapi.co/api/v2/version-group/6/"}},{"flavor_text":"The user wags its\ntail cutely, making\nthe foe lower its\nDEFENSE stat.","language":{"name":"en","url":"https://pokeapi.co/api/v2/language/9/"},"version_group":{"name":"firered-leafgreen","url":"https://pokeapi.co/api/v2/version-group/7/"}},{"flavor_text":"The user wags its tail\ncutely, making the\nfoe less wary.\nThe target’s Defense\nstat is lowered.","language":{"name":"en","url":"https://pokeapi.co/api/v2/language/9/"},"version_group":{"name":"diamond-pearl","url":"https://pokeapi.co/api/v2/version-group/8/"}},{"flavor_text":"The user wags its tail\ncutely, making the\nfoe less wary.\nThe target’s Defense\nstat is lowered.","language":{"name":"en","url":"https://pokeapi.co/api/v2/language/9/"},"version_group":{"name":"platinum","url":"https://pokeapi.co/api/v2/version-group/9/"}},{"flavor_text":"The user wags its tail\ncutely, making the\nfoe less wary.\nThe target’s Defense\nstat is lowered.","language":{"name":"en","url":"https://pokeapi.co/api/v2/language/9/"},"version_group":{"name":"heartgold-soulsilver","url":"https://pokeapi.co/api/v2/version-group/10/"}},{"flavor_text":"Le lanceur remue son adorable queue\npour tromper la vigilance de l’ennemi\net baisser sa Défense.","language":{"name":"fr","url":"https://pokeapi.co/api/v2/language/5/"},"version_group":{"name":"black-white","url":"https://pokeapi.co/api/v2/version-group/11/"}},{"flavor_text":"The user wags its tail cutely, making\nopposing Pokémon less wary and\nlowering their Defense stat.","language":{"name":"en","url":"https://pokeapi.co/api/v2/language/9/"},"version_group":{"name":"black-white","url":"https://pokeapi.co/api/v2/version-group/11/"}},{"flavor_text":"The user wags its tail cutely, making\nopposing Pokémon less wary and\nlowering their Defense stat.","language":{"name":"en","url":"https://pokeapi.co/api/v2/language/9/"},"version_group":{"name":"black-2-white-2","url":"https://pokeapi.co/api/v2/version-group/14/"}},{"flavor_text":"しっぽを　さゆうに　かわいく　ふって\nゆだんを　さそう。\nあいての　ぼうぎょを　さげる。","language":{"name":"ja-Hrkt","url":"https://pokeapi.co/api/v2/language/1/"},"version_group":{"name":"x-y","url":"https://pokeapi.co/api/v2/version-group/15/"}},{"flavor_text":"꼬리를 좌우로 귀엽게 흔들어\n방심을 유도한다.\n상대의 방어를 떨어뜨린다.","language":{"name":"ko","url":"https://pokeapi.co/api/v2/language/3/"},"version_group":{"name":"x-y","url":"https://pokeapi.co/api/v2/version-group/15/"}},{"flavor_text":"Le lanceur remue son adorable queue pour\ntromper la vigilance de l’ennemi et baisser\nsa Défense.","language":{"name":"fr","url":"https://pokeapi.co/api/v2/language/5/"},"version_group":{"name":"x-y","url":"https://pokeapi.co/api/v2/version-group/15/"}},{"flavor_text":"Hieb mit dem Schweif. Senkt die Verteidigung\ndes Zieles.","language":{"name":"de","url":"https://pokeapi.co/api/v2/language/6/"},"version_group":{"name":"x-y","url":"https://pokeapi.co/api/v2/version-group/15/"}},{"flavor_text":"Agita la cola para bajar la Defensa del equipo rival.","language":{"name":"es","url":"https://pokeapi.co/api/v2/language/7/"},"version_group":{"name":"x-y","url":"https://pokeapi.co/api/v2/version-group/15/"}},{"flavor_text":"Chi la usa agita la coda per distrarre i nemici\nche ha intorno, riducendone la Difesa.","language":{"name":"it","url":"https://pokeapi.co/api/v2/language/8/"},"version_group":{"name":"x-y","url":"https://pokeapi.co/api/v2/version-group/15/"}},{"flavor_text":"The user wags its tail cutely, making\nopposing Pokémon less wary and\nlowering their Defense stat.","language":{"name":"en","url":"https://pokeapi.co/api/v2/language/9/"},"version_group":{"name":"x-y","url":"https://pokeapi.co/api/v2/version-group/15/"}},{"flavor_text":"しっぽを　左右に　かわいく　ふって\n油断を　誘う。\n相手の　防御を　さげる。","language":{"name":"ja","url":"https://pokeapi.co/api/v2/language/11/"},"version_group":{"name":"x-y","url":"https://pokeapi.co/api/v2/version-group/15/"}},{"flavor_text":"しっぽを　さゆうに　かわいく　ふって\nゆだんを　さそう。\nあいての　ぼうぎょを　さげる。","language":{"name":"ja-Hrkt","url":"https://pokeapi.co/api/v2/language/1/"},"version_group":{"name":"omega-ruby-alpha-sapphire","url":"https://pokeapi.co/api/v2/version-group/16/"}},{"flavor_text":"꼬리를 좌우로 귀엽게 흔들어\n방심을 유도한다.\n상대의 방어를 떨어뜨린다.","language":{"name":"ko","url":"https://pokeapi.co/api/v2/language/3/"},"version_group":{"name":"omega-ruby-alpha-sapphire","url":"https://pokeapi.co/api/v2/version-group/16/"}},{"flavor_text":"Le lanceur remue son adorable queue pour\ntromper la vigilance de l’ennemi et baisser\nsa Défense.","language":{"name":"fr","url":"https://pokeapi.co/api/v2/language/5/"},"version_group":{"name":"omega-ruby-alpha-sapphire","url":"https://pokeapi.co/api/v2/version-group/16/"}},{"flavor_text":"Hieb mit dem Schweif. Senkt die Verteidigung\ndes Zieles.","language":{"name":"de","url":"https://pokeapi.co/api/v2/language/6/"},"version_group":{"name":"omega-ruby-alpha-sapphire","url":"https://pokeapi.co/api/v2/version-group/16/"}},{"flavor_text":"Agita la cola para bajar la Defensa del equipo rival. ","language":{"name":"es","url":"https://pokeapi.co/api/v2/language/7/"},"version_group":{"name":"omega-ruby-alpha-sapphire","url":"https://pokeapi.co/api/v2/version-group/16/"}},{"flavor_text":"Chi la usa agita la coda per distrarre i nemici\nche ha intorno, riducendone la Difesa.","language":{"name":"it","url":"https://pokeapi.co/api/v2/language/8/"},"version_group":{"name":"omega-ruby-alpha-sapphire","url":"https://pokeapi.co/api/v2/version-group/16/"}},{"flavor_text":"The user wags its tail cutely, making\nopposing Pokémon less wary and\nlowering their Defense stat.","language":{"name":"en","url":"https://pokeapi.co/api/v2/language/9/"},"version_group":{"name":"omega-ruby-alpha-sapphire","url":"https://pokeapi.co/api/v2/version-group/16/"}},{"flavor_text":"しっぽを　左右に　かわいく　ふって\n油断を　誘う。\n相手の　防御を　さげる。","language":{"name":"ja","url":"https://pokeapi.co/api/v2/language/11/"},"version_group":{"name":"omega-ruby-alpha-sapphire","url":"https://pokeapi.co/api/v2/version-group/16/"}},{"flavor_text":"しっぽを　さゆうに　かわいく　ふって\nゆだんを　さそう。\nあいての　ぼうぎょを　さげる。","language":{"name":"ja-Hrkt","url":"https://pokeapi.co/api/v2/language/1/"},"version_group":{"name":"sun-moon","url":"https://pokeapi.co/api/v2/version-group/17/"}},{"flavor_text":"꼬리를 좌우로 귀엽게 흔들어\n방심을 유도한다.\n상대의 방어를 떨어뜨린다.","language":{"name":"ko","url":"https://pokeapi.co/api/v2/language/3/"},"version_group":{"name":"sun-moon","url":"https://pokeapi.co/api/v2/version-group/17/"}},{"flavor_text":"可愛地左右搖晃尾巴，\n誘使對手疏忽大意。\n可降低對手的防禦。","language":{"name":"zh-Hant","url":"https://pokeapi.co/api/v2/language/4/"},"version_group":{"name":"sun-moon","url":"https://pokeapi.co/api/v2/version-group/17/"}},{"flavor_text":"Le lanceur remue son adorable queue pour\ntromper la vigilance de l’ennemi et baisser\nsa Défense.","language":{"name":"fr","url":"https://pokeapi.co/api/v2/language/5/"},"version_group":{"name":"sun-moon","url":"https://pokeapi.co/api/v2/version-group/17/"}},{"flavor_text":"Hieb mit dem Schweif. Senkt die Verteidigung des\nZieles.","language":{"name":"de","url":"https://pokeapi.co/api/v2/language/6/"},"version_group":{"name":"sun-moon","url":"https://pokeapi.co/api/v2/version-group/17/"}},{"flavor_text":"Agita la cola para bajar la Defensa del equipo rival. ","language":{"name":"es","url":"https://pokeapi.co/api/v2/language/7/"},"version_group":{"name":"sun-moon","url":"https://pokeapi.co/api/v2/version-group/17/"}},{"flavor_text":"Chi la usa agita la coda per distrarre i nemici\nche ha intorno, riducendone la Difesa.","language":{"name":"it","url":"https://pokeapi.co/api/v2/language/8/"},"version_group":{"name":"sun-moon","url":"https://pokeapi.co/api/v2/version-group/17/"}},{"flavor_text":"The user wags its tail cutely, making opposing\nPokémon less wary and lowering their Defense stat.","language":{"name":"en","url":"https://pokeapi.co/api/v2/language/9/"},"version_group":{"name":"sun-moon","url":"https://pokeapi.co/api/v2/version-group/17/"}},{"flavor_text":"しっぽを　左右に　かわいく　ふって\n油断を　誘う。\n相手の　防御を　さげる。","language":{"name":"ja","url":"https://pokeapi.co/api/v2/language/11/"},"version_group":{"name":"sun-moon","url":"https://pokeapi.co/api/v2/version-group/17/"}},{"flavor_text":"可爱地左右摇晃尾巴，\n诱使对手疏忽大意。\n会降低对手的防御。","language":{"name":"zh-Hans","url":"https://pokeapi.co/api/v2/language/12/"},"version_group":{"name":"sun-moon","url":"https://pokeapi.co/api/v2/version-group/17/"}},{"flavor_text":"しっぽを　さゆうに　かわいく　ふって\nゆだんを　さそう。\nあいての　ぼうぎょを　さげる。","language":{"name":"ja-Hrkt","url":"https://pokeapi.co/api/v2/language/1/"},"version_group":{"name":"ultra-sun-ultra-moon","url":"https://pokeapi.co/api/v2/version-group/18/"}},{"flavor_text":"꼬리를 좌우로 귀엽게 흔들어\n방심을 유도한다.\n상대의 방어를 떨어뜨린다.","language":{"name":"ko","url":"https://pokeapi.co/api/v2/language/3/"},"version_group":{"name":"ultra-sun-ultra-moon","url":"https://pokeapi.co/api/v2/version-group/18/"}},{"flavor_text":"可愛地左右搖晃尾巴，\n誘使對手疏忽大意。\n可降低對手的防禦。","language":{"name":"zh-Hant","url":"https://pokeapi.co/api/v2/language/4/"},"version_group":{"name":"ultra-sun-ultra-moon","url":"https://pokeapi.co/api/v2/version-group/18/"}},{"flavor_text":"Le lanceur remue son adorable queue pour\ntromper la vigilance de l’ennemi et baisser\nsa Défense.","language":{"name":"fr","url":"https://pokeapi.co/api/v2/language/5/"},"version_group":{"name":"ultra-sun-ultra-moon","url":"https://pokeapi.co/api/v2/version-group/18/"}},{"flavor_text":"Hieb mit dem Schweif. Senkt die Verteidigung des\nZieles.","language":{"name":"de","url":"https://pokeapi.co/api/v2/language/6/"},"version_group":{"name":"ultra-sun-ultra-moon","url":"https://pokeapi.co/api/v2/version-group/18/"}},{"flavor_text":"Agita la cola para bajar la Defensa del equipo rival. ","language":{"name":"es","url":"https://pokeapi.co/api/v2/language/7/"},"version_group":{"name":"ultra-sun-ultra-moon","url":"https://pokeapi.co/api/v2/version-group/18/"}},{"flavor_text":"Chi la usa agita la coda per distrarre i nemici\nche ha intorno, riducendone la Difesa.","language":{"name":"it","url":"https://pokeapi.co/api/v2/language/8/"},"version_group":{"name":"ultra-sun-ultra-moon","url":"https://pokeapi.co/api/v2/version-group/18/"}},{"flavor_text":"The user wags its tail cutely, making opposing\nPokémon less wary and lowering their Defense stat.","language":{"name":"en","url":"https://pokeapi.co/api/v2/language/9/"},"version_group":{"name":"ultra-sun-ultra-moon","url":"https://pokeapi.co/api/v2/version-group/18/"}},{"flavor_text":"しっぽを　左右に　かわいく　ふって\n油断を　誘う。\n相手の　防御を　さげる。","language":{"name":"ja","url":"https://pokeapi.co/api/v2/language/11/"},"version_group":{"name":"ultra-sun-ultra-moon","url":"https://pokeapi.co/api/v2/version-group/18/"}},{"flavor_text":"可爱地左右摇晃尾巴，\n诱使对手疏忽大意。\n会降低对手的防御。","language":{"name":"zh-Hans","url":"https://pokeapi.co/api/v2/language/12/"},"version_group":{"name":"ultra-sun-ultra-moon","url":"https://pokeapi.co/api/v2/version-group/18/"}},{"flavor_text":"しっぽを　さゆうに　かわいく　ふって\nゆだんを　さそう。\nあいての　ぼうぎょを　さげる。","language":{"name":"ja-Hrkt","url":"https://pokeapi.co/api/v2/language/1/"},"version_group":{"name":"lets-go-pikachu-lets-go-eevee","url":"https://pokeapi.co/api/v2/version-group/19/"}},{"flavor_text":"꼬리를 좌우로 귀엽게 흔들어\n방심을 유도한다.\n상대의 방어를 떨어뜨린다.","language":{"name":"ko","url":"https://pokeapi.co/api/v2/language/3/"},"version_group":{"name":"lets-go-pikachu-lets-go-eevee","url":"https://pokeapi.co/api/v2/version-group/19/"}},{"flavor_text":"可愛地左右搖晃尾巴，\n誘使對手疏忽大意。\n可降低對手的防禦。","language":{"name":"zh-Hant","url":"https://pokeapi.co/api/v2/language/4/"},"version_group":{"name":"lets-go-pikachu-lets-go-eevee","url":"https://pokeapi.co/api/v2/version-group/19/"}},{"flavor_text":"Le lanceur remue son adorable queue pour tromper\nla vigilance de l’ennemi et baisser sa Défense.","language":{"name":"fr","url":"https://pokeapi.co/api/v2/language/5/"},"version_group":{"name":"lets-go-pikachu-lets-go-eevee","url":"https://pokeapi.co/api/v2/version-group/19/"}},{"flavor_text":"Hieb mit dem Schweif. Senkt die Verteidigung des\nZieles.","language":{"name":"de","url":"https://pokeapi.co/api/v2/language/6/"},"version_group":{"name":"lets-go-pikachu-lets-go-eevee","url":"https://pokeapi.co/api/v2/version-group/19/"}},{"flavor_text":"Chi la usa agita la coda per distrarre i nemici\nche ha intorno, riducendone la Difesa.","language":{"name":"it","url":"https://pokeapi.co/api/v2/language/8/"},"version_group":{"name":"lets-go-pikachu-lets-go-eevee","url":"https://pokeapi.co/api/v2/version-group/19/"}},{"flavor_text":"The user wags its tail cutely, making opposing\nPokémon less wary and lowering their Defense stat.","language":{"name":"en","url":"https://pokeapi.co/api/v2/language/9/"},"version_group":{"name":"lets-go-pikachu-lets-go-eevee","url":"https://pokeapi.co/api/v2/version-group/19/"}},{"flavor_text":"しっぽを　左右に　かわいく　ふって\n油断を　誘う。\n相手の　防御を　さげる。","language":{"name":"ja","url":"https://pokeapi.co/api/v2/language/11/"},"version_group":{"name":"lets-go-pikachu-lets-go-eevee","url":"https://pokeapi.co/api/v2/version-group/19/"}},{"flavor_text":"可爱地左右摇晃尾巴，\n诱使对手疏忽大意。\n会降低对手的防御。","language":{"name":"zh-Hans","url":"https://pokeapi.co/api/v2/language/12/"},"version_group":{"name":"lets-go-pikachu-lets-go-eevee","url":"https://pokeapi.co/api/v2/version-group/19/"}},{"flavor_text":"しっぽを　さゆうに　かわいく　ふって\nゆだんを　さそう。\nあいての　ぼうぎょを　さげる。","language":{"name":"ja-Hrkt","url":"https://pokeapi.co/api/v2/language/1/"},"version_group":{"name":"sword-shield","url":"https://pokeapi.co/api/v2/version-group/20/"}},{"flavor_text":"꼬리를 좌우로 귀엽게 흔들어\n방심을 유도한다.\n상대의 방어를 떨어뜨린다.","language":{"name":"ko","url":"https://pokeapi.co/api/v2/language/3/"},"version_group":{"name":"sword-shield","url":"https://pokeapi.co/api/v2/version-group/20/"}},{"flavor_text":"可愛地左右搖晃尾巴，\n誘使對手疏忽大意。\n可降低對手的防禦。","language":{"name":"zh-Hant","url":"https://pokeapi.co/api/v2/language/4/"},"version_group":{"name":"sword-shield","url":"https://pokeapi.co/api/v2/version-group/20/"}},{"flavor_text":"Le lanceur remue son adorable queue pour tromper\nla vigilance de l’ennemi et baisser sa Défense.","language":{"name":"fr","url":"https://pokeapi.co/api/v2/language/5/"},"version_group":{"name":"sword-shield","url":"https://pokeapi.co/api/v2/version-group/20/"}},{"flavor_text":"Der Anwender wedelt niedlich mit dem Schweif und\nveranlasst Gegner dadurch, nachlässig zu werden.\nSenkt die Verteidigung der gegnerischen Pokémon.","language":{"name":"de","url":"https://pokeapi.co/api/v2/language/6/"},"version_group":{"name":"sword-shield","url":"https://pokeapi.co/api/v2/version-group/20/"}},{"flavor_text":"Agita la cola para bajar la Defensa del equipo rival. ","language":{"name":"es","url":"https://pokeapi.co/api/v2/language/7/"},"version_group":{"name":"sword-shield","url":"https://pokeapi.co/api/v2/version-group/20/"}},{"flavor_text":"Chi la usa agita la coda per distrarre i nemici\nche ha intorno, riducendone la Difesa.","language":{"name":"it","url":"https://pokeapi.co/api/v2/language/8/"},"version_group":{"name":"sword-shield","url":"https://pokeapi.co/api/v2/version-group/20/"}},{"flavor_text":"The user wags its tail cutely, making opposing\nPokémon less wary and lowering their Defense stats.","language":{"name":"en","url":"https://pokeapi.co/api/v2/language/9/"},"version_group":{"name":"sword-shield","url":"https://pokeapi.co/api/v2/version-group/20/"}},{"flavor_text":"しっぽを　左右に　かわいく　ふって\n油断を　誘う。\n相手の　防御を　さげる。","language":{"name":"ja","url":"https://pokeapi.co/api/v2/language/11/"},"version_group":{"name":"sword-shield","url":"https://pokeapi.co/api/v2/version-group/20/"}},{"flavor_text":"可爱地左右摇晃尾巴，\n诱使对手疏忽大意。\n会降低对手的防御。","language":{"name":"zh-Hans","url":"https://pokeapi.co/api/v2/language/12/"},"version_group":{"name":"sword-shield","url":"https://pokeapi.co/api/v2/version-group/20/"}}],"generation":{"name":"generation-i","url":"https://pokeapi.co/api/v2/generation/1/"},"id":39,"learned_by_pokemon":[{"name":"squirtle","url":"https://pokeapi.co/api/v2/pokemon/7/"},{"name":"wartortle","url":"https://pokeapi.co/api/v2/pokemon/8/"},{"name":"blastoise","url":"https://pokeapi.co/api/v2/pokemon/9/"},{"name":"rattata","url":"https://pokeapi.co/api/v2/pokemon/19/"},{"name":"raticate","url":"https://pokeapi.co/api/v2/pokemon/20/"},{"name":"pikachu","url":"https://pokeapi.co/api/v2/pokemon/25/"},{"name":"raichu","url":"https://pokeapi.co/api/v2/pokemon/26/"},{"name":"nidoran-f","url":"https://pokeapi.co/api/v2/pokemon/29/"},{"name":"nidorina","url":"https://pokeapi.co/api/v2/pokemon/30/"},{"name":"nidoqueen","url":"https://pokeapi.co/api/v2/pokemon/31/"},{"name":"vulpix","url":"https://pokeapi.co/api/v2/pokemon/37/"},{"name":"ninetales","url":"https://pokeapi.co/api/v2/pokemon/38/"},{"name":"meowth","url":"https://pokeapi.co/api/v2/pokemon/52/"},{"name":"psyduck","url":"https://pokeapi.co/api/v2/pokemon/54/"},{"name":"golduck","url":"https://pokeapi.co/api/v2/pokemon/55/"},{"name":"ponyta","url":"https://pokeapi.co/api/v2/pokemon/77/"},{"name":"rapidash","url":"https://pokeapi.co/api/v2/pokemon/78/"},{"name":"cubone","url":"https://pokeapi.co/api/v2/pokemon/104/"},{"name":"marowak","url":"https://pokeapi.co/api/v2/pokemon/105/"},{"name":"rhyhorn","url":"https://pokeapi.co/api/v2/pokemon/111/"},{"name":"rhydon","url":"https://pokeapi.co/api/v2/pokemon/112/"},{"name":"chansey","url":"https://pokeapi.co/api/v2/pokemon/113/"},{"name":"kangaskhan","url":"https://pokeapi.co/api/v2/pokemon/115/"},{"name":"goldeen","url":"https://pokeapi.co/api/v2/pokemon/118/"},{"name":"seaking","url":"https://pokeapi.co/api/v2/pokemon/119/"},{"name":"tauros","url":"https://pokeapi.co/api/v2/pokemon/128/"},{"name":"eevee","url":"https://pokeapi.co/api/v2/pokemon/133/"},{"name":"vaporeon","url":"https://pokeapi.co/api/v2/pokemon/134/"},{"name":"jolteon","url":"https://pokeapi.co/api/v2/pokemon/135/"},{"name":"flareon","url":"https://pokeapi.co/api/v2/pokemon/136/"},{"name":"pichu","url":"https://pokeapi.co/api/v2/pokemon/172/"},{"name":"marill","url":"https://pokeapi.co/api/v2/pokemon/183/"},{"name":"azumarill","url":"https://pokeapi.co/api/v2/pokemon/184/"},{"name":"hoppip","url":"https://pokeapi.co/api/v2/pokemon/187/"},{"name":"skiploom","url":"https://pokeapi.co/api/v2/pokemon/188/"},{"name":"jumpluff","url":"https://pokeapi.co/api/v2/pokemon/189/"},{"name":"aipom","url":"https://pokeapi.co/api/v2/pokemon/190/"},{"name":"wooper","url":"https://pokeapi.co/api/v2/pokemon/194/"},{"name":"quagsire","url":"https://pokeapi.co/api/v2/pokemon/195/"},{"name":"espeon","url":"https://pokeapi.co/api/v2/pokemon/196/"},{"name":"umbreon","url":"https://pokeapi.co/api/v2/pokemon/197/"},{"name":"snubbull","url":"https://pokeapi.co/api/v2/pokemon/209/"},{"name":"granbull","url":"https://pokeapi.co/api/v2/pokemon/210/"},{"name":"blissey","url":"https://pokeapi.co/api/v2/pokemon/242/"},{"name":"zigzagoon","url":"https://pokeapi.co/api/v2/pokemon/263/"},{"name":"linoone","url":"https://pokeapi.co/api/v2/pokemon/264/"},{"name":"azurill","url":"https://pokeapi.co/api/v2/pokemon/298/"},{"name":"skitty","url":"https://pokeapi.co/api/v2/pokemon/300/"},{"name":"kecleon","url":"https://pokeapi.co/api/v2/pokemon/352/"},{"name":"pachirisu","url":"https://pokeapi.co/api/v2/pokemon/417/"},{"name":"ambipom","url":"https://pokeapi.co/api/v2/pokemon/424/"},{"name":"glameow","url":"https://pokeapi.co/api/v2/pokemon/431/"},{"name":"rhyperior","url":"https://pokeapi.co/api/v2/pokemon/464/"},{"name":"leafeon","url":"https://pokeapi.co/api/v2/pokemon/470/"},{"name":"glaceon","url":"https://pokeapi.co/api/v2/pokemon/471/"},{"name":"tepig","url":"https://pokeapi.co/api/v2/pokemon/498/"},{"name":"pignite","url":"https://pokeapi.co/api/v2/pokemon/499/"},{"name":"emboar","url":"https://pokeapi.co/api/v2/pokemon/500/"},{"name":"oshawott","url":"https://pokeapi.co/api/v2/pokemon/501/"},{"name":"dewott","url":"https://pokeapi.co/api/v2/pokemon/502/"},{"name":"samurott","url":"https://pokeapi.co/api/v2/pokemon/503/"},{"name":"blitzle","url":"https://pokeapi.co/api/v2/pokemon/522/"},{"name":"zebstrika","url":"https://pokeapi.co/api/v2/pokemon/523/"},{"name":"basculin-red-striped","url":"https://pokeapi.co/api/v2/pokemon/550/"},{"name":"minccino","url":"https://pokeapi.co/api/v2/pokemon/572/"},{"name":"emolga","url":"https://pokeapi.co/api/v2/pokemon/587/"},{"name":"fennekin","url":"https://pokeapi.co/api/v2/pokemon/653/"},{"name":"braixen","url":"https://pokeapi.co/api/v2/pokemon/654/"},{"name":"delphox","url":"https://pokeapi.co/api/v2/pokemon/655/"},{"name":"skiddo","url":"https://pokeapi.co/api/v2/pokemon/672/"},{"name":"gogoat","url":"https://pokeapi.co/api/v2/pokemon/673/"},{"name":"furfrou","url":"https://pokeapi.co/api/v2/pokemon/676/"},{"name":"skrelp","url":"https://pokeapi.co/api/v2/pokemon/690/"},{"name":"dragalge","url":"https://pokeapi.co/api/v2/pokemon/691/"},{"name":"helioptile","url":"https://pokeapi.co/api/v2/pokemon/694/"},{"name":"heliolisk","url":"https://pokeapi.co/api/v2/pokemon/695/"},{"name":"tyrunt","url":"https://pokeapi.co/api/v2/pokemon/696/"},{"name":"tyrantrum","url":"https://pokeapi.co/api/v2/pokemon/697/"},{"name":"sylveon","url":"https://pokeapi.co/api/v2/pokemon/700/"},{"name":"dedenne","url":"https://pokeapi.co/api/v2/pokemon/702/"},{"name":"meltan","url":"https://pokeapi.co/api/v2/pokemon/808/"},{"name":"melmetal","url":"https://pokeapi.co/api/v2/pokemon/809/"},{"name":"skwovet","url":"https://pokeapi.co/api/v2/pokemon/819/"},{"name":"greedent","url":"https://pokeapi.co/api/v2/pokemon/820/"},{"name":"nickit","url":"https://pokeapi.co/api/v2/pokemon/827/"},{"name":"thievul","url":"https://pokeapi.co/api/v2/pokemon/828/"},{"name":"yamper","url":"https://pokeapi.co/api/v2/pokemon/835/"},{"name":"boltund","url":"https://pokeapi.co/api/v2/pokemon/836/"},{"name":"morpeko-full-belly","url":"https://pokeapi.co/api/v2/pokemon/877/"},{"name":"glastrier","url":"https://pokeapi.co/api/v2/pokemon/896/"},{"name":"spectrier","url":"https://pokeapi.co/api/v2/pokemon/897/"},{"name":"basculegion-male","url":"https://pokeapi.co/api/v2/pokemon/902/"},{"name":"sprigatito","url":"https://pokeapi.co/api/v2/pokemon/906/"},{"name":"floragato","url":"https://pokeapi.co/api/v2/pokemon/907/"},{"name":"meowscarada","url":"https://pokeapi.co/api/v2/pokemon/908/"},{"name":"lechonk","url":"https://pokeapi.co/api/v2/pokemon/915/"},{"name":"oinkologne","url":"https://pokeapi.co/api/v2/pokemon/916/"},{"name":"fidough","url":"https://pokeapi.co/api/v2/pokemon/926/"},{"name":"dachsbun","url":"https://pokeapi.co/api/v2/pokemon/927/"},{"name":"greavard","url":"https://pokeapi.co/api/v2/pokemon/971/"},{"name":"houndstone","url":"https://pokeapi.co/api/v2/pokemon/972/"},{"name":"clodsire","url":"https://pokeapi.co/api/v2/pokemon/980/"},{"name":"basculin-blue-striped","url":"https://pokeapi.co/api/v2/pokemon/10016/"},{"name":"blastoise-mega","url":"https://pokeapi.co/api/v2/pokemon/10036/"},{"name":"kangaskhan-mega","url":"https://pokeapi.co/api/v2/pokemon/10039/"},{"name":"pikachu-rock-star","url":"https://pokeapi.co/api/v2/pokemon/10080/"},{"name":"pikachu-belle","url":"https://pokeapi.co/api/v2/pokemon/10081/"},{"name":"pikachu-pop-star","url":"https://pokeapi.co/api/v2/pokemon/10082/"},{"name":"pikachu-phd","url":"https://pokeapi.co/api/v2/pokemon/10083/"},{"name":"pikachu-libre","url":"https://pokeapi.co/api/v2/pokemon/10084/"},{"name":"pikachu-cosplay","url":"https://pokeapi.co/api/v2/pokemon/10085/"},{"name":"rattata-alola","url":"https://pokeapi.co/api/v2/pokemon/10091/"},{"name":"raticate-alola","url":"https://pokeapi.co/api/v2/pokemon/10092/"},{"name":"raticate-totem-alola","url":"https://pokeapi.co/api/v2/pokemon/10093/"},{"name":"pikachu-original-cap","url":"https://pokeapi.co/api/v2/pokemon/10094/"},{"name":"pikachu-hoenn-cap","url":"https://pokeapi.co/api/v2/pokemon/10095/"},{"name":"pikachu-sinnoh-cap","url":"https://pokeapi.co/api/v2/pokemon/10096/"},{"name":"pikachu-unova-cap","url":"https://pokeapi.co/api/v2/pokemon/10097/"},{"name":"pikachu-kalos-cap","url":"https://pokeapi.co/api/v2/pokemon/10098/"},{"name":"pikachu-alola-cap","url":"https://pokeapi.co/api/v2/pokemon/10099/"},{"name":"raichu-alola","url":"https://pokeapi.co/api/v2/pokemon/10100/"},{"name":"vulpix-alola","url":"https://pokeapi.co/api/v2/pokemon/10103/"},{"name":"ninetales-alola","url":"https://pokeapi.co/api/v2/pokemon/10104/"},{"name":"marowak-alola","url":"https://pokeapi.co/api/v2/pokemon/10115/"},{"name":"pikachu-partner-cap","url":"https://pokeapi.co/api/v2/pokemon/10148/"},{"name":"marowak-totem","url":"https://pokeapi.co/api/v2/pokemon/10149/"},{"name":"pikachu-starter","url":"https://pokeapi.co/api/v2/pokemon/10158/"},{"name":"eevee-starter","url":"https://pokeapi.co/api/v2/pokemon/10159/"},{"name":"pikachu-world-cap","url":"https://pokeapi.co/api/v2/pokemon/10160/"},{"name":"ponyta-galar","url":"https://pokeapi.co/api/v2/pokemon/10162/"},{"name":"rapidash-galar","url":"https://pokeapi.co/api/v2/pokemon/10163/"},{"name":"morpeko-hangry","url":"https://pokeapi.co/api/v2/pokemon/10187/"},{"name":"calyrex-ice","url":"https://pokeapi.co/api/v2/pokemon/10193/"},{"name":"calyrex-shadow","url":"https://pokeapi.co/api/v2/pokemon/10194/"},{"name":"samurott-hisui","url":"https://pokeapi.co/api/v2/pokemon/10236/"},{"name":"basculin-white-striped","url":"https://pokeapi.co/api/v2/pokemon/10247/"},{"name":"basculegion-female","url":"https://pokeapi.co/api/v2/pokemon/10248/"},{"name":"tauros-paldea-combat-breed","url":"https://pokeapi.co/api/v2/pokemon/10250/"},{"name":"tauros-paldea-blaze-breed","url":"https://pokeapi.co/api/v2/pokemon/10251/"},{"name":"tauros-paldea-aqua-breed","url":"https://pokeapi.co/api/v2/pokemon/10252/"},{"name":"wooper-paldea","url":"https://pokeapi.co/api/v2/pokemon/10253/"},{"name":"oinkologne-female","url":"https://pokeapi.co/api/v2/pokemon/10254/"}],"machines":[],"meta":{"ailment":{"name":"none","url":"https://pokeapi.co/api/v2/move-ailment/0/"},"ailment_chance":0,"category":{"name":"net-good-stats","url":"https://pokeapi.co/api/v2/move-category/2/"},"crit_rate":0,"drain":0,"flinch_chance":0,"healing":0,"max_hits":null,"max_turns":null,"min_hits":null,"min_turns":null,"stat_chance":0},"name":"tail-whip","names":[{"language":{"name":"ja-Hrkt","url":"https://pokeapi.co/api/v2/language/1/"},"name":"しっぽをふる"},{"language":{"name":"ko","url":"https://pokeapi.co/api/v2/language/3/"},"name":"꼬리흔들기"},{"language":{"name":"zh-Hant","url":"https://pokeapi.co/api/v2/language/4/"},"name":"搖尾巴"},{"language":{"name":"fr","url":"https://pokeapi.co/api/v2/language/5/"},"name":"Mimi-Queue"},{"language":{"name":"de","url":"https://pokeapi.co/api/v2/language/6/"},"name":"Rutenschlag"},{"language":{"name":"es","url":"https://pokeapi.co/api/v2/language/7/"},"name":"Látigo"},{"language":{"name":"it","url":"https://pokeapi.co/api/v2/language/8/"},"name":"Colpocoda"},{"language":{"name":"en","url":"https://pokeapi.co/api/v2/language/9/"},"name":"Tail Whip"},{"language":{"name":"ja","url":"https://pokeapi.co/api/v2/language/11/"},"name":"しっぽをふる"},{"language":{"name":"zh-Hans","url":"https://pokeapi.co/api/v2/language/12/"},"name":"摇尾巴"}],"past_values":[],"power":null,"pp":30,"priority":0,"stat_changes":[{"change":-1,"stat":{"name":"defense","url":"https://pokeapi.co/api/v2/stat/3/"}}],"super_contest_effect":{"url":"https://pokeapi.co/api/v2/super-contest-effect/19/"},"target":{"name":"all-opponents","url":"https://pokeapi.co/api/v2/move-target/11/"},"type":{"name":"normal","url":"https://pokeapi.co/api/v2/type/1/"}}