{"accuracy":null,"contest_combos":null,"contest_effect":null,"contest_type":{"name":"beauty","url":"https://pokeapi.co/api/v2/contest-type/2/"},"damage_class":{"name":"special","url":"https://pokeapi.co/api/v2/move-damage-class/3/"},"effect_chance":null,"effect_changes":[{"effect_entries":[{"effect":"Hits Pokémon under the effects of dig and fly.","language":{"name":"en","url":"https://pokeapi.co/api/v2/language/9/"}}],"version_group":{"name":"gold-silver","url":"https://pokeapi.co/api/v2/version-group/3/"}}],"effect_entries":[{"effect":"Inflicts regular damage.  Ignores accuracy and evasion modifiers.","language":{"name":"en","url":"https://pokeapi.co/api/v2/language/9/"},"short_effect":"Never misses."}],"flavor_text_entries":[{"flavor_text":"The user looses a\nblast of aura power\nfrom deep within its\nbody. This move is\ncertain to hit.","language":{"name":"en","url":"https://pokeapi.co/api/v2/language/9/"},"version_group":{"name":"diamond-pearl","url":"https://pokeapi.co/api/v2/version-group/8/"}},{"flavor_text":"The user looses a\nblast of aura power\nfrom deep within its\nbody. This move is\ncertain to hit.","language":{"name":"en","url":"https://pokeapi.co/api/v2/language/9/"},"version_group":{"name":"platinum","url":"https://pokeapi.co/api/v2/version-group/9/"}},{"flavor_text":"The user looses a\nblast of aura power\nfrom deep within its\nbody. This move is\ncertain to hit.","language":{"name":"en","url":"https://pokeapi.co/api/v2/language/9/"},"version_group":{"name":"heartgold-soulsilver","url":"https://pokeapi.co/api/v2/version-group/10/"}},{"flavor_text":"Le lanceur dégage une aura et projette\nde l’énergie. N’échoue jamais.","language":{"name":"fr","url":"https://pokeapi.co/api/v2/language/5/"},"version_group":{"name":"black-white","url":"https://pokeapi.co/api/v2/version-group/11/"}},{"flavor_text":"The user looses a blast of aura power\nfrom deep within its body at the target.\nThis move is certain to hit.","language":{"name":"en","url":"https://pokeapi.co/api/v2/language/9/"},"version_group":{"name":"black-white","url":"https://pokeapi.co/api/v2/version-group/11/"}},{"flavor_text":"The user looses a blast of aura power\nfrom deep within its body at the target.\nThis move is certain to hit.","language":{"name":"en","url":"https://pokeapi.co/api/v2/language/9/"},"version_group":{"name":"black-2-white-2","url":"https://pokeapi.co/api/v2/version-group/14/"}},{"flavor_text":"からだの　おくから　はどうの　ちからを\nあいてに　うちはなつ。\nこうげきは　かならず　めいちゅう　する。","language":{"name":"ja-Hrkt","url":"https://pokeapi.co/api/v2/language/1/"},"version_group":{"name":"x-y","url":"https://pokeapi.co/api/v2/version-group/15/"}},{"flavor_text":"몸속에서 파동의 힘을\n끌어내 쏜다.\n공격은 반드시 명중한다.","language":{"name":"ko","url":"https://pokeapi.co/api/v2/language/3/"},"version_group":{"name":"x-y","url":"https://pokeapi.co/api/v2/version-group/15/"}},{"flavor_text":"Le lanceur dégage une aura et projette de\nl’énergie. N’échoue jamais.","language":{"name":"fr","url":"https://pokeapi.co/api/v2/language/5/"},"version_group":{"name":"x-y","url":"https://pokeapi.co/api/v2/version-group/15/"}},{"flavor_text":"Tief aus dem Inneren des Anwenders\nlöst sich ein kraftvoller Stoß Auraenergie.\nTrifft in jedem Fall.","language":{"name":"de","url":"https://pokeapi.co/api/v2/language/6/"},"version_group":{"name":"x-y","url":"https://pokeapi.co/api/v2/version-group/15/"}},{"flavor_text":"Libera una descarga de la fuerza del aura desde\nsu interior. Es infalible.","language":{"name":"es","url":"https://pokeapi.co/api/v2/language/7/"},"version_group":{"name":"x-y","url":"https://pokeapi.co/api/v2/version-group/15/"}},{"flavor_text":"Chi la usa rilascia una forza eterea dal profondo\ndel corpo. La mossa è infallibile.","language":{"name":"it","url":"https://pokeapi.co/api/v2/language/8/"},"version_group":{"name":"x-y","url":"https://pokeapi.co/api/v2/version-group/15/"}},{"flavor_text":"The user lets loose a blast of aura power\nfrom deep within its body at the target.\nThis attack never misses.","language":{"name":"en","url":"https://pokeapi.co/api/v2/language/9/"},"version_group":{"name":"x-y","url":"https://pokeapi.co/api/v2/version-group/15/"}},{"flavor_text":"体の　奥から　波導の　力を\n相手に　うち放つ。\n攻撃は　必ず　命中する。","language":{"name":"ja","url":"https://pokeapi.co/api/v2/language/11/"},"version_group":{"name":"x-y","url":"https://pokeapi.co/api/v2/version-group/15/"}},{"flavor_text":"からだの　おくから　はどうの　ちからを\nあいてに　うちはなつ。\nこうげきは　かならず　めいちゅう　する。","language":{"name":"ja-Hrkt","url":"https://pokeapi.co/api/v2/language/1/"},"version_group":{"name":"omega-ruby-alpha-sapphire","url":"https://pokeapi.co/api/v2/version-group/16/"}},{"flavor_text":"몸속에서 파동의 힘을\n끌어내 쏜다.\n공격은 반드시 명중한다.","language":{"name":"ko","url":"https://pokeapi.co/api/v2/language/3/"},"version_group":{"name":"omega-ruby-alpha-sapphire","url":"https://pokeapi.co/api/v2/version-group/16/"}},{"flavor_text":"Le lanceur dégage une aura et projette de\nl’énergie. N’échoue jamais.","language":{"name":"fr","url":"https://pokeapi.co/api/v2/language/5/"},"version_group":{"name":"omega-ruby-alpha-sapphire","url":"https://pokeapi.co/api/v2/version-group/16/"}},{"flavor_text":"Tief aus dem Inneren des Anwenders\nlöst sich ein kraftvoller Stoß Auraenergie.\nTrifft in jedem Fall.","language":{"name":"de","url":"https://pokeapi.co/api/v2/language/6/"},"version_group":{"name":"omega-ruby-alpha-sapphire","url":"https://pokeapi.co/api/v2/version-group/16/"}},{"flavor_text":"Libera una descarga de la fuerza del aura desde \nsu interior. Es infalible.","language":{"name":"es","url":"https://pokeapi.co/api/v2/language/7/"},"version_group":{"name":"omega-ruby-alpha-sapphire","url":"https://pokeapi.co/api/v2/version-group/16/"}},{"flavor_text":"Chi la usa rilascia una forza eterea dal profondo\ndel corpo. La mossa è infallibile.","language":{"name":"it","url":"https://pokeapi.co/api/v2/language/8/"},"version_group":{"name":"omega-ruby-alpha-sapphire","url":"https://pokeapi.co/api/v2/version-group/16/"}},{"flavor_text":"The user lets loose a blast of aura power\nfrom deep within its body at the target.\nThis attack never misses.","language":{"name":"en","url":"https://pokeapi.co/api/v2/language/9/"},"version_group":{"name":"omega-ruby-alpha-sapphire","url":"https://pokeapi.co/api/v2/version-group/16/"}},{"flavor_text":"体の　奥から　波導の　力を\n相手に　うち放つ。\n攻撃は　必ず　命中する。","language":{"name":"ja","url":"https://pokeapi.co/api/v2/language/11/"},"version_group":{"name":"omega-ruby-alpha-sapphire","url":"https://pokeapi.co/api/v2/version-group/16/"}},{"flavor_text":"からだの　おくから　はどうの　ちからを\nあいてに　うちはなつ。\nこうげきは　かならず　めいちゅう　する。","language":{"name":"ja-Hrkt","url":"https://pokeapi.co/api/v2/language/1/"},"version_group":{"name":"sun-moon","url":"https://pokeapi.co/api/v2/version-group/17/"}},{"flavor_text":"몸속에서 파동의 힘을\n끌어내 쏜다.\n공격은 반드시 명중한다.","language":{"name":"ko","url":"https://pokeapi.co/api/v2/language/3/"},"version_group":{"name":"sun-moon","url":"https://pokeapi.co/api/v2/version-group/17/"}},{"flavor_text":"將來自體內深處的波導之力\n擊向對手。\n攻擊必定會命中。","language":{"name":"zh-Hant","url":"https://pokeapi.co/api/v2/language/4/"},"version_group":{"name":"sun-moon","url":"https://pokeapi.co/api/v2/version-group/17/"}},{"flavor_text":"Le lanceur dégage une aura et projette de\nl’énergie. N’échoue jamais.","language":{"name":"fr","url":"https://pokeapi.co/api/v2/language/5/"},"version_group":{"name":"sun-moon","url":"https://pokeapi.co/api/v2/version-group/17/"}},{"flavor_text":"Tief aus dem Inneren des Anwenders löst sich ein\nkraftvoller Stoß Aura-Energie. Trifft in jedem Fall.","language":{"name":"de","url":"https://pokeapi.co/api/v2/language/6/"},"version_group":{"name":"sun-moon","url":"https://pokeapi.co/api/v2/version-group/17/"}},{"flavor_text":"Libera una descarga de la fuerza del aura desde \nsu interior. Es infalible.","language":{"name":"es","url":"https://pokeapi.co/api/v2/language/7/"},"version_group":{"name":"sun-moon","url":"https://pokeapi.co/api/v2/version-group/17/"}},{"flavor_text":"Chi la usa rilascia una forza eterea dal profondo\ndel corpo. La mossa è infallibile.","language":{"name":"it","url":"https://pokeapi.co/api/v2/language/8/"},"version_group":{"name":"sun-moon","url":"https://pokeapi.co/api/v2/version-group/17/"}},{"flavor_text":"The user lets loose a blast of aura power from deep\nwithin its body at the target. This attack\nnever misses.","language":{"name":"en","url":"https://pokeapi.co/api/v2/language/9/"},"version_group":{"name":"sun-moon","url":"https://pokeapi.co/api/v2/version-group/17/"}},{"flavor_text":"体の　奥から　波導の　力を\n相手に　うち放つ。\n攻撃は　必ず　命中する。","language":{"name":"ja","url":"https://pokeapi.co/api/v2/language/11/"},"version_group":{"name":"sun-moon","url":"https://pokeapi.co/api/v2/version-group/17/"}},{"flavor_text":"从体内产生出波导之力，\n然后向对手发出。\n攻击必定会命中。","language":{"name":"zh-Hans","url":"https://pokeapi.co/api/v2/language/12/"},"version_group":{"name":"sun-moon","url":"https://pokeapi.co/api/v2/version-group/17/"}},{"flavor_text":"からだの　おくから　はどうの　ちからを\nあいてに　うちはなつ。\nこうげきは　かならず　めいちゅう　する。","language":{"name":"ja-Hrkt","url":"https://pokeapi.co/api/v2/language/1/"},"version_group":{"name":"ultra-sun-ultra-moon","url":"https://pokeapi.co/api/v2/version-group/18/"}},{"flavor_text":"몸속에서 파동의 힘을\n끌어내 쏜다.\n공격은 반드시 명중한다.","language":{"name":"ko","url":"https://pokeapi.co/api/v2/language/3/"},"version_group":{"name":"ultra-sun-ultra-moon","url":"https://pokeapi.co/api/v2/version-group/18/"}},{"flavor_text":"將來自體內深處的波導之力\n擊向對手。\n攻擊必定會命中。","language":{"name":"zh-Hant","url":"https://pokeapi.co/api/v2/language/4/"},"version_group":{"name":"ultra-sun-ultra-moon","url":"https://pokeapi.co/api/v2/version-group/18/"}},{"flavor_text":"Le lanceur dégage une aura et projette de\nl’énergie. N’échoue jamais.","language":{"name":"fr","url":"https://pokeapi.co/api/v2/language/5/"},"version_group":{"name":"ultra-sun-ultra-moon","url":"https://pokeapi.co/api/v2/version-group/18/"}},{"flavor_text":"Tief aus dem Inneren des Anwenders löst sich ein\nkraftvoller Stoß Aura-Energie. Trifft in jedem Fall.","language":{"name":"de","url":"https://pokeapi.co/api/v2/language/6/"},"version_group":{"name":"ultra-sun-ultra-moon","url":"https://pokeapi.co/api/v2/version-group/18/"}},{"flavor_text":"Libera una descarga de la fuerza del aura desde \nsu interior. Es infalible.","language":{"name":"es","url":"https://pokeapi.co/api/v2/language/7/"},"version_group":{"name":"ultra-sun-ultra-moon","url":"https://pokeapi.co/api/v2/version-group/18/"}},{"flavor_text":"Chi la usa rilascia una forza eterea dal profondo\ndel corpo. La mossa è infallibile.","language":{"name":"it","url":"https://pokeapi.co/api/v2/language/8/"},"version_group":{"name":"ultra-sun-ultra-moon","url":"https://pokeapi.co/api/v2/version-group/18/"}},{"flavor_text":"The user lets loose a blast of aura power from deep\nwithin its body at the target. This attack\nnever misses.","language":{"name":"en","url":"https://pokeapi.co/api/v2/language/9/"},"version_group":{"name":"ultra-sun-ultra-moon","url":"https://pokeapi.co/api/v2/version-group/18/"}},{"flavor_text":"体の　奥から　波導の　力を\n相手に　うち放つ。\n攻撃は　必ず　命中する。","language":{"name":"ja","url":"https://pokeapi.co/api/v2/language/11/"},"version_group":{"name":"ultra-sun-ultra-moon","url":"https://pokeapi.co/api/v2/version-group/18/"}},{"flavor_text":"从体内产生出波导之力，\n然后向对手发出。\n攻击必定会命中。","language":{"name":"zh-Hans","url":"https://pokeapi.co/api/v2/language/12/"},"version_group":{"name":"ultra-sun-ultra-moon","url":"https://pokeapi.co/api/v2/version-group/18/"}},{"flavor_text":"からだの　おくから　はどうの　ちからを\nあいてに　うちはなつ。\nこうげきは　かならず　めいちゅう　する。","language":{"name":"ja-Hrkt","url":"https://pokeapi.co/api/v2/language/1/"},"version_group":{"name":"lets-go-pikachu-lets-go-eevee","url":"https://pokeapi.co/api/v2/version-group/19/"}},{"flavor_text":"몸속에서 파동의 힘을\n끌어내 쏜다.\n공격은 반드시 명중한다.","language":{"name":"ko","url":"https://pokeapi.co/api/v2/language/3/"},"version_group":{"name":"lets-go-pikachu-lets-go-eevee","url":"https://pokeapi.co/api/v2/version-group/19/"}},{"flavor_text":"將來自體內深處的波導之力\n擊向對手。\n攻擊必定會命中。","language":{"name":"zh-Hant","url":"https://pokeapi.co/api/v2/language/4/"},"version_group":{"name":"lets-go-pikachu-lets-go-eevee","url":"https://pokeapi.co/api/v2/version-group/19/"}},{"flavor_text":"Le lanceur dégage une aura et projette de l’énergie.\nN’échoue jamais.","language":{"name":"fr","url":"https://pokeapi.co/api/v2/language/5/"},"version_group":{"name":"lets-go-pikachu-lets-go-eevee","url":"https://pokeapi.co/api/v2/version-group/19/"}},{"flavor_text":"Tief aus dem Inneren des Anwenders löst sich ein\nkraftvoller Stoß Aura-Energie. Trifft in jedem Fall.","language":{"name":"de","url":"https://pokeapi.co/api/v2/language/6/"},"version_group":{"name":"lets-go-pikachu-lets-go-eevee","url":"https://pokeapi.co/api/v2/version-group/19/"}},{"flavor_text":"Libera una descarga de la fuerza del aura desde \nsu interior. Es infalible.","language":{"name":"es","url":"https://pokeapi.co/api/v2/language/7/"},"version_group":{"name":"lets-go-pikachu-lets-go-eevee","url":"https://pokeapi.co/api/v2/version-group/19/"}},{"flavor_text":"Chi la usa rilascia una forza eterea dal profondo\ndel corpo. La mossa è infallibile.","language":{"name":"it","url":"https://pokeapi.co/api/v2/language/8/"},"version_group":{"name":"lets-go-pikachu-lets-go-eevee","url":"https://pokeapi.co/api/v2/version-group/19/"}},{"flavor_text":"The user lets loose a blast of aura power from deep\nwithin its body at the target. This attack\nnever misses.","language":{"name":"en","url":"https://pokeapi.co/api/v2/language/9/"},"version_group":{"name":"lets-go-pikachu-lets-go-eevee","url":"https://pokeapi.co/api/v2/version-group/19/"}},{"flavor_text":"体の　奥から　波導の　力を\n相手に　うち放つ。\n攻撃は　必ず　命中する。","language":{"name":"ja","url":"https://pokeapi.co/api/v2/language/11/"},"version_group":{"name":"lets-go-pikachu-lets-go-eevee","url":"https://pokeapi.co/api/v2/version-group/19/"}},{"flavor_text":"从体内产生出波导之力，\n然后向对手发出。\n攻击必定会命中。","language":{"name":"zh-Hans","url":"https://pokeapi.co/api/v2/language/12/"},"version_group":{"name":"lets-go-pikachu-lets-go-eevee","url":"https://pokeapi.co/api/v2/version-group/19/"}},{"flavor_text":"からだの　おくから　はどうの　ちからを\nあいてに　うちはなつ。\nこうげきは　かならず　めいちゅう　する。","language":{"name":"ja-Hrkt","url":"https://pokeapi.co/api/v2/language/1/"},"version_group":{"name":"sword-shield","url":"https://pokeapi.co/api/v2/version-group/20/"}},{"flavor_text":"몸속에서 파동의 힘을\n끌어내 상대에게 쏜다.\n공격은 반드시 명중한다.","language":{"name":"ko","url":"https://pokeapi.co/api/v2/language/3/"},"version_group":{"name":"sword-shield","url":"https://pokeapi.co/api/v2/version-group/20/"}},{"flavor_text":"將來自體內深處的波導之力\n擊向對手。\n攻擊必定會命中。","language":{"name":"zh-Hant","url":"https://pokeapi.co/api/v2/language/4/"},"version_group":{"name":"sword-shield","url":"https://pokeapi.co/api/v2/version-group/20/"}},{"flavor_text":"Le lanceur dégage une aura et projette de l’énergie.\nN’échoue jamais.","language":{"name":"fr","url":"https://pokeapi.co/api/v2/language/5/"},"version_group":{"name":"sword-shield","url":"https://pokeapi.co/api/v2/version-group/20/"}},{"flavor_text":"Tief aus dem Inneren des Anwenders löst sich ein\nkraftvoller Stoß Aura-Energie. Diese Attacke trifft\ngarantiert.","language":{"name":"de","url":"https://pokeapi.co/api/v2/language/6/"},"version_group":{"name":"sword-shield","url":"https://pokeapi.co/api/v2/version-group/20/"}},{"flavor_text":"Libera, desde su interior, una inmensa descarga de aura.\nEs infalible.","language":{"name":"es","url":"https://pokeapi.co/api/v2/language/7/"},"version_group":{"name":"sword-shield","url":"https://pokeapi.co/api/v2/version-group/20/"}},{"flavor_text":"Chi la usa rilascia una forza eterea dal profondo\ndel corpo. La mossa è infallibile.","language":{"name":"it","url":"https://pokeapi.co/api/v2/language/8/"},"version_group":{"name":"sword-shield","url":"https://pokeapi.co/api/v2/version-group/20/"}},{"flavor_text":"The user lets loose a blast of aura power from deep\nwithin its body at the target. This attack\nnever misses.","language":{"name":"en","url":"https://pokeapi.co/api/v2/language/9/"},"version_group":{"name":"sword-shield","url":"https://pokeapi.co/api/v2/version-group/20/"}},{"flavor_text":"体の　奥から　波導の　力を\n相手に　うち放つ。\n攻撃は　必ず　命中する。","language":{"name":"ja","url":"https://pokeapi.co/api/v2/language/11/"},"version_group":{"name":"sword-shield","url":"https://pokeapi.co/api/v2/version-group/20/"}},{"flavor_text":"从体内产生出波导之力，\n然后向对手发出。\n攻击必定会命中。","language":{"name":"zh-Hans","url":"https://pokeapi.co/api/v2/language/12/"},"version_group":{"name":"sword-shield","url":"https://pokeapi.co/api/v2/version-group/20/"}}],"generation":{"name":"generation-iv","url":"https://pokeapi.co/api/v2/generation/4/"},"id":396,"learned_by_pokemon":[{"name":"squirtle","url":"https://pokeapi.co/api/v2/pokemon/7/"},{"name":"wartortle","url":"https://pokeapi.co/api/v2/pokemon/8/"},{"name":"blastoise","url":"https://pokeapi.co/api/v2/pokemon/9/"},{"name":"hitmonlee","url":"https://pokeapi.co/api/v2/pokemon/106/"},{"name":"hitmonchan","url":"https://pokeapi.co/api/v2/pokemon/107/"},{"name":"mewtwo","url":"https://pokeapi.co/api/v2/pokemon/150/"},{"name":"mew","url":"https://pokeapi.co/api/v2/pokemon/151/"},{"name":"raikou","url":"https://pokeapi.co/api/v2/pokemon/243/"},{"name":"celebi","url":"https://pokeapi.co/api/v2/pokemon/251/"},{"name":"blaziken","url":"https://pokeapi.co/api/v2/pokemon/257/"},{"name":"gardevoir","url":"https://pokeapi.co/api/v2/pokemon/282/"},{"name":"medicham","url":"https://pokeapi.co/api/v2/pokemon/308/"},{"name":"zangoose","url":"https://pokeapi.co/api/v2/pokemon/335/"},{"name":"latias","url":"https://pokeapi.co/api/v2/pokemon/380/"},{"name":"latios","url":"https://pokeapi.co/api/v2/pokemon/381/"},{"name":"jirachi","url":"https://pokeapi.co/api/v2/pokemon/385/"},{"name":"lopunny","url":"https://pokeapi.co/api/v2/pokemon/428/"},{"name":"lucario","url":"https://pokeapi.co/api/v2/pokemon/448/"},{"name":"togekiss","url":"https://pokeapi.co/api/v2/pokemon/468/"},{"name":"gallade","url":"https://pokeapi.co/api/v2/pokemon/475/"},{"name":"dialga","url":"https://pokeapi.co/api/v2/pokemon/483/"},{"name":"palkia","url":"https://pokeapi.co/api/v2/pokemon/484/"},{"name":"giratina-altered","url":"https://pokeapi.co/api/v2/pokemon/487/"},{"name":"arceus","url":"https://pokeapi.co/api/v2/pokemon/493/"},{"name":"mienfoo","url":"https://pokeapi.co/api/v2/pokemon/619/"},{"name":"mienshao","url":"https://pokeapi.co/api/v2/pokemon/620/"},{"name":"keldeo-ordinary","url":"https://pokeapi.co/api/v2/pokemon/647/"},{"name":"clauncher","url":"https://pokeapi.co/api/v2/pokemon/692/"},{"name":"clawitzer","url":"https://pokeapi.co/api/v2/pokemon/693/"},{"name":"kommo-o","url":"https://pokeapi.co/api/v2/pokemon/784/"},{"name":"magearna","url":"https://pokeapi.co/api/v2/pokemon/801/"},{"name":"marshadow","url":"https://pokeapi.co/api/v2/pokemon/802/"},{"name":"zeraora","url":"https://pokeapi.co/api/v2/pokemon/807/"},{"name":"urshifu-single-strike","url":"https://pokeapi.co/api/v2/pokemon/892/"},{"name":"meowscarada","url":"https://pokeapi.co/api/v2/pokemon/908/"},{"name":"armarouge","url":"https://pokeapi.co/api/v2/pokemon/936/"},{"name":"palafin","url":"https://pokeapi.co/api/v2/pokemon/964/"},{"name":"iron-valiant","url":"https://pokeapi.co/api/v2/pokemon/1006/"},{"name":"giratina-origin","url":"https://pokeapi.co/api/v2/pokemon/10007/"},{"name":"keldeo-resolute","url":"https://pokeapi.co/api/v2/pokemon/10024/"},{"name":"mewtwo-mega-x","url":"https://pokeapi.co/api/v2/pokemon/10043/"},{"name":"mewtwo-mega-y","url":"https://pokeapi.co/api/v2/pokemon/10044/"},{"name":"lucario-mega","url":"https://pokeapi.co/api/v2/pokemon/10059/"},{"name":"magearna-original","url":"https://pokeapi.co/api/v2/pokemon/10147/"},{"name":"urshifu-rapid-strike","url":"https://pokeapi.co/api/v2/pokemon/10191/"},{"name":"decidueye-hisui","url":"https://pokeapi.co/api/v2/pokemon/10244/"},{"name":"dialga-origin","url":"https://pokeapi.co/api/v2/pokemon/10245/"},{"name":"palkia-origin","url":"https://pokeapi.co/api/v2/pokemon/10246/"},{"name":"palafin-hero","url":"https://pokeapi.co/api/v2/pokemon/10256/"}],"machines":[{"machine":{"url":"https://pokeapi.co/api/v2/machine/1645/"},"version_group":{"name":"sword-shield","url":"https://pokeapi.co/api/v2/version-group/20/"}}],"meta":{"ailment":{"name":"none","url":"https://pokeapi.co/api/v2/move-ailment/0/"},"ailment_chance":0,"category":{"name":"damage","url":"https://pokeapi.co/api/v2/move-category/0/"},"crit_rate":0,"drain":0,"flinch_chance":0,"healing":0,"max_hits":null,"max_turns":null,"min_hits":null,"min_turns":null,"stat_chance":0},"name":"aura-sphere","names":[{"language":{"name":"ja-Hrkt","url":"https://pokeapi.co/api/v2/language/1/"},"name":"はどうだん"},{"language":{"name":"ko","url":"https://pokeapi.co/api/v2/language/3/"},"name":"파동탄"},{"language":{"name":"zh-Hant","url":"https://pokeapi.co/api/v2/language/4/"},"name":"波導彈"},{"language":{"name":"fr","url":"https://pokeapi.co/api/v2/language/5/"},"name":"Aurasphère"},{"language":{"name":"de","url":"https://pokeapi.co/api/v2/language/6/"},"name":"Aurasphäre"},{"language":{"name":"es","url":"https://pokeapi.co/api/v2/language/7/"},"name":"Esfera Aural"},{"language":{"name":"it","url":"https://pokeapi.co/api/v2/language/8/"},"name":"Forzasfera"},{"language":{"name":"en","url":"https://pokeapi.co/api/v2/language/9/"},"name":"Aura Sphere"},{"language":{"name":"ja","url":"https://pokeapi.co/api/v2/language/11/"},"name":"はどうだん"},{"language":{"name":"zh-Hans","url":"https://pokeapi.co/api/v2/language/12/"},"name":"波导弹"}],"past_values":[{"accuracy":null,"effect_chance":null,"effect_entries":[],"power":90,"pp":null,"type":null,"version_group":{"name":"x-y","url":"https://pokeapi.co/api/v2/version-group/15/"}}],"power":80,"pp":20,"priority":0,"stat_changes":[],"super_contest_effect":{"url":"https://pokeapi.co/api/v2/super-contest-effect/17/"},"target":{"name":"selected-pokemon","url":"https://pokeapi.co/api/v2/move-target/10/"},"type":{"name":"fighting","url":"https://pokeapi.co/api/v2/type/2/"}}