{"accuracy":100,"contest_combos":null,"contest_effect":null,"contest_type":{"name":"smart","url":"https://pokeapi.co/api/v2/contest-type/4/"},"damage_class":{"name":"special","url":"https://pokeapi.co/api/v2/move-damage-class/3/"},"effect_chance":null,"effect_changes":[],"effect_entries":[{"effect":"Inflicts regular damage.","language":{"name":"en","url":"https://pokeapi.co/api/v2/language/9/"},"short_effect":"Inflicts regular damage with no additional effect."}],"flavor_text_entries":[{"flavor_text":"The foe is attacked\nwith a shock wave\ngenerated by the\nuser’s gaping mouth.\n","language":{"name":"en","url":"https://pokeapi.co/api/v2/language/9/"},"version_group":{"name":"diamond-pearl","url":"https://pokeapi.co/api/v2/version-group/8/"}},{"flavor_text":"The foe is attacked\nwith a shock wave\ngenerated by the\nuser’s gaping mouth.\n","language":{"name":"en","url":"https://pokeapi.co/api/v2/language/9/"},"version_group":{"name":"platinum","url":"https://pokeapi.co/api/v2/version-group/9/"}},{"flavor_text":"The foe is attacked\nwith a shock wave\ngenerated by the\nuser’s gaping mouth.\n","language":{"name":"en","url":"https://pokeapi.co/api/v2/language/9/"},"version_group":{"name":"heartgold-soulsilver","url":"https://pokeapi.co/api/v2/version-group/10/"}},{"flavor_text":"Le lanceur ouvre la bouche pour envoyer\nune onde de choc qui frappe l’ennemi.","language":{"name":"fr","url":"https://pokeapi.co/api/v2/language/5/"},"version_group":{"name":"black-white","url":"https://pokeapi.co/api/v2/version-group/11/"}},{"flavor_text":"The target is attacked with a shock wave\ngenerated by the user’s gaping mouth.","language":{"name":"en","url":"https://pokeapi.co/api/v2/language/9/"},"version_group":{"name":"black-white","url":"https://pokeapi.co/api/v2/version-group/11/"}},{"flavor_text":"The target is attacked with a shock wave\ngenerated by the user’s gaping mouth.","language":{"name":"en","url":"https://pokeapi.co/api/v2/language/9/"},"version_group":{"name":"black-2-white-2","url":"https://pokeapi.co/api/v2/version-group/14/"}},{"flavor_text":"おおきな　くちから　しょうげきはを\nまきおこして　あいてを　こうげきする。\n","language":{"name":"ja-Hrkt","url":"https://pokeapi.co/api/v2/language/1/"},"version_group":{"name":"x-y","url":"https://pokeapi.co/api/v2/version-group/15/"}},{"flavor_text":"큰 입으로 충격파를\n일으켜서 상대를 공격한다.","language":{"name":"ko","url":"https://pokeapi.co/api/v2/language/3/"},"version_group":{"name":"x-y","url":"https://pokeapi.co/api/v2/version-group/15/"}},{"flavor_text":"Le lanceur ouvre la bouche pour envoyer une onde\nde choc qui frappe l’ennemi.","language":{"name":"fr","url":"https://pokeapi.co/api/v2/language/5/"},"version_group":{"name":"x-y","url":"https://pokeapi.co/api/v2/version-group/15/"}},{"flavor_text":"Das Ziel wird mit einer Schockwelle angegriffen,\ndie aus dem offenen Maul des Anwenders kommt.","language":{"name":"de","url":"https://pokeapi.co/api/v2/language/6/"},"version_group":{"name":"x-y","url":"https://pokeapi.co/api/v2/version-group/15/"}},{"flavor_text":"Abre mucho la boca y libera una onda de choque\nque ataca al objetivo.","language":{"name":"es","url":"https://pokeapi.co/api/v2/language/7/"},"version_group":{"name":"x-y","url":"https://pokeapi.co/api/v2/version-group/15/"}},{"flavor_text":"Chi la usa spalanca la bocca e genera un’onda\nd’urto che colpisce il bersaglio.","language":{"name":"it","url":"https://pokeapi.co/api/v2/language/8/"},"version_group":{"name":"x-y","url":"https://pokeapi.co/api/v2/version-group/15/"}},{"flavor_text":"The target is attacked with a shock wave\ngenerated by the user’s gaping mouth.","language":{"name":"en","url":"https://pokeapi.co/api/v2/language/9/"},"version_group":{"name":"x-y","url":"https://pokeapi.co/api/v2/version-group/15/"}},{"flavor_text":"大きな　口から　衝撃波を\nまきおこして　相手を　攻撃する。\n","language":{"name":"ja","url":"https://pokeapi.co/api/v2/language/11/"},"version_group":{"name":"x-y","url":"https://pokeapi.co/api/v2/version-group/15/"}},{"flavor_text":"おおきな　くちから　しょうげきはを\nまきおこして　あいてを　こうげきする。\n","language":{"name":"ja-Hrkt","url":"https://pokeapi.co/api/v2/language/1/"},"version_group":{"name":"omega-ruby-alpha-sapphire","url":"https://pokeapi.co/api/v2/version-group/16/"}},{"flavor_text":"큰 입으로 충격파를\n일으켜서 상대를 공격한다.","language":{"name":"ko","url":"https://pokeapi.co/api/v2/language/3/"},"version_group":{"name":"omega-ruby-alpha-sapphire","url":"https://pokeapi.co/api/v2/version-group/16/"}},{"flavor_text":"Le lanceur ouvre la bouche pour envoyer une onde\nde choc qui frappe l’ennemi.","language":{"name":"fr","url":"https://pokeapi.co/api/v2/language/5/"},"version_group":{"name":"omega-ruby-alpha-sapphire","url":"https://pokeapi.co/api/v2/version-group/16/"}},{"flavor_text":"Das Ziel wird mit einer Schockwelle angegriffen,\ndie aus dem offenen Maul des Anwenders kommt.","language":{"name":"de","url":"https://pokeapi.co/api/v2/language/6/"},"version_group":{"name":"omega-ruby-alpha-sapphire","url":"https://pokeapi.co/api/v2/version-group/16/"}},{"flavor_text":"Abre mucho la boca y libera una onda de choque \nque ataca al objetivo.","language":{"name":"es","url":"https://pokeapi.co/api/v2/language/7/"},"version_group":{"name":"omega-ruby-alpha-sapphire","url":"https://pokeapi.co/api/v2/version-group/16/"}},{"flavor_text":"Chi la usa spalanca la bocca e genera un’onda\nd’urto che colpisce il bersaglio.","language":{"name":"it","url":"https://pokeapi.co/api/v2/language/8/"},"version_group":{"name":"omega-ruby-alpha-sapphire","url":"https://pokeapi.co/api/v2/version-group/16/"}},{"flavor_text":"The target is attacked with a shock wave\ngenerated by the user’s gaping mouth.","language":{"name":"en","url":"https://pokeapi.co/api/v2/language/9/"},"version_group":{"name":"omega-ruby-alpha-sapphire","url":"https://pokeapi.co/api/v2/version-group/16/"}},{"flavor_text":"大きな　口から　衝撃波を\nまきおこして　相手を　攻撃する。\n","language":{"name":"ja","url":"https://pokeapi.co/api/v2/language/11/"},"version_group":{"name":"omega-ruby-alpha-sapphire","url":"https://pokeapi.co/api/v2/version-group/16/"}},{"flavor_text":"おおきな　くちから　しょうげきはを\nまきおこして　あいてを　こうげきする。","language":{"name":"ja-Hrkt","url":"https://pokeapi.co/api/v2/language/1/"},"version_group":{"name":"sun-moon","url":"https://pokeapi.co/api/v2/version-group/17/"}},{"flavor_text":"큰 입으로 충격파를\n일으켜서 상대를 공격한다.","language":{"name":"ko","url":"https://pokeapi.co/api/v2/language/3/"},"version_group":{"name":"sun-moon","url":"https://pokeapi.co/api/v2/version-group/17/"}},{"flavor_text":"從張大的口中\n發射衝擊波攻擊對手。","language":{"name":"zh-Hant","url":"https://pokeapi.co/api/v2/language/4/"},"version_group":{"name":"sun-moon","url":"https://pokeapi.co/api/v2/version-group/17/"}},{"flavor_text":"Le lanceur ouvre la bouche pour envoyer une onde\nde choc qui frappe l’ennemi.","language":{"name":"fr","url":"https://pokeapi.co/api/v2/language/5/"},"version_group":{"name":"sun-moon","url":"https://pokeapi.co/api/v2/version-group/17/"}},{"flavor_text":"Das Ziel wird mit einer Schockwelle angegriffen,\ndie aus dem offenen Maul des Anwenders kommt.","language":{"name":"de","url":"https://pokeapi.co/api/v2/language/6/"},"version_group":{"name":"sun-moon","url":"https://pokeapi.co/api/v2/version-group/17/"}},{"flavor_text":"Abre mucho la boca y libera una onda de choque \nque ataca al objetivo.","language":{"name":"es","url":"https://pokeapi.co/api/v2/language/7/"},"version_group":{"name":"sun-moon","url":"https://pokeapi.co/api/v2/version-group/17/"}},{"flavor_text":"Chi la usa spalanca la bocca e genera un’onda\nd’urto che colpisce il bersaglio.","language":{"name":"it","url":"https://pokeapi.co/api/v2/language/8/"},"version_group":{"name":"sun-moon","url":"https://pokeapi.co/api/v2/version-group/17/"}},{"flavor_text":"The target is attacked with a shock wave generated\nby the user’s gaping mouth.","language":{"name":"en","url":"https://pokeapi.co/api/v2/language/9/"},"version_group":{"name":"sun-moon","url":"https://pokeapi.co/api/v2/version-group/17/"}},{"flavor_text":"大きな　口から　衝撃波を\nまきおこして　相手を　攻撃する。","language":{"name":"ja","url":"https://pokeapi.co/api/v2/language/11/"},"version_group":{"name":"sun-moon","url":"https://pokeapi.co/api/v2/version-group/17/"}},{"flavor_text":"从大大的口中\n掀起冲击波攻击对手。","language":{"name":"zh-Hans","url":"https://pokeapi.co/api/v2/language/12/"},"version_group":{"name":"sun-moon","url":"https://pokeapi.co/api/v2/version-group/17/"}},{"flavor_text":"おおきな　くちから　しょうげきはを\nまきおこして　あいてを　こうげきする。","language":{"name":"ja-Hrkt","url":"https://pokeapi.co/api/v2/language/1/"},"version_group":{"name":"ultra-sun-ultra-moon","url":"https://pokeapi.co/api/v2/version-group/18/"}},{"flavor_text":"큰 입으로 충격파를\n일으켜서 상대를 공격한다.","language":{"name":"ko","url":"https://pokeapi.co/api/v2/language/3/"},"version_group":{"name":"ultra-sun-ultra-moon","url":"https://pokeapi.co/api/v2/version-group/18/"}},{"flavor_text":"從張大的口中\n發射衝擊波攻擊對手。","language":{"name":"zh-Hant","url":"https://pokeapi.co/api/v2/language/4/"},"version_group":{"name":"ultra-sun-ultra-moon","url":"https://pokeapi.co/api/v2/version-group/18/"}},{"flavor_text":"Le lanceur ouvre la bouche pour envoyer une onde\nde choc qui frappe l’ennemi.","language":{"name":"fr","url":"https://pokeapi.co/api/v2/language/5/"},"version_group":{"name":"ultra-sun-ultra-moon","url":"https://pokeapi.co/api/v2/version-group/18/"}},{"flavor_text":"Das Ziel wird mit einer Schockwelle angegriffen,\ndie aus dem offenen Maul des Anwenders kommt.","language":{"name":"de","url":"https://pokeapi.co/api/v2/language/6/"},"version_group":{"name":"ultra-sun-ultra-moon","url":"https://pokeapi.co/api/v2/version-group/18/"}},{"flavor_text":"Abre mucho la boca y libera una onda de choque \nque ataca al objetivo.","language":{"name":"es","url":"https://pokeapi.co/api/v2/language/7/"},"version_group":{"name":"ultra-sun-ultra-moon","url":"https://pokeapi.co/api/v2/version-group/18/"}},{"flavor_text":"Chi la usa spalanca la bocca e genera un’onda\nd’urto che colpisce il bersaglio.","language":{"name":"it","url":"https://pokeapi.co/api/v2/language/8/"},"version_group":{"name":"ultra-sun-ultra-moon","url":"https://pokeapi.co/api/v2/version-group/18/"}},{"flavor_text":"The target is attacked with a shock wave generated\nby the user’s gaping mouth.","language":{"name":"en","url":"https://pokeapi.co/api/v2/language/9/"},"version_group":{"name":"ultra-sun-ultra-moon","url":"https://pokeapi.co/api/v2/version-group/18/"}},{"flavor_text":"大きな　口から　衝撃波を\nまきおこして　相手を　攻撃する。","language":{"name":"ja","url":"https://pokeapi.co/api/v2/language/11/"},"version_group":{"name":"ultra-sun-ultra-moon","url":"https://pokeapi.co/api/v2/version-group/18/"}},{"flavor_text":"从大大的口中\n掀起冲击波攻击对手。","language":{"name":"zh-Hans","url":"https://pokeapi.co/api/v2/language/12/"},"version_group":{"name":"ultra-sun-ultra-moon","url":"https://pokeapi.co/api/v2/version-group/18/"}},{"flavor_text":"おおきな　くちから　しょうげきはを\nまきおこして　あいてを　こうげきする。","language":{"name":"ja-Hrkt","url":"https://pokeapi.co/api/v2/language/1/"},"version_group":{"name":"lets-go-pikachu-lets-go-eevee","url":"https://pokeapi.co/api/v2/version-group/19/"}},{"flavor_text":"큰 입으로 충격파를\n일으켜서 상대를 공격한다.","language":{"name":"ko","url":"https://pokeapi.co/api/v2/language/3/"},"version_group":{"name":"lets-go-pikachu-lets-go-eevee","url":"https://pokeapi.co/api/v2/version-group/19/"}},{"flavor_text":"從張大的口中\n發射衝擊波攻擊對手。","language":{"name":"zh-Hant","url":"https://pokeapi.co/api/v2/language/4/"},"version_group":{"name":"lets-go-pikachu-lets-go-eevee","url":"https://pokeapi.co/api/v2/version-group/19/"}},{"flavor_text":"Le lanceur ouvre la bouche pour envoyer une onde\nde choc qui frappe l’ennemi.","language":{"name":"fr","url":"https://pokeapi.co/api/v2/language/5/"},"version_group":{"name":"lets-go-pikachu-lets-go-eevee","url":"https://pokeapi.co/api/v2/version-group/19/"}},{"flavor_text":"Das Ziel wird mit einer Schockwelle angegriffen,\ndie aus dem offenen Maul des Anwenders kommt.","language":{"name":"de","url":"https://pokeapi.co/api/v2/language/6/"},"version_group":{"name":"lets-go-pikachu-lets-go-eevee","url":"https://pokeapi.co/api/v2/version-group/19/"}},{"flavor_text":"Abre mucho la boca y libera una onda de choque \nque ataca al objetivo.","language":{"name":"es","url":"https://pokeapi.co/api/v2/language/7/"},"version_group":{"name":"lets-go-pikachu-lets-go-eevee","url":"https://pokeapi.co/api/v2/version-group/19/"}},{"flavor_text":"Chi la usa spalanca la bocca e genera un’onda\nd’urto che colpisce il bersaglio.","language":{"name":"it","url":"https://pokeapi.co/api/v2/language/8/"},"version_group":{"name":"lets-go-pikachu-lets-go-eevee","url":"https://pokeapi.co/api/v2/version-group/19/"}},{"flavor_text":"The target is attacked with a shock wave generated\nby the user’s gaping mouth.","language":{"name":"en","url":"https://pokeapi.co/api/v2/language/9/"},"version_group":{"name":"lets-go-pikachu-lets-go-eevee","url":"https://pokeapi.co/api/v2/version-group/19/"}},{"flavor_text":"大きな　口から　衝撃波を\nまきおこして　相手を　攻撃する。","language":{"name":"ja","url":"https://pokeapi.co/api/v2/language/11/"},"version_group":{"name":"lets-go-pikachu-lets-go-eevee","url":"https://pokeapi.co/api/v2/version-group/19/"}},{"flavor_text":"从大大的口中\n掀起冲击波攻击对手。","language":{"name":"zh-Hans","url":"https://pokeapi.co/api/v2/language/12/"},"version_group":{"name":"lets-go-pikachu-lets-go-eevee","url":"https://pokeapi.co/api/v2/version-group/19/"}},{"flavor_text":"おおきな　くちから　しょうげきはを\nまきおこして　あいてを　こうげきする。","language":{"name":"ja-Hrkt","url":"https://pokeapi.co/api/v2/language/1/"},"version_group":{"name":"sword-shield","url":"https://pokeapi.co/api/v2/version-group/20/"}},{"flavor_text":"큰 입으로 충격파를\n일으켜서 상대를 공격한다.","language":{"name":"ko","url":"https://pokeapi.co/api/v2/language/3/"},"version_group":{"name":"sword-shield","url":"https://pokeapi.co/api/v2/version-group/20/"}},{"flavor_text":"從張大的口中\n發射衝擊波攻擊對手。","language":{"name":"zh-Hant","url":"https://pokeapi.co/api/v2/language/4/"},"version_group":{"name":"sword-shield","url":"https://pokeapi.co/api/v2/version-group/20/"}},{"flavor_text":"Le lanceur ouvre la bouche pour envoyer\nune onde de choc qui frappe l’ennemi.","language":{"name":"fr","url":"https://pokeapi.co/api/v2/language/5/"},"version_group":{"name":"sword-shield","url":"https://pokeapi.co/api/v2/version-group/20/"}},{"flavor_text":"Das Ziel wird mit einer Schockwelle angegriffen,\ndie aus dem offenen Maul des Anwenders kommt.","language":{"name":"de","url":"https://pokeapi.co/api/v2/language/6/"},"version_group":{"name":"sword-shield","url":"https://pokeapi.co/api/v2/version-group/20/"}},{"flavor_text":"Abre mucho la boca y libera una onda de choque que\nataca al objetivo.","language":{"name":"es","url":"https://pokeapi.co/api/v2/language/7/"},"version_group":{"name":"sword-shield","url":"https://pokeapi.co/api/v2/version-group/20/"}},{"flavor_text":"Chi la usa spalanca la bocca e genera un’onda\nd’urto che colpisce il bersaglio.","language":{"name":"it","url":"https://pokeapi.co/api/v2/language/8/"},"version_group":{"name":"sword-shield","url":"https://pokeapi.co/api/v2/version-group/20/"}},{"flavor_text":"The target is attacked with a shock wave generated\nby the user’s gaping mouth.","language":{"name":"en","url":"https://pokeapi.co/api/v2/language/9/"},"version_group":{"name":"sword-shield","url":"https://pokeapi.co/api/v2/version-group/20/"}},{"flavor_text":"大きな　口から　衝撃波を\nまきおこして　相手を　攻撃する。","language":{"name":"ja","url":"https://pokeapi.co/api/v2/language/11/"},"version_group":{"name":"sword-shield","url":"https://pokeapi.co/api/v2/version-group/20/"}},{"flavor_text":"从大大的口中\n掀起冲击波攻击对手。","language":{"name":"zh-Hans","url":"https://pokeapi.co/api/v2/language/12/"},"version_group":{"name":"sword-shield","url":"https://pokeapi.co/api/v2/version-group/20/"}}],"generation":{"name":"generation-iv","url":"https://pokeapi.co/api/v2/generation/4/"},"id":406,"learned_by_pokemon":[{"name":"charmander","url":"https://pokeapi.co/api/v2/pokemon/4/"},{"name":"charmeleon","url":"https://pokeapi.co/api/v2/pokemon/5/"},{"name":"charizard","url":"https://pokeapi.co/api/v2/pokemon/6/"},{"name":"squirtle","url":"https://pokeapi.co/api/v2/pokemon/7/"},{"name":"wartortle","url":"https://pokeapi.co/api/v2/pokemon/8/"},{"name":"blastoise","url":"https://pokeapi.co/api/v2/pokemon/9/"},{"name":"nidoqueen","url":"https://pokeapi.co/api/v2/pokemon/31/"},{"name":"nidoking","url":"https://pokeapi.co/api/v2/pokemon/34/"},{"name":"arcanine","url":"https://pokeapi.co/api/v2/pokemon/59/"},{"name":"onix","url":"https://pokeapi.co/api/v2/pokemon/95/"},{"name":"rhyhorn","url":"https://pokeapi.co/api/v2/pokemon/111/"},{"name":"rhydon","url":"https://pokeapi.co/api/v2/pokemon/112/"},{"name":"horsea","url":"https://pokeapi.co/api/v2/pokemon/116/"},{"name":"seadra","url":"https://pokeapi.co/api/v2/pokemon/117/"},{"name":"gyarados","url":"https://pokeapi.co/api/v2/pokemon/130/"},{"name":"lapras","url":"https://pokeapi.co/api/v2/pokemon/131/"},{"name":"aerodactyl","url":"https://pokeapi.co/api/v2/pokemon/142/"},{"name":"dratini","url":"https://pokeapi.co/api/v2/pokemon/147/"},{"name":"dragonair","url":"https://pokeapi.co/api/v2/pokemon/148/"},{"name":"dragonite","url":"https://pokeapi.co/api/v2/pokemon/149/"},{"name":"mew","url":"https://pokeapi.co/api/v2/pokemon/151/"},{"name":"feraligatr","url":"https://pokeapi.co/api/v2/pokemon/160/"},{"name":"ampharos","url":"https://pokeapi.co/api/v2/pokemon/181/"},{"name":"steelix","url":"https://pokeapi.co/api/v2/pokemon/208/"},{"name":"kingdra","url":"https://pokeapi.co/api/v2/pokemon/230/"},{"name":"tyranitar","url":"https://pokeapi.co/api/v2/pokemon/248/"},{"name":"lugia","url":"https://pokeapi.co/api/v2/pokemon/249/"},{"name":"sceptile","url":"https://pokeapi.co/api/v2/pokemon/254/"},{"name":"aggron","url":"https://pokeapi.co/api/v2/pokemon/306/"},{"name":"vibrava","url":"https://pokeapi.co/api/v2/pokemon/329/"},{"name":"flygon","url":"https://pokeapi.co/api/v2/pokemon/330/"},{"name":"swablu","url":"https://pokeapi.co/api/v2/pokemon/333/"},{"name":"altaria","url":"https://pokeapi.co/api/v2/pokemon/334/"},{"name":"feebas","url":"https://pokeapi.co/api/v2/pokemon/349/"},{"name":"milotic","url":"https://pokeapi.co/api/v2/pokemon/350/"},{"name":"tropius","url":"https://pokeapi.co/api/v2/pokemon/357/"},{"name":"bagon","url":"https://pokeapi.co/api/v2/pokemon/371/"},{"name":"shelgon","url":"https://pokeapi.co/api/v2/pokemon/372/"},{"name":"salamence","url":"https://pokeapi.co/api/v2/pokemon/373/"},{"name":"latias","url":"https://pokeapi.co/api/v2/pokemon/380/"},{"name":"latios","url":"https://pokeapi.co/api/v2/pokemon/381/"},{"name":"groudon","url":"https://pokeapi.co/api/v2/pokemon/383/"},{"name":"rayquaza","url":"https://pokeapi.co/api/v2/pokemon/384/"},{"name":"cranidos","url":"https://pokeapi.co/api/v2/pokemon/408/"},{"name":"rampardos","url":"https://pokeapi.co/api/v2/pokemon/409/"},{"name":"gible","url":"https://pokeapi.co/api/v2/pokemon/443/"},{"name":"gabite","url":"https://pokeapi.co/api/v2/pokemon/444/"},{"name":"garchomp","url":"https://pokeapi.co/api/v2/pokemon/445/"},{"name":"lucario","url":"https://pokeapi.co/api/v2/pokemon/448/"},{"name":"rhyperior","url":"https://pokeapi.co/api/v2/pokemon/464/"},{"name":"dialga","url":"https://pokeapi.co/api/v2/pokemon/483/"},{"name":"palkia","url":"https://pokeapi.co/api/v2/pokemon/484/"},{"name":"heatran","url":"https://pokeapi.co/api/v2/pokemon/485/"},{"name":"giratina-altered","url":"https://pokeapi.co/api/v2/pokemon/487/"},{"name":"arceus","url":"https://pokeapi.co/api/v2/pokemon/493/"},{"name":"serperior","url":"https://pokeapi.co/api/v2/pokemon/497/"},{"name":"krookodile","url":"https://pokeapi.co/api/v2/pokemon/553/"},{"name":"scraggy","url":"https://pokeapi.co/api/v2/pokemon/559/"},{"name":"scrafty","url":"https://pokeapi.co/api/v2/pokemon/560/"},{"name":"archen","url":"https://pokeapi.co/api/v2/pokemon/566/"},{"name":"archeops","url":"https://pokeapi.co/api/v2/pokemon/567/"},{"name":"eelektross","url":"https://pokeapi.co/api/v2/pokemon/604/"},{"name":"axew","url":"https://pokeapi.co/api/v2/pokemon/610/"},{"name":"fraxure","url":"https://pokeapi.co/api/v2/pokemon/611/"},{"name":"haxorus","url":"https://pokeapi.co/api/v2/pokemon/612/"},{"name":"druddigon","url":"https://pokeapi.co/api/v2/pokemon/621/"},{"name":"deino","url":"https://pokeapi.co/api/v2/pokemon/633/"},{"name":"zweilous","url":"https://pokeapi.co/api/v2/pokemon/634/"},{"name":"hydreigon","url":"https://pokeapi.co/api/v2/pokemon/635/"},{"name":"reshiram","url":"https://pokeapi.co/api/v2/pokemon/643/"},{"name":"zekrom","url":"https://pokeapi.co/api/v2/pokemon/644/"},{"name":"kyurem","url":"https://pokeapi.co/api/v2/pokemon/646/"},{"name":"skrelp","url":"https://pokeapi.co/api/v2/pokemon/690/"},{"name":"dragalge","url":"https://pokeapi.co/api/v2/pokemon/691/"},{"name":"clauncher","url":"https://pokeapi.co/api/v2/pokemon/692/"},{"name":"clawitzer","url":"https://pokeapi.co/api/v2/pokemon/693/"},{"name":"heliolisk","url":"https://pokeapi.co/api/v2/pokemon/695/"},{"name":"tyrunt","url":"https://pokeapi.co/api/v2/pokemon/696/"},{"name":"tyrantrum","url":"https://pokeapi.co/api/v2/pokemon/697/"},{"name":"goomy","url":"https://pokeapi.co/api/v2/pokemon/704/"},{"name":"sliggoo","url":"https://pokeapi.co/api/v2/pokemon/705/"},{"name":"goodra","url":"https://pokeapi.co/api/v2/pokemon/706/"},{"name":"noibat","url":"https://pokeapi.co/api/v2/pokemon/714/"},{"name":"noivern","url":"https://pokeapi.co/api/v2/pokemon/715/"},{"name":"zygarde-50","url":"https://pokeapi.co/api/v2/pokemon/718/"},{"name":"salandit","url":"https://pokeapi.co/api/v2/pokemon/757/"},{"name":"salazzle","url":"https://pokeapi.co/api/v2/pokemon/758/"},{"name":"turtonator","url":"https://pokeapi.co/api/v2/pokemon/776/"},{"name":"drampa","url":"https://pokeapi.co/api/v2/pokemon/780/"},{"name":"jangmo-o","url":"https://pokeapi.co/api/v2/pokemon/782/"},{"name":"hakamo-o","url":"https://pokeapi.co/api/v2/pokemon/783/"},{"name":"kommo-o","url":"https://pokeapi.co/api/v2/pokemon/784/"},{"name":"guzzlord","url":"https://pokeapi.co/api/v2/pokemon/799/"},{"name":"necrozma","url":"https://pokeapi.co/api/v2/pokemon/800/"},{"name":"poipole","url":"https://pokeapi.co/api/v2/pokemon/803/"},{"name":"naganadel","url":"https://pokeapi.co/api/v2/pokemon/804/"},{"name":"flapple","url":"https://pokeapi.co/api/v2/pokemon/841/"},{"name":"appletun","url":"https://pokeapi.co/api/v2/pokemon/842/"},{"name":"runerigus","url":"https://pokeapi.co/api/v2/pokemon/867/"},{"name":"dracozolt","url":"https://pokeapi.co/api/v2/pokemon/880/"},{"name":"dracovish","url":"https://pokeapi.co/api/v2/pokemon/882/"},{"name":"duraludon","url":"https://pokeapi.co/api/v2/pokemon/884/"},{"name":"drakloak","url":"https://pokeapi.co/api/v2/pokemon/886/"},{"name":"dragapult","url":"https://pokeapi.co/api/v2/pokemon/887/"},{"name":"eternatus","url":"https://pokeapi.co/api/v2/pokemon/890/"},{"name":"regidrago","url":"https://pokeapi.co/api/v2/pokemon/895/"},{"name":"armarouge","url":"https://pokeapi.co/api/v2/pokemon/936/"},{"name":"cyclizar","url":"https://pokeapi.co/api/v2/pokemon/967/"},{"name":"tatsugiri","url":"https://pokeapi.co/api/v2/pokemon/978/"},{"name":"iron-jugulis","url":"https://pokeapi.co/api/v2/pokemon/993/"},{"name":"frigibax","url":"https://pokeapi.co/api/v2/pokemon/996/"},{"name":"arctibax","url":"https://pokeapi.co/api/v2/pokemon/997/"},{"name":"baxcalibur","url":"https://pokeapi.co/api/v2/pokemon/998/"},{"name":"roaring-moon","url":"https://pokeapi.co/api/v2/pokemon/1005/"},{"name":"koraidon","url":"https://pokeapi.co/api/v2/pokemon/1007/"},{"name":"miraidon","url":"https://pokeapi.co/api/v2/pokemon/1008/"},{"name":"walking-wake","url":"https://pokeapi.co/api/v2/pokemon/1009/"},{"name":"giratina-origin","url":"https://pokeapi.co/api/v2/pokemon/10007/"},{"name":"kyurem-black","url":"https://pokeapi.co/api/v2/pokemon/10022/"},{"name":"kyurem-white","url":"https://pokeapi.co/api/v2/pokemon/10023/"},{"name":"charizard-mega-x","url":"https://pokeapi.co/api/v2/pokemon/10034/"},{"name":"charizard-mega-y","url":"https://pokeapi.co/api/v2/pokemon/10035/"},{"name":"blastoise-mega","url":"https://pokeapi.co/api/v2/pokemon/10036/"},{"name":"gyarados-mega","url":"https://pokeapi.co/api/v2/pokemon/10041/"},{"name":"aerodactyl-mega","url":"https://pokeapi.co/api/v2/pokemon/10042/"},{"name":"ampharos-mega","url":"https://pokeapi.co/api/v2/pokemon/10045/"},{"name":"tyranitar-mega","url":"https://pokeapi.co/api/v2/pokemon/10049/"},{"name":"aggron-mega","url":"https://pokeapi.co/api/v2/pokemon/10053/"},{"name":"garchomp-mega","url":"https://pokeapi.co/api/v2/pokemon/10058/"},{"name":"lucario-mega","url":"https://pokeapi.co/api/v2/pokemon/10059/"},{"name":"latias-mega","url":"https://pokeapi.co/api/v2/pokemon/10062/"},{"name":"latios-mega","url":"https://pokeapi.co/api/v2/pokemon/10063/"},{"name":"sceptile-mega","url":"https://pokeapi.co/api/v2/pokemon/10065/"},{"name":"altaria-mega","url":"https://pokeapi.co/api/v2/pokemon/10067/"},{"name":"steelix-mega","url":"https://pokeapi.co/api/v2/pokemon/10072/"},{"name":"groudon-primal","url":"https://pokeapi.co/api/v2/pokemon/10078/"},{"name":"rayquaza-mega","url":"https://pokeapi.co/api/v2/pokemon/10079/"},{"name":"salamence-mega","url":"https://pokeapi.co/api/v2/pokemon/10089/"},{"name":"exeggutor-alola","url":"https://pokeapi.co/api/v2/pokemon/10114/"},{"name":"zygarde-10-power-construct","url":"https://pokeapi.co/api/v2/pokemon/10118/"},{"name":"zygarde-50-power-construct","url":"https://pokeapi.co/api/v2/pokemon/10119/"},{"name":"zygarde-complete","url":"https://pokeapi.co/api/v2/pokemon/10120/"},{"name":"salazzle-totem","url":"https://pokeapi.co/api/v2/pokemon/10129/"},{"name":"kommo-o-totem","url":"https://pokeapi.co/api/v2/pokemon/10146/"},{"name":"necrozma-dusk","url":"https://pokeapi.co/api/v2/pokemon/10155/"},{"name":"necrozma-dawn","url":"https://pokeapi.co/api/v2/pokemon/10156/"},{"name":"necrozma-ultra","url":"https://pokeapi.co/api/v2/pokemon/10157/"},{"name":"zygarde-10","url":"https://pokeapi.co/api/v2/pokemon/10181/"},{"name":"eternatus-eternamax","url":"https://pokeapi.co/api/v2/pokemon/10190/"},{"name":"arcanine-hisui","url":"https://pokeapi.co/api/v2/pokemon/10230/"},{"name":"sliggoo-hisui","url":"https://pokeapi.co/api/v2/pokemon/10241/"},{"name":"goodra-hisui","url":"https://pokeapi.co/api/v2/pokemon/10242/"},{"name":"dialga-origin","url":"https://pokeapi.co/api/v2/pokemon/10245/"},{"name":"palkia-origin","url":"https://pokeapi.co/api/v2/pokemon/10246/"},{"name":"tatsugiri-droopy","url":"https://pokeapi.co/api/v2/pokemon/10258/"},{"name":"tatsugiri-stretchy","url":"https://pokeapi.co/api/v2/pokemon/10259/"},{"name":"koraidon-limited-build","url":"https://pokeapi.co/api/v2/pokemon/10264/"},{"name":"koraidon-sprinting-build","url":"https://pokeapi.co/api/v2/pokemon/10265/"},{"name":"koraidon-swimming-build","url":"https://pokeapi.co/api/v2/pokemon/10266/"},{"name":"koraidon-gliding-build","url":"https://pokeapi.co/api/v2/pokemon/10267/"},{"name":"miraidon-low-power-mode","url":"https://pokeapi.co/api/v2/pokemon/10268/"},{"name":"miraidon-drive-mode","url":"https://pokeapi.co/api/v2/pokemon/10269/"},{"name":"miraidon-aquatic-mode","url":"https://pokeapi.co/api/v2/pokemon/10270/"},{"name":"miraidon-glide-mode","url":"https://pokeapi.co/api/v2/pokemon/10271/"}],"machines":[{"machine":{"url":"https://pokeapi.co/api/v2/machine/680/"},"version_group":{"name":"lets-go-pikachu-lets-go-eevee","url":"https://pokeapi.co/api/v2/version-group/19/"}},{"machine":{"url":"https://pokeapi.co/api/v2/machine/1090/"},"version_group":{"name":"diamond-pearl","url":"https://pokeapi.co/api/v2/version-group/8/"}},{"machine":{"url":"https://pokeapi.co/api/v2/machine/1091/"},"version_group":{"name":"platinum","url":"https://pokeapi.co/api/v2/version-group/9/"}},{"machine":{"url":"https://pokeapi.co/api/v2/machine/1092/"},"version_group":{"name":"heartgold-soulsilver","url":"https://pokeapi.co/api/v2/version-group/10/"}},{"machine":{"url":"https://pokeapi.co/api/v2/machine/1651/"},"version_group":{"name":"sword-shield","url":"https://pokeapi.co/api/v2/version-group/20/"}}],"meta":{"ailment":{"name":"none","url":"https://pokeapi.co/api/v2/move-ailment/0/"},"ailment_chance":0,"category":{"name":"damage","url":"https://pokeapi.co/api/v2/move-category/0/"},"crit_rate":0,"drain":0,"flinch_chance":0,"healing":0,"max_hits":null,"max_turns":null,"min_hits":null,"min_turns":null,"stat_chance":0},"name":"dragon-pulse","names":[{"language":{"name":"ja-Hrkt","url":"https://pokeapi.co/api/v2/language/1/"},"name":"りゅうのはどう"},{"language":{"name":"ko","url":"https://pokeapi.co/api/v2/language/3/"},"name":"용의파동"},{"language":{"name":"zh-Hant","url":"https://pokeapi.co/api/v2/language/4/"},"name":"龍之波動"},{"language":{"name":"fr","url":"https://pokeapi.co/api/v2/language/5/"},"name":"Draco-Choc"},{"language":{"name":"de","url":"https://pokeapi.co/api/v2/language/6/"},"name":"Drachenpuls"},{"language":{"name":"es","url":"https://pokeapi.co/api/v2/language/7/"},"name":"Pulso Dragón"},{"language":{"name":"it","url":"https://pokeapi.co/api/v2/language/8/"},"name":"Dragopulsar"},{"language":{"name":"en","url":"https://pokeapi.co/api/v2/language/9/"},"name":"Dragon Pulse"},{"language":{"name":"ja","url":"https://pokeapi.co/api/v2/language/11/"},"name":"りゅうのはどう"},{"language":{"name":"zh-Hans","url":"https://pokeapi.co/api/v2/language/12/"},"name":"龙之波动"}],"past_values":[{"accuracy":null,"effect_chance":null,"effect_entries":[],"power":90,"pp":null,"type":null,"version_group":{"name":"x-y","url":"https://pokeapi.co/api/v2/version-group/15/"}}],"power":85,"pp":10,"priority":0,"stat_changes":[],"super_contest_effect":{"url":"https://pokeapi.co/api/v2/super-contest-effect/4/"},"target":{"name":"selected-pokemon","url":"https://pokeapi.co/api/v2/move-target/10/"},"type":{"name":"dragon","url":"https://pokeapi.co/api/v2/type/16/"}}