{"accuracy":95,"contest_combos":{"normal":{"use_after":null,"use_before":null},"super":{"use_after":[{"name":"charge","url":"https://pokeapi.co/api/v2/move/268/"}],"use_before":null}},"contest_effect":null,"contest_type":{"name":"smart","url":"https://pokeapi.co/api/v2/contest-type/4/"},"damage_class":{"name":"physical","url":"https://pokeapi.co/api/v2/move-damage-class/2/"},"effect_chance":10,"effect_changes":[],"effect_entries":[{"effect":"Inflicts regular damage.  Has a $effect_chance% chance to paralyze the target and a separate $effect_chance% chance to make the target flinch.","language":{"name":"en","url":"https://pokeapi.co/api/v2/language/9/"},"short_effect":"Has a $effect_chance% chance to paralyze the target and a $effect_chance% chance to make the target flinch."}],"flavor_text_entries":[{"flavor_text":"The user bites with\nelectrified fangs.\nIt may also make the\nfoe flinch or become\nparalyzed.","language":{"name":"en","url":"https://pokeapi.co/api/v2/language/9/"},"version_group":{"name":"diamond-pearl","url":"https://pokeapi.co/api/v2/version-group/8/"}},{"flavor_text":"The user bites with\nelectrified fangs.\nIt may also make the\nfoe flinch or become\nparalyzed.","language":{"name":"en","url":"https://pokeapi.co/api/v2/language/9/"},"version_group":{"name":"platinum","url":"https://pokeapi.co/api/v2/version-group/9/"}},{"flavor_text":"The user bites with\nelectrified fangs.\nIt may also make the\nfoe flinch or become\nparalyzed.","language":{"name":"en","url":"https://pokeapi.co/api/v2/language/9/"},"version_group":{"name":"heartgold-soulsilver","url":"https://pokeapi.co/api/v2/version-group/10/"}},{"flavor_text":"Le lanceur utilise une morsure électrifiée.\nPeut aussi paralyser ou apeurer l’ennemi.","language":{"name":"fr","url":"https://pokeapi.co/api/v2/language/5/"},"version_group":{"name":"black-white","url":"https://pokeapi.co/api/v2/version-group/11/"}},{"flavor_text":"The user bites with electrified fangs.\nIt may also make the target flinch or\nleave it with paralysis.","language":{"name":"en","url":"https://pokeapi.co/api/v2/language/9/"},"version_group":{"name":"black-white","url":"https://pokeapi.co/api/v2/version-group/11/"}},{"flavor_text":"The user bites with electrified fangs.\nIt may also make the target flinch or\nleave it with paralysis.","language":{"name":"en","url":"https://pokeapi.co/api/v2/language/9/"},"version_group":{"name":"black-2-white-2","url":"https://pokeapi.co/api/v2/version-group/14/"}},{"flavor_text":"でんきを　ためた　キバで　かみつく。\nあいてを　ひるませたり\nまひ　じょうたいに　することが　ある。","language":{"name":"ja-Hrkt","url":"https://pokeapi.co/api/v2/language/1/"},"version_group":{"name":"x-y","url":"https://pokeapi.co/api/v2/version-group/15/"}},{"flavor_text":"전기를 모은 이빨로 문다.\n상대를 풀죽게 하거나\n마비 상태로 만들 때가 있다.","language":{"name":"ko","url":"https://pokeapi.co/api/v2/language/3/"},"version_group":{"name":"x-y","url":"https://pokeapi.co/api/v2/version-group/15/"}},{"flavor_text":"Le lanceur utilise une morsure électrifiée.\nPeut aussi paralyser ou apeurer l’ennemi.","language":{"name":"fr","url":"https://pokeapi.co/api/v2/language/5/"},"version_group":{"name":"x-y","url":"https://pokeapi.co/api/v2/version-group/15/"}},{"flavor_text":"Anwender beißt mit elektrifizierten Reißzähnen zu.\nDas Ziel schreckt eventuell zurück oder wird\nparalysiert.","language":{"name":"de","url":"https://pokeapi.co/api/v2/language/6/"},"version_group":{"name":"x-y","url":"https://pokeapi.co/api/v2/version-group/15/"}},{"flavor_text":"Usa colmillos electrificados para morder. Puede\nhacer que el objetivo retroceda o se paralice.","language":{"name":"es","url":"https://pokeapi.co/api/v2/language/7/"},"version_group":{"name":"x-y","url":"https://pokeapi.co/api/v2/version-group/15/"}},{"flavor_text":"Chi la usa morde con denti elettrificati che\npossono anche paralizzare o far tentennare\nil bersaglio.","language":{"name":"it","url":"https://pokeapi.co/api/v2/language/8/"},"version_group":{"name":"x-y","url":"https://pokeapi.co/api/v2/version-group/15/"}},{"flavor_text":"The user bites with electrified fangs.\nThis may also make the target flinch or\nleave it with paralysis.","language":{"name":"en","url":"https://pokeapi.co/api/v2/language/9/"},"version_group":{"name":"x-y","url":"https://pokeapi.co/api/v2/version-group/15/"}},{"flavor_text":"電気を　ためた　キバで　かみつく。\n相手を　ひるませたり\nまひ状態に　することが　ある。","language":{"name":"ja","url":"https://pokeapi.co/api/v2/language/11/"},"version_group":{"name":"x-y","url":"https://pokeapi.co/api/v2/version-group/15/"}},{"flavor_text":"でんきを　ためた　キバで　か つく。\nあいてを　ひるませたり\nまひ　じょうたいに　することが　ある。","language":{"name":"ja-Hrkt","url":"https://pokeapi.co/api/v2/language/1/"},"version_group":{"name":"omega-ruby-alpha-sapphire","url":"https://pokeapi.co/api/v2/version-group/16/"}},{"flavor_text":"전기를 모은 이빨로 문다.\n상대를 풀죽게 하거나\n마비 상태로 만들 때가 있다.","language":{"name":"ko","url":"https://pokeapi.co/api/v2/language/3/"},"version_group":{"name":"omega-ruby-alpha-sapphire","url":"https://pokeapi.co/api/v2/version-group/16/"}},{"flavor_text":"Le lanceur utilise une morsure électrifiée.\nPeut aussi paralyser ou apeurer l’ennemi.","language":{"name":"fr","url":"https://pokeapi.co/api/v2/language/5/"},"version_group":{"name":"omega-ruby-alpha-sapphire","url":"https://pokeapi.co/api/v2/version-group/16/"}},{"flavor_text":"Anwender beißt mit elektrifizierten Reißzähnen zu.\nDas Ziel schreckt eventuell zurück oder wird\nparalysiert.","language":{"name":"de","url":"https://pokeapi.co/api/v2/language/6/"},"version_group":{"name":"omega-ruby-alpha-sapphire","url":"https://pokeapi.co/api/v2/version-group/16/"}},{"flavor_text":"Usa colmillos electrificados para morder. Puede hacer \nque el objetivo retroceda o se paralice.","language":{"name":"es","url":"https://pokeapi.co/api/v2/language/7/"},"version_group":{"name":"omega-ruby-alpha-sapphire","url":"https://pokeapi.co/api/v2/version-group/16/"}},{"flavor_text":"Chi la usa morde con denti elettrificati che\npossono anche paralizzare o far tentennare\nil bersaglio.","language":{"name":"it","url":"https://pokeapi.co/api/v2/language/8/"},"version_group":{"name":"omega-ruby-alpha-sapphire","url":"https://pokeapi.co/api/v2/version-group/16/"}},{"flavor_text":"The user bites with electrified fangs.\nThis may also make the target flinch or\nleave it with paralysis.","language":{"name":"en","url":"https://pokeapi.co/api/v2/language/9/"},"version_group":{"name":"omega-ruby-alpha-sapphire","url":"https://pokeapi.co/api/v2/version-group/16/"}},{"flavor_text":"電気を　ためた　キバで　か つく。\n相手を　ひるませたり\nまひ状態に　することが　ある。","language":{"name":"ja","url":"https://pokeapi.co/api/v2/language/11/"},"version_group":{"name":"omega-ruby-alpha-sapphire","url":"https://pokeapi.co/api/v2/version-group/16/"}},{"flavor_text":"でんきを　ためた　キバで　かみつく。\nあいてを　ひるませたり\nまひ　じょうたいに　することが　ある。","language":{"name":"ja-Hrkt","url":"https://pokeapi.co/api/v2/language/1/"},"version_group":{"name":"sun-moon","url":"https://pokeapi.co/api/v2/version-group/17/"}},{"flavor_text":"전기를 모은 이빨로 문다.\n상대를 풀죽게 하거나\n마비 상태로 만들 때가 있다.","language":{"name":"ko","url":"https://pokeapi.co/api/v2/language/3/"},"version_group":{"name":"sun-moon","url":"https://pokeapi.co/api/v2/version-group/17/"}},{"flavor_text":"用蓄滿電流的牙齒咬住對手。\n有時會讓對手畏縮\n或陷入麻痺狀態。","language":{"name":"zh-Hant","url":"https://pokeapi.co/api/v2/language/4/"},"version_group":{"name":"sun-moon","url":"https://pokeapi.co/api/v2/version-group/17/"}},{"flavor_text":"Le lanceur utilise une morsure électrifiée.\nPeut aussi paralyser ou apeurer l’ennemi.","language":{"name":"fr","url":"https://pokeapi.co/api/v2/language/5/"},"version_group":{"name":"sun-moon","url":"https://pokeapi.co/api/v2/version-group/17/"}},{"flavor_text":"Anwender beißt mit elektrifizierten Reißzähnen zu.\nDas Ziel schreckt eventuell zurück oder wird\nparalysiert.","language":{"name":"de","url":"https://pokeapi.co/api/v2/language/6/"},"version_group":{"name":"sun-moon","url":"https://pokeapi.co/api/v2/version-group/17/"}},{"flavor_text":"Usa colmillos electrificados para morder. Puede\nhacer que el objetivo retroceda o se paralice.","language":{"name":"es","url":"https://pokeapi.co/api/v2/language/7/"},"version_group":{"name":"sun-moon","url":"https://pokeapi.co/api/v2/version-group/17/"}},{"flavor_text":"Chi la usa morde con denti elettrificati che\npossono anche paralizzare o far tentennare\nil bersaglio.","language":{"name":"it","url":"https://pokeapi.co/api/v2/language/8/"},"version_group":{"name":"sun-moon","url":"https://pokeapi.co/api/v2/version-group/17/"}},{"flavor_text":"The user bites with electrified fangs. This may also\nmake the target flinch or leave it with paralysis.","language":{"name":"en","url":"https://pokeapi.co/api/v2/language/9/"},"version_group":{"name":"sun-moon","url":"https://pokeapi.co/api/v2/version-group/17/"}},{"flavor_text":"電気を　ためた　キバで　かみつく。\n相手を　ひるませたり\nまひ状態に　することが　ある。","language":{"name":"ja","url":"https://pokeapi.co/api/v2/language/11/"},"version_group":{"name":"sun-moon","url":"https://pokeapi.co/api/v2/version-group/17/"}},{"flavor_text":"用蓄满电流的牙齿咬住对手。\n有时会使对手畏缩\n或陷入麻痹状态。","language":{"name":"zh-Hans","url":"https://pokeapi.co/api/v2/language/12/"},"version_group":{"name":"sun-moon","url":"https://pokeapi.co/api/v2/version-group/17/"}},{"flavor_text":"でんきを　ためた　キバで　かみつく。\nあいてを　ひるませたり\nまひ　じょうたいに　することが　ある。","language":{"name":"ja-Hrkt","url":"https://pokeapi.co/api/v2/language/1/"},"version_group":{"name":"ultra-sun-ultra-moon","url":"https://pokeapi.co/api/v2/version-group/18/"}},{"flavor_text":"전기를 모은 이빨로 문다.\n상대를 풀죽게 하거나\n마비 상태로 만들 때가 있다.","language":{"name":"ko","url":"https://pokeapi.co/api/v2/language/3/"},"version_group":{"name":"ultra-sun-ultra-moon","url":"https://pokeapi.co/api/v2/version-group/18/"}},{"flavor_text":"用蓄滿電流的牙齒咬住對手。\n有時會讓對手畏縮\n或陷入麻痺狀態。","language":{"name":"zh-Hant","url":"https://pokeapi.co/api/v2/language/4/"},"version_group":{"name":"ultra-sun-ultra-moon","url":"https://pokeapi.co/api/v2/version-group/18/"}},{"flavor_text":"Le lanceur utilise une morsure électrifiée.\nPeut aussi paralyser ou apeurer l’ennemi.","language":{"name":"fr","url":"https://pokeapi.co/api/v2/language/5/"},"version_group":{"name":"ultra-sun-ultra-moon","url":"https://pokeapi.co/api/v2/version-group/18/"}},{"flavor_text":"Anwender beißt mit elektrifizierten Reißzähnen zu.\nDas Ziel schreckt eventuell zurück oder wird\nparalysiert.","language":{"name":"de","url":"https://pokeapi.co/api/v2/language/6/"},"version_group":{"name":"ultra-sun-ultra-moon","url":"https://pokeapi.co/api/v2/version-group/18/"}},{"flavor_text":"Usa colmillos electrificados para morder. Puede\nhacer que el objetivo retroceda o se paralice.","language":{"name":"es","url":"https://pokeapi.co/api/v2/language/7/"},"version_group":{"name":"ultra-sun-ultra-moon","url":"https://pokeapi.co/api/v2/version-group/18/"}},{"flavor_text":"Chi la usa morde con denti elettrificati che\npossono anche paralizzare o far tentennare\nil bersaglio.","language":{"name":"it","url":"https://pokeapi.co/api/v2/language/8/"},"version_group":{"name":"ultra-sun-ultra-moon","url":"https://pokeapi.co/api/v2/version-group/18/"}},{"flavor_text":"The user bites with electrified fangs. This may also\nmake the target flinch or leave it with paralysis.","language":{"name":"en","url":"https://pokeapi.co/api/v2/language/9/"},"version_group":{"name":"ultra-sun-ultra-moon","url":"https://pokeapi.co/api/v2/version-group/18/"}},{"flavor_text":"電気を　ためた　キバで　かみつく。\n相手を　ひるませたり\nまひ状態に　することが　ある。","language":{"name":"ja","url":"https://pokeapi.co/api/v2/language/11/"},"version_group":{"name":"ultra-sun-ultra-moon","url":"https://pokeapi.co/api/v2/version-group/18/"}},{"flavor_text":"用蓄满电流的牙齿咬住对手。\n有时会使对手畏缩\n或陷入麻痹状态。","language":{"name":"zh-Hans","url":"https://pokeapi.co/api/v2/language/12/"},"version_group":{"name":"ultra-sun-ultra-moon","url":"https://pokeapi.co/api/v2/version-group/18/"}},{"flavor_text":"でんきを　ためた　キバで　かみつく。\nあいてを　ひるませたり\nまひ　じょうたいに　することが　ある。","language":{"name":"ja-Hrkt","url":"https://pokeapi.co/api/v2/language/1/"},"version_group":{"name":"lets-go-pikachu-lets-go-eevee","url":"https://pokeapi.co/api/v2/version-group/19/"}},{"flavor_text":"전기를 모은 이빨로 문다.\n상대를 풀죽게 하거나\n마비 상태로 만들 때가 있다.","language":{"name":"ko","url":"https://pokeapi.co/api/v2/language/3/"},"version_group":{"name":"lets-go-pikachu-lets-go-eevee","url":"https://pokeapi.co/api/v2/version-group/19/"}},{"flavor_text":"用蓄滿電流的牙齒咬住對手。\n有時會讓對手畏縮\n或陷入麻痺狀態。","language":{"name":"zh-Hant","url":"https://pokeapi.co/api/v2/language/4/"},"version_group":{"name":"lets-go-pikachu-lets-go-eevee","url":"https://pokeapi.co/api/v2/version-group/19/"}},{"flavor_text":"Le lanceur utilise une morsure électrifiée.\nPeut aussi paralyser ou apeurer l’ennemi.","language":{"name":"fr","url":"https://pokeapi.co/api/v2/language/5/"},"version_group":{"name":"lets-go-pikachu-lets-go-eevee","url":"https://pokeapi.co/api/v2/version-group/19/"}},{"flavor_text":"Anwender beißt mit elektrifizierten Reißzähnen zu.\nDas Ziel schreckt eventuell zurück oder wird\nparalysiert.","language":{"name":"de","url":"https://pokeapi.co/api/v2/language/6/"},"version_group":{"name":"lets-go-pikachu-lets-go-eevee","url":"https://pokeapi.co/api/v2/version-group/19/"}},{"flavor_text":"Usa colmillos electrificados para morder. Puede\nhacer que el objetivo retroceda o se paralice.","language":{"name":"es","url":"https://pokeapi.co/api/v2/language/7/"},"version_group":{"name":"lets-go-pikachu-lets-go-eevee","url":"https://pokeapi.co/api/v2/version-group/19/"}},{"flavor_text":"Chi la usa morde con denti elettrificati che\npossono anche paralizzare o far tentennare\nil bersaglio.","language":{"name":"it","url":"https://pokeapi.co/api/v2/language/8/"},"version_group":{"name":"lets-go-pikachu-lets-go-eevee","url":"https://pokeapi.co/api/v2/version-group/19/"}},{"flavor_text":"The user bites with electrified fangs. This may also\nmake the target flinch or leave it with paralysis.","language":{"name":"en","url":"https://pokeapi.co/api/v2/language/9/"},"version_group":{"name":"lets-go-pikachu-lets-go-eevee","url":"https://pokeapi.co/api/v2/version-group/19/"}},{"flavor_text":"電気を　ためた　キバで　かみつく。\n相手を　ひるませたり\nまひ状態に　することが　ある。","language":{"name":"ja","url":"https://pokeapi.co/api/v2/language/11/"},"version_group":{"name":"lets-go-pikachu-lets-go-eevee","url":"https://pokeapi.co/api/v2/version-group/19/"}},{"flavor_text":"用蓄满电流的牙齿咬住对手。\n有时会使对手畏缩\n或陷入麻痹状态。","language":{"name":"zh-Hans","url":"https://pokeapi.co/api/v2/language/12/"},"version_group":{"name":"lets-go-pikachu-lets-go-eevee","url":"https://pokeapi.co/api/v2/version-group/19/"}},{"flavor_text":"でんきを　ためた　キバで　かみつく。\nあいてを　ひるませたり\nまひ　じょうたいに　することが　ある。","language":{"name":"ja-Hrkt","url":"https://pokeapi.co/api/v2/language/1/"},"version_group":{"name":"sword-shield","url":"https://pokeapi.co/api/v2/version-group/20/"}},{"flavor_text":"전기를 모은 이빨로 문다.\n상대를 풀죽게 하거나\n마비 상태로 만들 때가 있다.","language":{"name":"ko","url":"https://pokeapi.co/api/v2/language/3/"},"version_group":{"name":"sword-shield","url":"https://pokeapi.co/api/v2/version-group/20/"}},{"flavor_text":"用蓄滿電流的牙齒咬住對手。\n有時會讓對手畏縮\n或陷入麻痺狀態。","language":{"name":"zh-Hant","url":"https://pokeapi.co/api/v2/language/4/"},"version_group":{"name":"sword-shield","url":"https://pokeapi.co/api/v2/version-group/20/"}},{"flavor_text":"Le lanceur utilise une morsure électrifiée.\nPeut aussi paralyser ou apeurer l’ennemi.","language":{"name":"fr","url":"https://pokeapi.co/api/v2/language/5/"},"version_group":{"name":"sword-shield","url":"https://pokeapi.co/api/v2/version-group/20/"}},{"flavor_text":"Anwender beißt mit elektrifizierten Reißzähnen zu.\nZiel schreckt eventuell zurück oder wird paralysiert.","language":{"name":"de","url":"https://pokeapi.co/api/v2/language/6/"},"version_group":{"name":"sword-shield","url":"https://pokeapi.co/api/v2/version-group/20/"}},{"flavor_text":"El usuario muerde al objetivo con colmillos\nelectrificados y puede hacer que se amedrente\no se paralice.","language":{"name":"es","url":"https://pokeapi.co/api/v2/language/7/"},"version_group":{"name":"sword-shield","url":"https://pokeapi.co/api/v2/version-group/20/"}},{"flavor_text":"Chi la usa morde con denti elettrificati che possono\nanche paralizzare o far tentennare il bersaglio.","language":{"name":"it","url":"https://pokeapi.co/api/v2/language/8/"},"version_group":{"name":"sword-shield","url":"https://pokeapi.co/api/v2/version-group/20/"}},{"flavor_text":"The user bites with electrified fangs. This may also\nmake the target flinch or leave it with paralysis.","language":{"name":"en","url":"https://pokeapi.co/api/v2/language/9/"},"version_group":{"name":"sword-shield","url":"https://pokeapi.co/api/v2/version-group/20/"}},{"flavor_text":"電気を　ためた　キバで　かみつく。\n相手を　ひるませたり\nまひ状態に　することが　ある。","language":{"name":"ja","url":"https://pokeapi.co/api/v2/language/11/"},"version_group":{"name":"sword-shield","url":"https://pokeapi.co/api/v2/version-group/20/"}},{"flavor_text":"用蓄满电流的牙齿咬住对手。\n有时会使对手畏缩\n或陷入麻痹状态。","language":{"name":"zh-Hans","url":"https://pokeapi.co/api/v2/language/12/"},"version_group":{"name":"sword-shield","url":"https://pokeapi.co/api/v2/version-group/20/"}}],"generation":{"name":"generation-iv","url":"https://pokeapi.co/api/v2/generation/4/"},"id":422,"learned_by_pokemon":[{"name":"arbok","url":"https://pokeapi.co/api/v2/pokemon/24/"},{"name":"growlithe","url":"https://pokeapi.co/api/v2/pokemon/58/"},{"name":"arcanine","url":"https://pokeapi.co/api/v2/pokemon/59/"},{"name":"rhyhorn","url":"https://pokeapi.co/api/v2/pokemon/111/"},{"name":"rhydon","url":"https://pokeapi.co/api/v2/pokemon/112/"},{"name":"jolteon","url":"https://pokeapi.co/api/v2/pokemon/135/"},{"name":"aerodactyl","url":"https://pokeapi.co/api/v2/pokemon/142/"},{"name":"mew","url":"https://pokeapi.co/api/v2/pokemon/151/"},{"name":"steelix","url":"https://pokeapi.co/api/v2/pokemon/208/"},{"name":"snubbull","url":"https://pokeapi.co/api/v2/pokemon/209/"},{"name":"granbull","url":"https://pokeapi.co/api/v2/pokemon/210/"},{"name":"houndour","url":"https://pokeapi.co/api/v2/pokemon/228/"},{"name":"houndoom","url":"https://pokeapi.co/api/v2/pokemon/229/"},{"name":"donphan","url":"https://pokeapi.co/api/v2/pokemon/232/"},{"name":"raikou","url":"https://pokeapi.co/api/v2/pokemon/243/"},{"name":"tyranitar","url":"https://pokeapi.co/api/v2/pokemon/248/"},{"name":"poochyena","url":"https://pokeapi.co/api/v2/pokemon/261/"},{"name":"mightyena","url":"https://pokeapi.co/api/v2/pokemon/262/"},{"name":"exploud","url":"https://pokeapi.co/api/v2/pokemon/295/"},{"name":"mawile","url":"https://pokeapi.co/api/v2/pokemon/303/"},{"name":"electrike","url":"https://pokeapi.co/api/v2/pokemon/309/"},{"name":"manectric","url":"https://pokeapi.co/api/v2/pokemon/310/"},{"name":"seviper","url":"https://pokeapi.co/api/v2/pokemon/336/"},{"name":"bagon","url":"https://pokeapi.co/api/v2/pokemon/371/"},{"name":"shelgon","url":"https://pokeapi.co/api/v2/pokemon/372/"},{"name":"salamence","url":"https://pokeapi.co/api/v2/pokemon/373/"},{"name":"shinx","url":"https://pokeapi.co/api/v2/pokemon/403/"},{"name":"luxio","url":"https://pokeapi.co/api/v2/pokemon/404/"},{"name":"luxray","url":"https://pokeapi.co/api/v2/pokemon/405/"},{"name":"pachirisu","url":"https://pokeapi.co/api/v2/pokemon/417/"},{"name":"gible","url":"https://pokeapi.co/api/v2/pokemon/443/"},{"name":"gabite","url":"https://pokeapi.co/api/v2/pokemon/444/"},{"name":"garchomp","url":"https://pokeapi.co/api/v2/pokemon/445/"},{"name":"hippopotas","url":"https://pokeapi.co/api/v2/pokemon/449/"},{"name":"hippowdon","url":"https://pokeapi.co/api/v2/pokemon/450/"},{"name":"drapion","url":"https://pokeapi.co/api/v2/pokemon/452/"},{"name":"rhyperior","url":"https://pokeapi.co/api/v2/pokemon/464/"},{"name":"gliscor","url":"https://pokeapi.co/api/v2/pokemon/472/"},{"name":"lillipup","url":"https://pokeapi.co/api/v2/pokemon/506/"},{"name":"herdier","url":"https://pokeapi.co/api/v2/pokemon/507/"},{"name":"stoutland","url":"https://pokeapi.co/api/v2/pokemon/508/"},{"name":"sandile","url":"https://pokeapi.co/api/v2/pokemon/551/"},{"name":"krokorok","url":"https://pokeapi.co/api/v2/pokemon/552/"},{"name":"krookodile","url":"https://pokeapi.co/api/v2/pokemon/553/"},{"name":"eelektrik","url":"https://pokeapi.co/api/v2/pokemon/603/"},{"name":"eelektross","url":"https://pokeapi.co/api/v2/pokemon/604/"},{"name":"druddigon","url":"https://pokeapi.co/api/v2/pokemon/621/"},{"name":"durant","url":"https://pokeapi.co/api/v2/pokemon/632/"},{"name":"deino","url":"https://pokeapi.co/api/v2/pokemon/633/"},{"name":"zweilous","url":"https://pokeapi.co/api/v2/pokemon/634/"},{"name":"hydreigon","url":"https://pokeapi.co/api/v2/pokemon/635/"},{"name":"zekrom","url":"https://pokeapi.co/api/v2/pokemon/644/"},{"name":"litleo","url":"https://pokeapi.co/api/v2/pokemon/667/"},{"name":"pyroar","url":"https://pokeapi.co/api/v2/pokemon/668/"},{"name":"tyrunt","url":"https://pokeapi.co/api/v2/pokemon/696/"},{"name":"tyrantrum","url":"https://pokeapi.co/api/v2/pokemon/697/"},{"name":"volcanion","url":"https://pokeapi.co/api/v2/pokemon/721/"},{"name":"yungoos","url":"https://pokeapi.co/api/v2/pokemon/734/"},{"name":"gumshoos","url":"https://pokeapi.co/api/v2/pokemon/735/"},{"name":"rockruff","url":"https://pokeapi.co/api/v2/pokemon/744/"},{"name":"lycanroc-midday","url":"https://pokeapi.co/api/v2/pokemon/745/"},{"name":"silvally","url":"https://pokeapi.co/api/v2/pokemon/773/"},{"name":"greedent","url":"https://pokeapi.co/api/v2/pokemon/820/"},{"name":"thievul","url":"https://pokeapi.co/api/v2/pokemon/828/"},{"name":"yamper","url":"https://pokeapi.co/api/v2/pokemon/835/"},{"name":"boltund","url":"https://pokeapi.co/api/v2/pokemon/836/"},{"name":"sandaconda","url":"https://pokeapi.co/api/v2/pokemon/844/"},{"name":"toxtricity-amped","url":"https://pokeapi.co/api/v2/pokemon/849/"},{"name":"centiskorch","url":"https://pokeapi.co/api/v2/pokemon/851/"},{"name":"morpeko-full-belly","url":"https://pokeapi.co/api/v2/pokemon/877/"},{"name":"dracozolt","url":"https://pokeapi.co/api/v2/pokemon/880/"},{"name":"arctozolt","url":"https://pokeapi.co/api/v2/pokemon/881/"},{"name":"zacian","url":"https://pokeapi.co/api/v2/pokemon/888/"},{"name":"zamazenta","url":"https://pokeapi.co/api/v2/pokemon/889/"},{"name":"regidrago","url":"https://pokeapi.co/api/v2/pokemon/895/"},{"name":"fuecoco","url":"https://pokeapi.co/api/v2/pokemon/909/"},{"name":"crocalor","url":"https://pokeapi.co/api/v2/pokemon/910/"},{"name":"skeledirge","url":"https://pokeapi.co/api/v2/pokemon/911/"},{"name":"pawmi","url":"https://pokeapi.co/api/v2/pokemon/921/"},{"name":"pawmo","url":"https://pokeapi.co/api/v2/pokemon/922/"},{"name":"pawmot","url":"https://pokeapi.co/api/v2/pokemon/923/"},{"name":"fidough","url":"https://pokeapi.co/api/v2/pokemon/926/"},{"name":"dachsbun","url":"https://pokeapi.co/api/v2/pokemon/927/"},{"name":"maschiff","url":"https://pokeapi.co/api/v2/pokemon/942/"},{"name":"mabosstiff","url":"https://pokeapi.co/api/v2/pokemon/943/"},{"name":"cyclizar","url":"https://pokeapi.co/api/v2/pokemon/967/"},{"name":"greavard","url":"https://pokeapi.co/api/v2/pokemon/971/"},{"name":"houndstone","url":"https://pokeapi.co/api/v2/pokemon/972/"},{"name":"great-tusk","url":"https://pokeapi.co/api/v2/pokemon/984/"},{"name":"scream-tail","url":"https://pokeapi.co/api/v2/pokemon/985/"},{"name":"iron-treads","url":"https://pokeapi.co/api/v2/pokemon/990/"},{"name":"iron-thorns","url":"https://pokeapi.co/api/v2/pokemon/995/"},{"name":"baxcalibur","url":"https://pokeapi.co/api/v2/pokemon/998/"},{"name":"roaring-moon","url":"https://pokeapi.co/api/v2/pokemon/1005/"},{"name":"koraidon","url":"https://pokeapi.co/api/v2/pokemon/1007/"},{"name":"aerodactyl-mega","url":"https://pokeapi.co/api/v2/pokemon/10042/"},{"name":"houndoom-mega","url":"https://pokeapi.co/api/v2/pokemon/10048/"},{"name":"tyranitar-mega","url":"https://pokeapi.co/api/v2/pokemon/10049/"},{"name":"mawile-mega","url":"https://pokeapi.co/api/v2/pokemon/10052/"},{"name":"manectric-mega","url":"https://pokeapi.co/api/v2/pokemon/10055/"},{"name":"steelix-mega","url":"https://pokeapi.co/api/v2/pokemon/10072/"},{"name":"salamence-mega","url":"https://pokeapi.co/api/v2/pokemon/10089/"},{"name":"lycanroc-midnight","url":"https://pokeapi.co/api/v2/pokemon/10126/"},{"name":"rockruff-own-tempo","url":"https://pokeapi.co/api/v2/pokemon/10151/"},{"name":"lycanroc-dusk","url":"https://pokeapi.co/api/v2/pokemon/10152/"},{"name":"toxtricity-low-key","url":"https://pokeapi.co/api/v2/pokemon/10184/"},{"name":"morpeko-hangry","url":"https://pokeapi.co/api/v2/pokemon/10187/"},{"name":"zacian-crowned","url":"https://pokeapi.co/api/v2/pokemon/10188/"},{"name":"zamazenta-crowned","url":"https://pokeapi.co/api/v2/pokemon/10189/"},{"name":"growlithe-hisui","url":"https://pokeapi.co/api/v2/pokemon/10229/"},{"name":"arcanine-hisui","url":"https://pokeapi.co/api/v2/pokemon/10230/"},{"name":"koraidon-limited-build","url":"https://pokeapi.co/api/v2/pokemon/10264/"},{"name":"koraidon-sprinting-build","url":"https://pokeapi.co/api/v2/pokemon/10265/"},{"name":"koraidon-swimming-build","url":"https://pokeapi.co/api/v2/pokemon/10266/"},{"name":"koraidon-gliding-build","url":"https://pokeapi.co/api/v2/pokemon/10267/"}],"machines":[{"machine":{"url":"https://pokeapi.co/api/v2/machine/1171/"},"version_group":{"name":"sword-shield","url":"https://pokeapi.co/api/v2/version-group/20/"}}],"meta":{"ailment":{"name":"paralysis","url":"https://pokeapi.co/api/v2/move-ailment/1/"},"ailment_chance":10,"category":{"name":"damage+ailment","url":"https://pokeapi.co/api/v2/move-category/4/"},"crit_rate":0,"drain":0,"flinch_chance":10,"healing":0,"max_hits":null,"max_turns":null,"min_hits":null,"min_turns":null,"stat_chance":0},"name":"thunder-fang","names":[{"language":{"name":"ja-Hrkt","url":"https://pokeapi.co/api/v2/language/1/"},"name":"かみなりのキバ"},{"language":{"name":"ko","url":"https://pokeapi.co/api/v2/language/3/"},"name":"번개엄니"},{"language":{"name":"zh-Hant","url":"https://pokeapi.co/api/v2/language/4/"},"name":"雷電牙"},{"language":{"name":"fr","url":"https://pokeapi.co/api/v2/language/5/"},"name":"Crocs Éclair"},{"language":{"name":"de","url":"https://pokeapi.co/api/v2/language/6/"},"name":"Donnerzahn"},{"language":{"name":"es","url":"https://pokeapi.co/api/v2/language/7/"},"name":"Colmillo Rayo"},{"language":{"name":"it","url":"https://pokeapi.co/api/v2/language/8/"},"name":"Fulmindenti"},{"language":{"name":"en","url":"https://pokeapi.co/api/v2/language/9/"},"name":"Thunder Fang"},{"language":{"name":"ja","url":"https://pokeapi.co/api/v2/language/11/"},"name":"かみなりのキバ"},{"language":{"name":"zh-Hans","url":"https://pokeapi.co/api/v2/language/12/"},"name":"雷电牙"}],"past_values":[],"power":65,"pp":15,"priority":0,"stat_changes":[],"super_contest_effect":{"url":"https://pokeapi.co/api/v2/super-contest-effect/5/"},"target":{"name":"selected-pokemon","url":"https://pokeapi.co/api/v2/move-target/10/"},"type":{"name":"electric","url":"https://pokeapi.co/api/v2/type/13/"}}