{"accuracy":90,"contest_combos":null,"contest_effect":null,"contest_type":{"name":"beauty","url":"https://pokeapi.co/api/v2/contest-type/2/"},"damage_class":{"name":"physical","url":"https://pokeapi.co/api/v2/move-damage-class/2/"},"effect_chance":20,"effect_changes":[],"effect_entries":[{"effect":"Inflicts regular damage.  Has a $effect_chance% chance to make the target flinch.","language":{"name":"en","url":"https://pokeapi.co/api/v2/language/9/"},"short_effect":"Has a $effect_chance% chance to make the target flinch."}],"flavor_text_entries":[{"flavor_text":"The user focuses its\nwillpower to its head\nand rams the foe.\nIt may also make the\ntarget flinch.","language":{"name":"en","url":"https://pokeapi.co/api/v2/language/9/"},"version_group":{"name":"diamond-pearl","url":"https://pokeapi.co/api/v2/version-group/8/"}},{"flavor_text":"The user focuses its\nwillpower to its head\nand rams the foe.\nIt may also make the\ntarget flinch.","language":{"name":"en","url":"https://pokeapi.co/api/v2/language/9/"},"version_group":{"name":"platinum","url":"https://pokeapi.co/api/v2/version-group/9/"}},{"flavor_text":"The user focuses its\nwillpower to its head\nand rams the foe.\nIt may also make the\ntarget flinch.","language":{"name":"en","url":"https://pokeapi.co/api/v2/language/9/"},"version_group":{"name":"heartgold-soulsilver","url":"https://pokeapi.co/api/v2/version-group/10/"}},{"flavor_text":"Le lanceur concentre sa volonté et\ndonne un coup de tête. Peut aussi\napeurer l’ennemi.","language":{"name":"fr","url":"https://pokeapi.co/api/v2/language/5/"},"version_group":{"name":"black-white","url":"https://pokeapi.co/api/v2/version-group/11/"}},{"flavor_text":"The user focuses its willpower to its head\nand attacks the target.\nIt may also make the target flinch.","language":{"name":"en","url":"https://pokeapi.co/api/v2/language/9/"},"version_group":{"name":"black-white","url":"https://pokeapi.co/api/v2/version-group/11/"}},{"flavor_text":"The user focuses its willpower to its head\nand attacks the target.\nIt may also make the target flinch.","language":{"name":"en","url":"https://pokeapi.co/api/v2/language/9/"},"version_group":{"name":"black-2-white-2","url":"https://pokeapi.co/api/v2/version-group/14/"}},{"flavor_text":"しねんの　ちからを\nひたいに　あつめて　こうげきする。\nあいてを　ひるませる　ことが　ある。","language":{"name":"ja-Hrkt","url":"https://pokeapi.co/api/v2/language/1/"},"version_group":{"name":"x-y","url":"https://pokeapi.co/api/v2/version-group/15/"}},{"flavor_text":"사념의 힘을\n이마에 모아서 공격한다.\n상대를 풀죽게 만들 때가 있다.","language":{"name":"ko","url":"https://pokeapi.co/api/v2/language/3/"},"version_group":{"name":"x-y","url":"https://pokeapi.co/api/v2/version-group/15/"}},{"flavor_text":"Le lanceur concentre sa volonté et donne un coup\nde tête. Peut aussi apeurer l’ennemi.","language":{"name":"fr","url":"https://pokeapi.co/api/v2/language/5/"},"version_group":{"name":"x-y","url":"https://pokeapi.co/api/v2/version-group/15/"}},{"flavor_text":"Anwender konzentriert seinen Willen und rammt\ndas Ziel. Dieses schreckt eventuell zurück.","language":{"name":"de","url":"https://pokeapi.co/api/v2/language/6/"},"version_group":{"name":"x-y","url":"https://pokeapi.co/api/v2/version-group/15/"}},{"flavor_text":"Concentra su energía psíquica en la cabeza para\ngolpear. Puede hacer que el objetivo retroceda.","language":{"name":"es","url":"https://pokeapi.co/api/v2/language/7/"},"version_group":{"name":"x-y","url":"https://pokeapi.co/api/v2/version-group/15/"}},{"flavor_text":"Chi la usa concentra la forza nella testa e si lancia\ncontro il bersaglio. Può anche farlo tentennare.","language":{"name":"it","url":"https://pokeapi.co/api/v2/language/8/"},"version_group":{"name":"x-y","url":"https://pokeapi.co/api/v2/version-group/15/"}},{"flavor_text":"The user focuses its willpower to its head\nand attacks the target.\nThis may also make the target flinch.","language":{"name":"en","url":"https://pokeapi.co/api/v2/language/9/"},"version_group":{"name":"x-y","url":"https://pokeapi.co/api/v2/version-group/15/"}},{"flavor_text":"思念の　力を\n額に　集めて　攻撃する。\n相手を　ひるませることが　ある。","language":{"name":"ja","url":"https://pokeapi.co/api/v2/language/11/"},"version_group":{"name":"x-y","url":"https://pokeapi.co/api/v2/version-group/15/"}},{"flavor_text":"しねんの　ちからを\nひたいに　あつめて　こうげきする。\nあいてを　ひるませる　ことが　ある。","language":{"name":"ja-Hrkt","url":"https://pokeapi.co/api/v2/language/1/"},"version_group":{"name":"omega-ruby-alpha-sapphire","url":"https://pokeapi.co/api/v2/version-group/16/"}},{"flavor_text":"사념의 힘을\n이마에 모아서 공격한다.\n상대를 풀죽게 만들 때가 있다.","language":{"name":"ko","url":"https://pokeapi.co/api/v2/language/3/"},"version_group":{"name":"omega-ruby-alpha-sapphire","url":"https://pokeapi.co/api/v2/version-group/16/"}},{"flavor_text":"Le lanceur concentre sa volonté et donne un coup\nde tête. Peut aussi apeurer l’ennemi.","language":{"name":"fr","url":"https://pokeapi.co/api/v2/language/5/"},"version_group":{"name":"omega-ruby-alpha-sapphire","url":"https://pokeapi.co/api/v2/version-group/16/"}},{"flavor_text":"Anwender konzentriert seinen Willen und rammt\ndas Ziel. Dieses schreckt eventuell zurück.","language":{"name":"de","url":"https://pokeapi.co/api/v2/language/6/"},"version_group":{"name":"omega-ruby-alpha-sapphire","url":"https://pokeapi.co/api/v2/version-group/16/"}},{"flavor_text":"Concentra su energía psíquica en la cabeza para \ngolpear. Puede hacer que el objetivo retroceda.","language":{"name":"es","url":"https://pokeapi.co/api/v2/language/7/"},"version_group":{"name":"omega-ruby-alpha-sapphire","url":"https://pokeapi.co/api/v2/version-group/16/"}},{"flavor_text":"Chi la usa concentra la forza nella testa e si lancia\ncontro il bersaglio. Può anche farlo tentennare.","language":{"name":"it","url":"https://pokeapi.co/api/v2/language/8/"},"version_group":{"name":"omega-ruby-alpha-sapphire","url":"https://pokeapi.co/api/v2/version-group/16/"}},{"flavor_text":"The user focuses its willpower to its head\nand attacks the target.\nThis may also make the target flinch.","language":{"name":"en","url":"https://pokeapi.co/api/v2/language/9/"},"version_group":{"name":"omega-ruby-alpha-sapphire","url":"https://pokeapi.co/api/v2/version-group/16/"}},{"flavor_text":"思念の　力を\n額に　集めて　攻撃する。\n相手を　ひるませることが　ある。","language":{"name":"ja","url":"https://pokeapi.co/api/v2/language/11/"},"version_group":{"name":"omega-ruby-alpha-sapphire","url":"https://pokeapi.co/api/v2/version-group/16/"}},{"flavor_text":"しねんの　ちからを\nひたいに　あつめて　こうげきする。\nあいてを　ひるませる　ことが　ある。","language":{"name":"ja-Hrkt","url":"https://pokeapi.co/api/v2/language/1/"},"version_group":{"name":"sun-moon","url":"https://pokeapi.co/api/v2/version-group/17/"}},{"flavor_text":"사념의 힘을\n이마에 모아서 공격한다.\n상대를 풀죽게 만들 때가 있다.","language":{"name":"ko","url":"https://pokeapi.co/api/v2/language/3/"},"version_group":{"name":"sun-moon","url":"https://pokeapi.co/api/v2/version-group/17/"}},{"flavor_text":"將意念的力量集中在\n前額進行攻擊。\n有時會讓對手畏縮。","language":{"name":"zh-Hant","url":"https://pokeapi.co/api/v2/language/4/"},"version_group":{"name":"sun-moon","url":"https://pokeapi.co/api/v2/version-group/17/"}},{"flavor_text":"Le lanceur concentre sa volonté et donne un coup\nde tête. Peut aussi apeurer l’ennemi.","language":{"name":"fr","url":"https://pokeapi.co/api/v2/language/5/"},"version_group":{"name":"sun-moon","url":"https://pokeapi.co/api/v2/version-group/17/"}},{"flavor_text":"Anwender konzentriert seinen Willen und rammt das\nZiel. Dieses schreckt eventuell zurück.","language":{"name":"de","url":"https://pokeapi.co/api/v2/language/6/"},"version_group":{"name":"sun-moon","url":"https://pokeapi.co/api/v2/version-group/17/"}},{"flavor_text":"Concentra su energía psíquica en la cabeza para \ngolpear. Puede hacer que el objetivo retroceda.","language":{"name":"es","url":"https://pokeapi.co/api/v2/language/7/"},"version_group":{"name":"sun-moon","url":"https://pokeapi.co/api/v2/version-group/17/"}},{"flavor_text":"Chi la usa concentra la forza nella testa e si lancia\ncontro il bersaglio. Può anche farlo tentennare.","language":{"name":"it","url":"https://pokeapi.co/api/v2/language/8/"},"version_group":{"name":"sun-moon","url":"https://pokeapi.co/api/v2/version-group/17/"}},{"flavor_text":"The user focuses its willpower to its head and\nattacks the target. This may also make the\ntarget flinch.","language":{"name":"en","url":"https://pokeapi.co/api/v2/language/9/"},"version_group":{"name":"sun-moon","url":"https://pokeapi.co/api/v2/version-group/17/"}},{"flavor_text":"思念の　力を\n額に　集めて　攻撃する。\n相手を　ひるませることが　ある。","language":{"name":"ja","url":"https://pokeapi.co/api/v2/language/11/"},"version_group":{"name":"sun-moon","url":"https://pokeapi.co/api/v2/version-group/17/"}},{"flavor_text":"将思念的力量集中在\n前额进行攻击。\n有时会使对手畏缩。","language":{"name":"zh-Hans","url":"https://pokeapi.co/api/v2/language/12/"},"version_group":{"name":"sun-moon","url":"https://pokeapi.co/api/v2/version-group/17/"}},{"flavor_text":"しねんの　ちからを\nひたいに　あつめて　こうげきする。\nあいてを　ひるませる　ことが　ある。","language":{"name":"ja-Hrkt","url":"https://pokeapi.co/api/v2/language/1/"},"version_group":{"name":"ultra-sun-ultra-moon","url":"https://pokeapi.co/api/v2/version-group/18/"}},{"flavor_text":"사념의 힘을\n이마에 모아서 공격한다.\n상대를 풀죽게 만들 때가 있다.","language":{"name":"ko","url":"https://pokeapi.co/api/v2/language/3/"},"version_group":{"name":"ultra-sun-ultra-moon","url":"https://pokeapi.co/api/v2/version-group/18/"}},{"flavor_text":"將意念的力量集中在\n前額進行攻擊。\n有時會讓對手畏縮。","language":{"name":"zh-Hant","url":"https://pokeapi.co/api/v2/language/4/"},"version_group":{"name":"ultra-sun-ultra-moon","url":"https://pokeapi.co/api/v2/version-group/18/"}},{"flavor_text":"Le lanceur concentre sa volonté et donne un coup\nde tête. Peut aussi apeurer l’ennemi.","language":{"name":"fr","url":"https://pokeapi.co/api/v2/language/5/"},"version_group":{"name":"ultra-sun-ultra-moon","url":"https://pokeapi.co/api/v2/version-group/18/"}},{"flavor_text":"Anwender konzentriert seinen Willen und rammt das\nZiel. Dieses schreckt eventuell zurück.","language":{"name":"de","url":"https://pokeapi.co/api/v2/language/6/"},"version_group":{"name":"ultra-sun-ultra-moon","url":"https://pokeapi.co/api/v2/version-group/18/"}},{"flavor_text":"Concentra su energía psíquica en la cabeza para \ngolpear. Puede hacer que el objetivo retroceda.","language":{"name":"es","url":"https://pokeapi.co/api/v2/language/7/"},"version_group":{"name":"ultra-sun-ultra-moon","url":"https://pokeapi.co/api/v2/version-group/18/"}},{"flavor_text":"Chi la usa concentra la forza nella testa e si lancia\ncontro il bersaglio. Può anche farlo tentennare.","language":{"name":"it","url":"https://pokeapi.co/api/v2/language/8/"},"version_group":{"name":"ultra-sun-ultra-moon","url":"https://pokeapi.co/api/v2/version-group/18/"}},{"flavor_text":"The user focuses its willpower to its head and\nattacks the target. This may also make the\ntarget flinch.","language":{"name":"en","url":"https://pokeapi.co/api/v2/language/9/"},"version_group":{"name":"ultra-sun-ultra-moon","url":"https://pokeapi.co/api/v2/version-group/18/"}},{"flavor_text":"思念の　力を\n額に　集めて　攻撃する。\n相手を　ひるませることが　ある。","language":{"name":"ja","url":"https://pokeapi.co/api/v2/language/11/"},"version_group":{"name":"ultra-sun-ultra-moon","url":"https://pokeapi.co/api/v2/version-group/18/"}},{"flavor_text":"将思念的力量集中在\n前额进行攻击。\n有时会使对手畏缩。","language":{"name":"zh-Hans","url":"https://pokeapi.co/api/v2/language/12/"},"version_group":{"name":"ultra-sun-ultra-moon","url":"https://pokeapi.co/api/v2/version-group/18/"}},{"flavor_text":"しねんの　ちからを\nひたいに　あつめて　こうげきする。\nあいてを　ひるませる　ことが　ある。","language":{"name":"ja-Hrkt","url":"https://pokeapi.co/api/v2/language/1/"},"version_group":{"name":"lets-go-pikachu-lets-go-eevee","url":"https://pokeapi.co/api/v2/version-group/19/"}},{"flavor_text":"사념의 힘을\n이마에 모아서 공격한다.\n상대를 풀죽게 만들 때가 있다.","language":{"name":"ko","url":"https://pokeapi.co/api/v2/language/3/"},"version_group":{"name":"lets-go-pikachu-lets-go-eevee","url":"https://pokeapi.co/api/v2/version-group/19/"}},{"flavor_text":"將意念的力量集中在\n前額進行攻擊。\n有時會讓對手畏縮。","language":{"name":"zh-Hant","url":"https://pokeapi.co/api/v2/language/4/"},"version_group":{"name":"lets-go-pikachu-lets-go-eevee","url":"https://pokeapi.co/api/v2/version-group/19/"}},{"flavor_text":"Le lanceur concentre sa volonté et donne un coup de tête.\nPeut aussi apeurer l’ennemi.","language":{"name":"fr","url":"https://pokeapi.co/api/v2/language/5/"},"version_group":{"name":"lets-go-pikachu-lets-go-eevee","url":"https://pokeapi.co/api/v2/version-group/19/"}},{"flavor_text":"Anwender konzentriert seinen Willen und rammt das\nZiel. Dieses schreckt eventuell zurück.","language":{"name":"de","url":"https://pokeapi.co/api/v2/language/6/"},"version_group":{"name":"lets-go-pikachu-lets-go-eevee","url":"https://pokeapi.co/api/v2/version-group/19/"}},{"flavor_text":"Concentra su energía psíquica en la cabeza para \ngolpear. Puede hacer que el objetivo retroceda.","language":{"name":"es","url":"https://pokeapi.co/api/v2/language/7/"},"version_group":{"name":"lets-go-pikachu-lets-go-eevee","url":"https://pokeapi.co/api/v2/version-group/19/"}},{"flavor_text":"Chi la usa concentra le energie psichiche nella testa e si\nlancia contro il bersaglio. Può anche farlo tentennare.","language":{"name":"it","url":"https://pokeapi.co/api/v2/language/8/"},"version_group":{"name":"lets-go-pikachu-lets-go-eevee","url":"https://pokeapi.co/api/v2/version-group/19/"}},{"flavor_text":"The user focuses its willpower to its head and\nattacks the target. This may also make the\ntarget flinch.","language":{"name":"en","url":"https://pokeapi.co/api/v2/language/9/"},"version_group":{"name":"lets-go-pikachu-lets-go-eevee","url":"https://pokeapi.co/api/v2/version-group/19/"}},{"flavor_text":"思念の　力を\n額に　集めて　攻撃する。\n相手を　ひるませることが　ある。","language":{"name":"ja","url":"https://pokeapi.co/api/v2/language/11/"},"version_group":{"name":"lets-go-pikachu-lets-go-eevee","url":"https://pokeapi.co/api/v2/version-group/19/"}},{"flavor_text":"将思念的力量集中在\n前额进行攻击。\n有时会使对手畏缩。","language":{"name":"zh-Hans","url":"https://pokeapi.co/api/v2/language/12/"},"version_group":{"name":"lets-go-pikachu-lets-go-eevee","url":"https://pokeapi.co/api/v2/version-group/19/"}},{"flavor_text":"しねんの　ちからを\nひたいに　あつめて　こうげきする。\nあいてを　ひるませる　ことが　ある。","language":{"name":"ja-Hrkt","url":"https://pokeapi.co/api/v2/language/1/"},"version_group":{"name":"sword-shield","url":"https://pokeapi.co/api/v2/version-group/20/"}},{"flavor_text":"사념의 힘을\n이마에 모아서 공격한다.\n상대를 풀죽게 만들 때가 있다.","language":{"name":"ko","url":"https://pokeapi.co/api/v2/language/3/"},"version_group":{"name":"sword-shield","url":"https://pokeapi.co/api/v2/version-group/20/"}},{"flavor_text":"將意念的力量集中在\n前額進行攻擊。\n有時會讓對手畏縮。","language":{"name":"zh-Hant","url":"https://pokeapi.co/api/v2/language/4/"},"version_group":{"name":"sword-shield","url":"https://pokeapi.co/api/v2/version-group/20/"}},{"flavor_text":"Le lanceur concentre sa volonté et donne\nun coup de tête. Peut aussi apeurer l’ennemi.","language":{"name":"fr","url":"https://pokeapi.co/api/v2/language/5/"},"version_group":{"name":"sword-shield","url":"https://pokeapi.co/api/v2/version-group/20/"}},{"flavor_text":"Anwender konzentriert seinen Willen und rammt das\nZiel. Dieses schreckt eventuell zurück.","language":{"name":"de","url":"https://pokeapi.co/api/v2/language/6/"},"version_group":{"name":"sword-shield","url":"https://pokeapi.co/api/v2/version-group/20/"}},{"flavor_text":"Concentra su energía psíquica en la cabeza para\ngolpear. Puede hacer que el objetivo se amedrente.","language":{"name":"es","url":"https://pokeapi.co/api/v2/language/7/"},"version_group":{"name":"sword-shield","url":"https://pokeapi.co/api/v2/version-group/20/"}},{"flavor_text":"Chi la usa concentra le energie psichiche nella testa e si\nlancia contro il bersaglio. Può anche farlo tentennare.","language":{"name":"it","url":"https://pokeapi.co/api/v2/language/8/"},"version_group":{"name":"sword-shield","url":"https://pokeapi.co/api/v2/version-group/20/"}},{"flavor_text":"The user focuses its willpower to its head and\nattacks the target. This may also make the\ntarget flinch.","language":{"name":"en","url":"https://pokeapi.co/api/v2/language/9/"},"version_group":{"name":"sword-shield","url":"https://pokeapi.co/api/v2/version-group/20/"}},{"flavor_text":"思念の　力を\n額に　集めて　攻撃する。\n相手を　ひるませることが　ある。","language":{"name":"ja","url":"https://pokeapi.co/api/v2/language/11/"},"version_group":{"name":"sword-shield","url":"https://pokeapi.co/api/v2/version-group/20/"}},{"flavor_text":"将思念的力量集中在\n前额进行攻击。\n有时会使对手畏缩。","language":{"name":"zh-Hans","url":"https://pokeapi.co/api/v2/language/12/"},"version_group":{"name":"sword-shield","url":"https://pokeapi.co/api/v2/version-group/20/"}}],"generation":{"name":"generation-iv","url":"https://pokeapi.co/api/v2/generation/4/"},"id":428,"learned_by_pokemon":[{"name":"squirtle","url":"https://pokeapi.co/api/v2/pokemon/7/"},{"name":"wartortle","url":"https://pokeapi.co/api/v2/pokemon/8/"},{"name":"blastoise","url":"https://pokeapi.co/api/v2/pokemon/9/"},{"name":"rattata","url":"https://pokeapi.co/api/v2/pokemon/19/"},{"name":"raticate","url":"https://pokeapi.co/api/v2/pokemon/20/"},{"name":"clefairy","url":"https://pokeapi.co/api/v2/pokemon/35/"},{"name":"clefable","url":"https://pokeapi.co/api/v2/pokemon/36/"},{"name":"vulpix","url":"https://pokeapi.co/api/v2/pokemon/37/"},{"name":"ninetales","url":"https://pokeapi.co/api/v2/pokemon/38/"},{"name":"jigglypuff","url":"https://pokeapi.co/api/v2/pokemon/39/"},{"name":"wigglytuff","url":"https://pokeapi.co/api/v2/pokemon/40/"},{"name":"zubat","url":"https://pokeapi.co/api/v2/pokemon/41/"},{"name":"golbat","url":"https://pokeapi.co/api/v2/pokemon/42/"},{"name":"venonat","url":"https://pokeapi.co/api/v2/pokemon/48/"},{"name":"venomoth","url":"https://pokeapi.co/api/v2/pokemon/49/"},{"name":"psyduck","url":"https://pokeapi.co/api/v2/pokemon/54/"},{"name":"golduck","url":"https://pokeapi.co/api/v2/pokemon/55/"},{"name":"abra","url":"https://pokeapi.co/api/v2/pokemon/63/"},{"name":"kadabra","url":"https://pokeapi.co/api/v2/pokemon/64/"},{"name":"alakazam","url":"https://pokeapi.co/api/v2/pokemon/65/"},{"name":"slowpoke","url":"https://pokeapi.co/api/v2/pokemon/79/"},{"name":"slowbro","url":"https://pokeapi.co/api/v2/pokemon/80/"},{"name":"grimer","url":"https://pokeapi.co/api/v2/pokemon/88/"},{"name":"muk","url":"https://pokeapi.co/api/v2/pokemon/89/"},{"name":"drowzee","url":"https://pokeapi.co/api/v2/pokemon/96/"},{"name":"hypno","url":"https://pokeapi.co/api/v2/pokemon/97/"},{"name":"exeggutor","url":"https://pokeapi.co/api/v2/pokemon/103/"},{"name":"lickitung","url":"https://pokeapi.co/api/v2/pokemon/108/"},{"name":"chansey","url":"https://pokeapi.co/api/v2/pokemon/113/"},{"name":"mr-mime","url":"https://pokeapi.co/api/v2/pokemon/122/"},{"name":"jynx","url":"https://pokeapi.co/api/v2/pokemon/124/"},{"name":"tauros","url":"https://pokeapi.co/api/v2/pokemon/128/"},{"name":"lapras","url":"https://pokeapi.co/api/v2/pokemon/131/"},{"name":"porygon","url":"https://pokeapi.co/api/v2/pokemon/137/"},{"name":"snorlax","url":"https://pokeapi.co/api/v2/pokemon/143/"},{"name":"mewtwo","url":"https://pokeapi.co/api/v2/pokemon/150/"},{"name":"mew","url":"https://pokeapi.co/api/v2/pokemon/151/"},{"name":"cyndaquil","url":"https://pokeapi.co/api/v2/pokemon/155/"},{"name":"quilava","url":"https://pokeapi.co/api/v2/pokemon/156/"},{"name":"typhlosion","url":"https://pokeapi.co/api/v2/pokemon/157/"},{"name":"hoothoot","url":"https://pokeapi.co/api/v2/pokemon/163/"},{"name":"noctowl","url":"https://pokeapi.co/api/v2/pokemon/164/"},{"name":"crobat","url":"https://pokeapi.co/api/v2/pokemon/169/"},{"name":"cleffa","url":"https://pokeapi.co/api/v2/pokemon/173/"},{"name":"togepi","url":"https://pokeapi.co/api/v2/pokemon/175/"},{"name":"togetic","url":"https://pokeapi.co/api/v2/pokemon/176/"},{"name":"natu","url":"https://pokeapi.co/api/v2/pokemon/177/"},{"name":"xatu","url":"https://pokeapi.co/api/v2/pokemon/178/"},{"name":"espeon","url":"https://pokeapi.co/api/v2/pokemon/196/"},{"name":"slowking","url":"https://pokeapi.co/api/v2/pokemon/199/"},{"name":"girafarig","url":"https://pokeapi.co/api/v2/pokemon/203/"},{"name":"dunsparce","url":"https://pokeapi.co/api/v2/pokemon/206/"},{"name":"porygon2","url":"https://pokeapi.co/api/v2/pokemon/233/"},{"name":"stantler","url":"https://pokeapi.co/api/v2/pokemon/234/"},{"name":"smoochum","url":"https://pokeapi.co/api/v2/pokemon/238/"},{"name":"miltank","url":"https://pokeapi.co/api/v2/pokemon/241/"},{"name":"blissey","url":"https://pokeapi.co/api/v2/pokemon/242/"},{"name":"lugia","url":"https://pokeapi.co/api/v2/pokemon/249/"},{"name":"ho-oh","url":"https://pokeapi.co/api/v2/pokemon/250/"},{"name":"celebi","url":"https://pokeapi.co/api/v2/pokemon/251/"},{"name":"lotad","url":"https://pokeapi.co/api/v2/pokemon/270/"},{"name":"lombre","url":"https://pokeapi.co/api/v2/pokemon/271/"},{"name":"ludicolo","url":"https://pokeapi.co/api/v2/pokemon/272/"},{"name":"ralts","url":"https://pokeapi.co/api/v2/pokemon/280/"},{"name":"kirlia","url":"https://pokeapi.co/api/v2/pokemon/281/"},{"name":"gardevoir","url":"https://pokeapi.co/api/v2/pokemon/282/"},{"name":"shroomish","url":"https://pokeapi.co/api/v2/pokemon/285/"},{"name":"breloom","url":"https://pokeapi.co/api/v2/pokemon/286/"},{"name":"slakoth","url":"https://pokeapi.co/api/v2/pokemon/287/"},{"name":"vigoroth","url":"https://pokeapi.co/api/v2/pokemon/288/"},{"name":"slaking","url":"https://pokeapi.co/api/v2/pokemon/289/"},{"name":"whismur","url":"https://pokeapi.co/api/v2/pokemon/293/"},{"name":"loudred","url":"https://pokeapi.co/api/v2/pokemon/294/"},{"name":"exploud","url":"https://pokeapi.co/api/v2/pokemon/295/"},{"name":"makuhita","url":"https://pokeapi.co/api/v2/pokemon/296/"},{"name":"hariyama","url":"https://pokeapi.co/api/v2/pokemon/297/"},{"name":"skitty","url":"https://pokeapi.co/api/v2/pokemon/300/"},{"name":"delcatty","url":"https://pokeapi.co/api/v2/pokemon/301/"},{"name":"sableye","url":"https://pokeapi.co/api/v2/pokemon/302/"},{"name":"meditite","url":"https://pokeapi.co/api/v2/pokemon/307/"},{"name":"medicham","url":"https://pokeapi.co/api/v2/pokemon/308/"},{"name":"volbeat","url":"https://pokeapi.co/api/v2/pokemon/313/"},{"name":"illumise","url":"https://pokeapi.co/api/v2/pokemon/314/"},{"name":"swalot","url":"https://pokeapi.co/api/v2/pokemon/317/"},{"name":"carvanha","url":"https://pokeapi.co/api/v2/pokemon/318/"},{"name":"sharpedo","url":"https://pokeapi.co/api/v2/pokemon/319/"},{"name":"wailmer","url":"https://pokeapi.co/api/v2/pokemon/320/"},{"name":"wailord","url":"https://pokeapi.co/api/v2/pokemon/321/"},{"name":"numel","url":"https://pokeapi.co/api/v2/pokemon/322/"},{"name":"camerupt","url":"https://pokeapi.co/api/v2/pokemon/323/"},{"name":"torkoal","url":"https://pokeapi.co/api/v2/pokemon/324/"},{"name":"spoink","url":"https://pokeapi.co/api/v2/pokemon/325/"},{"name":"grumpig","url":"https://pokeapi.co/api/v2/pokemon/326/"},{"name":"spinda","url":"https://pokeapi.co/api/v2/pokemon/327/"},{"name":"cacturne","url":"https://pokeapi.co/api/v2/pokemon/332/"},{"name":"zangoose","url":"https://pokeapi.co/api/v2/pokemon/335/"},{"name":"seviper","url":"https://pokeapi.co/api/v2/pokemon/336/"},{"name":"lunatone","url":"https://pokeapi.co/api/v2/pokemon/337/"},{"name":"solrock","url":"https://pokeapi.co/api/v2/pokemon/338/"},{"name":"barboach","url":"https://pokeapi.co/api/v2/pokemon/339/"},{"name":"whiscash","url":"https://pokeapi.co/api/v2/pokemon/340/"},{"name":"baltoy","url":"https://pokeapi.co/api/v2/pokemon/343/"},{"name":"claydol","url":"https://pokeapi.co/api/v2/pokemon/344/"},{"name":"tropius","url":"https://pokeapi.co/api/v2/pokemon/357/"},{"name":"chimecho","url":"https://pokeapi.co/api/v2/pokemon/358/"},{"name":"absol","url":"https://pokeapi.co/api/v2/pokemon/359/"},{"name":"relicanth","url":"https://pokeapi.co/api/v2/pokemon/369/"},{"name":"bagon","url":"https://pokeapi.co/api/v2/pokemon/371/"},{"name":"shelgon","url":"https://pokeapi.co/api/v2/pokemon/372/"},{"name":"salamence","url":"https://pokeapi.co/api/v2/pokemon/373/"},{"name":"beldum","url":"https://pokeapi.co/api/v2/pokemon/374/"},{"name":"metang","url":"https://pokeapi.co/api/v2/pokemon/375/"},{"name":"metagross","url":"https://pokeapi.co/api/v2/pokemon/376/"},{"name":"latias","url":"https://pokeapi.co/api/v2/pokemon/380/"},{"name":"latios","url":"https://pokeapi.co/api/v2/pokemon/381/"},{"name":"groudon","url":"https://pokeapi.co/api/v2/pokemon/383/"},{"name":"jirachi","url":"https://pokeapi.co/api/v2/pokemon/385/"},{"name":"deoxys-normal","url":"https://pokeapi.co/api/v2/pokemon/386/"},{"name":"cranidos","url":"https://pokeapi.co/api/v2/pokemon/408/"},{"name":"rampardos","url":"https://pokeapi.co/api/v2/pokemon/409/"},{"name":"chingling","url":"https://pokeapi.co/api/v2/pokemon/433/"},{"name":"bronzor","url":"https://pokeapi.co/api/v2/pokemon/436/"},{"name":"bronzong","url":"https://pokeapi.co/api/v2/pokemon/437/"},{"name":"happiny","url":"https://pokeapi.co/api/v2/pokemon/440/"},{"name":"munchlax","url":"https://pokeapi.co/api/v2/pokemon/446/"},{"name":"riolu","url":"https://pokeapi.co/api/v2/pokemon/447/"},{"name":"lucario","url":"https://pokeapi.co/api/v2/pokemon/448/"},{"name":"lickilicky","url":"https://pokeapi.co/api/v2/pokemon/463/"},{"name":"togekiss","url":"https://pokeapi.co/api/v2/pokemon/468/"},{"name":"porygon-z","url":"https://pokeapi.co/api/v2/pokemon/474/"},{"name":"gallade","url":"https://pokeapi.co/api/v2/pokemon/475/"},{"name":"uxie","url":"https://pokeapi.co/api/v2/pokemon/480/"},{"name":"mesprit","url":"https://pokeapi.co/api/v2/pokemon/481/"},{"name":"azelf","url":"https://pokeapi.co/api/v2/pokemon/482/"},{"name":"regigigas","url":"https://pokeapi.co/api/v2/pokemon/486/"},{"name":"cresselia","url":"https://pokeapi.co/api/v2/pokemon/488/"},{"name":"shaymin-land","url":"https://pokeapi.co/api/v2/pokemon/492/"},{"name":"arceus","url":"https://pokeapi.co/api/v2/pokemon/493/"},{"name":"victini","url":"https://pokeapi.co/api/v2/pokemon/494/"},{"name":"tepig","url":"https://pokeapi.co/api/v2/pokemon/498/"},{"name":"pignite","url":"https://pokeapi.co/api/v2/pokemon/499/"},{"name":"emboar","url":"https://pokeapi.co/api/v2/pokemon/500/"},{"name":"patrat","url":"https://pokeapi.co/api/v2/pokemon/504/"},{"name":"watchog","url":"https://pokeapi.co/api/v2/pokemon/505/"},{"name":"munna","url":"https://pokeapi.co/api/v2/pokemon/517/"},{"name":"musharna","url":"https://pokeapi.co/api/v2/pokemon/518/"},{"name":"woobat","url":"https://pokeapi.co/api/v2/pokemon/527/"},{"name":"swoobat","url":"https://pokeapi.co/api/v2/pokemon/528/"},{"name":"audino","url":"https://pokeapi.co/api/v2/pokemon/531/"},{"name":"throh","url":"https://pokeapi.co/api/v2/pokemon/538/"},{"name":"sawk","url":"https://pokeapi.co/api/v2/pokemon/539/"},{"name":"basculin-red-striped","url":"https://pokeapi.co/api/v2/pokemon/550/"},{"name":"darumaka","url":"https://pokeapi.co/api/v2/pokemon/554/"},{"name":"darmanitan-standard","url":"https://pokeapi.co/api/v2/pokemon/555/"},{"name":"scraggy","url":"https://pokeapi.co/api/v2/pokemon/559/"},{"name":"scrafty","url":"https://pokeapi.co/api/v2/pokemon/560/"},{"name":"sigilyph","url":"https://pokeapi.co/api/v2/pokemon/561/"},{"name":"yamask","url":"https://pokeapi.co/api/v2/pokemon/562/"},{"name":"cofagrigus","url":"https://pokeapi.co/api/v2/pokemon/563/"},{"name":"tirtouga","url":"https://pokeapi.co/api/v2/pokemon/564/"},{"name":"carracosta","url":"https://pokeapi.co/api/v2/pokemon/565/"},{"name":"archen","url":"https://pokeapi.co/api/v2/pokemon/566/"},{"name":"archeops","url":"https://pokeapi.co/api/v2/pokemon/567/"},{"name":"gothita","url":"https://pokeapi.co/api/v2/pokemon/574/"},{"name":"gothorita","url":"https://pokeapi.co/api/v2/pokemon/575/"},{"name":"gothitelle","url":"https://pokeapi.co/api/v2/pokemon/576/"},{"name":"solosis","url":"https://pokeapi.co/api/v2/pokemon/577/"},{"name":"duosion","url":"https://pokeapi.co/api/v2/pokemon/578/"},{"name":"reuniclus","url":"https://pokeapi.co/api/v2/pokemon/579/"},{"name":"deerling","url":"https://pokeapi.co/api/v2/pokemon/585/"},{"name":"sawsbuck","url":"https://pokeapi.co/api/v2/pokemon/586/"},{"name":"alomomola","url":"https://pokeapi.co/api/v2/pokemon/594/"},{"name":"eelektross","url":"https://pokeapi.co/api/v2/pokemon/604/"},{"name":"elgyem","url":"https://pokeapi.co/api/v2/pokemon/605/"},{"name":"beheeyem","url":"https://pokeapi.co/api/v2/pokemon/606/"},{"name":"golurk","url":"https://pokeapi.co/api/v2/pokemon/623/"},{"name":"bouffalant","url":"https://pokeapi.co/api/v2/pokemon/626/"},{"name":"rufflet","url":"https://pokeapi.co/api/v2/pokemon/627/"},{"name":"braviary","url":"https://pokeapi.co/api/v2/pokemon/628/"},{"name":"deino","url":"https://pokeapi.co/api/v2/pokemon/633/"},{"name":"zweilous","url":"https://pokeapi.co/api/v2/pokemon/634/"},{"name":"hydreigon","url":"https://pokeapi.co/api/v2/pokemon/635/"},{"name":"larvesta","url":"https://pokeapi.co/api/v2/pokemon/636/"},{"name":"volcarona","url":"https://pokeapi.co/api/v2/pokemon/637/"},{"name":"cobalion","url":"https://pokeapi.co/api/v2/pokemon/638/"},{"name":"terrakion","url":"https://pokeapi.co/api/v2/pokemon/639/"},{"name":"virizion","url":"https://pokeapi.co/api/v2/pokemon/640/"},{"name":"thundurus-incarnate","url":"https://pokeapi.co/api/v2/pokemon/642/"},{"name":"reshiram","url":"https://pokeapi.co/api/v2/pokemon/643/"},{"name":"zekrom","url":"https://pokeapi.co/api/v2/pokemon/644/"},{"name":"kyurem","url":"https://pokeapi.co/api/v2/pokemon/646/"},{"name":"meloetta-aria","url":"https://pokeapi.co/api/v2/pokemon/648/"},{"name":"genesect","url":"https://pokeapi.co/api/v2/pokemon/649/"},{"name":"chespin","url":"https://pokeapi.co/api/v2/pokemon/650/"},{"name":"quilladin","url":"https://pokeapi.co/api/v2/pokemon/651/"},{"name":"chesnaught","url":"https://pokeapi.co/api/v2/pokemon/652/"},{"name":"braixen","url":"https://pokeapi.co/api/v2/pokemon/654/"},{"name":"delphox","url":"https://pokeapi.co/api/v2/pokemon/655/"},{"name":"skiddo","url":"https://pokeapi.co/api/v2/pokemon/672/"},{"name":"gogoat","url":"https://pokeapi.co/api/v2/pokemon/673/"},{"name":"pancham","url":"https://pokeapi.co/api/v2/pokemon/674/"},{"name":"pangoro","url":"https://pokeapi.co/api/v2/pokemon/675/"},{"name":"furfrou","url":"https://pokeapi.co/api/v2/pokemon/676/"},{"name":"espurr","url":"https://pokeapi.co/api/v2/pokemon/677/"},{"name":"meowstic-male","url":"https://pokeapi.co/api/v2/pokemon/678/"},{"name":"tyrunt","url":"https://pokeapi.co/api/v2/pokemon/696/"},{"name":"tyrantrum","url":"https://pokeapi.co/api/v2/pokemon/697/"},{"name":"amaura","url":"https://pokeapi.co/api/v2/pokemon/698/"},{"name":"aurorus","url":"https://pokeapi.co/api/v2/pokemon/699/"},{"name":"hawlucha","url":"https://pokeapi.co/api/v2/pokemon/701/"},{"name":"xerneas","url":"https://pokeapi.co/api/v2/pokemon/716/"},{"name":"yveltal","url":"https://pokeapi.co/api/v2/pokemon/717/"},{"name":"zygarde-50","url":"https://pokeapi.co/api/v2/pokemon/718/"},{"name":"hoopa","url":"https://pokeapi.co/api/v2/pokemon/720/"},{"name":"yungoos","url":"https://pokeapi.co/api/v2/pokemon/734/"},{"name":"gumshoos","url":"https://pokeapi.co/api/v2/pokemon/735/"},{"name":"crabrawler","url":"https://pokeapi.co/api/v2/pokemon/739/"},{"name":"crabominable","url":"https://pokeapi.co/api/v2/pokemon/740/"},{"name":"rockruff","url":"https://pokeapi.co/api/v2/pokemon/744/"},{"name":"lycanroc-midday","url":"https://pokeapi.co/api/v2/pokemon/745/"},{"name":"stufful","url":"https://pokeapi.co/api/v2/pokemon/759/"},{"name":"bewear","url":"https://pokeapi.co/api/v2/pokemon/760/"},{"name":"bounsweet","url":"https://pokeapi.co/api/v2/pokemon/761/"},{"name":"steenee","url":"https://pokeapi.co/api/v2/pokemon/762/"},{"name":"tsareena","url":"https://pokeapi.co/api/v2/pokemon/763/"},{"name":"oranguru","url":"https://pokeapi.co/api/v2/pokemon/765/"},{"name":"silvally","url":"https://pokeapi.co/api/v2/pokemon/773/"},{"name":"minior-red-meteor","url":"https://pokeapi.co/api/v2/pokemon/774/"},{"name":"komala","url":"https://pokeapi.co/api/v2/pokemon/775/"},{"name":"togedemaru","url":"https://pokeapi.co/api/v2/pokemon/777/"},{"name":"tapu-bulu","url":"https://pokeapi.co/api/v2/pokemon/787/"},{"name":"solgaleo","url":"https://pokeapi.co/api/v2/pokemon/791/"},{"name":"nihilego","url":"https://pokeapi.co/api/v2/pokemon/793/"},{"name":"celesteela","url":"https://pokeapi.co/api/v2/pokemon/797/"},{"name":"magearna","url":"https://pokeapi.co/api/v2/pokemon/801/"},{"name":"marshadow","url":"https://pokeapi.co/api/v2/pokemon/802/"},{"name":"stakataka","url":"https://pokeapi.co/api/v2/pokemon/805/"},{"name":"blacephalon","url":"https://pokeapi.co/api/v2/pokemon/806/"},{"name":"cinderace","url":"https://pokeapi.co/api/v2/pokemon/815/"},{"name":"dottler","url":"https://pokeapi.co/api/v2/pokemon/825/"},{"name":"orbeetle","url":"https://pokeapi.co/api/v2/pokemon/826/"},{"name":"dubwool","url":"https://pokeapi.co/api/v2/pokemon/832/"},{"name":"appletun","url":"https://pokeapi.co/api/v2/pokemon/842/"},{"name":"sandaconda","url":"https://pokeapi.co/api/v2/pokemon/844/"},{"name":"mr-rime","url":"https://pokeapi.co/api/v2/pokemon/866/"},{"name":"runerigus","url":"https://pokeapi.co/api/v2/pokemon/867/"},{"name":"falinks","url":"https://pokeapi.co/api/v2/pokemon/870/"},{"name":"eiscue-ice","url":"https://pokeapi.co/api/v2/pokemon/875/"},{"name":"indeedee-male","url":"https://pokeapi.co/api/v2/pokemon/876/"},{"name":"cufant","url":"https://pokeapi.co/api/v2/pokemon/878/"},{"name":"copperajah","url":"https://pokeapi.co/api/v2/pokemon/879/"},{"name":"dracovish","url":"https://pokeapi.co/api/v2/pokemon/882/"},{"name":"arctovish","url":"https://pokeapi.co/api/v2/pokemon/883/"},{"name":"kubfu","url":"https://pokeapi.co/api/v2/pokemon/891/"},{"name":"urshifu-single-strike","url":"https://pokeapi.co/api/v2/pokemon/892/"},{"name":"glastrier","url":"https://pokeapi.co/api/v2/pokemon/896/"},{"name":"calyrex","url":"https://pokeapi.co/api/v2/pokemon/898/"},{"name":"wyrdeer","url":"https://pokeapi.co/api/v2/pokemon/899/"},{"name":"enamorus-incarnate","url":"https://pokeapi.co/api/v2/pokemon/905/"},{"name":"fuecoco","url":"https://pokeapi.co/api/v2/pokemon/909/"},{"name":"crocalor","url":"https://pokeapi.co/api/v2/pokemon/910/"},{"name":"skeledirge","url":"https://pokeapi.co/api/v2/pokemon/911/"},{"name":"lechonk","url":"https://pokeapi.co/api/v2/pokemon/915/"},{"name":"oinkologne","url":"https://pokeapi.co/api/v2/pokemon/916/"},{"name":"nacli","url":"https://pokeapi.co/api/v2/pokemon/932/"},{"name":"naclstack","url":"https://pokeapi.co/api/v2/pokemon/933/"},{"name":"garganacl","url":"https://pokeapi.co/api/v2/pokemon/934/"},{"name":"capsakid","url":"https://pokeapi.co/api/v2/pokemon/951/"},{"name":"scovillain","url":"https://pokeapi.co/api/v2/pokemon/952/"},{"name":"rabsca","url":"https://pokeapi.co/api/v2/pokemon/954/"},{"name":"flittle","url":"https://pokeapi.co/api/v2/pokemon/955/"},{"name":"espathra","url":"https://pokeapi.co/api/v2/pokemon/956/"},{"name":"finizen","url":"https://pokeapi.co/api/v2/pokemon/963/"},{"name":"palafin","url":"https://pokeapi.co/api/v2/pokemon/964/"},{"name":"varoom","url":"https://pokeapi.co/api/v2/pokemon/965/"},{"name":"revavroom","url":"https://pokeapi.co/api/v2/pokemon/966/"},{"name":"veluza","url":"https://pokeapi.co/api/v2/pokemon/976/"},{"name":"dondozo","url":"https://pokeapi.co/api/v2/pokemon/977/"},{"name":"clodsire","url":"https://pokeapi.co/api/v2/pokemon/980/"},{"name":"farigiraf","url":"https://pokeapi.co/api/v2/pokemon/981/"},{"name":"dudunsparce","url":"https://pokeapi.co/api/v2/pokemon/982/"},{"name":"kingambit","url":"https://pokeapi.co/api/v2/pokemon/983/"},{"name":"great-tusk","url":"https://pokeapi.co/api/v2/pokemon/984/"},{"name":"scream-tail","url":"https://pokeapi.co/api/v2/pokemon/985/"},{"name":"brute-bonnet","url":"https://pokeapi.co/api/v2/pokemon/986/"},{"name":"slither-wing","url":"https://pokeapi.co/api/v2/pokemon/988/"},{"name":"iron-treads","url":"https://pokeapi.co/api/v2/pokemon/990/"},{"name":"iron-jugulis","url":"https://pokeapi.co/api/v2/pokemon/993/"},{"name":"baxcalibur","url":"https://pokeapi.co/api/v2/pokemon/998/"},{"name":"wo-chien","url":"https://pokeapi.co/api/v2/pokemon/1001/"},{"name":"ting-lu","url":"https://pokeapi.co/api/v2/pokemon/1003/"},{"name":"chi-yu","url":"https://pokeapi.co/api/v2/pokemon/1004/"},{"name":"roaring-moon","url":"https://pokeapi.co/api/v2/pokemon/1005/"},{"name":"iron-valiant","url":"https://pokeapi.co/api/v2/pokemon/1006/"},{"name":"koraidon","url":"https://pokeapi.co/api/v2/pokemon/1007/"},{"name":"miraidon","url":"https://pokeapi.co/api/v2/pokemon/1008/"},{"name":"deoxys-attack","url":"https://pokeapi.co/api/v2/pokemon/10001/"},{"name":"deoxys-defense","url":"https://pokeapi.co/api/v2/pokemon/10002/"},{"name":"deoxys-speed","url":"https://pokeapi.co/api/v2/pokemon/10003/"},{"name":"shaymin-sky","url":"https://pokeapi.co/api/v2/pokemon/10006/"},{"name":"basculin-blue-striped","url":"https://pokeapi.co/api/v2/pokemon/10016/"},{"name":"darmanitan-zen","url":"https://pokeapi.co/api/v2/pokemon/10017/"},{"name":"meloetta-pirouette","url":"https://pokeapi.co/api/v2/pokemon/10018/"},{"name":"thundurus-therian","url":"https://pokeapi.co/api/v2/pokemon/10020/"},{"name":"kyurem-black","url":"https://pokeapi.co/api/v2/pokemon/10022/"},{"name":"kyurem-white","url":"https://pokeapi.co/api/v2/pokemon/10023/"},{"name":"meowstic-female","url":"https://pokeapi.co/api/v2/pokemon/10025/"},{"name":"blastoise-mega","url":"https://pokeapi.co/api/v2/pokemon/10036/"},{"name":"alakazam-mega","url":"https://pokeapi.co/api/v2/pokemon/10037/"},{"name":"mewtwo-mega-x","url":"https://pokeapi.co/api/v2/pokemon/10043/"},{"name":"mewtwo-mega-y","url":"https://pokeapi.co/api/v2/pokemon/10044/"},{"name":"gardevoir-mega","url":"https://pokeapi.co/api/v2/pokemon/10051/"},{"name":"medicham-mega","url":"https://pokeapi.co/api/v2/pokemon/10054/"},{"name":"absol-mega","url":"https://pokeapi.co/api/v2/pokemon/10057/"},{"name":"lucario-mega","url":"https://pokeapi.co/api/v2/pokemon/10059/"},{"name":"latias-mega","url":"https://pokeapi.co/api/v2/pokemon/10062/"},{"name":"latios-mega","url":"https://pokeapi.co/api/v2/pokemon/10063/"},{"name":"sableye-mega","url":"https://pokeapi.co/api/v2/pokemon/10066/"},{"name":"gallade-mega","url":"https://pokeapi.co/api/v2/pokemon/10068/"},{"name":"audino-mega","url":"https://pokeapi.co/api/v2/pokemon/10069/"},{"name":"sharpedo-mega","url":"https://pokeapi.co/api/v2/pokemon/10070/"},{"name":"slowbro-mega","url":"https://pokeapi.co/api/v2/pokemon/10071/"},{"name":"metagross-mega","url":"https://pokeapi.co/api/v2/pokemon/10076/"},{"name":"hoopa-unbound","url":"https://pokeapi.co/api/v2/pokemon/10086/"},{"name":"salamence-mega","url":"https://pokeapi.co/api/v2/pokemon/10089/"},{"name":"rattata-alola","url":"https://pokeapi.co/api/v2/pokemon/10091/"},{"name":"raticate-alola","url":"https://pokeapi.co/api/v2/pokemon/10092/"},{"name":"raticate-totem-alola","url":"https://pokeapi.co/api/v2/pokemon/10093/"},{"name":"vulpix-alola","url":"https://pokeapi.co/api/v2/pokemon/10103/"},{"name":"ninetales-alola","url":"https://pokeapi.co/api/v2/pokemon/10104/"},{"name":"grimer-alola","url":"https://pokeapi.co/api/v2/pokemon/10112/"},{"name":"muk-alola","url":"https://pokeapi.co/api/v2/pokemon/10113/"},{"name":"exeggutor-alola","url":"https://pokeapi.co/api/v2/pokemon/10114/"},{"name":"zygarde-10-power-construct","url":"https://pokeapi.co/api/v2/pokemon/10118/"},{"name":"zygarde-50-power-construct","url":"https://pokeapi.co/api/v2/pokemon/10119/"},{"name":"zygarde-complete","url":"https://pokeapi.co/api/v2/pokemon/10120/"},{"name":"gumshoos-totem","url":"https://pokeapi.co/api/v2/pokemon/10121/"},{"name":"lycanroc-midnight","url":"https://pokeapi.co/api/v2/pokemon/10126/"},{"name":"minior-orange-meteor","url":"https://pokeapi.co/api/v2/pokemon/10130/"},{"name":"minior-yellow-meteor","url":"https://pokeapi.co/api/v2/pokemon/10131/"},{"name":"minior-green-meteor","url":"https://pokeapi.co/api/v2/pokemon/10132/"},{"name":"minior-blue-meteor","url":"https://pokeapi.co/api/v2/pokemon/10133/"},{"name":"minior-indigo-meteor","url":"https://pokeapi.co/api/v2/pokemon/10134/"},{"name":"minior-violet-meteor","url":"https://pokeapi.co/api/v2/pokemon/10135/"},{"name":"minior-red","url":"https://pokeapi.co/api/v2/pokemon/10136/"},{"name":"minior-orange","url":"https://pokeapi.co/api/v2/pokemon/10137/"},{"name":"minior-yellow","url":"https://pokeapi.co/api/v2/pokemon/10138/"},{"name":"minior-green","url":"https://pokeapi.co/api/v2/pokemon/10139/"},{"name":"minior-blue","url":"https://pokeapi.co/api/v2/pokemon/10140/"},{"name":"minior-indigo","url":"https://pokeapi.co/api/v2/pokemon/10141/"},{"name":"minior-violet","url":"https://pokeapi.co/api/v2/pokemon/10142/"},{"name":"magearna-original","url":"https://pokeapi.co/api/v2/pokemon/10147/"},{"name":"rockruff-own-tempo","url":"https://pokeapi.co/api/v2/pokemon/10151/"},{"name":"lycanroc-dusk","url":"https://pokeapi.co/api/v2/pokemon/10152/"},{"name":"togedemaru-totem","url":"https://pokeapi.co/api/v2/pokemon/10154/"},{"name":"ponyta-galar","url":"https://pokeapi.co/api/v2/pokemon/10162/"},{"name":"rapidash-galar","url":"https://pokeapi.co/api/v2/pokemon/10163/"},{"name":"slowpoke-galar","url":"https://pokeapi.co/api/v2/pokemon/10164/"},{"name":"slowbro-galar","url":"https://pokeapi.co/api/v2/pokemon/10165/"},{"name":"mr-mime-galar","url":"https://pokeapi.co/api/v2/pokemon/10168/"},{"name":"slowking-galar","url":"https://pokeapi.co/api/v2/pokemon/10172/"},{"name":"darumaka-galar","url":"https://pokeapi.co/api/v2/pokemon/10176/"},{"name":"darmanitan-galar-standard","url":"https://pokeapi.co/api/v2/pokemon/10177/"},{"name":"darmanitan-galar-zen","url":"https://pokeapi.co/api/v2/pokemon/10178/"},{"name":"yamask-galar","url":"https://pokeapi.co/api/v2/pokemon/10179/"},{"name":"zygarde-10","url":"https://pokeapi.co/api/v2/pokemon/10181/"},{"name":"eiscue-noice","url":"https://pokeapi.co/api/v2/pokemon/10185/"},{"name":"indeedee-female","url":"https://pokeapi.co/api/v2/pokemon/10186/"},{"name":"urshifu-rapid-strike","url":"https://pokeapi.co/api/v2/pokemon/10191/"},{"name":"calyrex-ice","url":"https://pokeapi.co/api/v2/pokemon/10193/"},{"name":"calyrex-shadow","url":"https://pokeapi.co/api/v2/pokemon/10194/"},{"name":"typhlosion-hisui","url":"https://pokeapi.co/api/v2/pokemon/10233/"},{"name":"braviary-hisui","url":"https://pokeapi.co/api/v2/pokemon/10240/"},{"name":"basculin-white-striped","url":"https://pokeapi.co/api/v2/pokemon/10247/"},{"name":"enamorus-therian","url":"https://pokeapi.co/api/v2/pokemon/10249/"},{"name":"tauros-paldea-combat-breed","url":"https://pokeapi.co/api/v2/pokemon/10250/"},{"name":"tauros-paldea-blaze-breed","url":"https://pokeapi.co/api/v2/pokemon/10251/"},{"name":"tauros-paldea-aqua-breed","url":"https://pokeapi.co/api/v2/pokemon/10252/"},{"name":"oinkologne-female","url":"https://pokeapi.co/api/v2/pokemon/10254/"},{"name":"dudunsparce-three-segment","url":"https://pokeapi.co/api/v2/pokemon/10255/"},{"name":"palafin-hero","url":"https://pokeapi.co/api/v2/pokemon/10256/"},{"name":"koraidon-limited-build","url":"https://pokeapi.co/api/v2/pokemon/10264/"},{"name":"koraidon-sprinting-build","url":"https://pokeapi.co/api/v2/pokemon/10265/"},{"name":"koraidon-swimming-build","url":"https://pokeapi.co/api/v2/pokemon/10266/"},{"name":"koraidon-gliding-build","url":"https://pokeapi.co/api/v2/pokemon/10267/"},{"name":"miraidon-low-power-mode","url":"https://pokeapi.co/api/v2/pokemon/10268/"},{"name":"miraidon-drive-mode","url":"https://pokeapi.co/api/v2/pokemon/10269/"},{"name":"miraidon-aquatic-mode","url":"https://pokeapi.co/api/v2/pokemon/10270/"},{"name":"miraidon-glide-mode","url":"https://pokeapi.co/api/v2/pokemon/10271/"}],"machines":[{"machine":{"url":"https://pokeapi.co/api/v2/machine/1658/"},"version_group":{"name":"sword-shield","url":"https://pokeapi.co/api/v2/version-group/20/"}}],"meta":{"ailment":{"name":"none","url":"https://pokeapi.co/api/v2/move-ailment/0/"},"ailment_chance":0,"category":{"name":"damage","url":"https://pokeapi.co/api/v2/move-category/0/"},"crit_rate":0,"drain":0,"flinch_chance":20,"healing":0,"max_hits":null,"max_turns":null,"min_hits":null,"min_turns":null,"stat_chance":0},"name":"zen-headbutt","names":[{"language":{"name":"ja-Hrkt","url":"https://pokeapi.co/api/v2/language/1/"},"name":"しねんのずつき"},{"language":{"name":"ko","url":"https://pokeapi.co/api/v2/language/3/"},"name":"사념의박치기"},{"language":{"name":"zh-Hant","url":"https://pokeapi.co/api/v2/language/4/"},"name":"意念頭錘"},{"language":{"name":"fr","url":"https://pokeapi.co/api/v2/language/5/"},"name":"Psykoud’Boul"},{"language":{"name":"de","url":"https://pokeapi.co/api/v2/language/6/"},"name":"Zen-Kopfstoß"},{"language":{"name":"es","url":"https://pokeapi.co/api/v2/language/7/"},"name":"Cabezazo Zen"},{"language":{"name":"it","url":"https://pokeapi.co/api/v2/language/8/"},"name":"Cozzata Zen"},{"language":{"name":"en","url":"https://pokeapi.co/api/v2/language/9/"},"name":"Zen Headbutt"},{"language":{"name":"ja","url":"https://pokeapi.co/api/v2/language/11/"},"name":"しねんのずつき"},{"language":{"name":"zh-Hans","url":"https://pokeapi.co/api/v2/language/12/"},"name":"意念头锤"}],"past_values":[],"power":80,"pp":15,"priority":0,"stat_changes":[],"super_contest_effect":{"url":"https://pokeapi.co/api/v2/super-contest-effect/18/"},"target":{"name":"selected-pokemon","url":"https://pokeapi.co/api/v2/move-target/10/"},"type":{"name":"psychic","url":"https://pokeapi.co/api/v2/type/14/"}}