{"accuracy":null,"contest_combos":null,"contest_effect":null,"contest_type":{"name":"beauty","url":"https://pokeapi.co/api/v2/contest-type/2/"},"damage_class":{"name":"status","url":"https://pokeapi.co/api/v2/move-damage-class/1/"},"effect_chance":null,"effect_changes":[],"effect_entries":[{"effect":"Lowers the target's evasion by one stage.  Clears away fog.  Removes the effects of mist, light screen, reflect, safeguard, spikes, stealth rock, and toxic spikes from the target's side of the field.\n\nIf the target is protected by mist, it will prevent the evasion change, then be removed by this move.","language":{"name":"en","url":"https://pokeapi.co/api/v2/language/9/"},"short_effect":"Lowers the target's evasion by one stage.  Removes field effects from the enemy field."}],"flavor_text_entries":[{"flavor_text":"Obstacles are moved,\nreducing the foe’s\nevasion stat. It can\nalso be used to\nclear deep fog, etc.","language":{"name":"en","url":"https://pokeapi.co/api/v2/language/9/"},"version_group":{"name":"diamond-pearl","url":"https://pokeapi.co/api/v2/version-group/8/"}},{"flavor_text":"Obstacles are moved,\nreducing the foe’s\nevasion stat. It can\nalso be used to\nclear deep fog, etc.","language":{"name":"en","url":"https://pokeapi.co/api/v2/language/9/"},"version_group":{"name":"platinum","url":"https://pokeapi.co/api/v2/version-group/9/"}},{"flavor_text":"It reduces the foe’s\nevasion stat. It also\nremoves spikes,\nlight screens, etc.","language":{"name":"en","url":"https://pokeapi.co/api/v2/language/9/"},"version_group":{"name":"heartgold-soulsilver","url":"https://pokeapi.co/api/v2/version-group/10/"}},{"flavor_text":"Un grand coup de vent qui disperse la\nProtection ou le Mur Lumière de l’ennemi.\nDiminue aussi son Esquive.","language":{"name":"fr","url":"https://pokeapi.co/api/v2/language/5/"},"version_group":{"name":"black-white","url":"https://pokeapi.co/api/v2/version-group/11/"}},{"flavor_text":"A strong wind blows away the target’s\nobstacles such as Reflect or Light Screen.\nIt also lowers the target’s evasiveness.","language":{"name":"en","url":"https://pokeapi.co/api/v2/language/9/"},"version_group":{"name":"black-white","url":"https://pokeapi.co/api/v2/version-group/11/"}},{"flavor_text":"A strong wind blows away the target’s\nobstacles such as Reflect or Light Screen.\nIt also lowers the target’s evasiveness.","language":{"name":"en","url":"https://pokeapi.co/api/v2/language/9/"},"version_group":{"name":"black-2-white-2","url":"https://pokeapi.co/api/v2/version-group/14/"}},{"flavor_text":"つよいかぜで　あいての　リフレクターや\nひかりのかべ　などを　はらいのける。\nかいひりつも　さげる。","language":{"name":"ja-Hrkt","url":"https://pokeapi.co/api/v2/language/1/"},"version_group":{"name":"x-y","url":"https://pokeapi.co/api/v2/version-group/15/"}},{"flavor_text":"강한 바람으로 상대의 리플렉터나\n빛의장막 등을 제거한다.\n회피율도 떨어뜨린다.","language":{"name":"ko","url":"https://pokeapi.co/api/v2/language/3/"},"version_group":{"name":"x-y","url":"https://pokeapi.co/api/v2/version-group/15/"}},{"flavor_text":"Un grand coup de vent qui disperse la Protection\nou le Mur Lumière de l’ennemi. Diminue aussi\nson Esquive.","language":{"name":"fr","url":"https://pokeapi.co/api/v2/language/5/"},"version_group":{"name":"x-y","url":"https://pokeapi.co/api/v2/version-group/15/"}},{"flavor_text":"Starker Wind hebt Attacken wie Reflektor und\nLichtschild des Zieles auf. Senkt außerdem\nden Fluchtwert.","language":{"name":"de","url":"https://pokeapi.co/api/v2/language/6/"},"version_group":{"name":"x-y","url":"https://pokeapi.co/api/v2/version-group/15/"}},{"flavor_text":"Potente viento que barre el Reflejo o Pantalla de\nLuz del objetivo y puede reducir su Evasión.","language":{"name":"es","url":"https://pokeapi.co/api/v2/language/7/"},"version_group":{"name":"x-y","url":"https://pokeapi.co/api/v2/version-group/15/"}},{"flavor_text":"Chi la usa spazza via barriere come Riflesso e\nSchermoluce con un forte vento e riduce\nla capacità d’elusione del bersaglio.","language":{"name":"it","url":"https://pokeapi.co/api/v2/language/8/"},"version_group":{"name":"x-y","url":"https://pokeapi.co/api/v2/version-group/15/"}},{"flavor_text":"A strong wind blows away the target’s\nbarriers such as Reflect or Light Screen.\nThis also lowers the target’s evasiveness.","language":{"name":"en","url":"https://pokeapi.co/api/v2/language/9/"},"version_group":{"name":"x-y","url":"https://pokeapi.co/api/v2/version-group/15/"}},{"flavor_text":"強い風で　相手の　リフレクターや\nひかりのかべ　などを　はらいのける。\n回避率も　さげる。","language":{"name":"ja","url":"https://pokeapi.co/api/v2/language/11/"},"version_group":{"name":"x-y","url":"https://pokeapi.co/api/v2/version-group/15/"}},{"flavor_text":"つよいかぜで　あいての　リフレクターや\nひかりのかべ　などを　はらいのける。\nかいひりつも　さげる。","language":{"name":"ja-Hrkt","url":"https://pokeapi.co/api/v2/language/1/"},"version_group":{"name":"omega-ruby-alpha-sapphire","url":"https://pokeapi.co/api/v2/version-group/16/"}},{"flavor_text":"강한 바람으로 상대의 리플렉터나\n빛의장막 등을 제거한다.\n회피율도 떨어뜨린다.","language":{"name":"ko","url":"https://pokeapi.co/api/v2/language/3/"},"version_group":{"name":"omega-ruby-alpha-sapphire","url":"https://pokeapi.co/api/v2/version-group/16/"}},{"flavor_text":"Un grand coup de vent qui disperse la Protection\nou le Mur Lumière de l’ennemi. Diminue aussi\nson Esquive.","language":{"name":"fr","url":"https://pokeapi.co/api/v2/language/5/"},"version_group":{"name":"omega-ruby-alpha-sapphire","url":"https://pokeapi.co/api/v2/version-group/16/"}},{"flavor_text":"Starker Wind hebt Attacken wie Reflektor und\nLichtschild des Zieles auf. Senkt außerdem\nden Fluchtwert.","language":{"name":"de","url":"https://pokeapi.co/api/v2/language/6/"},"version_group":{"name":"omega-ruby-alpha-sapphire","url":"https://pokeapi.co/api/v2/version-group/16/"}},{"flavor_text":"Potente viento que barre el Reflejo o Pantalla de Luz \ndel objetivo y puede reducir su Evasión.","language":{"name":"es","url":"https://pokeapi.co/api/v2/language/7/"},"version_group":{"name":"omega-ruby-alpha-sapphire","url":"https://pokeapi.co/api/v2/version-group/16/"}},{"flavor_text":"Chi la usa spazza via barriere come Riflesso e\nSchermoluce con un forte vento e riduce\nla capacità d’elusione del bersaglio.","language":{"name":"it","url":"https://pokeapi.co/api/v2/language/8/"},"version_group":{"name":"omega-ruby-alpha-sapphire","url":"https://pokeapi.co/api/v2/version-group/16/"}},{"flavor_text":"A strong wind blows away the target’s\nbarriers such as Reflect or Light Screen.\nThis also lowers the target’s evasiveness.","language":{"name":"en","url":"https://pokeapi.co/api/v2/language/9/"},"version_group":{"name":"omega-ruby-alpha-sapphire","url":"https://pokeapi.co/api/v2/version-group/16/"}},{"flavor_text":"強い風で　相手の　リフレクターや\nひかりのかべ　などを　はらいのける。\n回避率も　さげる。","language":{"name":"ja","url":"https://pokeapi.co/api/v2/language/11/"},"version_group":{"name":"omega-ruby-alpha-sapphire","url":"https://pokeapi.co/api/v2/version-group/16/"}},{"flavor_text":"つよいかぜで　あいての　リフレクターや\nひかりのかべ　などを　はらいのける。\nかいひりつも　さげる。","language":{"name":"ja-Hrkt","url":"https://pokeapi.co/api/v2/language/1/"},"version_group":{"name":"sun-moon","url":"https://pokeapi.co/api/v2/version-group/17/"}},{"flavor_text":"강한 바람으로 상대의 리플렉터나\n빛의장막 등을 제거한다.\n회피율도 떨어뜨린다.","language":{"name":"ko","url":"https://pokeapi.co/api/v2/language/3/"},"version_group":{"name":"sun-moon","url":"https://pokeapi.co/api/v2/version-group/17/"}},{"flavor_text":"用強風吹開對手的\n反射壁或光牆等。\n也會降低對手的閃避率。","language":{"name":"zh-Hant","url":"https://pokeapi.co/api/v2/language/4/"},"version_group":{"name":"sun-moon","url":"https://pokeapi.co/api/v2/version-group/17/"}},{"flavor_text":"Un grand coup de vent qui disperse la Protection\nou le Mur Lumière de l’ennemi. Diminue aussi\nson Esquive.","language":{"name":"fr","url":"https://pokeapi.co/api/v2/language/5/"},"version_group":{"name":"sun-moon","url":"https://pokeapi.co/api/v2/version-group/17/"}},{"flavor_text":"Starker Wind hebt Attacken wie Reflektor und\nLichtschild des Zieles auf. Senkt außerdem den\nFluchtwert.","language":{"name":"de","url":"https://pokeapi.co/api/v2/language/6/"},"version_group":{"name":"sun-moon","url":"https://pokeapi.co/api/v2/version-group/17/"}},{"flavor_text":"Potente viento que barre el Reflejo o Pantalla de Luz \ndel objetivo y puede reducir su Evasión.","language":{"name":"es","url":"https://pokeapi.co/api/v2/language/7/"},"version_group":{"name":"sun-moon","url":"https://pokeapi.co/api/v2/version-group/17/"}},{"flavor_text":"Chi la usa spazza via barriere come Riflesso e\nSchermoluce con un forte vento e riduce\nla capacità d’elusione del bersaglio.","language":{"name":"it","url":"https://pokeapi.co/api/v2/language/8/"},"version_group":{"name":"sun-moon","url":"https://pokeapi.co/api/v2/version-group/17/"}},{"flavor_text":"A strong wind blows away the target’s barriers such\nas Reflect or Light Screen. This also lowers the\ntarget’s evasiveness.","language":{"name":"en","url":"https://pokeapi.co/api/v2/language/9/"},"version_group":{"name":"sun-moon","url":"https://pokeapi.co/api/v2/version-group/17/"}},{"flavor_text":"強い風で　相手の　リフレクターや\nひかりのかべ　などを　はらいのける。\n回避率も　さげる。","language":{"name":"ja","url":"https://pokeapi.co/api/v2/language/11/"},"version_group":{"name":"sun-moon","url":"https://pokeapi.co/api/v2/version-group/17/"}},{"flavor_text":"用强风吹开对手的\n反射壁或光墙等。\n也会降低对手的闪避率。","language":{"name":"zh-Hans","url":"https://pokeapi.co/api/v2/language/12/"},"version_group":{"name":"sun-moon","url":"https://pokeapi.co/api/v2/version-group/17/"}},{"flavor_text":"つよいかぜで　あいての　リフレクターや\nひかりのかべ　などを　はらいのける。\nかいひりつも　さげる。","language":{"name":"ja-Hrkt","url":"https://pokeapi.co/api/v2/language/1/"},"version_group":{"name":"ultra-sun-ultra-moon","url":"https://pokeapi.co/api/v2/version-group/18/"}},{"flavor_text":"강한 바람으로 상대의 리플렉터나\n빛의장막 등을 제거한다.\n회피율도 떨어뜨린다.","language":{"name":"ko","url":"https://pokeapi.co/api/v2/language/3/"},"version_group":{"name":"ultra-sun-ultra-moon","url":"https://pokeapi.co/api/v2/version-group/18/"}},{"flavor_text":"用強風吹開對手的\n反射壁或光牆等。\n也會降低對手的閃避率。","language":{"name":"zh-Hant","url":"https://pokeapi.co/api/v2/language/4/"},"version_group":{"name":"ultra-sun-ultra-moon","url":"https://pokeapi.co/api/v2/version-group/18/"}},{"flavor_text":"Un grand coup de vent qui disperse la Protection\nou le Mur Lumière de l’ennemi. Diminue aussi\nson Esquive.","language":{"name":"fr","url":"https://pokeapi.co/api/v2/language/5/"},"version_group":{"name":"ultra-sun-ultra-moon","url":"https://pokeapi.co/api/v2/version-group/18/"}},{"flavor_text":"Starker Wind hebt Attacken wie Reflektor und\nLichtschild des Zieles auf. Senkt außerdem den\nFluchtwert.","language":{"name":"de","url":"https://pokeapi.co/api/v2/language/6/"},"version_group":{"name":"ultra-sun-ultra-moon","url":"https://pokeapi.co/api/v2/version-group/18/"}},{"flavor_text":"Potente viento que barre el Reflejo o Pantalla de Luz \ndel objetivo y puede reducir su Evasión.","language":{"name":"es","url":"https://pokeapi.co/api/v2/language/7/"},"version_group":{"name":"ultra-sun-ultra-moon","url":"https://pokeapi.co/api/v2/version-group/18/"}},{"flavor_text":"Chi la usa spazza via barriere come Riflesso e\nSchermoluce con un forte vento e riduce\nla capacità d’elusione del bersaglio.","language":{"name":"it","url":"https://pokeapi.co/api/v2/language/8/"},"version_group":{"name":"ultra-sun-ultra-moon","url":"https://pokeapi.co/api/v2/version-group/18/"}},{"flavor_text":"A strong wind blows away the target’s barriers such\nas Reflect or Light Screen. This also lowers the\ntarget’s evasiveness.","language":{"name":"en","url":"https://pokeapi.co/api/v2/language/9/"},"version_group":{"name":"ultra-sun-ultra-moon","url":"https://pokeapi.co/api/v2/version-group/18/"}},{"flavor_text":"強い風で　相手の　リフレクターや\nひかりのかべ　などを　はらいのける。\n回避率も　さげる。","language":{"name":"ja","url":"https://pokeapi.co/api/v2/language/11/"},"version_group":{"name":"ultra-sun-ultra-moon","url":"https://pokeapi.co/api/v2/version-group/18/"}},{"flavor_text":"用强风吹开对手的\n反射壁或光墙等。\n也会降低对手的闪避率。","language":{"name":"zh-Hans","url":"https://pokeapi.co/api/v2/language/12/"},"version_group":{"name":"ultra-sun-ultra-moon","url":"https://pokeapi.co/api/v2/version-group/18/"}},{"flavor_text":"つよいかぜで　あいての　リフレクターや\nひかりのかべ　などを　はらいのける。\nかいひりつも　さげる。","language":{"name":"ja-Hrkt","url":"https://pokeapi.co/api/v2/language/1/"},"version_group":{"name":"lets-go-pikachu-lets-go-eevee","url":"https://pokeapi.co/api/v2/version-group/19/"}},{"flavor_text":"강한 바람으로 상대의 리플렉터나\n빛의장막 등을 제거한다.\n회피율도 떨어뜨린다.","language":{"name":"ko","url":"https://pokeapi.co/api/v2/language/3/"},"version_group":{"name":"lets-go-pikachu-lets-go-eevee","url":"https://pokeapi.co/api/v2/version-group/19/"}},{"flavor_text":"用強風吹開對手的\n反射壁或光牆等。\n也會降低對手的閃避率。","language":{"name":"zh-Hant","url":"https://pokeapi.co/api/v2/language/4/"},"version_group":{"name":"lets-go-pikachu-lets-go-eevee","url":"https://pokeapi.co/api/v2/version-group/19/"}},{"flavor_text":"Un grand coup de vent qui disperse la Protection ou\nle Mur Lumière de l’ennemi. Diminue aussi son Esquive.","language":{"name":"fr","url":"https://pokeapi.co/api/v2/language/5/"},"version_group":{"name":"lets-go-pikachu-lets-go-eevee","url":"https://pokeapi.co/api/v2/version-group/19/"}},{"flavor_text":"Starker Wind hebt Attacken wie Reflektor und\nLichtschild des Zieles auf. Senkt außerdem den\nFluchtwert.","language":{"name":"de","url":"https://pokeapi.co/api/v2/language/6/"},"version_group":{"name":"lets-go-pikachu-lets-go-eevee","url":"https://pokeapi.co/api/v2/version-group/19/"}},{"flavor_text":"Levanta un potente viento que barre el Reflejo o la\nPantalla de Luz del objetivo y reduce su Evasión.","language":{"name":"es","url":"https://pokeapi.co/api/v2/language/7/"},"version_group":{"name":"lets-go-pikachu-lets-go-eevee","url":"https://pokeapi.co/api/v2/version-group/19/"}},{"flavor_text":"Chi la usa spazza via barriere come Riflesso e\nSchermoluce con un forte vento e riduce\nla capacità d’elusione del bersaglio.","language":{"name":"it","url":"https://pokeapi.co/api/v2/language/8/"},"version_group":{"name":"lets-go-pikachu-lets-go-eevee","url":"https://pokeapi.co/api/v2/version-group/19/"}},{"flavor_text":"A strong wind blows away the target’s barriers such\nas Reflect or Light Screen. This also lowers the\ntarget’s evasiveness.","language":{"name":"en","url":"https://pokeapi.co/api/v2/language/9/"},"version_group":{"name":"lets-go-pikachu-lets-go-eevee","url":"https://pokeapi.co/api/v2/version-group/19/"}},{"flavor_text":"強い風で　相手の　リフレクターや\nひかりのかべ　などを　はらいのける。\n回避率も　さげる。","language":{"name":"ja","url":"https://pokeapi.co/api/v2/language/11/"},"version_group":{"name":"lets-go-pikachu-lets-go-eevee","url":"https://pokeapi.co/api/v2/version-group/19/"}},{"flavor_text":"用强风吹开对手的\n反射壁或光墙等。\n也会降低对手的闪避率。","language":{"name":"zh-Hans","url":"https://pokeapi.co/api/v2/language/12/"},"version_group":{"name":"lets-go-pikachu-lets-go-eevee","url":"https://pokeapi.co/api/v2/version-group/19/"}},{"flavor_text":"つよいかぜで　あいての　リフレクターや\nひかりのかべ　などを　はらいのける。\nかいひりつも　さげる。","language":{"name":"ja-Hrkt","url":"https://pokeapi.co/api/v2/language/1/"},"version_group":{"name":"sword-shield","url":"https://pokeapi.co/api/v2/version-group/20/"}},{"flavor_text":"강한 바람으로 상대의 리플렉터나\n빛의장막 등을 제거한다.\n회피율도 떨어뜨린다.","language":{"name":"ko","url":"https://pokeapi.co/api/v2/language/3/"},"version_group":{"name":"sword-shield","url":"https://pokeapi.co/api/v2/version-group/20/"}},{"flavor_text":"用強風吹開對手的\n反射壁或光牆等。\n也會降低對手的閃避率。","language":{"name":"zh-Hant","url":"https://pokeapi.co/api/v2/language/4/"},"version_group":{"name":"sword-shield","url":"https://pokeapi.co/api/v2/version-group/20/"}},{"flavor_text":"Un grand coup de vent qui disperse la Protection\nou le Mur Lumière de l’ennemi. Diminue aussi\nson Esquive.","language":{"name":"fr","url":"https://pokeapi.co/api/v2/language/5/"},"version_group":{"name":"sword-shield","url":"https://pokeapi.co/api/v2/version-group/20/"}},{"flavor_text":"Starker Wind hebt Attacken wie Reflektor und\nLichtschild des Zieles auf. Senkt außerdem den\nAusweichwert.","language":{"name":"de","url":"https://pokeapi.co/api/v2/language/6/"},"version_group":{"name":"sword-shield","url":"https://pokeapi.co/api/v2/version-group/20/"}},{"flavor_text":"Potente viento que barre el reflejo o la pantalla de luz\ncreada por el objetivo. También puede reducir su\nEvasión.","language":{"name":"es","url":"https://pokeapi.co/api/v2/language/7/"},"version_group":{"name":"sword-shield","url":"https://pokeapi.co/api/v2/version-group/20/"}},{"flavor_text":"Chi la usa spazza via barriere come Riflesso e\nSchermoluce con un forte vento e riduce\nla capacità d’elusione del bersaglio.","language":{"name":"it","url":"https://pokeapi.co/api/v2/language/8/"},"version_group":{"name":"sword-shield","url":"https://pokeapi.co/api/v2/version-group/20/"}},{"flavor_text":"A strong wind blows away the target’s barriers such\nas Reflect or Light Screen. This also lowers the\ntarget’s evasiveness.","language":{"name":"en","url":"https://pokeapi.co/api/v2/language/9/"},"version_group":{"name":"sword-shield","url":"https://pokeapi.co/api/v2/version-group/20/"}},{"flavor_text":"強い風で　相手の　リフレクターや\nひかりのかべ　などを　はらいのける。\n回避率も　さげる。","language":{"name":"ja","url":"https://pokeapi.co/api/v2/language/11/"},"version_group":{"name":"sword-shield","url":"https://pokeapi.co/api/v2/version-group/20/"}},{"flavor_text":"用强风吹开对手的\n反射壁或光墙等。\n也会降低对手的闪避率。","language":{"name":"zh-Hans","url":"https://pokeapi.co/api/v2/language/12/"},"version_group":{"name":"sword-shield","url":"https://pokeapi.co/api/v2/version-group/20/"}}],"generation":{"name":"generation-iv","url":"https://pokeapi.co/api/v2/generation/4/"},"id":432,"learned_by_pokemon":[{"name":"charizard","url":"https://pokeapi.co/api/v2/pokemon/6/"},{"name":"butterfree","url":"https://pokeapi.co/api/v2/pokemon/12/"},{"name":"beedrill","url":"https://pokeapi.co/api/v2/pokemon/15/"},{"name":"pidgey","url":"https://pokeapi.co/api/v2/pokemon/16/"},{"name":"pidgeotto","url":"https://pokeapi.co/api/v2/pokemon/17/"},{"name":"pidgeot","url":"https://pokeapi.co/api/v2/pokemon/18/"},{"name":"spearow","url":"https://pokeapi.co/api/v2/pokemon/21/"},{"name":"fearow","url":"https://pokeapi.co/api/v2/pokemon/22/"},{"name":"zubat","url":"https://pokeapi.co/api/v2/pokemon/41/"},{"name":"golbat","url":"https://pokeapi.co/api/v2/pokemon/42/"},{"name":"venomoth","url":"https://pokeapi.co/api/v2/pokemon/49/"},{"name":"farfetchd","url":"https://pokeapi.co/api/v2/pokemon/83/"},{"name":"scyther","url":"https://pokeapi.co/api/v2/pokemon/123/"},{"name":"aerodactyl","url":"https://pokeapi.co/api/v2/pokemon/142/"},{"name":"articuno","url":"https://pokeapi.co/api/v2/pokemon/144/"},{"name":"zapdos","url":"https://pokeapi.co/api/v2/pokemon/145/"},{"name":"moltres","url":"https://pokeapi.co/api/v2/pokemon/146/"},{"name":"dragonite","url":"https://pokeapi.co/api/v2/pokemon/149/"},{"name":"mew","url":"https://pokeapi.co/api/v2/pokemon/151/"},{"name":"hoothoot","url":"https://pokeapi.co/api/v2/pokemon/163/"},{"name":"noctowl","url":"https://pokeapi.co/api/v2/pokemon/164/"},{"name":"ledian","url":"https://pokeapi.co/api/v2/pokemon/166/"},{"name":"crobat","url":"https://pokeapi.co/api/v2/pokemon/169/"},{"name":"togetic","url":"https://pokeapi.co/api/v2/pokemon/176/"},{"name":"xatu","url":"https://pokeapi.co/api/v2/pokemon/178/"},{"name":"yanma","url":"https://pokeapi.co/api/v2/pokemon/193/"},{"name":"murkrow","url":"https://pokeapi.co/api/v2/pokemon/198/"},{"name":"gligar","url":"https://pokeapi.co/api/v2/pokemon/207/"},{"name":"scizor","url":"https://pokeapi.co/api/v2/pokemon/212/"},{"name":"delibird","url":"https://pokeapi.co/api/v2/pokemon/225/"},{"name":"mantine","url":"https://pokeapi.co/api/v2/pokemon/226/"},{"name":"skarmory","url":"https://pokeapi.co/api/v2/pokemon/227/"},{"name":"lugia","url":"https://pokeapi.co/api/v2/pokemon/249/"},{"name":"ho-oh","url":"https://pokeapi.co/api/v2/pokemon/250/"},{"name":"torchic","url":"https://pokeapi.co/api/v2/pokemon/255/"},{"name":"combusken","url":"https://pokeapi.co/api/v2/pokemon/256/"},{"name":"blaziken","url":"https://pokeapi.co/api/v2/pokemon/257/"},{"name":"beautifly","url":"https://pokeapi.co/api/v2/pokemon/267/"},{"name":"dustox","url":"https://pokeapi.co/api/v2/pokemon/269/"},{"name":"seedot","url":"https://pokeapi.co/api/v2/pokemon/273/"},{"name":"nuzleaf","url":"https://pokeapi.co/api/v2/pokemon/274/"},{"name":"shiftry","url":"https://pokeapi.co/api/v2/pokemon/275/"},{"name":"taillow","url":"https://pokeapi.co/api/v2/pokemon/276/"},{"name":"swellow","url":"https://pokeapi.co/api/v2/pokemon/277/"},{"name":"wingull","url":"https://pokeapi.co/api/v2/pokemon/278/"},{"name":"pelipper","url":"https://pokeapi.co/api/v2/pokemon/279/"},{"name":"masquerain","url":"https://pokeapi.co/api/v2/pokemon/284/"},{"name":"ninjask","url":"https://pokeapi.co/api/v2/pokemon/291/"},{"name":"volbeat","url":"https://pokeapi.co/api/v2/pokemon/313/"},{"name":"illumise","url":"https://pokeapi.co/api/v2/pokemon/314/"},{"name":"vibrava","url":"https://pokeapi.co/api/v2/pokemon/329/"},{"name":"flygon","url":"https://pokeapi.co/api/v2/pokemon/330/"},{"name":"swablu","url":"https://pokeapi.co/api/v2/pokemon/333/"},{"name":"altaria","url":"https://pokeapi.co/api/v2/pokemon/334/"},{"name":"castform","url":"https://pokeapi.co/api/v2/pokemon/351/"},{"name":"tropius","url":"https://pokeapi.co/api/v2/pokemon/357/"},{"name":"chimecho","url":"https://pokeapi.co/api/v2/pokemon/358/"},{"name":"salamence","url":"https://pokeapi.co/api/v2/pokemon/373/"},{"name":"latias","url":"https://pokeapi.co/api/v2/pokemon/380/"},{"name":"latios","url":"https://pokeapi.co/api/v2/pokemon/381/"},{"name":"rayquaza","url":"https://pokeapi.co/api/v2/pokemon/384/"},{"name":"piplup","url":"https://pokeapi.co/api/v2/pokemon/393/"},{"name":"prinplup","url":"https://pokeapi.co/api/v2/pokemon/394/"},{"name":"empoleon","url":"https://pokeapi.co/api/v2/pokemon/395/"},{"name":"starly","url":"https://pokeapi.co/api/v2/pokemon/396/"},{"name":"staravia","url":"https://pokeapi.co/api/v2/pokemon/397/"},{"name":"staraptor","url":"https://pokeapi.co/api/v2/pokemon/398/"},{"name":"mothim","url":"https://pokeapi.co/api/v2/pokemon/414/"},{"name":"vespiquen","url":"https://pokeapi.co/api/v2/pokemon/416/"},{"name":"drifloon","url":"https://pokeapi.co/api/v2/pokemon/425/"},{"name":"drifblim","url":"https://pokeapi.co/api/v2/pokemon/426/"},{"name":"honchkrow","url":"https://pokeapi.co/api/v2/pokemon/430/"},{"name":"stunky","url":"https://pokeapi.co/api/v2/pokemon/434/"},{"name":"skuntank","url":"https://pokeapi.co/api/v2/pokemon/435/"},{"name":"chatot","url":"https://pokeapi.co/api/v2/pokemon/441/"},{"name":"carnivine","url":"https://pokeapi.co/api/v2/pokemon/455/"},{"name":"finneon","url":"https://pokeapi.co/api/v2/pokemon/456/"},{"name":"lumineon","url":"https://pokeapi.co/api/v2/pokemon/457/"},{"name":"togekiss","url":"https://pokeapi.co/api/v2/pokemon/468/"},{"name":"yanmega","url":"https://pokeapi.co/api/v2/pokemon/469/"},{"name":"gliscor","url":"https://pokeapi.co/api/v2/pokemon/472/"},{"name":"rotom","url":"https://pokeapi.co/api/v2/pokemon/479/"},{"name":"giratina-altered","url":"https://pokeapi.co/api/v2/pokemon/487/"},{"name":"arceus","url":"https://pokeapi.co/api/v2/pokemon/493/"},{"name":"snivy","url":"https://pokeapi.co/api/v2/pokemon/495/"},{"name":"servine","url":"https://pokeapi.co/api/v2/pokemon/496/"},{"name":"serperior","url":"https://pokeapi.co/api/v2/pokemon/497/"},{"name":"pidove","url":"https://pokeapi.co/api/v2/pokemon/519/"},{"name":"tranquill","url":"https://pokeapi.co/api/v2/pokemon/520/"},{"name":"unfezant","url":"https://pokeapi.co/api/v2/pokemon/521/"},{"name":"woobat","url":"https://pokeapi.co/api/v2/pokemon/527/"},{"name":"swoobat","url":"https://pokeapi.co/api/v2/pokemon/528/"},{"name":"timburr","url":"https://pokeapi.co/api/v2/pokemon/532/"},{"name":"cottonee","url":"https://pokeapi.co/api/v2/pokemon/546/"},{"name":"whimsicott","url":"https://pokeapi.co/api/v2/pokemon/547/"},{"name":"sigilyph","url":"https://pokeapi.co/api/v2/pokemon/561/"},{"name":"archen","url":"https://pokeapi.co/api/v2/pokemon/566/"},{"name":"archeops","url":"https://pokeapi.co/api/v2/pokemon/567/"},{"name":"ducklett","url":"https://pokeapi.co/api/v2/pokemon/580/"},{"name":"swanna","url":"https://pokeapi.co/api/v2/pokemon/581/"},{"name":"emolga","url":"https://pokeapi.co/api/v2/pokemon/587/"},{"name":"cryogonal","url":"https://pokeapi.co/api/v2/pokemon/615/"},{"name":"rufflet","url":"https://pokeapi.co/api/v2/pokemon/627/"},{"name":"braviary","url":"https://pokeapi.co/api/v2/pokemon/628/"},{"name":"vullaby","url":"https://pokeapi.co/api/v2/pokemon/629/"},{"name":"mandibuzz","url":"https://pokeapi.co/api/v2/pokemon/630/"},{"name":"hydreigon","url":"https://pokeapi.co/api/v2/pokemon/635/"},{"name":"volcarona","url":"https://pokeapi.co/api/v2/pokemon/637/"},{"name":"tornadus-incarnate","url":"https://pokeapi.co/api/v2/pokemon/641/"},{"name":"thundurus-incarnate","url":"https://pokeapi.co/api/v2/pokemon/642/"},{"name":"reshiram","url":"https://pokeapi.co/api/v2/pokemon/643/"},{"name":"zekrom","url":"https://pokeapi.co/api/v2/pokemon/644/"},{"name":"landorus-incarnate","url":"https://pokeapi.co/api/v2/pokemon/645/"},{"name":"fletchling","url":"https://pokeapi.co/api/v2/pokemon/661/"},{"name":"fletchinder","url":"https://pokeapi.co/api/v2/pokemon/662/"},{"name":"talonflame","url":"https://pokeapi.co/api/v2/pokemon/663/"},{"name":"vivillon","url":"https://pokeapi.co/api/v2/pokemon/666/"},{"name":"florges","url":"https://pokeapi.co/api/v2/pokemon/671/"},{"name":"hawlucha","url":"https://pokeapi.co/api/v2/pokemon/701/"},{"name":"klefki","url":"https://pokeapi.co/api/v2/pokemon/707/"},{"name":"noibat","url":"https://pokeapi.co/api/v2/pokemon/714/"},{"name":"noivern","url":"https://pokeapi.co/api/v2/pokemon/715/"},{"name":"xerneas","url":"https://pokeapi.co/api/v2/pokemon/716/"},{"name":"yveltal","url":"https://pokeapi.co/api/v2/pokemon/717/"},{"name":"volcanion","url":"https://pokeapi.co/api/v2/pokemon/721/"},{"name":"rowlet","url":"https://pokeapi.co/api/v2/pokemon/722/"},{"name":"dartrix","url":"https://pokeapi.co/api/v2/pokemon/723/"},{"name":"decidueye","url":"https://pokeapi.co/api/v2/pokemon/724/"},{"name":"pikipek","url":"https://pokeapi.co/api/v2/pokemon/731/"},{"name":"trumbeak","url":"https://pokeapi.co/api/v2/pokemon/732/"},{"name":"toucannon","url":"https://pokeapi.co/api/v2/pokemon/733/"},{"name":"oricorio-baile","url":"https://pokeapi.co/api/v2/pokemon/741/"},{"name":"cutiefly","url":"https://pokeapi.co/api/v2/pokemon/742/"},{"name":"ribombee","url":"https://pokeapi.co/api/v2/pokemon/743/"},{"name":"fomantis","url":"https://pokeapi.co/api/v2/pokemon/753/"},{"name":"lurantis","url":"https://pokeapi.co/api/v2/pokemon/754/"},{"name":"comfey","url":"https://pokeapi.co/api/v2/pokemon/764/"},{"name":"silvally","url":"https://pokeapi.co/api/v2/pokemon/773/"},{"name":"drampa","url":"https://pokeapi.co/api/v2/pokemon/780/"},{"name":"tapu-koko","url":"https://pokeapi.co/api/v2/pokemon/785/"},{"name":"tapu-fini","url":"https://pokeapi.co/api/v2/pokemon/788/"},{"name":"lunala","url":"https://pokeapi.co/api/v2/pokemon/792/"},{"name":"kartana","url":"https://pokeapi.co/api/v2/pokemon/798/"},{"name":"rookidee","url":"https://pokeapi.co/api/v2/pokemon/821/"},{"name":"cramorant","url":"https://pokeapi.co/api/v2/pokemon/845/"},{"name":"sirfetchd","url":"https://pokeapi.co/api/v2/pokemon/865/"},{"name":"frosmoth","url":"https://pokeapi.co/api/v2/pokemon/873/"},{"name":"giratina-origin","url":"https://pokeapi.co/api/v2/pokemon/10007/"},{"name":"rotom-heat","url":"https://pokeapi.co/api/v2/pokemon/10008/"},{"name":"rotom-wash","url":"https://pokeapi.co/api/v2/pokemon/10009/"},{"name":"rotom-frost","url":"https://pokeapi.co/api/v2/pokemon/10010/"},{"name":"rotom-fan","url":"https://pokeapi.co/api/v2/pokemon/10011/"},{"name":"rotom-mow","url":"https://pokeapi.co/api/v2/pokemon/10012/"},{"name":"castform-sunny","url":"https://pokeapi.co/api/v2/pokemon/10013/"},{"name":"castform-rainy","url":"https://pokeapi.co/api/v2/pokemon/10014/"},{"name":"castform-snowy","url":"https://pokeapi.co/api/v2/pokemon/10015/"},{"name":"tornadus-therian","url":"https://pokeapi.co/api/v2/pokemon/10019/"},{"name":"thundurus-therian","url":"https://pokeapi.co/api/v2/pokemon/10020/"},{"name":"landorus-therian","url":"https://pokeapi.co/api/v2/pokemon/10021/"},{"name":"charizard-mega-x","url":"https://pokeapi.co/api/v2/pokemon/10034/"},{"name":"charizard-mega-y","url":"https://pokeapi.co/api/v2/pokemon/10035/"},{"name":"aerodactyl-mega","url":"https://pokeapi.co/api/v2/pokemon/10042/"},{"name":"scizor-mega","url":"https://pokeapi.co/api/v2/pokemon/10046/"},{"name":"blaziken-mega","url":"https://pokeapi.co/api/v2/pokemon/10050/"},{"name":"latias-mega","url":"https://pokeapi.co/api/v2/pokemon/10062/"},{"name":"latios-mega","url":"https://pokeapi.co/api/v2/pokemon/10063/"},{"name":"altaria-mega","url":"https://pokeapi.co/api/v2/pokemon/10067/"},{"name":"pidgeot-mega","url":"https://pokeapi.co/api/v2/pokemon/10073/"},{"name":"rayquaza-mega","url":"https://pokeapi.co/api/v2/pokemon/10079/"},{"name":"salamence-mega","url":"https://pokeapi.co/api/v2/pokemon/10089/"},{"name":"beedrill-mega","url":"https://pokeapi.co/api/v2/pokemon/10090/"},{"name":"oricorio-pom-pom","url":"https://pokeapi.co/api/v2/pokemon/10123/"},{"name":"oricorio-pau","url":"https://pokeapi.co/api/v2/pokemon/10124/"},{"name":"oricorio-sensu","url":"https://pokeapi.co/api/v2/pokemon/10125/"},{"name":"lurantis-totem","url":"https://pokeapi.co/api/v2/pokemon/10128/"},{"name":"ribombee-totem","url":"https://pokeapi.co/api/v2/pokemon/10150/"},{"name":"farfetchd-galar","url":"https://pokeapi.co/api/v2/pokemon/10166/"},{"name":"weezing-galar","url":"https://pokeapi.co/api/v2/pokemon/10167/"},{"name":"cramorant-gulping","url":"https://pokeapi.co/api/v2/pokemon/10182/"},{"name":"cramorant-gorging","url":"https://pokeapi.co/api/v2/pokemon/10183/"},{"name":"lilligant-hisui","url":"https://pokeapi.co/api/v2/pokemon/10237/"},{"name":"braviary-hisui","url":"https://pokeapi.co/api/v2/pokemon/10240/"}],"machines":[{"machine":{"url":"https://pokeapi.co/api/v2/machine/1553/"},"version_group":{"name":"diamond-pearl","url":"https://pokeapi.co/api/v2/version-group/8/"}},{"machine":{"url":"https://pokeapi.co/api/v2/machine/1554/"},"version_group":{"name":"platinum","url":"https://pokeapi.co/api/v2/version-group/9/"}}],"meta":{"ailment":{"name":"none","url":"https://pokeapi.co/api/v2/move-ailment/0/"},"ailment_chance":0,"category":{"name":"unique","url":"https://pokeapi.co/api/v2/move-category/13/"},"crit_rate":0,"drain":0,"flinch_chance":0,"healing":0,"max_hits":null,"max_turns":null,"min_hits":null,"min_turns":null,"stat_chance":0},"name":"defog","names":[{"language":{"name":"ja-Hrkt","url":"https://pokeapi.co/api/v2/language/1/"},"name":"きりばらい"},{"language":{"name":"ko","url":"https://pokeapi.co/api/v2/language/3/"},"name":"안개제거"},{"language":{"name":"zh-Hant","url":"https://pokeapi.co/api/v2/language/4/"},"name":"清除濃霧"},{"language":{"name":"fr","url":"https://pokeapi.co/api/v2/language/5/"},"name":"Anti-Brume"},{"language":{"name":"de","url":"https://pokeapi.co/api/v2/language/6/"},"name":"Auflockern"},{"language":{"name":"es","url":"https://pokeapi.co/api/v2/language/7/"},"name":"Despejar"},{"language":{"name":"it","url":"https://pokeapi.co/api/v2/language/8/"},"name":"Scacciabruma"},{"language":{"name":"en","url":"https://pokeapi.co/api/v2/language/9/"},"name":"Defog"},{"language":{"name":"ja","url":"https://pokeapi.co/api/v2/language/11/"},"name":"きりばらい"},{"language":{"name":"zh-Hans","url":"https://pokeapi.co/api/v2/language/12/"},"name":"清除浓雾"}],"past_values":[],"power":null,"pp":15,"priority":0,"stat_changes":[],"super_contest_effect":{"url":"https://pokeapi.co/api/v2/super-contest-effect/13/"},"target":{"name":"selected-pokemon","url":"https://pokeapi.co/api/v2/move-target/10/"},"type":{"name":"flying","url":"https://pokeapi.co/api/v2/type/3/"}}