{"accuracy":100,"contest_combos":null,"contest_effect":null,"contest_type":{"name":"tough","url":"https://pokeapi.co/api/v2/contest-type/5/"},"damage_class":{"name":"special","url":"https://pokeapi.co/api/v2/move-damage-class/3/"},"effect_chance":30,"effect_changes":[],"effect_entries":[{"effect":"Inflicts regular damage.  Has a $effect_chance% chance to burn the target.","language":{"name":"en","url":"https://pokeapi.co/api/v2/language/9/"},"short_effect":"Has a $effect_chance% chance to burn the target."}],"flavor_text_entries":[{"flavor_text":"An inferno of scarlet\nflames washes over\nall Pokémon in battle.\nIt may also inflict\nburns.","language":{"name":"en","url":"https://pokeapi.co/api/v2/language/9/"},"version_group":{"name":"diamond-pearl","url":"https://pokeapi.co/api/v2/version-group/8/"}},{"flavor_text":"An inferno of scarlet\nflames washes over\nall Pokémon in battle.\nIt may also inflict\nburns.","language":{"name":"en","url":"https://pokeapi.co/api/v2/language/9/"},"version_group":{"name":"platinum","url":"https://pokeapi.co/api/v2/version-group/9/"}},{"flavor_text":"An inferno of scarlet\nflames washes over\nall Pokémon in battle.\nIt may also inflict\nburns.","language":{"name":"en","url":"https://pokeapi.co/api/v2/language/9/"},"version_group":{"name":"heartgold-soulsilver","url":"https://pokeapi.co/api/v2/version-group/10/"}},{"flavor_text":"Des boules de feu s’abattent sur tous\nles Pokémon autour du lanceur.\nPeut aussi brûler.","language":{"name":"fr","url":"https://pokeapi.co/api/v2/language/5/"},"version_group":{"name":"black-white","url":"https://pokeapi.co/api/v2/version-group/11/"}},{"flavor_text":"An inferno of scarlet flames torches\neverything around the user. It may\nleave targets with a burn.","language":{"name":"en","url":"https://pokeapi.co/api/v2/language/9/"},"version_group":{"name":"black-white","url":"https://pokeapi.co/api/v2/version-group/11/"}},{"flavor_text":"An inferno of scarlet flames torches\neverything around the user. It may\nleave targets with a burn.","language":{"name":"en","url":"https://pokeapi.co/api/v2/language/9/"},"version_group":{"name":"black-2-white-2","url":"https://pokeapi.co/api/v2/version-group/14/"}},{"flavor_text":"まっかな　ほのおで　じぶんの\nまわりに　いるものを　こうげきする。\nやけど　じょうたいに　することが　ある。","language":{"name":"ja-Hrkt","url":"https://pokeapi.co/api/v2/language/1/"},"version_group":{"name":"x-y","url":"https://pokeapi.co/api/v2/version-group/15/"}},{"flavor_text":"새빨간 불꽃으로 자신의\n주위에 있는 포켓몬을 공격한다.\n화상 상태로 만들 때가 있다.","language":{"name":"ko","url":"https://pokeapi.co/api/v2/language/3/"},"version_group":{"name":"x-y","url":"https://pokeapi.co/api/v2/version-group/15/"}},{"flavor_text":"Des boules de feu s’abattent sur tous les Pokémon\nautour du lanceur. Peut aussi les brûler.","language":{"name":"fr","url":"https://pokeapi.co/api/v2/language/5/"},"version_group":{"name":"x-y","url":"https://pokeapi.co/api/v2/version-group/15/"}},{"flavor_text":"Greift alles in seiner Umgebung mit tiefroten\nFlammen an. Ziel kann Verbrennungen erleiden.","language":{"name":"de","url":"https://pokeapi.co/api/v2/language/6/"},"version_group":{"name":"x-y","url":"https://pokeapi.co/api/v2/version-group/15/"}},{"flavor_text":"Un infierno de llamas daña a los Pokémon\nadyacentes en combate. Puede quemar.","language":{"name":"es","url":"https://pokeapi.co/api/v2/language/7/"},"version_group":{"name":"x-y","url":"https://pokeapi.co/api/v2/version-group/15/"}},{"flavor_text":"Chi la usa lancia fiamme scarlatte su tutti i\nPokémon nelle vicinanze, danneggiandoli.\nPuò anche scottarli.","language":{"name":"it","url":"https://pokeapi.co/api/v2/language/8/"},"version_group":{"name":"x-y","url":"https://pokeapi.co/api/v2/version-group/15/"}},{"flavor_text":"The user torches everything around it\nwith an inferno of scarlet flames.\nThis may also leave those hit with a burn.","language":{"name":"en","url":"https://pokeapi.co/api/v2/language/9/"},"version_group":{"name":"x-y","url":"https://pokeapi.co/api/v2/version-group/15/"}},{"flavor_text":"真っ赤な　炎で　自分の\n周りに　いるものを　攻撃する。\nやけど状態に　することが　ある。","language":{"name":"ja","url":"https://pokeapi.co/api/v2/language/11/"},"version_group":{"name":"x-y","url":"https://pokeapi.co/api/v2/version-group/15/"}},{"flavor_text":"まっかな　ほのおで　じぶんの\nまわりに　いるものを　こうげきする。\nやけど　じょうたいに　することが　ある。","language":{"name":"ja-Hrkt","url":"https://pokeapi.co/api/v2/language/1/"},"version_group":{"name":"omega-ruby-alpha-sapphire","url":"https://pokeapi.co/api/v2/version-group/16/"}},{"flavor_text":"새빨간 불꽃으로 자신의\n주위에 있는 포켓몬을 공격한다.\n화상 상태로 만들 때가 있다.","language":{"name":"ko","url":"https://pokeapi.co/api/v2/language/3/"},"version_group":{"name":"omega-ruby-alpha-sapphire","url":"https://pokeapi.co/api/v2/version-group/16/"}},{"flavor_text":"Des boules de feu s’abattent sur tous les Pokémon \nautour du lanceur. Peut aussi les brûler.","language":{"name":"fr","url":"https://pokeapi.co/api/v2/language/5/"},"version_group":{"name":"omega-ruby-alpha-sapphire","url":"https://pokeapi.co/api/v2/version-group/16/"}},{"flavor_text":"Greift alles in seiner Umgebung mit tiefroten\nFlammen an. Ziel kann Verbrennungen erleiden.","language":{"name":"de","url":"https://pokeapi.co/api/v2/language/6/"},"version_group":{"name":"omega-ruby-alpha-sapphire","url":"https://pokeapi.co/api/v2/version-group/16/"}},{"flavor_text":"Un infierno de llamas daña a los Pokémon adyacentes \nen combate. Puede quemar.","language":{"name":"es","url":"https://pokeapi.co/api/v2/language/7/"},"version_group":{"name":"omega-ruby-alpha-sapphire","url":"https://pokeapi.co/api/v2/version-group/16/"}},{"flavor_text":"Chi la usa lancia fiamme scarlatte su tutti i\nPokémon nelle vicinanze, danneggiandoli.\nPuò anche scottarli.","language":{"name":"it","url":"https://pokeapi.co/api/v2/language/8/"},"version_group":{"name":"omega-ruby-alpha-sapphire","url":"https://pokeapi.co/api/v2/version-group/16/"}},{"flavor_text":"The user torches everything around it\nwith an inferno of scarlet flames.\nThis may also leave those hit with a burn.","language":{"name":"en","url":"https://pokeapi.co/api/v2/language/9/"},"version_group":{"name":"omega-ruby-alpha-sapphire","url":"https://pokeapi.co/api/v2/version-group/16/"}},{"flavor_text":"真っ赤な　炎で　自分の\n周りに　いるものを　攻撃する。\nやけど状態に　することが　ある。","language":{"name":"ja","url":"https://pokeapi.co/api/v2/language/11/"},"version_group":{"name":"omega-ruby-alpha-sapphire","url":"https://pokeapi.co/api/v2/version-group/16/"}},{"flavor_text":"まっかな　ほのおで　じぶんの\nまわりに　いるものを　こうげきする。\nやけど　じょうたいに　することが　ある。","language":{"name":"ja-Hrkt","url":"https://pokeapi.co/api/v2/language/1/"},"version_group":{"name":"sun-moon","url":"https://pokeapi.co/api/v2/version-group/17/"}},{"flavor_text":"새빨간 불꽃으로 자신의\n주위에 있는 포켓몬을 공격한다.\n화상 상태로 만들 때가 있다.","language":{"name":"ko","url":"https://pokeapi.co/api/v2/language/3/"},"version_group":{"name":"sun-moon","url":"https://pokeapi.co/api/v2/version-group/17/"}},{"flavor_text":"用熊熊烈火\n攻擊自己周圍所有的寶可夢。\n有時會讓對手陷入灼傷狀態。","language":{"name":"zh-Hant","url":"https://pokeapi.co/api/v2/language/4/"},"version_group":{"name":"sun-moon","url":"https://pokeapi.co/api/v2/version-group/17/"}},{"flavor_text":"Des boules de feu s’abattent sur tous les Pokémon\nautour du lanceur. Peut aussi les brûler.","language":{"name":"fr","url":"https://pokeapi.co/api/v2/language/5/"},"version_group":{"name":"sun-moon","url":"https://pokeapi.co/api/v2/version-group/17/"}},{"flavor_text":"Greift alles in seiner Umgebung mit tiefroten Flammen\nan. Ziel kann Verbrennungen erleiden.","language":{"name":"de","url":"https://pokeapi.co/api/v2/language/6/"},"version_group":{"name":"sun-moon","url":"https://pokeapi.co/api/v2/version-group/17/"}},{"flavor_text":"Un infierno de llamas daña a los Pokémon\nadyacentes en combate. Puede quemar.","language":{"name":"es","url":"https://pokeapi.co/api/v2/language/7/"},"version_group":{"name":"sun-moon","url":"https://pokeapi.co/api/v2/version-group/17/"}},{"flavor_text":"Chi la usa lancia fiamme scarlatte su tutti i\nPokémon nelle vicinanze, danneggiandoli.\nPuò anche scottarli.","language":{"name":"it","url":"https://pokeapi.co/api/v2/language/8/"},"version_group":{"name":"sun-moon","url":"https://pokeapi.co/api/v2/version-group/17/"}},{"flavor_text":"The user torches everything around it in an inferno\nof scarlet flames. This may also leave those it hits\nwith a burn.","language":{"name":"en","url":"https://pokeapi.co/api/v2/language/9/"},"version_group":{"name":"sun-moon","url":"https://pokeapi.co/api/v2/version-group/17/"}},{"flavor_text":"真っ赤な　炎で　自分の\n周りに　いるものを　攻撃する。\nやけど状態に　することが　ある。","language":{"name":"ja","url":"https://pokeapi.co/api/v2/language/11/"},"version_group":{"name":"sun-moon","url":"https://pokeapi.co/api/v2/version-group/17/"}},{"flavor_text":"用熊熊烈火\n攻击自己周围所有的宝可梦。\n有时会陷入灼伤状态。","language":{"name":"zh-Hans","url":"https://pokeapi.co/api/v2/language/12/"},"version_group":{"name":"sun-moon","url":"https://pokeapi.co/api/v2/version-group/17/"}},{"flavor_text":"まっかな　ほのおで　じぶんの\nまわりに　いるものを　こうげきする。\nやけど　じょうたいに　することが　ある。","language":{"name":"ja-Hrkt","url":"https://pokeapi.co/api/v2/language/1/"},"version_group":{"name":"ultra-sun-ultra-moon","url":"https://pokeapi.co/api/v2/version-group/18/"}},{"flavor_text":"새빨간 불꽃으로 자신의\n주위에 있는 포켓몬을 공격한다.\n화상 상태로 만들 때가 있다.","language":{"name":"ko","url":"https://pokeapi.co/api/v2/language/3/"},"version_group":{"name":"ultra-sun-ultra-moon","url":"https://pokeapi.co/api/v2/version-group/18/"}},{"flavor_text":"用熊熊烈火\n攻擊自己周圍所有的寶可夢。\n有時會讓對手陷入灼傷狀態。","language":{"name":"zh-Hant","url":"https://pokeapi.co/api/v2/language/4/"},"version_group":{"name":"ultra-sun-ultra-moon","url":"https://pokeapi.co/api/v2/version-group/18/"}},{"flavor_text":"Des boules de feu s’abattent sur tous les Pokémon\nautour du lanceur. Peut aussi les brûler.","language":{"name":"fr","url":"https://pokeapi.co/api/v2/language/5/"},"version_group":{"name":"ultra-sun-ultra-moon","url":"https://pokeapi.co/api/v2/version-group/18/"}},{"flavor_text":"Greift alles in seiner Umgebung mit tiefroten Flammen\nan. Ziel kann Verbrennungen erleiden.","language":{"name":"de","url":"https://pokeapi.co/api/v2/language/6/"},"version_group":{"name":"ultra-sun-ultra-moon","url":"https://pokeapi.co/api/v2/version-group/18/"}},{"flavor_text":"Un infierno de llamas daña a los Pokémon\nadyacentes en combate. Puede quemar.","language":{"name":"es","url":"https://pokeapi.co/api/v2/language/7/"},"version_group":{"name":"ultra-sun-ultra-moon","url":"https://pokeapi.co/api/v2/version-group/18/"}},{"flavor_text":"Chi la usa lancia fiamme scarlatte su tutti i\nPokémon nelle vicinanze, danneggiandoli.\nPuò anche scottarli.","language":{"name":"it","url":"https://pokeapi.co/api/v2/language/8/"},"version_group":{"name":"ultra-sun-ultra-moon","url":"https://pokeapi.co/api/v2/version-group/18/"}},{"flavor_text":"The user torches everything around it in an inferno\nof scarlet flames. This may also leave those it hits\nwith a burn.","language":{"name":"en","url":"https://pokeapi.co/api/v2/language/9/"},"version_group":{"name":"ultra-sun-ultra-moon","url":"https://pokeapi.co/api/v2/version-group/18/"}},{"flavor_text":"真っ赤な　炎で　自分の\n周りに　いるものを　攻撃する。\nやけど状態に　することが　ある。","language":{"name":"ja","url":"https://pokeapi.co/api/v2/language/11/"},"version_group":{"name":"ultra-sun-ultra-moon","url":"https://pokeapi.co/api/v2/version-group/18/"}},{"flavor_text":"用熊熊烈火\n攻击自己周围所有的宝可梦。\n有时会陷入灼伤状态。","language":{"name":"zh-Hans","url":"https://pokeapi.co/api/v2/language/12/"},"version_group":{"name":"ultra-sun-ultra-moon","url":"https://pokeapi.co/api/v2/version-group/18/"}},{"flavor_text":"まっかな　ほのおで　じぶんの\nまわりに　いるものを　こうげきする。\nやけど　じょうたいに　することが　ある。","language":{"name":"ja-Hrkt","url":"https://pokeapi.co/api/v2/language/1/"},"version_group":{"name":"lets-go-pikachu-lets-go-eevee","url":"https://pokeapi.co/api/v2/version-group/19/"}},{"flavor_text":"새빨간 불꽃으로 자신의\n주위에 있는 포켓몬을 공격한다.\n화상 상태로 만들 때가 있다.","language":{"name":"ko","url":"https://pokeapi.co/api/v2/language/3/"},"version_group":{"name":"lets-go-pikachu-lets-go-eevee","url":"https://pokeapi.co/api/v2/version-group/19/"}},{"flavor_text":"用熊熊烈火\n攻擊自己周圍所有的寶可夢。\n有時會讓對手陷入灼傷狀態。","language":{"name":"zh-Hant","url":"https://pokeapi.co/api/v2/language/4/"},"version_group":{"name":"lets-go-pikachu-lets-go-eevee","url":"https://pokeapi.co/api/v2/version-group/19/"}},{"flavor_text":"Des boules de feu s’abattent sur tous les Pokémon\nautour du lanceur. Peut aussi les brûler.","language":{"name":"fr","url":"https://pokeapi.co/api/v2/language/5/"},"version_group":{"name":"lets-go-pikachu-lets-go-eevee","url":"https://pokeapi.co/api/v2/version-group/19/"}},{"flavor_text":"Anwender greift alles in seiner Umgebung mit\ntiefroten Flammen an. Ziele erleiden eventuell\nVerbrennungen.","language":{"name":"de","url":"https://pokeapi.co/api/v2/language/6/"},"version_group":{"name":"lets-go-pikachu-lets-go-eevee","url":"https://pokeapi.co/api/v2/version-group/19/"}},{"flavor_text":"Un infierno de llamas daña a los Pokémon\nadyacentes en combate. Puede quemar.","language":{"name":"es","url":"https://pokeapi.co/api/v2/language/7/"},"version_group":{"name":"lets-go-pikachu-lets-go-eevee","url":"https://pokeapi.co/api/v2/version-group/19/"}},{"flavor_text":"Chi la usa lancia fiamme scarlatte su tutti i\nPokémon nelle vicinanze, danneggiandoli.\nPuò anche scottarli.","language":{"name":"it","url":"https://pokeapi.co/api/v2/language/8/"},"version_group":{"name":"lets-go-pikachu-lets-go-eevee","url":"https://pokeapi.co/api/v2/version-group/19/"}},{"flavor_text":"The user torches everything around it in an inferno\nof scarlet flames. This may also leave those it hits\nwith a burn.","language":{"name":"en","url":"https://pokeapi.co/api/v2/language/9/"},"version_group":{"name":"lets-go-pikachu-lets-go-eevee","url":"https://pokeapi.co/api/v2/version-group/19/"}},{"flavor_text":"真っ赤な　炎で　自分の\n周りに　いるものを　攻撃する。\nやけど状態に　することが　ある。","language":{"name":"ja","url":"https://pokeapi.co/api/v2/language/11/"},"version_group":{"name":"lets-go-pikachu-lets-go-eevee","url":"https://pokeapi.co/api/v2/version-group/19/"}},{"flavor_text":"用熊熊烈火\n攻击自己周围所有的宝可梦。\n有时会陷入灼伤状态。","language":{"name":"zh-Hans","url":"https://pokeapi.co/api/v2/language/12/"},"version_group":{"name":"lets-go-pikachu-lets-go-eevee","url":"https://pokeapi.co/api/v2/version-group/19/"}},{"flavor_text":"まっかな　ほのおで　じぶんの\nまわりに　いるものを　こうげきする。\nやけど　じょうたいに　することが　ある。","language":{"name":"ja-Hrkt","url":"https://pokeapi.co/api/v2/language/1/"},"version_group":{"name":"sword-shield","url":"https://pokeapi.co/api/v2/version-group/20/"}},{"flavor_text":"새빨간 불꽃으로 자신의\n주위에 있는 포켓몬을 공격한다.\n화상 상태로 만들 때가 있다.","language":{"name":"ko","url":"https://pokeapi.co/api/v2/language/3/"},"version_group":{"name":"sword-shield","url":"https://pokeapi.co/api/v2/version-group/20/"}},{"flavor_text":"用熊熊烈火\n攻擊自己周圍所有的寶可夢。\n有時會讓對手陷入灼傷狀態。","language":{"name":"zh-Hant","url":"https://pokeapi.co/api/v2/language/4/"},"version_group":{"name":"sword-shield","url":"https://pokeapi.co/api/v2/version-group/20/"}},{"flavor_text":"Des boules de feu s’abattent sur tous les Pokémon\nautour du lanceur. Peut aussi les brûler.","language":{"name":"fr","url":"https://pokeapi.co/api/v2/language/5/"},"version_group":{"name":"sword-shield","url":"https://pokeapi.co/api/v2/version-group/20/"}},{"flavor_text":"Anwender greift alle Pokémon im Umkreis mit tiefroten\nFlammen an. Ziele erleiden eventuell Verbrennungen.","language":{"name":"de","url":"https://pokeapi.co/api/v2/language/6/"},"version_group":{"name":"sword-shield","url":"https://pokeapi.co/api/v2/version-group/20/"}},{"flavor_text":"Un infierno de llamas daña a los Pokémon adyacentes\nen combate. Puede quemar.","language":{"name":"es","url":"https://pokeapi.co/api/v2/language/7/"},"version_group":{"name":"sword-shield","url":"https://pokeapi.co/api/v2/version-group/20/"}},{"flavor_text":"Chi la usa lancia fiamme scarlatte su tutti i\nPokémon nelle vicinanze, danneggiandoli.\nPuò anche scottarli.","language":{"name":"it","url":"https://pokeapi.co/api/v2/language/8/"},"version_group":{"name":"sword-shield","url":"https://pokeapi.co/api/v2/version-group/20/"}},{"flavor_text":"The user torches everything around it in an inferno\nof scarlet flames. This may also leave those it hits\nwith a burn.","language":{"name":"en","url":"https://pokeapi.co/api/v2/language/9/"},"version_group":{"name":"sword-shield","url":"https://pokeapi.co/api/v2/version-group/20/"}},{"flavor_text":"真っ赤な　炎で　自分の\n周りに　いるものを　攻撃する。\nやけど状態に　することが　ある。","language":{"name":"ja","url":"https://pokeapi.co/api/v2/language/11/"},"version_group":{"name":"sword-shield","url":"https://pokeapi.co/api/v2/version-group/20/"}},{"flavor_text":"用熊熊烈火\n攻击自己周围所有的宝可梦。\n有时会陷入灼伤状态。","language":{"name":"zh-Hans","url":"https://pokeapi.co/api/v2/language/12/"},"version_group":{"name":"sword-shield","url":"https://pokeapi.co/api/v2/version-group/20/"}}],"generation":{"name":"generation-iv","url":"https://pokeapi.co/api/v2/generation/4/"},"id":436,"learned_by_pokemon":[{"name":"magmar","url":"https://pokeapi.co/api/v2/pokemon/126/"},{"name":"flareon","url":"https://pokeapi.co/api/v2/pokemon/136/"},{"name":"cyndaquil","url":"https://pokeapi.co/api/v2/pokemon/155/"},{"name":"quilava","url":"https://pokeapi.co/api/v2/pokemon/156/"},{"name":"typhlosion","url":"https://pokeapi.co/api/v2/pokemon/157/"},{"name":"slugma","url":"https://pokeapi.co/api/v2/pokemon/218/"},{"name":"magcargo","url":"https://pokeapi.co/api/v2/pokemon/219/"},{"name":"magby","url":"https://pokeapi.co/api/v2/pokemon/240/"},{"name":"entei","url":"https://pokeapi.co/api/v2/pokemon/244/"},{"name":"numel","url":"https://pokeapi.co/api/v2/pokemon/322/"},{"name":"camerupt","url":"https://pokeapi.co/api/v2/pokemon/323/"},{"name":"torkoal","url":"https://pokeapi.co/api/v2/pokemon/324/"},{"name":"groudon","url":"https://pokeapi.co/api/v2/pokemon/383/"},{"name":"magmortar","url":"https://pokeapi.co/api/v2/pokemon/467/"},{"name":"heatran","url":"https://pokeapi.co/api/v2/pokemon/485/"},{"name":"charcadet","url":"https://pokeapi.co/api/v2/pokemon/935/"},{"name":"armarouge","url":"https://pokeapi.co/api/v2/pokemon/936/"},{"name":"ceruledge","url":"https://pokeapi.co/api/v2/pokemon/937/"},{"name":"chi-yu","url":"https://pokeapi.co/api/v2/pokemon/1004/"},{"name":"groudon-primal","url":"https://pokeapi.co/api/v2/pokemon/10078/"},{"name":"camerupt-mega","url":"https://pokeapi.co/api/v2/pokemon/10087/"},{"name":"typhlosion-hisui","url":"https://pokeapi.co/api/v2/pokemon/10233/"}],"machines":[],"meta":{"ailment":{"name":"burn","url":"https://pokeapi.co/api/v2/move-ailment/4/"},"ailment_chance":30,"category":{"name":"damage+ailment","url":"https://pokeapi.co/api/v2/move-category/4/"},"crit_rate":0,"drain":0,"flinch_chance":0,"healing":0,"max_hits":null,"max_turns":null,"min_hits":null,"min_turns":null,"stat_chance":0},"name":"lava-plume","names":[{"language":{"name":"ja-Hrkt","url":"https://pokeapi.co/api/v2/language/1/"},"name":"ふんえん"},{"language":{"name":"ko","url":"https://pokeapi.co/api/v2/language/3/"},"name":"분연"},{"language":{"name":"zh-Hant","url":"https://pokeapi.co/api/v2/language/4/"},"name":"噴煙"},{"language":{"name":"fr","url":"https://pokeapi.co/api/v2/language/5/"},"name":"Ébullilave"},{"language":{"name":"de","url":"https://pokeapi.co/api/v2/language/6/"},"name":"Flammensturm"},{"language":{"name":"es","url":"https://pokeapi.co/api/v2/language/7/"},"name":"Humareda"},{"language":{"name":"it","url":"https://pokeapi.co/api/v2/language/8/"},"name":"Lavasbuffo"},{"language":{"name":"en","url":"https://pokeapi.co/api/v2/language/9/"},"name":"Lava Plume"},{"language":{"name":"ja","url":"https://pokeapi.co/api/v2/language/11/"},"name":"ふんえん"},{"language":{"name":"zh-Hans","url":"https://pokeapi.co/api/v2/language/12/"},"name":"喷烟"}],"past_values":[],"power":80,"pp":15,"priority":0,"stat_changes":[],"super_contest_effect":{"url":"https://pokeapi.co/api/v2/super-contest-effect/17/"},"target":{"name":"all-other-pokemon","url":"https://pokeapi.co/api/v2/move-target/9/"},"type":{"name":"fire","url":"https://pokeapi.co/api/v2/type/10/"}}