{"accuracy":null,"contest_combos":null,"contest_effect":null,"contest_type":{"name":"cool","url":"https://pokeapi.co/api/v2/contest-type/1/"},"damage_class":{"name":"physical","url":"https://pokeapi.co/api/v2/move-damage-class/2/"},"effect_chance":null,"effect_changes":[{"effect_entries":[{"effect":"Hits Pokémon under the effects of dig and fly.","language":{"name":"en","url":"https://pokeapi.co/api/v2/language/9/"}}],"version_group":{"name":"gold-silver","url":"https://pokeapi.co/api/v2/version-group/3/"}}],"effect_entries":[{"effect":"Inflicts regular damage.  Ignores accuracy and evasion modifiers.","language":{"name":"en","url":"https://pokeapi.co/api/v2/language/9/"},"short_effect":"Never misses."}],"flavor_text_entries":[{"flavor_text":"The user launches a\nsteel bomb that\nsticks to the target.\nThis attack will not\nmiss.","language":{"name":"en","url":"https://pokeapi.co/api/v2/language/9/"},"version_group":{"name":"diamond-pearl","url":"https://pokeapi.co/api/v2/version-group/8/"}},{"flavor_text":"The user launches a\nsteel bomb that\nsticks to the target.\nThis attack will not\nmiss.","language":{"name":"en","url":"https://pokeapi.co/api/v2/language/9/"},"version_group":{"name":"platinum","url":"https://pokeapi.co/api/v2/version-group/9/"}},{"flavor_text":"The user launches a\nsteel bomb that\nsticks to the target.\nThis attack will not\nmiss.","language":{"name":"en","url":"https://pokeapi.co/api/v2/language/9/"},"version_group":{"name":"heartgold-soulsilver","url":"https://pokeapi.co/api/v2/version-group/10/"}},{"flavor_text":"Le lanceur projette des bombes d’acier\nqui collent à l’ennemi. N’échoue jamais.","language":{"name":"fr","url":"https://pokeapi.co/api/v2/language/5/"},"version_group":{"name":"black-white","url":"https://pokeapi.co/api/v2/version-group/11/"}},{"flavor_text":"The user launches steel bombs that\nstick to the target.\nThis attack will not miss.","language":{"name":"en","url":"https://pokeapi.co/api/v2/language/9/"},"version_group":{"name":"black-white","url":"https://pokeapi.co/api/v2/version-group/11/"}},{"flavor_text":"The user launches steel bombs that\nstick to the target.\nThis attack will not miss.","language":{"name":"en","url":"https://pokeapi.co/api/v2/language/9/"},"version_group":{"name":"black-2-white-2","url":"https://pokeapi.co/api/v2/version-group/14/"}},{"flavor_text":"あいてに　すいつく\nはがねの　ばくだんを　はっしゃする。\nこうげきは　かならず　めいちゅう　する。","language":{"name":"ja-Hrkt","url":"https://pokeapi.co/api/v2/language/1/"},"version_group":{"name":"x-y","url":"https://pokeapi.co/api/v2/version-group/15/"}},{"flavor_text":"상대에게 달라붙는\n강철의 폭탄을 발사한다.\n공격은 반드시 명중한다.","language":{"name":"ko","url":"https://pokeapi.co/api/v2/language/3/"},"version_group":{"name":"x-y","url":"https://pokeapi.co/api/v2/version-group/15/"}},{"flavor_text":"Le lanceur projette des bombes d’acier qui collent\nà l’ennemi. N’échoue jamais.","language":{"name":"fr","url":"https://pokeapi.co/api/v2/language/5/"},"version_group":{"name":"x-y","url":"https://pokeapi.co/api/v2/version-group/15/"}},{"flavor_text":"Ziel wird durch Haftbomben getroffen.\nDiese Attacke trifft immer.","language":{"name":"de","url":"https://pokeapi.co/api/v2/language/6/"},"version_group":{"name":"x-y","url":"https://pokeapi.co/api/v2/version-group/15/"}},{"flavor_text":"Lanza unas bombas de hierro que se pegan al\nadversario. No se puede esquivar.","language":{"name":"es","url":"https://pokeapi.co/api/v2/language/7/"},"version_group":{"name":"x-y","url":"https://pokeapi.co/api/v2/version-group/15/"}},{"flavor_text":"Chi la usa lancia bombe d’acciaio che si attaccano\nal bersaglio. Una mossa infallibile.","language":{"name":"it","url":"https://pokeapi.co/api/v2/language/8/"},"version_group":{"name":"x-y","url":"https://pokeapi.co/api/v2/version-group/15/"}},{"flavor_text":"The user launches steel bombs that\nstick to the target.\nThis attack never misses.","language":{"name":"en","url":"https://pokeapi.co/api/v2/language/9/"},"version_group":{"name":"x-y","url":"https://pokeapi.co/api/v2/version-group/15/"}},{"flavor_text":"相手に　吸いつく\n鋼の　爆弾を　発射する。\n攻撃は　必ず　命中　する。","language":{"name":"ja","url":"https://pokeapi.co/api/v2/language/11/"},"version_group":{"name":"x-y","url":"https://pokeapi.co/api/v2/version-group/15/"}},{"flavor_text":"あいてに　すいつく\nはがねの　ばくだんを　はっしゃする。\nこうげきは　かならず　めいちゅう　する。","language":{"name":"ja-Hrkt","url":"https://pokeapi.co/api/v2/language/1/"},"version_group":{"name":"omega-ruby-alpha-sapphire","url":"https://pokeapi.co/api/v2/version-group/16/"}},{"flavor_text":"상대에게 달라붙는\n강철의 폭탄을 발사한다.\n공격은 반드시 명중한다.","language":{"name":"ko","url":"https://pokeapi.co/api/v2/language/3/"},"version_group":{"name":"omega-ruby-alpha-sapphire","url":"https://pokeapi.co/api/v2/version-group/16/"}},{"flavor_text":"Le lanceur projette des bombes d’acier qui collent\nà l’ennemi. N’échoue jamais.","language":{"name":"fr","url":"https://pokeapi.co/api/v2/language/5/"},"version_group":{"name":"omega-ruby-alpha-sapphire","url":"https://pokeapi.co/api/v2/version-group/16/"}},{"flavor_text":"Ziel wird durch Haftbomben getroffen.\nDiese Attacke trifft immer.","language":{"name":"de","url":"https://pokeapi.co/api/v2/language/6/"},"version_group":{"name":"omega-ruby-alpha-sapphire","url":"https://pokeapi.co/api/v2/version-group/16/"}},{"flavor_text":"Lanza unas bombas de hierro que se pegan al \nadversario. No se puede esquivar.","language":{"name":"es","url":"https://pokeapi.co/api/v2/language/7/"},"version_group":{"name":"omega-ruby-alpha-sapphire","url":"https://pokeapi.co/api/v2/version-group/16/"}},{"flavor_text":"Chi la usa lancia bombe d’acciaio che si attaccano\nal bersaglio. Una mossa infallibile.","language":{"name":"it","url":"https://pokeapi.co/api/v2/language/8/"},"version_group":{"name":"omega-ruby-alpha-sapphire","url":"https://pokeapi.co/api/v2/version-group/16/"}},{"flavor_text":"The user launches steel bombs that\nstick to the target.\nThis attack never misses.","language":{"name":"en","url":"https://pokeapi.co/api/v2/language/9/"},"version_group":{"name":"omega-ruby-alpha-sapphire","url":"https://pokeapi.co/api/v2/version-group/16/"}},{"flavor_text":"相手に　吸いつく\n鋼の　爆弾を　発射する。\n攻撃は　必ず　命中　する。","language":{"name":"ja","url":"https://pokeapi.co/api/v2/language/11/"},"version_group":{"name":"omega-ruby-alpha-sapphire","url":"https://pokeapi.co/api/v2/version-group/16/"}},{"flavor_text":"あいてに　すいつく\nはがねの　ばくだんを　はっしゃする。\nこうげきは　かならず　めいちゅう　する。","language":{"name":"ja-Hrkt","url":"https://pokeapi.co/api/v2/language/1/"},"version_group":{"name":"sun-moon","url":"https://pokeapi.co/api/v2/version-group/17/"}},{"flavor_text":"상대에게 달라붙는\n강철의 폭탄을 발사한다.\n공격은 반드시 명중한다.","language":{"name":"ko","url":"https://pokeapi.co/api/v2/language/3/"},"version_group":{"name":"sun-moon","url":"https://pokeapi.co/api/v2/version-group/17/"}},{"flavor_text":"發射能吸住對手的\n鋼鐵炸彈。\n攻擊必定會命中。","language":{"name":"zh-Hant","url":"https://pokeapi.co/api/v2/language/4/"},"version_group":{"name":"sun-moon","url":"https://pokeapi.co/api/v2/version-group/17/"}},{"flavor_text":"Le lanceur projette des bombes d’acier qui collent\nà l’ennemi. N’échoue jamais.","language":{"name":"fr","url":"https://pokeapi.co/api/v2/language/5/"},"version_group":{"name":"sun-moon","url":"https://pokeapi.co/api/v2/version-group/17/"}},{"flavor_text":"Ziel wird durch Haftbomben getroffen. Diese Attacke\ntrifft immer.","language":{"name":"de","url":"https://pokeapi.co/api/v2/language/6/"},"version_group":{"name":"sun-moon","url":"https://pokeapi.co/api/v2/version-group/17/"}},{"flavor_text":"Lanza unas bombas de hierro que se pegan al \nadversario. No se puede esquivar.","language":{"name":"es","url":"https://pokeapi.co/api/v2/language/7/"},"version_group":{"name":"sun-moon","url":"https://pokeapi.co/api/v2/version-group/17/"}},{"flavor_text":"Chi la usa lancia bombe d’acciaio che si attaccano\nal bersaglio. Una mossa infallibile.","language":{"name":"it","url":"https://pokeapi.co/api/v2/language/8/"},"version_group":{"name":"sun-moon","url":"https://pokeapi.co/api/v2/version-group/17/"}},{"flavor_text":"The user launches steel bombs that stick to the\ntarget. This attack never misses.","language":{"name":"en","url":"https://pokeapi.co/api/v2/language/9/"},"version_group":{"name":"sun-moon","url":"https://pokeapi.co/api/v2/version-group/17/"}},{"flavor_text":"相手に　吸いつく\n鋼の　爆弾を　発射する。\n攻撃は　必ず　命中　する。","language":{"name":"ja","url":"https://pokeapi.co/api/v2/language/11/"},"version_group":{"name":"sun-moon","url":"https://pokeapi.co/api/v2/version-group/17/"}},{"flavor_text":"发射吸住对手的\n钢铁炸弹。\n攻击必定会命中。","language":{"name":"zh-Hans","url":"https://pokeapi.co/api/v2/language/12/"},"version_group":{"name":"sun-moon","url":"https://pokeapi.co/api/v2/version-group/17/"}},{"flavor_text":"あいてに　すいつく\nはがねの　ばくだんを　はっしゃする。\nこうげきは　かならず　めいちゅう　する。","language":{"name":"ja-Hrkt","url":"https://pokeapi.co/api/v2/language/1/"},"version_group":{"name":"ultra-sun-ultra-moon","url":"https://pokeapi.co/api/v2/version-group/18/"}},{"flavor_text":"상대에게 달라붙는\n강철의 폭탄을 발사한다.\n공격은 반드시 명중한다.","language":{"name":"ko","url":"https://pokeapi.co/api/v2/language/3/"},"version_group":{"name":"ultra-sun-ultra-moon","url":"https://pokeapi.co/api/v2/version-group/18/"}},{"flavor_text":"發射能吸住對手的\n鋼鐵炸彈。\n攻擊必定會命中。","language":{"name":"zh-Hant","url":"https://pokeapi.co/api/v2/language/4/"},"version_group":{"name":"ultra-sun-ultra-moon","url":"https://pokeapi.co/api/v2/version-group/18/"}},{"flavor_text":"Le lanceur projette des bombes d’acier qui collent\nà l’ennemi. N’échoue jamais.","language":{"name":"fr","url":"https://pokeapi.co/api/v2/language/5/"},"version_group":{"name":"ultra-sun-ultra-moon","url":"https://pokeapi.co/api/v2/version-group/18/"}},{"flavor_text":"Ziel wird durch Haftbomben getroffen. Diese Attacke\ntrifft immer.","language":{"name":"de","url":"https://pokeapi.co/api/v2/language/6/"},"version_group":{"name":"ultra-sun-ultra-moon","url":"https://pokeapi.co/api/v2/version-group/18/"}},{"flavor_text":"Lanza unas bombas de hierro que se pegan al \nadversario. No se puede esquivar.","language":{"name":"es","url":"https://pokeapi.co/api/v2/language/7/"},"version_group":{"name":"ultra-sun-ultra-moon","url":"https://pokeapi.co/api/v2/version-group/18/"}},{"flavor_text":"Chi la usa lancia bombe d’acciaio che si attaccano\nal bersaglio. Una mossa infallibile.","language":{"name":"it","url":"https://pokeapi.co/api/v2/language/8/"},"version_group":{"name":"ultra-sun-ultra-moon","url":"https://pokeapi.co/api/v2/version-group/18/"}},{"flavor_text":"The user launches steel bombs that stick to the\ntarget. This attack never misses.","language":{"name":"en","url":"https://pokeapi.co/api/v2/language/9/"},"version_group":{"name":"ultra-sun-ultra-moon","url":"https://pokeapi.co/api/v2/version-group/18/"}},{"flavor_text":"相手に　吸いつく\n鋼の　爆弾を　発射する。\n攻撃は　必ず　命中　する。","language":{"name":"ja","url":"https://pokeapi.co/api/v2/language/11/"},"version_group":{"name":"ultra-sun-ultra-moon","url":"https://pokeapi.co/api/v2/version-group/18/"}},{"flavor_text":"发射吸住对手的\n钢铁炸弹。\n攻击必定会命中。","language":{"name":"zh-Hans","url":"https://pokeapi.co/api/v2/language/12/"},"version_group":{"name":"ultra-sun-ultra-moon","url":"https://pokeapi.co/api/v2/version-group/18/"}},{"flavor_text":"あいてに　すいつく\nはがねの　ばくだんを　はっしゃする。\nこうげきは　かならず　めいちゅう　する。","language":{"name":"ja-Hrkt","url":"https://pokeapi.co/api/v2/language/1/"},"version_group":{"name":"lets-go-pikachu-lets-go-eevee","url":"https://pokeapi.co/api/v2/version-group/19/"}},{"flavor_text":"상대에게 달라붙는\n강철의 폭탄을 발사한다.\n공격은 반드시 명중한다.","language":{"name":"ko","url":"https://pokeapi.co/api/v2/language/3/"},"version_group":{"name":"lets-go-pikachu-lets-go-eevee","url":"https://pokeapi.co/api/v2/version-group/19/"}},{"flavor_text":"發射能吸住對手的\n鋼鐵炸彈。\n攻擊必定會命中。","language":{"name":"zh-Hant","url":"https://pokeapi.co/api/v2/language/4/"},"version_group":{"name":"lets-go-pikachu-lets-go-eevee","url":"https://pokeapi.co/api/v2/version-group/19/"}},{"flavor_text":"Le lanceur projette des bombes d’acier qui collent\nà l’ennemi. N’échoue jamais.","language":{"name":"fr","url":"https://pokeapi.co/api/v2/language/5/"},"version_group":{"name":"lets-go-pikachu-lets-go-eevee","url":"https://pokeapi.co/api/v2/version-group/19/"}},{"flavor_text":"Ziel wird durch Haftbomben getroffen. Diese Attacke\ntrifft immer.","language":{"name":"de","url":"https://pokeapi.co/api/v2/language/6/"},"version_group":{"name":"lets-go-pikachu-lets-go-eevee","url":"https://pokeapi.co/api/v2/version-group/19/"}},{"flavor_text":"Lanza unas bombas de hierro que se pegan al \nadversario. No se puede esquivar.","language":{"name":"es","url":"https://pokeapi.co/api/v2/language/7/"},"version_group":{"name":"lets-go-pikachu-lets-go-eevee","url":"https://pokeapi.co/api/v2/version-group/19/"}},{"flavor_text":"Chi la usa lancia bombe d’acciaio che si attaccano\nal bersaglio. Una mossa infallibile.","language":{"name":"it","url":"https://pokeapi.co/api/v2/language/8/"},"version_group":{"name":"lets-go-pikachu-lets-go-eevee","url":"https://pokeapi.co/api/v2/version-group/19/"}},{"flavor_text":"The user launches steel bombs that stick to the\ntarget. This attack never misses.","language":{"name":"en","url":"https://pokeapi.co/api/v2/language/9/"},"version_group":{"name":"lets-go-pikachu-lets-go-eevee","url":"https://pokeapi.co/api/v2/version-group/19/"}},{"flavor_text":"相手に　吸いつく\n鋼の　爆弾を　発射する。\n攻撃は　必ず　命中　する。","language":{"name":"ja","url":"https://pokeapi.co/api/v2/language/11/"},"version_group":{"name":"lets-go-pikachu-lets-go-eevee","url":"https://pokeapi.co/api/v2/version-group/19/"}},{"flavor_text":"发射吸住对手的\n钢铁炸弹。\n攻击必定会命中。","language":{"name":"zh-Hans","url":"https://pokeapi.co/api/v2/language/12/"},"version_group":{"name":"lets-go-pikachu-lets-go-eevee","url":"https://pokeapi.co/api/v2/version-group/19/"}},{"flavor_text":"このわざは　つかえません\nおもいだすことが　できなくなりますが\nわざを　わすれることを　おすすめします","language":{"name":"ja-Hrkt","url":"https://pokeapi.co/api/v2/language/1/"},"version_group":{"name":"sword-shield","url":"https://pokeapi.co/api/v2/version-group/20/"}},{"flavor_text":"사용할 수 없는 기술입니다.\n다시 배우게 할 수 없지만\n기술을 잊게 하는 것을 권장합니다.","language":{"name":"ko","url":"https://pokeapi.co/api/v2/language/3/"},"version_group":{"name":"sword-shield","url":"https://pokeapi.co/api/v2/version-group/20/"}},{"flavor_text":"無法使用此招式。\n雖然忘記後將無法再想起來，\n但還是建議忘記此招式。","language":{"name":"zh-Hant","url":"https://pokeapi.co/api/v2/language/4/"},"version_group":{"name":"sword-shield","url":"https://pokeapi.co/api/v2/version-group/20/"}},{"flavor_text":"Cette capacité ne peut pas être utilisée.\nIl est recommandé de l’oublier, même s’il sera\nimpossible de se la remémorer une fois oubliée.","language":{"name":"fr","url":"https://pokeapi.co/api/v2/language/5/"},"version_group":{"name":"sword-shield","url":"https://pokeapi.co/api/v2/version-group/20/"}},{"flavor_text":"Diese Attacke kann nicht eingesetzt werden. Du solltest\ndein Pokémon sie vergessen lassen. Beachte aber,\ndass es sich danach nicht wieder an sie erinnern kann.","language":{"name":"de","url":"https://pokeapi.co/api/v2/language/6/"},"version_group":{"name":"sword-shield","url":"https://pokeapi.co/api/v2/version-group/20/"}},{"flavor_text":"Este movimiento no se puede usar, por lo que sería\nmejor olvidarlo, aunque eso implique que no se pueda\nrecordar posteriormente.","language":{"name":"es","url":"https://pokeapi.co/api/v2/language/7/"},"version_group":{"name":"sword-shield","url":"https://pokeapi.co/api/v2/version-group/20/"}},{"flavor_text":"Questa mossa non può essere usata.\nÈ consigliabile farla dimenticare al Pokémon. Tuttavia,\nuna volta dimenticata, non potrà più essere ricordata.","language":{"name":"it","url":"https://pokeapi.co/api/v2/language/8/"},"version_group":{"name":"sword-shield","url":"https://pokeapi.co/api/v2/version-group/20/"}},{"flavor_text":"This move can’t be used.\nIt’s recommended that this move is forgotten.\nOnce forgotten, this move can’t be remembered.","language":{"name":"en","url":"https://pokeapi.co/api/v2/language/9/"},"version_group":{"name":"sword-shield","url":"https://pokeapi.co/api/v2/version-group/20/"}},{"flavor_text":"この技は　使えません\n思い出すことが　できなくなりますが\n技を　忘れることを　おすすめします","language":{"name":"ja","url":"https://pokeapi.co/api/v2/language/11/"},"version_group":{"name":"sword-shield","url":"https://pokeapi.co/api/v2/version-group/20/"}},{"flavor_text":"无法使用这个招式。\n虽然忘记之后就再也想不起来了，\n但还是建议忘记这个招式。","language":{"name":"zh-Hans","url":"https://pokeapi.co/api/v2/language/12/"},"version_group":{"name":"sword-shield","url":"https://pokeapi.co/api/v2/version-group/20/"}}],"generation":{"name":"generation-iv","url":"https://pokeapi.co/api/v2/generation/4/"},"id":443,"learned_by_pokemon":[{"name":"magnemite","url":"https://pokeapi.co/api/v2/pokemon/81/"},{"name":"magneton","url":"https://pokeapi.co/api/v2/pokemon/82/"},{"name":"magnezone","url":"https://pokeapi.co/api/v2/pokemon/462/"},{"name":"probopass","url":"https://pokeapi.co/api/v2/pokemon/476/"},{"name":"genesect","url":"https://pokeapi.co/api/v2/pokemon/649/"}],"machines":[],"meta":{"ailment":{"name":"none","url":"https://pokeapi.co/api/v2/move-ailment/0/"},"ailment_chance":0,"category":{"name":"damage","url":"https://pokeapi.co/api/v2/move-category/0/"},"crit_rate":0,"drain":0,"flinch_chance":0,"healing":0,"max_hits":null,"max_turns":null,"min_hits":null,"min_turns":null,"stat_chance":0},"name":"magnet-bomb","names":[{"language":{"name":"ja-Hrkt","url":"https://pokeapi.co/api/v2/language/1/"},"name":"マグネットボム"},{"language":{"name":"ko","url":"https://pokeapi.co/api/v2/language/3/"},"name":"마그넷봄"},{"language":{"name":"zh-Hant","url":"https://pokeapi.co/api/v2/language/4/"},"name":"磁鐵炸彈"},{"language":{"name":"fr","url":"https://pokeapi.co/api/v2/language/5/"},"name":"Bombe Aimant"},{"language":{"name":"de","url":"https://pokeapi.co/api/v2/language/6/"},"name":"Magnetbombe"},{"language":{"name":"es","url":"https://pokeapi.co/api/v2/language/7/"},"name":"Bomba Imán"},{"language":{"name":"it","url":"https://pokeapi.co/api/v2/language/8/"},"name":"Bombagnete"},{"language":{"name":"en","url":"https://pokeapi.co/api/v2/language/9/"},"name":"Magnet Bomb"},{"language":{"name":"ja","url":"https://pokeapi.co/api/v2/language/11/"},"name":"マグネットボム"},{"language":{"name":"zh-Hans","url":"https://pokeapi.co/api/v2/language/12/"},"name":"磁铁炸弹"}],"past_values":[],"power":60,"pp":20,"priority":0,"stat_changes":[],"super_contest_effect":{"url":"https://pokeapi.co/api/v2/super-contest-effect/5/"},"target":{"name":"selected-pokemon","url":"https://pokeapi.co/api/v2/move-target/10/"},"type":{"name":"steel","url":"https://pokeapi.co/api/v2/type/9/"}}