{"accuracy":80,"contest_combos":null,"contest_effect":null,"contest_type":{"name":"tough","url":"https://pokeapi.co/api/v2/contest-type/5/"},"damage_class":{"name":"physical","url":"https://pokeapi.co/api/v2/move-damage-class/2/"},"effect_chance":null,"effect_changes":[],"effect_entries":[{"effect":"Inflicts regular damage.  User's critical hit rate is one level higher when using this move.","language":{"name":"en","url":"https://pokeapi.co/api/v2/language/9/"},"short_effect":"Has an increased chance for a critical hit."}],"flavor_text_entries":[{"flavor_text":"Clava piedras muy afiladas al objetivo. Suele ser \ncrítico.","language":{"name":"es","url":"https://pokeapi.co/api/v2/language/7/"},"version_group":{"name":"ultra-sun-ultra-moon","url":"https://pokeapi.co/api/v2/version-group/18/"}},{"flavor_text":"Chi la usa colpisce il bersaglio dal basso con\npietre affilate. Probabile brutto colpo.","language":{"name":"it","url":"https://pokeapi.co/api/v2/language/8/"},"version_group":{"name":"ultra-sun-ultra-moon","url":"https://pokeapi.co/api/v2/version-group/18/"}},{"flavor_text":"The user stabs the\nfoe with a sharpened\nstone. It has a high\ncritical-hit ratio.\n","language":{"name":"en","url":"https://pokeapi.co/api/v2/language/9/"},"version_group":{"name":"diamond-pearl","url":"https://pokeapi.co/api/v2/version-group/8/"}},{"flavor_text":"The user stabs the\nfoe with a sharpened\nstone. It has a high\ncritical-hit ratio.\n","language":{"name":"en","url":"https://pokeapi.co/api/v2/language/9/"},"version_group":{"name":"platinum","url":"https://pokeapi.co/api/v2/version-group/9/"}},{"flavor_text":"The user stabs the\nfoe with a sharpened\nstone. It has a high\ncritical-hit ratio.\n","language":{"name":"en","url":"https://pokeapi.co/api/v2/language/9/"},"version_group":{"name":"heartgold-soulsilver","url":"https://pokeapi.co/api/v2/version-group/10/"}},{"flavor_text":"Fait surgir des pierres aiguisées sous\nl’ennemi. Taux de critiques élevé.","language":{"name":"fr","url":"https://pokeapi.co/api/v2/language/5/"},"version_group":{"name":"black-white","url":"https://pokeapi.co/api/v2/version-group/11/"}},{"flavor_text":"The user stabs the foe with\nsharpened stones from below.\nIt has a high critical-hit ratio.","language":{"name":"en","url":"https://pokeapi.co/api/v2/language/9/"},"version_group":{"name":"black-white","url":"https://pokeapi.co/api/v2/version-group/11/"}},{"flavor_text":"The user stabs the foe with\nsharpened stones from below.\nIt has a high critical-hit ratio.","language":{"name":"en","url":"https://pokeapi.co/api/v2/language/9/"},"version_group":{"name":"black-2-white-2","url":"https://pokeapi.co/api/v2/version-group/14/"}},{"flavor_text":"とがった　いわを\nあいてに　つきさして　こうげきする。\nきゅうしょに　あたりやすい。","language":{"name":"ja-Hrkt","url":"https://pokeapi.co/api/v2/language/1/"},"version_group":{"name":"x-y","url":"https://pokeapi.co/api/v2/version-group/15/"}},{"flavor_text":"뾰족한 바위를\n상대에게 꿰찔러서 공격한다.\n급소에 맞기 쉽다.","language":{"name":"ko","url":"https://pokeapi.co/api/v2/language/3/"},"version_group":{"name":"x-y","url":"https://pokeapi.co/api/v2/version-group/15/"}},{"flavor_text":"Fait surgir des pierres aiguisées sous l’ennemi.\nTaux de critiques élevé.","language":{"name":"fr","url":"https://pokeapi.co/api/v2/language/5/"},"version_group":{"name":"x-y","url":"https://pokeapi.co/api/v2/version-group/15/"}},{"flavor_text":"Anwender sticht das Ziel mit spitzen Steinen.\nHohe Volltrefferquote.","language":{"name":"de","url":"https://pokeapi.co/api/v2/language/6/"},"version_group":{"name":"x-y","url":"https://pokeapi.co/api/v2/version-group/15/"}},{"flavor_text":"Clava piedras muy afiladas al objetivo. Suele ser\ncrítico.","language":{"name":"es","url":"https://pokeapi.co/api/v2/language/7/"},"version_group":{"name":"x-y","url":"https://pokeapi.co/api/v2/version-group/15/"}},{"flavor_text":"Chi la usa colpisce il bersaglio dal basso con\npietre affilate. Probabile brutto colpo.","language":{"name":"it","url":"https://pokeapi.co/api/v2/language/8/"},"version_group":{"name":"x-y","url":"https://pokeapi.co/api/v2/version-group/15/"}},{"flavor_text":"The user stabs the target with\nsharpened stones from below.\nCritical hits land more easily.","language":{"name":"en","url":"https://pokeapi.co/api/v2/language/9/"},"version_group":{"name":"x-y","url":"https://pokeapi.co/api/v2/version-group/15/"}},{"flavor_text":"とがった　岩を\n相手に　突き刺して　攻撃する。\n急所に　当たりやすい。","language":{"name":"ja","url":"https://pokeapi.co/api/v2/language/11/"},"version_group":{"name":"x-y","url":"https://pokeapi.co/api/v2/version-group/15/"}},{"flavor_text":"とがった　いわを\nあいてに　つきさして　こうげきする。\nきゅうしょに　あたりやすい。","language":{"name":"ja-Hrkt","url":"https://pokeapi.co/api/v2/language/1/"},"version_group":{"name":"omega-ruby-alpha-sapphire","url":"https://pokeapi.co/api/v2/version-group/16/"}},{"flavor_text":"뾰족한 바위를\n상대에게 꿰찔러서 공격한다.\n급소에 맞기 쉽다.","language":{"name":"ko","url":"https://pokeapi.co/api/v2/language/3/"},"version_group":{"name":"omega-ruby-alpha-sapphire","url":"https://pokeapi.co/api/v2/version-group/16/"}},{"flavor_text":"Fait surgir des pierres aiguisées sous l’ennemi.\nTaux de critiques élevé.","language":{"name":"fr","url":"https://pokeapi.co/api/v2/language/5/"},"version_group":{"name":"omega-ruby-alpha-sapphire","url":"https://pokeapi.co/api/v2/version-group/16/"}},{"flavor_text":"Anwender sticht das Ziel mit spitzen Steinen.\nHohe Volltrefferquote.","language":{"name":"de","url":"https://pokeapi.co/api/v2/language/6/"},"version_group":{"name":"omega-ruby-alpha-sapphire","url":"https://pokeapi.co/api/v2/version-group/16/"}},{"flavor_text":"Clava piedras muy afiladas al objetivo. Suele ser \ncrítico.","language":{"name":"es","url":"https://pokeapi.co/api/v2/language/7/"},"version_group":{"name":"omega-ruby-alpha-sapphire","url":"https://pokeapi.co/api/v2/version-group/16/"}},{"flavor_text":"Chi la usa colpisce il bersaglio dal basso con\npietre affilate. Probabile brutto colpo.","language":{"name":"it","url":"https://pokeapi.co/api/v2/language/8/"},"version_group":{"name":"omega-ruby-alpha-sapphire","url":"https://pokeapi.co/api/v2/version-group/16/"}},{"flavor_text":"The user stabs the target with\nsharpened stones from below.\nCritical hits land more easily.","language":{"name":"en","url":"https://pokeapi.co/api/v2/language/9/"},"version_group":{"name":"omega-ruby-alpha-sapphire","url":"https://pokeapi.co/api/v2/version-group/16/"}},{"flavor_text":"とがった　岩を\n相手に　突き刺して　攻撃する。\n急所に　当たりやすい。","language":{"name":"ja","url":"https://pokeapi.co/api/v2/language/11/"},"version_group":{"name":"omega-ruby-alpha-sapphire","url":"https://pokeapi.co/api/v2/version-group/16/"}},{"flavor_text":"とがった　いわを\nあいてに　つきさして　こうげきする。\nきゅうしょに　あたりやすい。","language":{"name":"ja-Hrkt","url":"https://pokeapi.co/api/v2/language/1/"},"version_group":{"name":"sun-moon","url":"https://pokeapi.co/api/v2/version-group/17/"}},{"flavor_text":"뾰족한 바위를\n상대에게 꿰찔러서 공격한다.\n급소에 맞기 쉽다.","language":{"name":"ko","url":"https://pokeapi.co/api/v2/language/3/"},"version_group":{"name":"sun-moon","url":"https://pokeapi.co/api/v2/version-group/17/"}},{"flavor_text":"用尖銳的岩石\n刺進對手進行攻擊。\n容易擊中要害。","language":{"name":"zh-Hant","url":"https://pokeapi.co/api/v2/language/4/"},"version_group":{"name":"sun-moon","url":"https://pokeapi.co/api/v2/version-group/17/"}},{"flavor_text":"Fait surgir des pierres aiguisées sous l’ennemi.\nTaux de critique élevé.","language":{"name":"fr","url":"https://pokeapi.co/api/v2/language/5/"},"version_group":{"name":"sun-moon","url":"https://pokeapi.co/api/v2/version-group/17/"}},{"flavor_text":"Anwender sticht das Ziel mit spitzen Steinen.\nHohe Volltrefferquote.","language":{"name":"de","url":"https://pokeapi.co/api/v2/language/6/"},"version_group":{"name":"sun-moon","url":"https://pokeapi.co/api/v2/version-group/17/"}},{"flavor_text":"Clava piedras muy afiladas al objetivo. Suele ser \ncrítico.","language":{"name":"es","url":"https://pokeapi.co/api/v2/language/7/"},"version_group":{"name":"sun-moon","url":"https://pokeapi.co/api/v2/version-group/17/"}},{"flavor_text":"Chi la usa colpisce il bersaglio dal basso con\npietre affilate. Probabile brutto colpo.","language":{"name":"it","url":"https://pokeapi.co/api/v2/language/8/"},"version_group":{"name":"sun-moon","url":"https://pokeapi.co/api/v2/version-group/17/"}},{"flavor_text":"The user stabs the target from below with\nsharpened stones. Critical hits land more easily.","language":{"name":"en","url":"https://pokeapi.co/api/v2/language/9/"},"version_group":{"name":"sun-moon","url":"https://pokeapi.co/api/v2/version-group/17/"}},{"flavor_text":"とがった　岩を\n相手に　突き刺して　攻撃する。\n急所に　当たりやすい。","language":{"name":"ja","url":"https://pokeapi.co/api/v2/language/11/"},"version_group":{"name":"sun-moon","url":"https://pokeapi.co/api/v2/version-group/17/"}},{"flavor_text":"用尖尖的岩石\n刺入对手进行攻击。\n容易击中要害。","language":{"name":"zh-Hans","url":"https://pokeapi.co/api/v2/language/12/"},"version_group":{"name":"sun-moon","url":"https://pokeapi.co/api/v2/version-group/17/"}},{"flavor_text":"とがった　いわを\nあいてに　つきさして　こうげきする。\nきゅうしょに　あたりやすい。","language":{"name":"ja-Hrkt","url":"https://pokeapi.co/api/v2/language/1/"},"version_group":{"name":"ultra-sun-ultra-moon","url":"https://pokeapi.co/api/v2/version-group/18/"}},{"flavor_text":"뾰족한 바위를\n상대에게 꿰찔러서 공격한다.\n급소에 맞기 쉽다.","language":{"name":"ko","url":"https://pokeapi.co/api/v2/language/3/"},"version_group":{"name":"ultra-sun-ultra-moon","url":"https://pokeapi.co/api/v2/version-group/18/"}},{"flavor_text":"用尖銳的岩石\n刺進對手進行攻擊。\n容易擊中要害。","language":{"name":"zh-Hant","url":"https://pokeapi.co/api/v2/language/4/"},"version_group":{"name":"ultra-sun-ultra-moon","url":"https://pokeapi.co/api/v2/version-group/18/"}},{"flavor_text":"Fait surgir des pierres aiguisées sous l’ennemi.\nTaux de critique élevé.","language":{"name":"fr","url":"https://pokeapi.co/api/v2/language/5/"},"version_group":{"name":"ultra-sun-ultra-moon","url":"https://pokeapi.co/api/v2/version-group/18/"}},{"flavor_text":"Anwender sticht das Ziel mit spitzen Steinen.\nHohe Volltrefferquote.","language":{"name":"de","url":"https://pokeapi.co/api/v2/language/6/"},"version_group":{"name":"ultra-sun-ultra-moon","url":"https://pokeapi.co/api/v2/version-group/18/"}},{"flavor_text":"The user stabs the target from below with\nsharpened stones. Critical hits land more easily.","language":{"name":"en","url":"https://pokeapi.co/api/v2/language/9/"},"version_group":{"name":"ultra-sun-ultra-moon","url":"https://pokeapi.co/api/v2/version-group/18/"}},{"flavor_text":"とがった　岩を\n相手に　突き刺して　攻撃する。\n急所に　当たりやすい。","language":{"name":"ja","url":"https://pokeapi.co/api/v2/language/11/"},"version_group":{"name":"ultra-sun-ultra-moon","url":"https://pokeapi.co/api/v2/version-group/18/"}},{"flavor_text":"用尖尖的岩石\n刺入对手进行攻击。\n容易击中要害。","language":{"name":"zh-Hans","url":"https://pokeapi.co/api/v2/language/12/"},"version_group":{"name":"ultra-sun-ultra-moon","url":"https://pokeapi.co/api/v2/version-group/18/"}},{"flavor_text":"とがった　いわを\nあいてに　つきさして　こうげきする。\nきゅうしょに　あたりやすい。","language":{"name":"ja-Hrkt","url":"https://pokeapi.co/api/v2/language/1/"},"version_group":{"name":"lets-go-pikachu-lets-go-eevee","url":"https://pokeapi.co/api/v2/version-group/19/"}},{"flavor_text":"뾰족한 바위를\n상대에게 꿰찔러서 공격한다.\n급소에 맞기 쉽다.","language":{"name":"ko","url":"https://pokeapi.co/api/v2/language/3/"},"version_group":{"name":"lets-go-pikachu-lets-go-eevee","url":"https://pokeapi.co/api/v2/version-group/19/"}},{"flavor_text":"用尖銳的岩石\n刺進對手進行攻擊。\n容易擊中要害。","language":{"name":"zh-Hant","url":"https://pokeapi.co/api/v2/language/4/"},"version_group":{"name":"lets-go-pikachu-lets-go-eevee","url":"https://pokeapi.co/api/v2/version-group/19/"}},{"flavor_text":"Fait surgir des pierres aiguisées sous l’ennemi.\nTaux de critique élevé.","language":{"name":"fr","url":"https://pokeapi.co/api/v2/language/5/"},"version_group":{"name":"lets-go-pikachu-lets-go-eevee","url":"https://pokeapi.co/api/v2/version-group/19/"}},{"flavor_text":"Anwender sticht das Ziel mit spitzen Steinen.\nHohe Volltrefferquote.","language":{"name":"de","url":"https://pokeapi.co/api/v2/language/6/"},"version_group":{"name":"lets-go-pikachu-lets-go-eevee","url":"https://pokeapi.co/api/v2/version-group/19/"}},{"flavor_text":"Clava piedras muy afiladas al objetivo. Suele ser \ncrítico.","language":{"name":"es","url":"https://pokeapi.co/api/v2/language/7/"},"version_group":{"name":"lets-go-pikachu-lets-go-eevee","url":"https://pokeapi.co/api/v2/version-group/19/"}},{"flavor_text":"Chi la usa colpisce il bersaglio dal basso con\npietre affilate. Probabile brutto colpo.","language":{"name":"it","url":"https://pokeapi.co/api/v2/language/8/"},"version_group":{"name":"lets-go-pikachu-lets-go-eevee","url":"https://pokeapi.co/api/v2/version-group/19/"}},{"flavor_text":"The user stabs the target from below with\nsharpened stones. Critical hits land more easily.","language":{"name":"en","url":"https://pokeapi.co/api/v2/language/9/"},"version_group":{"name":"lets-go-pikachu-lets-go-eevee","url":"https://pokeapi.co/api/v2/version-group/19/"}},{"flavor_text":"とがった　岩を\n相手に　突き刺して　攻撃する。\n急所に　当たりやすい。","language":{"name":"ja","url":"https://pokeapi.co/api/v2/language/11/"},"version_group":{"name":"lets-go-pikachu-lets-go-eevee","url":"https://pokeapi.co/api/v2/version-group/19/"}},{"flavor_text":"用尖尖的岩石\n刺入对手进行攻击。\n容易击中要害。","language":{"name":"zh-Hans","url":"https://pokeapi.co/api/v2/language/12/"},"version_group":{"name":"lets-go-pikachu-lets-go-eevee","url":"https://pokeapi.co/api/v2/version-group/19/"}},{"flavor_text":"とがった　いわを\nあいてに　つきさして　こうげきする。\nきゅうしょに　あたりやすい。","language":{"name":"ja-Hrkt","url":"https://pokeapi.co/api/v2/language/1/"},"version_group":{"name":"sword-shield","url":"https://pokeapi.co/api/v2/version-group/20/"}},{"flavor_text":"뾰족한 바위를\n상대에게 꿰찔러서 공격한다.\n급소에 맞기 쉽다.","language":{"name":"ko","url":"https://pokeapi.co/api/v2/language/3/"},"version_group":{"name":"sword-shield","url":"https://pokeapi.co/api/v2/version-group/20/"}},{"flavor_text":"用尖銳的岩石\n刺進對手進行攻擊。\n容易擊中要害。","language":{"name":"zh-Hant","url":"https://pokeapi.co/api/v2/language/4/"},"version_group":{"name":"sword-shield","url":"https://pokeapi.co/api/v2/version-group/20/"}},{"flavor_text":"Fait surgir des pierres aiguisées sous l’ennemi.\nTaux de critiques élevé.","language":{"name":"fr","url":"https://pokeapi.co/api/v2/language/5/"},"version_group":{"name":"sword-shield","url":"https://pokeapi.co/api/v2/version-group/20/"}},{"flavor_text":"Anwender schleudert scharfe Steine auf das Ziel.\nHohe Volltrefferquote.","language":{"name":"de","url":"https://pokeapi.co/api/v2/language/6/"},"version_group":{"name":"sword-shield","url":"https://pokeapi.co/api/v2/version-group/20/"}},{"flavor_text":"Clava piedras muy afiladas al objetivo. Suele ser crítico.","language":{"name":"es","url":"https://pokeapi.co/api/v2/language/7/"},"version_group":{"name":"sword-shield","url":"https://pokeapi.co/api/v2/version-group/20/"}},{"flavor_text":"Chi la usa colpisce il bersaglio dal basso con\npietre affilate. Probabile brutto colpo.","language":{"name":"it","url":"https://pokeapi.co/api/v2/language/8/"},"version_group":{"name":"sword-shield","url":"https://pokeapi.co/api/v2/version-group/20/"}},{"flavor_text":"The user stabs the target from below with\nsharpened stones. Critical hits land more easily.","language":{"name":"en","url":"https://pokeapi.co/api/v2/language/9/"},"version_group":{"name":"sword-shield","url":"https://pokeapi.co/api/v2/version-group/20/"}},{"flavor_text":"とがった　岩を\n相手に　突き刺して　攻撃する。\n急所に　当たりやすい。","language":{"name":"ja","url":"https://pokeapi.co/api/v2/language/11/"},"version_group":{"name":"sword-shield","url":"https://pokeapi.co/api/v2/version-group/20/"}},{"flavor_text":"用尖尖的岩石\n刺入对手进行攻击。\n容易击中要害。","language":{"name":"zh-Hans","url":"https://pokeapi.co/api/v2/language/12/"},"version_group":{"name":"sword-shield","url":"https://pokeapi.co/api/v2/version-group/20/"}}],"generation":{"name":"generation-iv","url":"https://pokeapi.co/api/v2/generation/4/"},"id":444,"learned_by_pokemon":[{"name":"sandslash","url":"https://pokeapi.co/api/v2/pokemon/28/"},{"name":"nidoqueen","url":"https://pokeapi.co/api/v2/pokemon/31/"},{"name":"nidoking","url":"https://pokeapi.co/api/v2/pokemon/34/"},{"name":"diglett","url":"https://pokeapi.co/api/v2/pokemon/50/"},{"name":"dugtrio","url":"https://pokeapi.co/api/v2/pokemon/51/"},{"name":"mankey","url":"https://pokeapi.co/api/v2/pokemon/56/"},{"name":"primeape","url":"https://pokeapi.co/api/v2/pokemon/57/"},{"name":"machamp","url":"https://pokeapi.co/api/v2/pokemon/68/"},{"name":"geodude","url":"https://pokeapi.co/api/v2/pokemon/74/"},{"name":"graveler","url":"https://pokeapi.co/api/v2/pokemon/75/"},{"name":"golem","url":"https://pokeapi.co/api/v2/pokemon/76/"},{"name":"onix","url":"https://pokeapi.co/api/v2/pokemon/95/"},{"name":"marowak","url":"https://pokeapi.co/api/v2/pokemon/105/"},{"name":"hitmonlee","url":"https://pokeapi.co/api/v2/pokemon/106/"},{"name":"hitmonchan","url":"https://pokeapi.co/api/v2/pokemon/107/"},{"name":"rhyhorn","url":"https://pokeapi.co/api/v2/pokemon/111/"},{"name":"rhydon","url":"https://pokeapi.co/api/v2/pokemon/112/"},{"name":"pinsir","url":"https://pokeapi.co/api/v2/pokemon/127/"},{"name":"tauros","url":"https://pokeapi.co/api/v2/pokemon/128/"},{"name":"gyarados","url":"https://pokeapi.co/api/v2/pokemon/130/"},{"name":"omastar","url":"https://pokeapi.co/api/v2/pokemon/139/"},{"name":"kabuto","url":"https://pokeapi.co/api/v2/pokemon/140/"},{"name":"kabutops","url":"https://pokeapi.co/api/v2/pokemon/141/"},{"name":"aerodactyl","url":"https://pokeapi.co/api/v2/pokemon/142/"},{"name":"dragonite","url":"https://pokeapi.co/api/v2/pokemon/149/"},{"name":"mewtwo","url":"https://pokeapi.co/api/v2/pokemon/150/"},{"name":"mew","url":"https://pokeapi.co/api/v2/pokemon/151/"},{"name":"sudowoodo","url":"https://pokeapi.co/api/v2/pokemon/185/"},{"name":"wooper","url":"https://pokeapi.co/api/v2/pokemon/194/"},{"name":"quagsire","url":"https://pokeapi.co/api/v2/pokemon/195/"},{"name":"forretress","url":"https://pokeapi.co/api/v2/pokemon/205/"},{"name":"dunsparce","url":"https://pokeapi.co/api/v2/pokemon/206/"},{"name":"gligar","url":"https://pokeapi.co/api/v2/pokemon/207/"},{"name":"steelix","url":"https://pokeapi.co/api/v2/pokemon/208/"},{"name":"granbull","url":"https://pokeapi.co/api/v2/pokemon/210/"},{"name":"shuckle","url":"https://pokeapi.co/api/v2/pokemon/213/"},{"name":"heracross","url":"https://pokeapi.co/api/v2/pokemon/214/"},{"name":"ursaring","url":"https://pokeapi.co/api/v2/pokemon/217/"},{"name":"magcargo","url":"https://pokeapi.co/api/v2/pokemon/219/"},{"name":"piloswine","url":"https://pokeapi.co/api/v2/pokemon/221/"},{"name":"corsola","url":"https://pokeapi.co/api/v2/pokemon/222/"},{"name":"phanpy","url":"https://pokeapi.co/api/v2/pokemon/231/"},{"name":"donphan","url":"https://pokeapi.co/api/v2/pokemon/232/"},{"name":"hitmontop","url":"https://pokeapi.co/api/v2/pokemon/237/"},{"name":"entei","url":"https://pokeapi.co/api/v2/pokemon/244/"},{"name":"larvitar","url":"https://pokeapi.co/api/v2/pokemon/246/"},{"name":"pupitar","url":"https://pokeapi.co/api/v2/pokemon/247/"},{"name":"tyranitar","url":"https://pokeapi.co/api/v2/pokemon/248/"},{"name":"blaziken","url":"https://pokeapi.co/api/v2/pokemon/257/"},{"name":"swampert","url":"https://pokeapi.co/api/v2/pokemon/260/"},{"name":"breloom","url":"https://pokeapi.co/api/v2/pokemon/286/"},{"name":"makuhita","url":"https://pokeapi.co/api/v2/pokemon/296/"},{"name":"hariyama","url":"https://pokeapi.co/api/v2/pokemon/297/"},{"name":"nosepass","url":"https://pokeapi.co/api/v2/pokemon/299/"},{"name":"mawile","url":"https://pokeapi.co/api/v2/pokemon/303/"},{"name":"lairon","url":"https://pokeapi.co/api/v2/pokemon/305/"},{"name":"aggron","url":"https://pokeapi.co/api/v2/pokemon/306/"},{"name":"numel","url":"https://pokeapi.co/api/v2/pokemon/322/"},{"name":"camerupt","url":"https://pokeapi.co/api/v2/pokemon/323/"},{"name":"torkoal","url":"https://pokeapi.co/api/v2/pokemon/324/"},{"name":"flygon","url":"https://pokeapi.co/api/v2/pokemon/330/"},{"name":"lunatone","url":"https://pokeapi.co/api/v2/pokemon/337/"},{"name":"solrock","url":"https://pokeapi.co/api/v2/pokemon/338/"},{"name":"barboach","url":"https://pokeapi.co/api/v2/pokemon/339/"},{"name":"whiscash","url":"https://pokeapi.co/api/v2/pokemon/340/"},{"name":"claydol","url":"https://pokeapi.co/api/v2/pokemon/344/"},{"name":"cradily","url":"https://pokeapi.co/api/v2/pokemon/346/"},{"name":"armaldo","url":"https://pokeapi.co/api/v2/pokemon/348/"},{"name":"absol","url":"https://pokeapi.co/api/v2/pokemon/359/"},{"name":"relicanth","url":"https://pokeapi.co/api/v2/pokemon/369/"},{"name":"salamence","url":"https://pokeapi.co/api/v2/pokemon/373/"},{"name":"regirock","url":"https://pokeapi.co/api/v2/pokemon/377/"},{"name":"groudon","url":"https://pokeapi.co/api/v2/pokemon/383/"},{"name":"rayquaza","url":"https://pokeapi.co/api/v2/pokemon/384/"},{"name":"torterra","url":"https://pokeapi.co/api/v2/pokemon/389/"},{"name":"infernape","url":"https://pokeapi.co/api/v2/pokemon/392/"},{"name":"cranidos","url":"https://pokeapi.co/api/v2/pokemon/408/"},{"name":"rampardos","url":"https://pokeapi.co/api/v2/pokemon/409/"},{"name":"shieldon","url":"https://pokeapi.co/api/v2/pokemon/410/"},{"name":"bastiodon","url":"https://pokeapi.co/api/v2/pokemon/411/"},{"name":"shellos","url":"https://pokeapi.co/api/v2/pokemon/422/"},{"name":"gastrodon","url":"https://pokeapi.co/api/v2/pokemon/423/"},{"name":"bonsly","url":"https://pokeapi.co/api/v2/pokemon/438/"},{"name":"gible","url":"https://pokeapi.co/api/v2/pokemon/443/"},{"name":"gabite","url":"https://pokeapi.co/api/v2/pokemon/444/"},{"name":"garchomp","url":"https://pokeapi.co/api/v2/pokemon/445/"},{"name":"lucario","url":"https://pokeapi.co/api/v2/pokemon/448/"},{"name":"hippopotas","url":"https://pokeapi.co/api/v2/pokemon/449/"},{"name":"hippowdon","url":"https://pokeapi.co/api/v2/pokemon/450/"},{"name":"toxicroak","url":"https://pokeapi.co/api/v2/pokemon/454/"},{"name":"rhyperior","url":"https://pokeapi.co/api/v2/pokemon/464/"},{"name":"gliscor","url":"https://pokeapi.co/api/v2/pokemon/472/"},{"name":"mamoswine","url":"https://pokeapi.co/api/v2/pokemon/473/"},{"name":"gallade","url":"https://pokeapi.co/api/v2/pokemon/475/"},{"name":"probopass","url":"https://pokeapi.co/api/v2/pokemon/476/"},{"name":"dialga","url":"https://pokeapi.co/api/v2/pokemon/483/"},{"name":"palkia","url":"https://pokeapi.co/api/v2/pokemon/484/"},{"name":"heatran","url":"https://pokeapi.co/api/v2/pokemon/485/"},{"name":"regigigas","url":"https://pokeapi.co/api/v2/pokemon/486/"},{"name":"giratina-altered","url":"https://pokeapi.co/api/v2/pokemon/487/"},{"name":"arceus","url":"https://pokeapi.co/api/v2/pokemon/493/"},{"name":"pignite","url":"https://pokeapi.co/api/v2/pokemon/499/"},{"name":"emboar","url":"https://pokeapi.co/api/v2/pokemon/500/"},{"name":"roggenrola","url":"https://pokeapi.co/api/v2/pokemon/524/"},{"name":"boldore","url":"https://pokeapi.co/api/v2/pokemon/525/"},{"name":"gigalith","url":"https://pokeapi.co/api/v2/pokemon/526/"},{"name":"timburr","url":"https://pokeapi.co/api/v2/pokemon/532/"},{"name":"gurdurr","url":"https://pokeapi.co/api/v2/pokemon/533/"},{"name":"conkeldurr","url":"https://pokeapi.co/api/v2/pokemon/534/"},{"name":"throh","url":"https://pokeapi.co/api/v2/pokemon/538/"},{"name":"sawk","url":"https://pokeapi.co/api/v2/pokemon/539/"},{"name":"sandile","url":"https://pokeapi.co/api/v2/pokemon/551/"},{"name":"krokorok","url":"https://pokeapi.co/api/v2/pokemon/552/"},{"name":"krookodile","url":"https://pokeapi.co/api/v2/pokemon/553/"},{"name":"darmanitan-standard","url":"https://pokeapi.co/api/v2/pokemon/555/"},{"name":"dwebble","url":"https://pokeapi.co/api/v2/pokemon/557/"},{"name":"crustle","url":"https://pokeapi.co/api/v2/pokemon/558/"},{"name":"scraggy","url":"https://pokeapi.co/api/v2/pokemon/559/"},{"name":"scrafty","url":"https://pokeapi.co/api/v2/pokemon/560/"},{"name":"tirtouga","url":"https://pokeapi.co/api/v2/pokemon/564/"},{"name":"carracosta","url":"https://pokeapi.co/api/v2/pokemon/565/"},{"name":"archen","url":"https://pokeapi.co/api/v2/pokemon/566/"},{"name":"archeops","url":"https://pokeapi.co/api/v2/pokemon/567/"},{"name":"beartic","url":"https://pokeapi.co/api/v2/pokemon/614/"},{"name":"stunfisk","url":"https://pokeapi.co/api/v2/pokemon/618/"},{"name":"mienfoo","url":"https://pokeapi.co/api/v2/pokemon/619/"},{"name":"mienshao","url":"https://pokeapi.co/api/v2/pokemon/620/"},{"name":"golurk","url":"https://pokeapi.co/api/v2/pokemon/623/"},{"name":"pawniard","url":"https://pokeapi.co/api/v2/pokemon/624/"},{"name":"bisharp","url":"https://pokeapi.co/api/v2/pokemon/625/"},{"name":"bouffalant","url":"https://pokeapi.co/api/v2/pokemon/626/"},{"name":"durant","url":"https://pokeapi.co/api/v2/pokemon/632/"},{"name":"hydreigon","url":"https://pokeapi.co/api/v2/pokemon/635/"},{"name":"cobalion","url":"https://pokeapi.co/api/v2/pokemon/638/"},{"name":"terrakion","url":"https://pokeapi.co/api/v2/pokemon/639/"},{"name":"virizion","url":"https://pokeapi.co/api/v2/pokemon/640/"},{"name":"reshiram","url":"https://pokeapi.co/api/v2/pokemon/643/"},{"name":"zekrom","url":"https://pokeapi.co/api/v2/pokemon/644/"},{"name":"landorus-incarnate","url":"https://pokeapi.co/api/v2/pokemon/645/"},{"name":"kyurem","url":"https://pokeapi.co/api/v2/pokemon/646/"},{"name":"keldeo-ordinary","url":"https://pokeapi.co/api/v2/pokemon/647/"},{"name":"meloetta-aria","url":"https://pokeapi.co/api/v2/pokemon/648/"},{"name":"chespin","url":"https://pokeapi.co/api/v2/pokemon/650/"},{"name":"quilladin","url":"https://pokeapi.co/api/v2/pokemon/651/"},{"name":"chesnaught","url":"https://pokeapi.co/api/v2/pokemon/652/"},{"name":"bunnelby","url":"https://pokeapi.co/api/v2/pokemon/659/"},{"name":"diggersby","url":"https://pokeapi.co/api/v2/pokemon/660/"},{"name":"pancham","url":"https://pokeapi.co/api/v2/pokemon/674/"},{"name":"pangoro","url":"https://pokeapi.co/api/v2/pokemon/675/"},{"name":"binacle","url":"https://pokeapi.co/api/v2/pokemon/688/"},{"name":"barbaracle","url":"https://pokeapi.co/api/v2/pokemon/689/"},{"name":"tyrunt","url":"https://pokeapi.co/api/v2/pokemon/696/"},{"name":"tyrantrum","url":"https://pokeapi.co/api/v2/pokemon/697/"},{"name":"amaura","url":"https://pokeapi.co/api/v2/pokemon/698/"},{"name":"aurorus","url":"https://pokeapi.co/api/v2/pokemon/699/"},{"name":"hawlucha","url":"https://pokeapi.co/api/v2/pokemon/701/"},{"name":"carbink","url":"https://pokeapi.co/api/v2/pokemon/703/"},{"name":"bergmite","url":"https://pokeapi.co/api/v2/pokemon/712/"},{"name":"avalugg","url":"https://pokeapi.co/api/v2/pokemon/713/"},{"name":"zygarde-50","url":"https://pokeapi.co/api/v2/pokemon/718/"},{"name":"diancie","url":"https://pokeapi.co/api/v2/pokemon/719/"},{"name":"volcanion","url":"https://pokeapi.co/api/v2/pokemon/721/"},{"name":"crabrawler","url":"https://pokeapi.co/api/v2/pokemon/739/"},{"name":"crabominable","url":"https://pokeapi.co/api/v2/pokemon/740/"},{"name":"rockruff","url":"https://pokeapi.co/api/v2/pokemon/744/"},{"name":"lycanroc-midday","url":"https://pokeapi.co/api/v2/pokemon/745/"},{"name":"mudbray","url":"https://pokeapi.co/api/v2/pokemon/749/"},{"name":"mudsdale","url":"https://pokeapi.co/api/v2/pokemon/750/"},{"name":"sandygast","url":"https://pokeapi.co/api/v2/pokemon/769/"},{"name":"palossand","url":"https://pokeapi.co/api/v2/pokemon/770/"},{"name":"minior-red-meteor","url":"https://pokeapi.co/api/v2/pokemon/774/"},{"name":"turtonator","url":"https://pokeapi.co/api/v2/pokemon/776/"},{"name":"tapu-bulu","url":"https://pokeapi.co/api/v2/pokemon/787/"},{"name":"solgaleo","url":"https://pokeapi.co/api/v2/pokemon/791/"},{"name":"buzzwole","url":"https://pokeapi.co/api/v2/pokemon/794/"},{"name":"celesteela","url":"https://pokeapi.co/api/v2/pokemon/797/"},{"name":"guzzlord","url":"https://pokeapi.co/api/v2/pokemon/799/"},{"name":"necrozma","url":"https://pokeapi.co/api/v2/pokemon/800/"},{"name":"marshadow","url":"https://pokeapi.co/api/v2/pokemon/802/"},{"name":"stakataka","url":"https://pokeapi.co/api/v2/pokemon/805/"},{"name":"drednaw","url":"https://pokeapi.co/api/v2/pokemon/834/"},{"name":"rolycoly","url":"https://pokeapi.co/api/v2/pokemon/837/"},{"name":"carkol","url":"https://pokeapi.co/api/v2/pokemon/838/"},{"name":"coalossal","url":"https://pokeapi.co/api/v2/pokemon/839/"},{"name":"silicobra","url":"https://pokeapi.co/api/v2/pokemon/843/"},{"name":"sandaconda","url":"https://pokeapi.co/api/v2/pokemon/844/"},{"name":"cursola","url":"https://pokeapi.co/api/v2/pokemon/864/"},{"name":"runerigus","url":"https://pokeapi.co/api/v2/pokemon/867/"},{"name":"stonjourner","url":"https://pokeapi.co/api/v2/pokemon/874/"},{"name":"cufant","url":"https://pokeapi.co/api/v2/pokemon/878/"},{"name":"copperajah","url":"https://pokeapi.co/api/v2/pokemon/879/"},{"name":"dracozolt","url":"https://pokeapi.co/api/v2/pokemon/880/"},{"name":"arctozolt","url":"https://pokeapi.co/api/v2/pokemon/881/"},{"name":"dracovish","url":"https://pokeapi.co/api/v2/pokemon/882/"},{"name":"arctovish","url":"https://pokeapi.co/api/v2/pokemon/883/"},{"name":"duraludon","url":"https://pokeapi.co/api/v2/pokemon/884/"},{"name":"zamazenta","url":"https://pokeapi.co/api/v2/pokemon/889/"},{"name":"urshifu-single-strike","url":"https://pokeapi.co/api/v2/pokemon/892/"},{"name":"kleavor","url":"https://pokeapi.co/api/v2/pokemon/900/"},{"name":"ursaluna","url":"https://pokeapi.co/api/v2/pokemon/901/"},{"name":"nacli","url":"https://pokeapi.co/api/v2/pokemon/932/"},{"name":"naclstack","url":"https://pokeapi.co/api/v2/pokemon/933/"},{"name":"garganacl","url":"https://pokeapi.co/api/v2/pokemon/934/"},{"name":"klawf","url":"https://pokeapi.co/api/v2/pokemon/950/"},{"name":"tinkatink","url":"https://pokeapi.co/api/v2/pokemon/957/"},{"name":"tinkatuff","url":"https://pokeapi.co/api/v2/pokemon/958/"},{"name":"tinkaton","url":"https://pokeapi.co/api/v2/pokemon/959/"},{"name":"bombirdier","url":"https://pokeapi.co/api/v2/pokemon/962/"},{"name":"glimmet","url":"https://pokeapi.co/api/v2/pokemon/969/"},{"name":"glimmora","url":"https://pokeapi.co/api/v2/pokemon/970/"},{"name":"annihilape","url":"https://pokeapi.co/api/v2/pokemon/979/"},{"name":"clodsire","url":"https://pokeapi.co/api/v2/pokemon/980/"},{"name":"dudunsparce","url":"https://pokeapi.co/api/v2/pokemon/982/"},{"name":"kingambit","url":"https://pokeapi.co/api/v2/pokemon/983/"},{"name":"great-tusk","url":"https://pokeapi.co/api/v2/pokemon/984/"},{"name":"iron-treads","url":"https://pokeapi.co/api/v2/pokemon/990/"},{"name":"iron-thorns","url":"https://pokeapi.co/api/v2/pokemon/995/"},{"name":"ting-lu","url":"https://pokeapi.co/api/v2/pokemon/1003/"},{"name":"roaring-moon","url":"https://pokeapi.co/api/v2/pokemon/1005/"},{"name":"giratina-origin","url":"https://pokeapi.co/api/v2/pokemon/10007/"},{"name":"darmanitan-zen","url":"https://pokeapi.co/api/v2/pokemon/10017/"},{"name":"meloetta-pirouette","url":"https://pokeapi.co/api/v2/pokemon/10018/"},{"name":"landorus-therian","url":"https://pokeapi.co/api/v2/pokemon/10021/"},{"name":"kyurem-black","url":"https://pokeapi.co/api/v2/pokemon/10022/"},{"name":"kyurem-white","url":"https://pokeapi.co/api/v2/pokemon/10023/"},{"name":"keldeo-resolute","url":"https://pokeapi.co/api/v2/pokemon/10024/"},{"name":"pinsir-mega","url":"https://pokeapi.co/api/v2/pokemon/10040/"},{"name":"gyarados-mega","url":"https://pokeapi.co/api/v2/pokemon/10041/"},{"name":"aerodactyl-mega","url":"https://pokeapi.co/api/v2/pokemon/10042/"},{"name":"mewtwo-mega-x","url":"https://pokeapi.co/api/v2/pokemon/10043/"},{"name":"mewtwo-mega-y","url":"https://pokeapi.co/api/v2/pokemon/10044/"},{"name":"heracross-mega","url":"https://pokeapi.co/api/v2/pokemon/10047/"},{"name":"tyranitar-mega","url":"https://pokeapi.co/api/v2/pokemon/10049/"},{"name":"blaziken-mega","url":"https://pokeapi.co/api/v2/pokemon/10050/"},{"name":"mawile-mega","url":"https://pokeapi.co/api/v2/pokemon/10052/"},{"name":"aggron-mega","url":"https://pokeapi.co/api/v2/pokemon/10053/"},{"name":"absol-mega","url":"https://pokeapi.co/api/v2/pokemon/10057/"},{"name":"garchomp-mega","url":"https://pokeapi.co/api/v2/pokemon/10058/"},{"name":"lucario-mega","url":"https://pokeapi.co/api/v2/pokemon/10059/"},{"name":"swampert-mega","url":"https://pokeapi.co/api/v2/pokemon/10064/"},{"name":"gallade-mega","url":"https://pokeapi.co/api/v2/pokemon/10068/"},{"name":"steelix-mega","url":"https://pokeapi.co/api/v2/pokemon/10072/"},{"name":"diancie-mega","url":"https://pokeapi.co/api/v2/pokemon/10075/"},{"name":"groudon-primal","url":"https://pokeapi.co/api/v2/pokemon/10078/"},{"name":"rayquaza-mega","url":"https://pokeapi.co/api/v2/pokemon/10079/"},{"name":"camerupt-mega","url":"https://pokeapi.co/api/v2/pokemon/10087/"},{"name":"salamence-mega","url":"https://pokeapi.co/api/v2/pokemon/10089/"},{"name":"diglett-alola","url":"https://pokeapi.co/api/v2/pokemon/10105/"},{"name":"dugtrio-alola","url":"https://pokeapi.co/api/v2/pokemon/10106/"},{"name":"geodude-alola","url":"https://pokeapi.co/api/v2/pokemon/10109/"},{"name":"graveler-alola","url":"https://pokeapi.co/api/v2/pokemon/10110/"},{"name":"golem-alola","url":"https://pokeapi.co/api/v2/pokemon/10111/"},{"name":"grimer-alola","url":"https://pokeapi.co/api/v2/pokemon/10112/"},{"name":"muk-alola","url":"https://pokeapi.co/api/v2/pokemon/10113/"},{"name":"marowak-alola","url":"https://pokeapi.co/api/v2/pokemon/10115/"},{"name":"zygarde-10-power-construct","url":"https://pokeapi.co/api/v2/pokemon/10118/"},{"name":"zygarde-50-power-construct","url":"https://pokeapi.co/api/v2/pokemon/10119/"},{"name":"zygarde-complete","url":"https://pokeapi.co/api/v2/pokemon/10120/"},{"name":"lycanroc-midnight","url":"https://pokeapi.co/api/v2/pokemon/10126/"},{"name":"minior-orange-meteor","url":"https://pokeapi.co/api/v2/pokemon/10130/"},{"name":"minior-yellow-meteor","url":"https://pokeapi.co/api/v2/pokemon/10131/"},{"name":"minior-green-meteor","url":"https://pokeapi.co/api/v2/pokemon/10132/"},{"name":"minior-blue-meteor","url":"https://pokeapi.co/api/v2/pokemon/10133/"},{"name":"minior-indigo-meteor","url":"https://pokeapi.co/api/v2/pokemon/10134/"},{"name":"minior-violet-meteor","url":"https://pokeapi.co/api/v2/pokemon/10135/"},{"name":"minior-red","url":"https://pokeapi.co/api/v2/pokemon/10136/"},{"name":"minior-orange","url":"https://pokeapi.co/api/v2/pokemon/10137/"},{"name":"minior-yellow","url":"https://pokeapi.co/api/v2/pokemon/10138/"},{"name":"minior-green","url":"https://pokeapi.co/api/v2/pokemon/10139/"},{"name":"minior-blue","url":"https://pokeapi.co/api/v2/pokemon/10140/"},{"name":"minior-indigo","url":"https://pokeapi.co/api/v2/pokemon/10141/"},{"name":"minior-violet","url":"https://pokeapi.co/api/v2/pokemon/10142/"},{"name":"marowak-totem","url":"https://pokeapi.co/api/v2/pokemon/10149/"},{"name":"rockruff-own-tempo","url":"https://pokeapi.co/api/v2/pokemon/10151/"},{"name":"lycanroc-dusk","url":"https://pokeapi.co/api/v2/pokemon/10152/"},{"name":"necrozma-dusk","url":"https://pokeapi.co/api/v2/pokemon/10155/"},{"name":"necrozma-dawn","url":"https://pokeapi.co/api/v2/pokemon/10156/"},{"name":"necrozma-ultra","url":"https://pokeapi.co/api/v2/pokemon/10157/"},{"name":"corsola-galar","url":"https://pokeapi.co/api/v2/pokemon/10173/"},{"name":"darmanitan-galar-standard","url":"https://pokeapi.co/api/v2/pokemon/10177/"},{"name":"darmanitan-galar-zen","url":"https://pokeapi.co/api/v2/pokemon/10178/"},{"name":"stunfisk-galar","url":"https://pokeapi.co/api/v2/pokemon/10180/"},{"name":"zygarde-10","url":"https://pokeapi.co/api/v2/pokemon/10181/"},{"name":"zamazenta-crowned","url":"https://pokeapi.co/api/v2/pokemon/10189/"},{"name":"urshifu-rapid-strike","url":"https://pokeapi.co/api/v2/pokemon/10191/"},{"name":"growlithe-hisui","url":"https://pokeapi.co/api/v2/pokemon/10229/"},{"name":"arcanine-hisui","url":"https://pokeapi.co/api/v2/pokemon/10230/"},{"name":"avalugg-hisui","url":"https://pokeapi.co/api/v2/pokemon/10243/"},{"name":"dialga-origin","url":"https://pokeapi.co/api/v2/pokemon/10245/"},{"name":"palkia-origin","url":"https://pokeapi.co/api/v2/pokemon/10246/"},{"name":"tauros-paldea-combat-breed","url":"https://pokeapi.co/api/v2/pokemon/10250/"},{"name":"tauros-paldea-blaze-breed","url":"https://pokeapi.co/api/v2/pokemon/10251/"},{"name":"tauros-paldea-aqua-breed","url":"https://pokeapi.co/api/v2/pokemon/10252/"},{"name":"wooper-paldea","url":"https://pokeapi.co/api/v2/pokemon/10253/"},{"name":"dudunsparce-three-segment","url":"https://pokeapi.co/api/v2/pokemon/10255/"}],"machines":[{"machine":{"url":"https://pokeapi.co/api/v2/machine/1212/"},"version_group":{"name":"diamond-pearl","url":"https://pokeapi.co/api/v2/version-group/8/"}},{"machine":{"url":"https://pokeapi.co/api/v2/machine/1213/"},"version_group":{"name":"platinum","url":"https://pokeapi.co/api/v2/version-group/9/"}},{"machine":{"url":"https://pokeapi.co/api/v2/machine/1214/"},"version_group":{"name":"heartgold-soulsilver","url":"https://pokeapi.co/api/v2/version-group/10/"}},{"machine":{"url":"https://pokeapi.co/api/v2/machine/1215/"},"version_group":{"name":"black-white","url":"https://pokeapi.co/api/v2/version-group/11/"}},{"machine":{"url":"https://pokeapi.co/api/v2/machine/1216/"},"version_group":{"name":"black-2-white-2","url":"https://pokeapi.co/api/v2/version-group/14/"}},{"machine":{"url":"https://pokeapi.co/api/v2/machine/1217/"},"version_group":{"name":"x-y","url":"https://pokeapi.co/api/v2/version-group/15/"}},{"machine":{"url":"https://pokeapi.co/api/v2/machine/1218/"},"version_group":{"name":"omega-ruby-alpha-sapphire","url":"https://pokeapi.co/api/v2/version-group/16/"}},{"machine":{"url":"https://pokeapi.co/api/v2/machine/1219/"},"version_group":{"name":"sun-moon","url":"https://pokeapi.co/api/v2/version-group/17/"}},{"machine":{"url":"https://pokeapi.co/api/v2/machine/1220/"},"version_group":{"name":"ultra-sun-ultra-moon","url":"https://pokeapi.co/api/v2/version-group/18/"}},{"machine":{"url":"https://pokeapi.co/api/v2/machine/1664/"},"version_group":{"name":"sword-shield","url":"https://pokeapi.co/api/v2/version-group/20/"}}],"meta":{"ailment":{"name":"none","url":"https://pokeapi.co/api/v2/move-ailment/0/"},"ailment_chance":0,"category":{"name":"damage","url":"https://pokeapi.co/api/v2/move-category/0/"},"crit_rate":1,"drain":0,"flinch_chance":0,"healing":0,"max_hits":null,"max_turns":null,"min_hits":null,"min_turns":null,"stat_chance":0},"name":"stone-edge","names":[{"language":{"name":"ja-Hrkt","url":"https://pokeapi.co/api/v2/language/1/"},"name":"ストーンエッジ"},{"language":{"name":"ko","url":"https://pokeapi.co/api/v2/language/3/"},"name":"스톤에지"},{"language":{"name":"zh-Hant","url":"https://pokeapi.co/api/v2/language/4/"},"name":"尖石攻擊"},{"language":{"name":"fr","url":"https://pokeapi.co/api/v2/language/5/"},"name":"Lame de Roc"},{"language":{"name":"de","url":"https://pokeapi.co/api/v2/language/6/"},"name":"Steinkante"},{"language":{"name":"es","url":"https://pokeapi.co/api/v2/language/7/"},"name":"Roca Afilada"},{"language":{"name":"it","url":"https://pokeapi.co/api/v2/language/8/"},"name":"Pietrataglio"},{"language":{"name":"en","url":"https://pokeapi.co/api/v2/language/9/"},"name":"Stone Edge"},{"language":{"name":"ja","url":"https://pokeapi.co/api/v2/language/11/"},"name":"ストーンエッジ"},{"language":{"name":"zh-Hans","url":"https://pokeapi.co/api/v2/language/12/"},"name":"尖石攻击"}],"past_values":[],"power":100,"pp":5,"priority":0,"stat_changes":[],"super_contest_effect":{"url":"https://pokeapi.co/api/v2/super-contest-effect/4/"},"target":{"name":"selected-pokemon","url":"https://pokeapi.co/api/v2/move-target/10/"},"type":{"name":"rock","url":"https://pokeapi.co/api/v2/type/6/"}}