{"accuracy":95,"contest_combos":null,"contest_effect":null,"contest_type":{"name":"tough","url":"https://pokeapi.co/api/v2/contest-type/5/"},"damage_class":{"name":"special","url":"https://pokeapi.co/api/v2/move-damage-class/3/"},"effect_chance":null,"effect_changes":[],"effect_entries":[{"effect":"Inflicts regular damage.  User's critical hit rate is one level higher when using this move.","language":{"name":"en","url":"https://pokeapi.co/api/v2/language/9/"},"short_effect":"Has an increased chance for a critical hit."}],"flavor_text_entries":[{"flavor_text":"Chi la usa lacera il bersaglio e lo spazio che\nlo circonda. Probabile brutto colpo.","language":{"name":"it","url":"https://pokeapi.co/api/v2/language/8/"},"version_group":{"name":"x-y","url":"https://pokeapi.co/api/v2/version-group/15/"}},{"flavor_text":"The user tears the\nfoe along with the\nspace around it.\nThis move has a high\ncritical-hit ratio.","language":{"name":"en","url":"https://pokeapi.co/api/v2/language/9/"},"version_group":{"name":"diamond-pearl","url":"https://pokeapi.co/api/v2/version-group/8/"}},{"flavor_text":"The user tears the\nfoe along with the\nspace around it.\nThis move has a high\ncritical-hit ratio.","language":{"name":"en","url":"https://pokeapi.co/api/v2/language/9/"},"version_group":{"name":"platinum","url":"https://pokeapi.co/api/v2/version-group/9/"}},{"flavor_text":"The user tears the\nfoe along with the\nspace around it.\nThis move has a high\ncritical-hit ratio.","language":{"name":"en","url":"https://pokeapi.co/api/v2/language/9/"},"version_group":{"name":"heartgold-soulsilver","url":"https://pokeapi.co/api/v2/version-group/10/"}},{"flavor_text":"Le lanceur déchire l’ennemi et l’espace\nautour de lui. Taux de critiques élevé.","language":{"name":"fr","url":"https://pokeapi.co/api/v2/language/5/"},"version_group":{"name":"black-white","url":"https://pokeapi.co/api/v2/version-group/11/"}},{"flavor_text":"The user tears the target along with the\nspace around it.\nCritical hits land more easily.","language":{"name":"en","url":"https://pokeapi.co/api/v2/language/9/"},"version_group":{"name":"black-white","url":"https://pokeapi.co/api/v2/version-group/11/"}},{"flavor_text":"The user tears the target along with the\nspace around it.\nCritical hits land more easily.","language":{"name":"en","url":"https://pokeapi.co/api/v2/language/9/"},"version_group":{"name":"black-2-white-2","url":"https://pokeapi.co/api/v2/version-group/14/"}},{"flavor_text":"まわりの　くうかんごと　あいてを\nひきさき　ダメージを　あたえる。\nきゅうしょに　あたりやすい。","language":{"name":"ja-Hrkt","url":"https://pokeapi.co/api/v2/language/1/"},"version_group":{"name":"x-y","url":"https://pokeapi.co/api/v2/version-group/15/"}},{"flavor_text":"주위의 공간과 더불어 상대를\n찢어서 데미지를 준다.\n급소에 맞기 쉽다.","language":{"name":"ko","url":"https://pokeapi.co/api/v2/language/3/"},"version_group":{"name":"x-y","url":"https://pokeapi.co/api/v2/version-group/15/"}},{"flavor_text":"Le lanceur déchire l’ennemi et l’espace autour\nde lui. Taux de critiques élevé.","language":{"name":"fr","url":"https://pokeapi.co/api/v2/language/5/"},"version_group":{"name":"x-y","url":"https://pokeapi.co/api/v2/version-group/15/"}},{"flavor_text":"Schwere, raumgreifende Attacke.\nHohe Volltrefferquote.","language":{"name":"de","url":"https://pokeapi.co/api/v2/language/6/"},"version_group":{"name":"x-y","url":"https://pokeapi.co/api/v2/version-group/15/"}},{"flavor_text":"Desgarra al objetivo y el espacio a su alrededor.\nSuele ser crítico.","language":{"name":"es","url":"https://pokeapi.co/api/v2/language/7/"},"version_group":{"name":"x-y","url":"https://pokeapi.co/api/v2/version-group/15/"}},{"flavor_text":"The user tears the target along with the\nspace around it.\nCritical hits land more easily.","language":{"name":"en","url":"https://pokeapi.co/api/v2/language/9/"},"version_group":{"name":"x-y","url":"https://pokeapi.co/api/v2/version-group/15/"}},{"flavor_text":"周りの　空間ごと　相手を\n引き裂き　ダメージを　与える。\n急所に　当たりやすい。","language":{"name":"ja","url":"https://pokeapi.co/api/v2/language/11/"},"version_group":{"name":"x-y","url":"https://pokeapi.co/api/v2/version-group/15/"}},{"flavor_text":"まわりの　くうかんごと　あいてを\nひきさき　ダメージを　あたえる。\nきゅうしょに　あたりやすい。","language":{"name":"ja-Hrkt","url":"https://pokeapi.co/api/v2/language/1/"},"version_group":{"name":"omega-ruby-alpha-sapphire","url":"https://pokeapi.co/api/v2/version-group/16/"}},{"flavor_text":"주위의 공간과 더불어 상대를\n찢어서 데미지를 준다.\n급소에 맞기 쉽다.","language":{"name":"ko","url":"https://pokeapi.co/api/v2/language/3/"},"version_group":{"name":"omega-ruby-alpha-sapphire","url":"https://pokeapi.co/api/v2/version-group/16/"}},{"flavor_text":"Le lanceur déchire l’ennemi et l’espace autour\nde lui. Taux de critiques élevé.","language":{"name":"fr","url":"https://pokeapi.co/api/v2/language/5/"},"version_group":{"name":"omega-ruby-alpha-sapphire","url":"https://pokeapi.co/api/v2/version-group/16/"}},{"flavor_text":"Schwere, raumgreifende Attacke.\nHohe Volltrefferquote.","language":{"name":"de","url":"https://pokeapi.co/api/v2/language/6/"},"version_group":{"name":"omega-ruby-alpha-sapphire","url":"https://pokeapi.co/api/v2/version-group/16/"}},{"flavor_text":"Desgarra al objetivo y el espacio a su alrededor. \nSuele ser crítico.","language":{"name":"es","url":"https://pokeapi.co/api/v2/language/7/"},"version_group":{"name":"omega-ruby-alpha-sapphire","url":"https://pokeapi.co/api/v2/version-group/16/"}},{"flavor_text":"Chi la usa lacera il bersaglio e lo spazio che\nlo circonda. Probabile brutto colpo.","language":{"name":"it","url":"https://pokeapi.co/api/v2/language/8/"},"version_group":{"name":"omega-ruby-alpha-sapphire","url":"https://pokeapi.co/api/v2/version-group/16/"}},{"flavor_text":"The user tears the target along with the\nspace around it.\nCritical hits land more easily.","language":{"name":"en","url":"https://pokeapi.co/api/v2/language/9/"},"version_group":{"name":"omega-ruby-alpha-sapphire","url":"https://pokeapi.co/api/v2/version-group/16/"}},{"flavor_text":"周りの　空間ごと　相手を\n引き裂き　ダメージを　与える。\n急所に　当たりやすい。","language":{"name":"ja","url":"https://pokeapi.co/api/v2/language/11/"},"version_group":{"name":"omega-ruby-alpha-sapphire","url":"https://pokeapi.co/api/v2/version-group/16/"}},{"flavor_text":"まわりの　くうかんごと　あいてを\nひきさき　ダメージを　あたえる。\nきゅうしょに　あたりやすい。","language":{"name":"ja-Hrkt","url":"https://pokeapi.co/api/v2/language/1/"},"version_group":{"name":"sun-moon","url":"https://pokeapi.co/api/v2/version-group/17/"}},{"flavor_text":"주위의 공간과 더불어 상대를\n찢어서 데미지를 준다.\n급소에 맞기 쉽다.","language":{"name":"ko","url":"https://pokeapi.co/api/v2/language/3/"},"version_group":{"name":"sun-moon","url":"https://pokeapi.co/api/v2/version-group/17/"}},{"flavor_text":"將對手連同周圍的空間\n一起切開，給予對手傷害。\n容易擊中要害。","language":{"name":"zh-Hant","url":"https://pokeapi.co/api/v2/language/4/"},"version_group":{"name":"sun-moon","url":"https://pokeapi.co/api/v2/version-group/17/"}},{"flavor_text":"Le lanceur déchire l’ennemi et l’espace autour\nde lui. Taux de critique élevé.","language":{"name":"fr","url":"https://pokeapi.co/api/v2/language/5/"},"version_group":{"name":"sun-moon","url":"https://pokeapi.co/api/v2/version-group/17/"}},{"flavor_text":"Schwere, raumgreifende Attacke.\nHohe Volltrefferquote.","language":{"name":"de","url":"https://pokeapi.co/api/v2/language/6/"},"version_group":{"name":"sun-moon","url":"https://pokeapi.co/api/v2/version-group/17/"}},{"flavor_text":"Desgarra al objetivo y el espacio a su alrededor. \nSuele ser crítico.","language":{"name":"es","url":"https://pokeapi.co/api/v2/language/7/"},"version_group":{"name":"sun-moon","url":"https://pokeapi.co/api/v2/version-group/17/"}},{"flavor_text":"Chi la usa lacera il bersaglio e lo spazio che\nlo circonda. Probabile brutto colpo.","language":{"name":"it","url":"https://pokeapi.co/api/v2/language/8/"},"version_group":{"name":"sun-moon","url":"https://pokeapi.co/api/v2/version-group/17/"}},{"flavor_text":"The user tears the target along with the space\naround it. Critical hits land more easily.","language":{"name":"en","url":"https://pokeapi.co/api/v2/language/9/"},"version_group":{"name":"sun-moon","url":"https://pokeapi.co/api/v2/version-group/17/"}},{"flavor_text":"周りの　空間ごと　相手を\n引き裂き　ダメージを　与える。\n急所に　当たりやすい。","language":{"name":"ja","url":"https://pokeapi.co/api/v2/language/11/"},"version_group":{"name":"sun-moon","url":"https://pokeapi.co/api/v2/version-group/17/"}},{"flavor_text":"将对手连同周围的空间一起\n撕裂并给予伤害。\n容易击中要害。","language":{"name":"zh-Hans","url":"https://pokeapi.co/api/v2/language/12/"},"version_group":{"name":"sun-moon","url":"https://pokeapi.co/api/v2/version-group/17/"}},{"flavor_text":"まわりの　くうかんごと　あいてを\nひきさき　ダメージを　あたえる。\nきゅうしょに　あたりやすい。","language":{"name":"ja-Hrkt","url":"https://pokeapi.co/api/v2/language/1/"},"version_group":{"name":"ultra-sun-ultra-moon","url":"https://pokeapi.co/api/v2/version-group/18/"}},{"flavor_text":"주위의 공간과 더불어 상대를\n찢어서 데미지를 준다.\n급소에 맞기 쉽다.","language":{"name":"ko","url":"https://pokeapi.co/api/v2/language/3/"},"version_group":{"name":"ultra-sun-ultra-moon","url":"https://pokeapi.co/api/v2/version-group/18/"}},{"flavor_text":"將對手連同周圍的空間\n一起切開，給予對手傷害。\n容易擊中要害。","language":{"name":"zh-Hant","url":"https://pokeapi.co/api/v2/language/4/"},"version_group":{"name":"ultra-sun-ultra-moon","url":"https://pokeapi.co/api/v2/version-group/18/"}},{"flavor_text":"Le lanceur déchire l’ennemi et l’espace autour\nde lui. Taux de critique élevé.","language":{"name":"fr","url":"https://pokeapi.co/api/v2/language/5/"},"version_group":{"name":"ultra-sun-ultra-moon","url":"https://pokeapi.co/api/v2/version-group/18/"}},{"flavor_text":"Schwere, raumgreifende Attacke.\nHohe Volltrefferquote.","language":{"name":"de","url":"https://pokeapi.co/api/v2/language/6/"},"version_group":{"name":"ultra-sun-ultra-moon","url":"https://pokeapi.co/api/v2/version-group/18/"}},{"flavor_text":"Desgarra al objetivo y el espacio a su alrededor. \nSuele ser crítico.","language":{"name":"es","url":"https://pokeapi.co/api/v2/language/7/"},"version_group":{"name":"ultra-sun-ultra-moon","url":"https://pokeapi.co/api/v2/version-group/18/"}},{"flavor_text":"Chi la usa lacera il bersaglio e lo spazio che\nlo circonda. Probabile brutto colpo.","language":{"name":"it","url":"https://pokeapi.co/api/v2/language/8/"},"version_group":{"name":"ultra-sun-ultra-moon","url":"https://pokeapi.co/api/v2/version-group/18/"}},{"flavor_text":"The user tears the target along with the space\naround it. Critical hits land more easily.","language":{"name":"en","url":"https://pokeapi.co/api/v2/language/9/"},"version_group":{"name":"ultra-sun-ultra-moon","url":"https://pokeapi.co/api/v2/version-group/18/"}},{"flavor_text":"周りの　空間ごと　相手を\n引き裂き　ダメージを　与える。\n急所に　当たりやすい。","language":{"name":"ja","url":"https://pokeapi.co/api/v2/language/11/"},"version_group":{"name":"ultra-sun-ultra-moon","url":"https://pokeapi.co/api/v2/version-group/18/"}},{"flavor_text":"将对手连同周围的空间一起\n撕裂并给予伤害。\n容易击中要害。","language":{"name":"zh-Hans","url":"https://pokeapi.co/api/v2/language/12/"},"version_group":{"name":"ultra-sun-ultra-moon","url":"https://pokeapi.co/api/v2/version-group/18/"}},{"flavor_text":"まわりの　くうかんごと　あいてを\nひきさき　ダメージを　あたえる。\nきゅうしょに　あたりやすい。","language":{"name":"ja-Hrkt","url":"https://pokeapi.co/api/v2/language/1/"},"version_group":{"name":"lets-go-pikachu-lets-go-eevee","url":"https://pokeapi.co/api/v2/version-group/19/"}},{"flavor_text":"주위의 공간과 더불어 상대를\n찢어서 데미지를 준다.\n급소에 맞기 쉽다.","language":{"name":"ko","url":"https://pokeapi.co/api/v2/language/3/"},"version_group":{"name":"lets-go-pikachu-lets-go-eevee","url":"https://pokeapi.co/api/v2/version-group/19/"}},{"flavor_text":"將對手連同周圍的空間\n一起切開，給予對手傷害。\n容易擊中要害。","language":{"name":"zh-Hant","url":"https://pokeapi.co/api/v2/language/4/"},"version_group":{"name":"lets-go-pikachu-lets-go-eevee","url":"https://pokeapi.co/api/v2/version-group/19/"}},{"flavor_text":"Le lanceur déchire l’ennemi et l’espace autour de lui.\nTaux de critique élevé.","language":{"name":"fr","url":"https://pokeapi.co/api/v2/language/5/"},"version_group":{"name":"lets-go-pikachu-lets-go-eevee","url":"https://pokeapi.co/api/v2/version-group/19/"}},{"flavor_text":"Schwere, raumgreifende Attacke.\nHohe Volltrefferquote.","language":{"name":"de","url":"https://pokeapi.co/api/v2/language/6/"},"version_group":{"name":"lets-go-pikachu-lets-go-eevee","url":"https://pokeapi.co/api/v2/version-group/19/"}},{"flavor_text":"Desgarra al objetivo y el espacio a su alrededor. \nSuele ser crítico.","language":{"name":"es","url":"https://pokeapi.co/api/v2/language/7/"},"version_group":{"name":"lets-go-pikachu-lets-go-eevee","url":"https://pokeapi.co/api/v2/version-group/19/"}},{"flavor_text":"Chi la usa lacera il bersaglio e lo spazio che\nlo circonda. Probabile brutto colpo.","language":{"name":"it","url":"https://pokeapi.co/api/v2/language/8/"},"version_group":{"name":"lets-go-pikachu-lets-go-eevee","url":"https://pokeapi.co/api/v2/version-group/19/"}},{"flavor_text":"The user tears the target along with the space\naround it. Critical hits land more easily.","language":{"name":"en","url":"https://pokeapi.co/api/v2/language/9/"},"version_group":{"name":"lets-go-pikachu-lets-go-eevee","url":"https://pokeapi.co/api/v2/version-group/19/"}},{"flavor_text":"周りの　空間ごと　相手を\n引き裂き　ダメージを　与える。\n急所に　当たりやすい。","language":{"name":"ja","url":"https://pokeapi.co/api/v2/language/11/"},"version_group":{"name":"lets-go-pikachu-lets-go-eevee","url":"https://pokeapi.co/api/v2/version-group/19/"}},{"flavor_text":"将对手连同周围的空间一起\n撕裂并给予伤害。\n容易击中要害。","language":{"name":"zh-Hans","url":"https://pokeapi.co/api/v2/language/12/"},"version_group":{"name":"lets-go-pikachu-lets-go-eevee","url":"https://pokeapi.co/api/v2/version-group/19/"}},{"flavor_text":"まわりの　くうかんごと　あいてを\nひきさき　ダメージを　あたえる。\nきゅうしょに　あたりやすい。","language":{"name":"ja-Hrkt","url":"https://pokeapi.co/api/v2/language/1/"},"version_group":{"name":"sword-shield","url":"https://pokeapi.co/api/v2/version-group/20/"}},{"flavor_text":"주위의 공간과 더불어 상대를\n찢어서 데미지를 준다.\n급소에 맞기 쉽다.","language":{"name":"ko","url":"https://pokeapi.co/api/v2/language/3/"},"version_group":{"name":"sword-shield","url":"https://pokeapi.co/api/v2/version-group/20/"}},{"flavor_text":"將對手連同周圍的空間\n一起切開，給予對手傷害。\n容易擊中要害。","language":{"name":"zh-Hant","url":"https://pokeapi.co/api/v2/language/4/"},"version_group":{"name":"sword-shield","url":"https://pokeapi.co/api/v2/version-group/20/"}},{"flavor_text":"Le lanceur déchire l’ennemi et l’espace autour de lui.\nTaux de critiques élevé.","language":{"name":"fr","url":"https://pokeapi.co/api/v2/language/5/"},"version_group":{"name":"sword-shield","url":"https://pokeapi.co/api/v2/version-group/20/"}},{"flavor_text":"Schwere, raumgreifende Attacke. Hohe Volltrefferquote.","language":{"name":"de","url":"https://pokeapi.co/api/v2/language/6/"},"version_group":{"name":"sword-shield","url":"https://pokeapi.co/api/v2/version-group/20/"}},{"flavor_text":"Desgarra al objetivo y el espacio a su alrededor. \nSuele ser crítico.","language":{"name":"es","url":"https://pokeapi.co/api/v2/language/7/"},"version_group":{"name":"sword-shield","url":"https://pokeapi.co/api/v2/version-group/20/"}},{"flavor_text":"Chi la usa lacera il bersaglio e lo spazio che\nlo circonda. Probabile brutto colpo.","language":{"name":"it","url":"https://pokeapi.co/api/v2/language/8/"},"version_group":{"name":"sword-shield","url":"https://pokeapi.co/api/v2/version-group/20/"}},{"flavor_text":"The user tears the target along with the space\naround it. Critical hits land more easily.","language":{"name":"en","url":"https://pokeapi.co/api/v2/language/9/"},"version_group":{"name":"sword-shield","url":"https://pokeapi.co/api/v2/version-group/20/"}},{"flavor_text":"周りの　空間ごと　相手を\n引き裂き　ダメージを　与える。\n急所に　当たりやすい。","language":{"name":"ja","url":"https://pokeapi.co/api/v2/language/11/"},"version_group":{"name":"sword-shield","url":"https://pokeapi.co/api/v2/version-group/20/"}},{"flavor_text":"将对手连同周围的空间一起\n撕裂并给予伤害。\n容易击中要害。","language":{"name":"zh-Hans","url":"https://pokeapi.co/api/v2/language/12/"},"version_group":{"name":"sword-shield","url":"https://pokeapi.co/api/v2/version-group/20/"}}],"generation":{"name":"generation-iv","url":"https://pokeapi.co/api/v2/generation/4/"},"id":460,"learned_by_pokemon":[{"name":"palkia","url":"https://pokeapi.co/api/v2/pokemon/484/"},{"name":"palkia-origin","url":"https://pokeapi.co/api/v2/pokemon/10246/"}],"machines":[],"meta":{"ailment":{"name":"none","url":"https://pokeapi.co/api/v2/move-ailment/0/"},"ailment_chance":0,"category":{"name":"damage","url":"https://pokeapi.co/api/v2/move-category/0/"},"crit_rate":1,"drain":0,"flinch_chance":0,"healing":0,"max_hits":null,"max_turns":null,"min_hits":null,"min_turns":null,"stat_chance":0},"name":"spacial-rend","names":[{"language":{"name":"ja-Hrkt","url":"https://pokeapi.co/api/v2/language/1/"},"name":"あくうせつだん"},{"language":{"name":"ko","url":"https://pokeapi.co/api/v2/language/3/"},"name":"공간절단"},{"language":{"name":"zh-Hant","url":"https://pokeapi.co/api/v2/language/4/"},"name":"亞空裂斬"},{"language":{"name":"fr","url":"https://pokeapi.co/api/v2/language/5/"},"name":"Spatio-Rift"},{"language":{"name":"de","url":"https://pokeapi.co/api/v2/language/6/"},"name":"Raumschlag"},{"language":{"name":"es","url":"https://pokeapi.co/api/v2/language/7/"},"name":"Corte Vacío"},{"language":{"name":"it","url":"https://pokeapi.co/api/v2/language/8/"},"name":"Fendispazio"},{"language":{"name":"en","url":"https://pokeapi.co/api/v2/language/9/"},"name":"Spacial Rend"},{"language":{"name":"ja","url":"https://pokeapi.co/api/v2/language/11/"},"name":"あくうせつだん"},{"language":{"name":"zh-Hans","url":"https://pokeapi.co/api/v2/language/12/"},"name":"亚空裂斩"}],"past_values":[],"power":100,"pp":5,"priority":0,"stat_changes":[],"super_contest_effect":{"url":"https://pokeapi.co/api/v2/super-contest-effect/4/"},"target":{"name":"selected-pokemon","url":"https://pokeapi.co/api/v2/move-target/10/"},"type":{"name":"dragon","url":"https://pokeapi.co/api/v2/type/16/"}}