{"accuracy":null,"contest_combos":null,"contest_effect":null,"contest_type":{"name":"beauty","url":"https://pokeapi.co/api/v2/contest-type/2/"},"damage_class":{"name":"status","url":"https://pokeapi.co/api/v2/move-damage-class/1/"},"effect_chance":null,"effect_changes":[],"effect_entries":[{"effect":"User faints.  Its replacement's HP and PP are fully restored, and any major status effect is removed.","language":{"name":"en","url":"https://pokeapi.co/api/v2/language/9/"},"short_effect":"User faints, and its replacement is fully healed."}],"flavor_text_entries":[{"flavor_text":"The user faints. In\nreturn, the Pokémon\ntaking its place will\nhave its status and\nHP fully restored.","language":{"name":"en","url":"https://pokeapi.co/api/v2/language/9/"},"version_group":{"name":"diamond-pearl","url":"https://pokeapi.co/api/v2/version-group/8/"}},{"flavor_text":"The user faints. In\nreturn, the Pokémon\ntaking its place will\nhave its status and\nHP fully restored.","language":{"name":"en","url":"https://pokeapi.co/api/v2/language/9/"},"version_group":{"name":"platinum","url":"https://pokeapi.co/api/v2/version-group/9/"}},{"flavor_text":"The user faints. In\nreturn, the Pokémon\ntaking its place will\nhave its status and\nHP fully restored.","language":{"name":"en","url":"https://pokeapi.co/api/v2/language/9/"},"version_group":{"name":"heartgold-soulsilver","url":"https://pokeapi.co/api/v2/version-group/10/"}},{"flavor_text":"Le lanceur tombe K.O. pour soigner le\nstatut et les PV du Pokémon qui prendra\nsa place au combat.","language":{"name":"fr","url":"https://pokeapi.co/api/v2/language/5/"},"version_group":{"name":"black-white","url":"https://pokeapi.co/api/v2/version-group/11/"}},{"flavor_text":"The user faints. In return, the Pokémon\ntaking its place will have its status and\nHP fully restored.","language":{"name":"en","url":"https://pokeapi.co/api/v2/language/9/"},"version_group":{"name":"black-white","url":"https://pokeapi.co/api/v2/version-group/11/"}},{"flavor_text":"The user faints. In return, the Pokémon\ntaking its place will have its status and\nHP fully restored.","language":{"name":"en","url":"https://pokeapi.co/api/v2/language/9/"},"version_group":{"name":"black-2-white-2","url":"https://pokeapi.co/api/v2/version-group/14/"}},{"flavor_text":"じぶんは　ひんしに　なるが\nひかえから　でてくる　ポケモンの\nすべての　じょうたいを　かいふく　する。","language":{"name":"ja-Hrkt","url":"https://pokeapi.co/api/v2/language/1/"},"version_group":{"name":"x-y","url":"https://pokeapi.co/api/v2/version-group/15/"}},{"flavor_text":"자신은 기절하지만\n교대하여 나오는 포켓몬의\n모든 상태를 회복한다.","language":{"name":"ko","url":"https://pokeapi.co/api/v2/language/3/"},"version_group":{"name":"x-y","url":"https://pokeapi.co/api/v2/version-group/15/"}},{"flavor_text":"Le lanceur tombe K.O. pour soigner le statut et les\nPV du Pokémon qui prendra sa place au combat.","language":{"name":"fr","url":"https://pokeapi.co/api/v2/language/5/"},"version_group":{"name":"x-y","url":"https://pokeapi.co/api/v2/version-group/15/"}},{"flavor_text":"Anwender geht K.O. Das an seine Stelle\ntretende Pokémon hat dafür volle KP und AP.\nStatusprobleme werden geheilt.","language":{"name":"de","url":"https://pokeapi.co/api/v2/language/6/"},"version_group":{"name":"x-y","url":"https://pokeapi.co/api/v2/version-group/15/"}},{"flavor_text":"El usuario se debilita, pero el Pokémon que lo\nsustituye recupera su estado, los PS y los PP.","language":{"name":"es","url":"https://pokeapi.co/api/v2/language/7/"},"version_group":{"name":"x-y","url":"https://pokeapi.co/api/v2/version-group/15/"}},{"flavor_text":"Chi la usa va KO. Il Pokémon che lo sostituisce\nguarisce dai propri problemi di stato e recupera\nPS e PP.","language":{"name":"it","url":"https://pokeapi.co/api/v2/language/8/"},"version_group":{"name":"x-y","url":"https://pokeapi.co/api/v2/version-group/15/"}},{"flavor_text":"The user faints. In return, the Pokémon\ntaking its place will have its status and\nHP fully restored.","language":{"name":"en","url":"https://pokeapi.co/api/v2/language/9/"},"version_group":{"name":"x-y","url":"https://pokeapi.co/api/v2/version-group/15/"}},{"flavor_text":"自分は　ひんしに　なるが\n控えから　でてくる　ポケモンの\nすべての　状態を　回復する。","language":{"name":"ja","url":"https://pokeapi.co/api/v2/language/11/"},"version_group":{"name":"x-y","url":"https://pokeapi.co/api/v2/version-group/15/"}},{"flavor_text":"じぶんは　ひんしに　なるが\nひかえから　でてくる　ポケモンの\nすべての　じょうたいを　かいふく　する。","language":{"name":"ja-Hrkt","url":"https://pokeapi.co/api/v2/language/1/"},"version_group":{"name":"omega-ruby-alpha-sapphire","url":"https://pokeapi.co/api/v2/version-group/16/"}},{"flavor_text":"자신은 기절하지만\n교대하여 나오는 포켓몬의\n모든 상태를 회복한다.","language":{"name":"ko","url":"https://pokeapi.co/api/v2/language/3/"},"version_group":{"name":"omega-ruby-alpha-sapphire","url":"https://pokeapi.co/api/v2/version-group/16/"}},{"flavor_text":"Le lanceur tombe K.O. pour soigner le statut et les\nPV du Pokémon qui prendra sa place au combat.","language":{"name":"fr","url":"https://pokeapi.co/api/v2/language/5/"},"version_group":{"name":"omega-ruby-alpha-sapphire","url":"https://pokeapi.co/api/v2/version-group/16/"}},{"flavor_text":"Anwender geht K.O. Das an seine Stelle\ntretende Pokémon hat dafür volle KP und AP.\nStatusprobleme werden geheilt.","language":{"name":"de","url":"https://pokeapi.co/api/v2/language/6/"},"version_group":{"name":"omega-ruby-alpha-sapphire","url":"https://pokeapi.co/api/v2/version-group/16/"}},{"flavor_text":"El usuario se debilita, pero el Pokémon que lo \nsustituye recupera su estado, los PS y los PP.","language":{"name":"es","url":"https://pokeapi.co/api/v2/language/7/"},"version_group":{"name":"omega-ruby-alpha-sapphire","url":"https://pokeapi.co/api/v2/version-group/16/"}},{"flavor_text":"Chi la usa va KO. Il Pokémon che lo sostituisce\nguarisce dai propri problemi di stato e recupera\nPS e PP.","language":{"name":"it","url":"https://pokeapi.co/api/v2/language/8/"},"version_group":{"name":"omega-ruby-alpha-sapphire","url":"https://pokeapi.co/api/v2/version-group/16/"}},{"flavor_text":"The user faints. In return, the Pokémon\ntaking its place will have its status and\nHP fully restored.","language":{"name":"en","url":"https://pokeapi.co/api/v2/language/9/"},"version_group":{"name":"omega-ruby-alpha-sapphire","url":"https://pokeapi.co/api/v2/version-group/16/"}},{"flavor_text":"自分は　ひんしに　なるが\n控えから　でてくる　ポケモンの\nすべての　状態を　回復する。","language":{"name":"ja","url":"https://pokeapi.co/api/v2/language/11/"},"version_group":{"name":"omega-ruby-alpha-sapphire","url":"https://pokeapi.co/api/v2/version-group/16/"}},{"flavor_text":"じぶんは　ひんしに　なるが\nひかえから　でてくる　ポケモンの\nすべての　じょうたいを　かいふく　する。","language":{"name":"ja-Hrkt","url":"https://pokeapi.co/api/v2/language/1/"},"version_group":{"name":"sun-moon","url":"https://pokeapi.co/api/v2/version-group/17/"}},{"flavor_text":"자신은 기절하지만\n교대하여 나오는 포켓몬의\n모든 상태를 회복한다.","language":{"name":"ko","url":"https://pokeapi.co/api/v2/language/3/"},"version_group":{"name":"sun-moon","url":"https://pokeapi.co/api/v2/version-group/17/"}},{"flavor_text":"雖然自己會陷入瀕死，\n但可以讓接替上場的\n寶可夢回復到萬全狀態。","language":{"name":"zh-Hant","url":"https://pokeapi.co/api/v2/language/4/"},"version_group":{"name":"sun-moon","url":"https://pokeapi.co/api/v2/version-group/17/"}},{"flavor_text":"Le lanceur tombe K.O. pour soigner le statut et les\nPV du Pokémon qui prendra sa place au combat.","language":{"name":"fr","url":"https://pokeapi.co/api/v2/language/5/"},"version_group":{"name":"sun-moon","url":"https://pokeapi.co/api/v2/version-group/17/"}},{"flavor_text":"Anwender geht K.O. Das an seine Stelle tretende\nPokémon hat dafür volle KP sowie AP und wird von\nStatusproblemen geheilt.","language":{"name":"de","url":"https://pokeapi.co/api/v2/language/6/"},"version_group":{"name":"sun-moon","url":"https://pokeapi.co/api/v2/version-group/17/"}},{"flavor_text":"El usuario se debilita, pero el Pokémon que lo \nsustituye recupera su estado, los PS y los PP.","language":{"name":"es","url":"https://pokeapi.co/api/v2/language/7/"},"version_group":{"name":"sun-moon","url":"https://pokeapi.co/api/v2/version-group/17/"}},{"flavor_text":"Chi la usa va KO. Il Pokémon che lo sostituisce\nguarisce dai propri problemi di stato e recupera\ntutti i PS.","language":{"name":"it","url":"https://pokeapi.co/api/v2/language/8/"},"version_group":{"name":"sun-moon","url":"https://pokeapi.co/api/v2/version-group/17/"}},{"flavor_text":"The user faints. In return, the Pokémon taking its\nplace will have its status and HP fully restored.","language":{"name":"en","url":"https://pokeapi.co/api/v2/language/9/"},"version_group":{"name":"sun-moon","url":"https://pokeapi.co/api/v2/version-group/17/"}},{"flavor_text":"自分は　ひんしに　なるが\n控えから　でてくる　ポケモンの\nすべての　状態を　回復する。","language":{"name":"ja","url":"https://pokeapi.co/api/v2/language/11/"},"version_group":{"name":"sun-moon","url":"https://pokeapi.co/api/v2/version-group/17/"}},{"flavor_text":"虽然自己陷入濒死，\n但可以治愈后备上场的\n宝可梦的全部状态。","language":{"name":"zh-Hans","url":"https://pokeapi.co/api/v2/language/12/"},"version_group":{"name":"sun-moon","url":"https://pokeapi.co/api/v2/version-group/17/"}},{"flavor_text":"じぶんは　ひんしに　なるが\nひかえから　でてくる　ポケモンの\nすべての　じょうたいを　かいふく　する。","language":{"name":"ja-Hrkt","url":"https://pokeapi.co/api/v2/language/1/"},"version_group":{"name":"ultra-sun-ultra-moon","url":"https://pokeapi.co/api/v2/version-group/18/"}},{"flavor_text":"자신은 기절하지만\n교대하여 나오는 포켓몬의\n모든 상태를 회복한다.","language":{"name":"ko","url":"https://pokeapi.co/api/v2/language/3/"},"version_group":{"name":"ultra-sun-ultra-moon","url":"https://pokeapi.co/api/v2/version-group/18/"}},{"flavor_text":"雖然自己會陷入瀕死，\n但可以讓接替上場的\n寶可夢回復到萬全狀態。","language":{"name":"zh-Hant","url":"https://pokeapi.co/api/v2/language/4/"},"version_group":{"name":"ultra-sun-ultra-moon","url":"https://pokeapi.co/api/v2/version-group/18/"}},{"flavor_text":"Le lanceur tombe K.O. pour soigner le statut et les\nPV du Pokémon qui prendra sa place au combat.","language":{"name":"fr","url":"https://pokeapi.co/api/v2/language/5/"},"version_group":{"name":"ultra-sun-ultra-moon","url":"https://pokeapi.co/api/v2/version-group/18/"}},{"flavor_text":"Anwender geht K.O. Das an seine Stelle tretende\nPokémon hat dafür volle KP sowie AP und wird von\nStatusproblemen geheilt.","language":{"name":"de","url":"https://pokeapi.co/api/v2/language/6/"},"version_group":{"name":"ultra-sun-ultra-moon","url":"https://pokeapi.co/api/v2/version-group/18/"}},{"flavor_text":"El usuario se debilita, pero el Pokémon que lo \nsustituye recupera su estado, los PS y los PP.","language":{"name":"es","url":"https://pokeapi.co/api/v2/language/7/"},"version_group":{"name":"ultra-sun-ultra-moon","url":"https://pokeapi.co/api/v2/version-group/18/"}},{"flavor_text":"Chi la usa va KO. Il Pokémon che lo sostituisce\nguarisce dai propri problemi di stato e recupera\ntutti i PS.","language":{"name":"it","url":"https://pokeapi.co/api/v2/language/8/"},"version_group":{"name":"ultra-sun-ultra-moon","url":"https://pokeapi.co/api/v2/version-group/18/"}},{"flavor_text":"The user faints. In return, the Pokémon taking its\nplace will have its status and HP fully restored.","language":{"name":"en","url":"https://pokeapi.co/api/v2/language/9/"},"version_group":{"name":"ultra-sun-ultra-moon","url":"https://pokeapi.co/api/v2/version-group/18/"}},{"flavor_text":"自分は　ひんしに　なるが\n控えから　でてくる　ポケモンの\nすべての　状態を　回復する。","language":{"name":"ja","url":"https://pokeapi.co/api/v2/language/11/"},"version_group":{"name":"ultra-sun-ultra-moon","url":"https://pokeapi.co/api/v2/version-group/18/"}},{"flavor_text":"虽然自己陷入濒死，\n但可以治愈后备上场的\n宝可梦的全部状态。","language":{"name":"zh-Hans","url":"https://pokeapi.co/api/v2/language/12/"},"version_group":{"name":"ultra-sun-ultra-moon","url":"https://pokeapi.co/api/v2/version-group/18/"}},{"flavor_text":"じぶんは　ひんしに　なるが\nひかえから　でてくる　ポケモンの\nすべての　じょうたいを　かいふく　する。","language":{"name":"ja-Hrkt","url":"https://pokeapi.co/api/v2/language/1/"},"version_group":{"name":"lets-go-pikachu-lets-go-eevee","url":"https://pokeapi.co/api/v2/version-group/19/"}},{"flavor_text":"자신은 기절하지만\n교대하여 나오는 포켓몬의\n모든 상태를 회복한다.","language":{"name":"ko","url":"https://pokeapi.co/api/v2/language/3/"},"version_group":{"name":"lets-go-pikachu-lets-go-eevee","url":"https://pokeapi.co/api/v2/version-group/19/"}},{"flavor_text":"雖然自己會陷入瀕死，\n但可以讓接替上場的\n寶可夢回復到萬全狀態。","language":{"name":"zh-Hant","url":"https://pokeapi.co/api/v2/language/4/"},"version_group":{"name":"lets-go-pikachu-lets-go-eevee","url":"https://pokeapi.co/api/v2/version-group/19/"}},{"flavor_text":"Le lanceur tombe K.O. pour soigner le statut et les PV\ndu Pokémon qui prendra sa place au combat.","language":{"name":"fr","url":"https://pokeapi.co/api/v2/language/5/"},"version_group":{"name":"lets-go-pikachu-lets-go-eevee","url":"https://pokeapi.co/api/v2/version-group/19/"}},{"flavor_text":"Anwender geht K.O. Das an seine Stelle tretende\nPokémon hat dafür volle KP sowie AP und wird von\nStatusproblemen geheilt.","language":{"name":"de","url":"https://pokeapi.co/api/v2/language/6/"},"version_group":{"name":"lets-go-pikachu-lets-go-eevee","url":"https://pokeapi.co/api/v2/version-group/19/"}},{"flavor_text":"El usuario se debilita, pero el Pokémon que lo \nsustituye recupera su estado, los PS y los PP.","language":{"name":"es","url":"https://pokeapi.co/api/v2/language/7/"},"version_group":{"name":"lets-go-pikachu-lets-go-eevee","url":"https://pokeapi.co/api/v2/version-group/19/"}},{"flavor_text":"Chi la usa va KO. Il Pokémon che lo sostituisce\nguarisce dai propri problemi di stato e recupera\ntutti i PS e i PP.","language":{"name":"it","url":"https://pokeapi.co/api/v2/language/8/"},"version_group":{"name":"lets-go-pikachu-lets-go-eevee","url":"https://pokeapi.co/api/v2/version-group/19/"}},{"flavor_text":"The user faints. In return, the Pokémon taking its\nplace will have its status and HP fully restored.","language":{"name":"en","url":"https://pokeapi.co/api/v2/language/9/"},"version_group":{"name":"lets-go-pikachu-lets-go-eevee","url":"https://pokeapi.co/api/v2/version-group/19/"}},{"flavor_text":"自分は　ひんしに　なるが\n控えから　でてくる　ポケモンの\nすべての　状態を　回復する。","language":{"name":"ja","url":"https://pokeapi.co/api/v2/language/11/"},"version_group":{"name":"lets-go-pikachu-lets-go-eevee","url":"https://pokeapi.co/api/v2/version-group/19/"}},{"flavor_text":"虽然自己陷入濒死，\n但可以治愈后备上场的\n宝可梦的全部状态。","language":{"name":"zh-Hans","url":"https://pokeapi.co/api/v2/language/12/"},"version_group":{"name":"lets-go-pikachu-lets-go-eevee","url":"https://pokeapi.co/api/v2/version-group/19/"}},{"flavor_text":"じぶんは　ひんしに　なるが\nひかえから　でてくる　ポケモンの\nすべての　じょうたいを　かいふく　する。","language":{"name":"ja-Hrkt","url":"https://pokeapi.co/api/v2/language/1/"},"version_group":{"name":"sword-shield","url":"https://pokeapi.co/api/v2/version-group/20/"}},{"flavor_text":"자신은 기절하지만\n교대하여 나오는 포켓몬의\n모든 상태를 회복한다.","language":{"name":"ko","url":"https://pokeapi.co/api/v2/language/3/"},"version_group":{"name":"sword-shield","url":"https://pokeapi.co/api/v2/version-group/20/"}},{"flavor_text":"雖然自己會陷入瀕死，\n但可以讓接替上場的\n寶可夢回復到萬全狀態。","language":{"name":"zh-Hant","url":"https://pokeapi.co/api/v2/language/4/"},"version_group":{"name":"sword-shield","url":"https://pokeapi.co/api/v2/version-group/20/"}},{"flavor_text":"Le lanceur tombe K.O. pour soigner le statut et les PV\ndu Pokémon qui prendra sa place au combat.","language":{"name":"fr","url":"https://pokeapi.co/api/v2/language/5/"},"version_group":{"name":"sword-shield","url":"https://pokeapi.co/api/v2/version-group/20/"}},{"flavor_text":"Anwender geht K.O. Das an seine Stelle tretende\nPokémon hat dafür volle KP sowie AP und wird von\nStatusproblemen geheilt.","language":{"name":"de","url":"https://pokeapi.co/api/v2/language/6/"},"version_group":{"name":"sword-shield","url":"https://pokeapi.co/api/v2/version-group/20/"}},{"flavor_text":"El usuario se debilita, pero el Pokémon que lo sustituye\nrecupera su estado, los PS y los PP.","language":{"name":"es","url":"https://pokeapi.co/api/v2/language/7/"},"version_group":{"name":"sword-shield","url":"https://pokeapi.co/api/v2/version-group/20/"}},{"flavor_text":"Chi la usa va KO. Il Pokémon che lo sostituisce\nguarisce dai propri problemi di stato e recupera\ntutti i PS e i PP.","language":{"name":"it","url":"https://pokeapi.co/api/v2/language/8/"},"version_group":{"name":"sword-shield","url":"https://pokeapi.co/api/v2/version-group/20/"}},{"flavor_text":"The user faints. In return, the Pokémon taking its\nplace will have its status and HP fully restored.","language":{"name":"en","url":"https://pokeapi.co/api/v2/language/9/"},"version_group":{"name":"sword-shield","url":"https://pokeapi.co/api/v2/version-group/20/"}},{"flavor_text":"自分は　ひんしに　なるが\n控えから　でてくる　ポケモンの\nすべての　状態を　回復する。","language":{"name":"ja","url":"https://pokeapi.co/api/v2/language/11/"},"version_group":{"name":"sword-shield","url":"https://pokeapi.co/api/v2/version-group/20/"}},{"flavor_text":"虽然自己陷入濒死，\n但可以治愈后备上场的\n宝可梦的全部状态。","language":{"name":"zh-Hans","url":"https://pokeapi.co/api/v2/language/12/"},"version_group":{"name":"sword-shield","url":"https://pokeapi.co/api/v2/version-group/20/"}}],"generation":{"name":"generation-iv","url":"https://pokeapi.co/api/v2/generation/4/"},"id":461,"learned_by_pokemon":[{"name":"cresselia","url":"https://pokeapi.co/api/v2/pokemon/488/"}],"machines":[],"meta":{"ailment":{"name":"none","url":"https://pokeapi.co/api/v2/move-ailment/0/"},"ailment_chance":0,"category":{"name":"unique","url":"https://pokeapi.co/api/v2/move-category/13/"},"crit_rate":0,"drain":0,"flinch_chance":0,"healing":0,"max_hits":null,"max_turns":null,"min_hits":null,"min_turns":null,"stat_chance":0},"name":"lunar-dance","names":[{"language":{"name":"ja-Hrkt","url":"https://pokeapi.co/api/v2/language/1/"},"name":"みかづきのまい"},{"language":{"name":"ko","url":"https://pokeapi.co/api/v2/language/3/"},"name":"초승달춤"},{"language":{"name":"zh-Hant","url":"https://pokeapi.co/api/v2/language/4/"},"name":"新月舞"},{"language":{"name":"fr","url":"https://pokeapi.co/api/v2/language/5/"},"name":"Danse Lune"},{"language":{"name":"de","url":"https://pokeapi.co/api/v2/language/6/"},"name":"Lunartanz"},{"language":{"name":"es","url":"https://pokeapi.co/api/v2/language/7/"},"name":"Danza Lunar"},{"language":{"name":"it","url":"https://pokeapi.co/api/v2/language/8/"},"name":"Lunardanza"},{"language":{"name":"en","url":"https://pokeapi.co/api/v2/language/9/"},"name":"Lunar Dance"},{"language":{"name":"ja","url":"https://pokeapi.co/api/v2/language/11/"},"name":"みかづきのまい"},{"language":{"name":"zh-Hans","url":"https://pokeapi.co/api/v2/language/12/"},"name":"新月舞"}],"past_values":[],"power":null,"pp":10,"priority":0,"stat_changes":[],"super_contest_effect":{"url":"https://pokeapi.co/api/v2/super-contest-effect/8/"},"target":{"name":"user","url":"https://pokeapi.co/api/v2/move-target/7/"},"type":{"name":"psychic","url":"https://pokeapi.co/api/v2/type/14/"}}