{"accuracy":85,"contest_combos":null,"contest_effect":null,"contest_type":{"name":"cool","url":"https://pokeapi.co/api/v2/contest-type/1/"},"damage_class":{"name":"special","url":"https://pokeapi.co/api/v2/move-damage-class/3/"},"effect_chance":40,"effect_changes":[],"effect_entries":[{"effect":"Inflicts regular damage.  Has a $effect_chance% chance to lower the target's Special Defense by two stages.","language":{"name":"en","url":"https://pokeapi.co/api/v2/language/9/"},"short_effect":"Has a $effect_chance% chance to lower the target's Special Defense by two stages."}],"flavor_text_entries":[{"flavor_text":"The user generates\na shock wave from\nwithin its body.\nIt may also lower the\ntarget’s Sp. Def.","language":{"name":"en","url":"https://pokeapi.co/api/v2/language/9/"},"version_group":{"name":"diamond-pearl","url":"https://pokeapi.co/api/v2/version-group/8/"}},{"flavor_text":"The user generates\na shock wave from\nwithin its body.\nIt may also lower the\ntarget’s Sp. Def.","language":{"name":"en","url":"https://pokeapi.co/api/v2/language/9/"},"version_group":{"name":"platinum","url":"https://pokeapi.co/api/v2/version-group/9/"}},{"flavor_text":"The user generates\na shock wave from\nwithin its body.\nIt may also lower the\ntarget’s Sp. Def.","language":{"name":"en","url":"https://pokeapi.co/api/v2/language/9/"},"version_group":{"name":"heartgold-soulsilver","url":"https://pokeapi.co/api/v2/version-group/10/"}},{"flavor_text":"Le corps du lanceur émet une onde de\nchoc. Peut aussi baisser grandement\nla Défense Spéciale de la cible.","language":{"name":"fr","url":"https://pokeapi.co/api/v2/language/5/"},"version_group":{"name":"black-white","url":"https://pokeapi.co/api/v2/version-group/11/"}},{"flavor_text":"The user emits a shock wave from\nits body to attack its target. It may\nharshly lower the target’s Sp. Def.","language":{"name":"en","url":"https://pokeapi.co/api/v2/language/9/"},"version_group":{"name":"black-white","url":"https://pokeapi.co/api/v2/version-group/11/"}},{"flavor_text":"The user emits a shock wave from\nits body to attack its target. It may\nharshly lower the target’s Sp. Def.","language":{"name":"en","url":"https://pokeapi.co/api/v2/language/9/"},"version_group":{"name":"black-2-white-2","url":"https://pokeapi.co/api/v2/version-group/14/"}},{"flavor_text":"からだの　なかから　しょうげきはを\nはっせい　させる。あいての　とくぼうを\nがくっと　さげることが　ある。","language":{"name":"ja-Hrkt","url":"https://pokeapi.co/api/v2/language/1/"},"version_group":{"name":"x-y","url":"https://pokeapi.co/api/v2/version-group/15/"}},{"flavor_text":"몸속에서 충격파를\n발생시킨다. 상대의 특수방어를\n크게 떨어뜨릴 때가 있다.","language":{"name":"ko","url":"https://pokeapi.co/api/v2/language/3/"},"version_group":{"name":"x-y","url":"https://pokeapi.co/api/v2/version-group/15/"}},{"flavor_text":"Le corps du lanceur émet une onde de choc.\nPeut aussi baisser grandement la Défense Spéciale\nde la cible.","language":{"name":"fr","url":"https://pokeapi.co/api/v2/language/5/"},"version_group":{"name":"x-y","url":"https://pokeapi.co/api/v2/version-group/15/"}},{"flavor_text":"Anwender erzeugt eine Schockwelle.\nSpezial-Verteidigung des Zieles wird stark gesenkt.","language":{"name":"de","url":"https://pokeapi.co/api/v2/language/6/"},"version_group":{"name":"x-y","url":"https://pokeapi.co/api/v2/version-group/15/"}},{"flavor_text":"Una onda de choque se libera del cuerpo. Puede\nbajar mucho la Defensa Especial del objetivo.","language":{"name":"es","url":"https://pokeapi.co/api/v2/language/7/"},"version_group":{"name":"x-y","url":"https://pokeapi.co/api/v2/version-group/15/"}},{"flavor_text":"Chi la usa genera un’onda d’urto dal suo corpo.\nPuò anche ridurre di molto la Difesa Speciale\ndel bersaglio.","language":{"name":"it","url":"https://pokeapi.co/api/v2/language/8/"},"version_group":{"name":"x-y","url":"https://pokeapi.co/api/v2/version-group/15/"}},{"flavor_text":"The user emits a shock wave from\nits body to attack its target. This may\nalso harshly lower the target’s Sp. Def.","language":{"name":"en","url":"https://pokeapi.co/api/v2/language/9/"},"version_group":{"name":"x-y","url":"https://pokeapi.co/api/v2/version-group/15/"}},{"flavor_text":"体の　中から　衝撃波を\n発生させる。相手の　特防を\nがくっと　さげることが　ある。","language":{"name":"ja","url":"https://pokeapi.co/api/v2/language/11/"},"version_group":{"name":"x-y","url":"https://pokeapi.co/api/v2/version-group/15/"}},{"flavor_text":"からだの　なかから　しょうげきはを\nはっせい　させる。あいての　とくぼうを\nがくっと　さげることが　ある。","language":{"name":"ja-Hrkt","url":"https://pokeapi.co/api/v2/language/1/"},"version_group":{"name":"omega-ruby-alpha-sapphire","url":"https://pokeapi.co/api/v2/version-group/16/"}},{"flavor_text":"몸속에서 충격파를\n발생시킨다. 상대의 특수방어를\n크게 떨어뜨릴 때가 있다.","language":{"name":"ko","url":"https://pokeapi.co/api/v2/language/3/"},"version_group":{"name":"omega-ruby-alpha-sapphire","url":"https://pokeapi.co/api/v2/version-group/16/"}},{"flavor_text":"Le corps du lanceur émet une onde de choc.\nPeut aussi baisser fortement la Défense Spéciale\nde la cible.","language":{"name":"fr","url":"https://pokeapi.co/api/v2/language/5/"},"version_group":{"name":"omega-ruby-alpha-sapphire","url":"https://pokeapi.co/api/v2/version-group/16/"}},{"flavor_text":"Anwender erzeugt eine Schockwelle.\nSpezial-Verteidigung des Zieles wird stark gesenkt.","language":{"name":"de","url":"https://pokeapi.co/api/v2/language/6/"},"version_group":{"name":"omega-ruby-alpha-sapphire","url":"https://pokeapi.co/api/v2/version-group/16/"}},{"flavor_text":"Una onda de choque se libera del cuerpo. Puede \nbajar mucho la Defensa Especial del objetivo.","language":{"name":"es","url":"https://pokeapi.co/api/v2/language/7/"},"version_group":{"name":"omega-ruby-alpha-sapphire","url":"https://pokeapi.co/api/v2/version-group/16/"}},{"flavor_text":"Chi la usa genera un’onda d’urto dal suo corpo.\nPuò anche ridurre di molto la Difesa Speciale\ndel bersaglio.","language":{"name":"it","url":"https://pokeapi.co/api/v2/language/8/"},"version_group":{"name":"omega-ruby-alpha-sapphire","url":"https://pokeapi.co/api/v2/version-group/16/"}},{"flavor_text":"The user emits a shock wave from\nits body to attack its target. This may\nalso harshly lower the target’s Sp. Def.","language":{"name":"en","url":"https://pokeapi.co/api/v2/language/9/"},"version_group":{"name":"omega-ruby-alpha-sapphire","url":"https://pokeapi.co/api/v2/version-group/16/"}},{"flavor_text":"体の　中から　衝撃波を\n発生させる。相手の　特防を\nがくっと　さげることが　ある。","language":{"name":"ja","url":"https://pokeapi.co/api/v2/language/11/"},"version_group":{"name":"omega-ruby-alpha-sapphire","url":"https://pokeapi.co/api/v2/version-group/16/"}},{"flavor_text":"からだの　なかから　しょうげきはを\nはっせい　させる。あいての　とくぼうを\nがくっと　さげることが　ある。","language":{"name":"ja-Hrkt","url":"https://pokeapi.co/api/v2/language/1/"},"version_group":{"name":"sun-moon","url":"https://pokeapi.co/api/v2/version-group/17/"}},{"flavor_text":"몸속에서 충격파를\n발생시킨다. 상대의 특수방어를\n크게 떨어뜨릴 때가 있다.","language":{"name":"ko","url":"https://pokeapi.co/api/v2/language/3/"},"version_group":{"name":"sun-moon","url":"https://pokeapi.co/api/v2/version-group/17/"}},{"flavor_text":"從身體裡發出衝擊波攻擊對手。\n有時會大幅降低對手的特防。","language":{"name":"zh-Hant","url":"https://pokeapi.co/api/v2/language/4/"},"version_group":{"name":"sun-moon","url":"https://pokeapi.co/api/v2/version-group/17/"}},{"flavor_text":"Le corps du lanceur émet une onde de choc.\nPeut aussi beaucoup baisser la Défense Spéciale\nde la cible.","language":{"name":"fr","url":"https://pokeapi.co/api/v2/language/5/"},"version_group":{"name":"sun-moon","url":"https://pokeapi.co/api/v2/version-group/17/"}},{"flavor_text":"Anwender erzeugt eine Schockwelle.\nSpezial-Verteidigung des Zieles wird\neventuell stark gesenkt.","language":{"name":"de","url":"https://pokeapi.co/api/v2/language/6/"},"version_group":{"name":"sun-moon","url":"https://pokeapi.co/api/v2/version-group/17/"}},{"flavor_text":"Una onda de choque se libera del cuerpo. Puede \nbajar mucho la Defensa Especial del objetivo.","language":{"name":"es","url":"https://pokeapi.co/api/v2/language/7/"},"version_group":{"name":"sun-moon","url":"https://pokeapi.co/api/v2/version-group/17/"}},{"flavor_text":"Chi la usa genera un’onda d’urto dal suo corpo.\nPuò anche ridurre di molto la Difesa Speciale\ndel bersaglio.","language":{"name":"it","url":"https://pokeapi.co/api/v2/language/8/"},"version_group":{"name":"sun-moon","url":"https://pokeapi.co/api/v2/version-group/17/"}},{"flavor_text":"The user emits a shock wave from its body to attack\nits target. This may also harshly lower the target’s\nSp. Def stat.","language":{"name":"en","url":"https://pokeapi.co/api/v2/language/9/"},"version_group":{"name":"sun-moon","url":"https://pokeapi.co/api/v2/version-group/17/"}},{"flavor_text":"体の　中から　衝撃波を\n発生させる。相手の　特防を\nがくっと　さげることが　ある。","language":{"name":"ja","url":"https://pokeapi.co/api/v2/language/11/"},"version_group":{"name":"sun-moon","url":"https://pokeapi.co/api/v2/version-group/17/"}},{"flavor_text":"从身体里产生冲击波。\n有时会大幅降低对手的特防。","language":{"name":"zh-Hans","url":"https://pokeapi.co/api/v2/language/12/"},"version_group":{"name":"sun-moon","url":"https://pokeapi.co/api/v2/version-group/17/"}},{"flavor_text":"からだの　なかから　しょうげきはを\nはっせい　させる。あいての　とくぼうを\nがくっと　さげることが　ある。","language":{"name":"ja-Hrkt","url":"https://pokeapi.co/api/v2/language/1/"},"version_group":{"name":"ultra-sun-ultra-moon","url":"https://pokeapi.co/api/v2/version-group/18/"}},{"flavor_text":"몸속에서 충격파를\n발생시킨다. 상대의 특수방어를\n크게 떨어뜨릴 때가 있다.","language":{"name":"ko","url":"https://pokeapi.co/api/v2/language/3/"},"version_group":{"name":"ultra-sun-ultra-moon","url":"https://pokeapi.co/api/v2/version-group/18/"}},{"flavor_text":"從身體裡發出衝擊波攻擊對手。\n有時會大幅降低對手的特防。","language":{"name":"zh-Hant","url":"https://pokeapi.co/api/v2/language/4/"},"version_group":{"name":"ultra-sun-ultra-moon","url":"https://pokeapi.co/api/v2/version-group/18/"}},{"flavor_text":"Le corps du lanceur émet une onde de choc.\nPeut aussi beaucoup baisser la Défense Spéciale\nde la cible.","language":{"name":"fr","url":"https://pokeapi.co/api/v2/language/5/"},"version_group":{"name":"ultra-sun-ultra-moon","url":"https://pokeapi.co/api/v2/version-group/18/"}},{"flavor_text":"Anwender erzeugt eine Schockwelle.\nSpezial-Verteidigung des Zieles wird\neventuell stark gesenkt.","language":{"name":"de","url":"https://pokeapi.co/api/v2/language/6/"},"version_group":{"name":"ultra-sun-ultra-moon","url":"https://pokeapi.co/api/v2/version-group/18/"}},{"flavor_text":"Una onda de choque se libera del cuerpo. Puede \nbajar mucho la Defensa Especial del objetivo.","language":{"name":"es","url":"https://pokeapi.co/api/v2/language/7/"},"version_group":{"name":"ultra-sun-ultra-moon","url":"https://pokeapi.co/api/v2/version-group/18/"}},{"flavor_text":"Chi la usa genera un’onda d’urto dal suo corpo.\nPuò anche ridurre di molto la Difesa Speciale\ndel bersaglio.","language":{"name":"it","url":"https://pokeapi.co/api/v2/language/8/"},"version_group":{"name":"ultra-sun-ultra-moon","url":"https://pokeapi.co/api/v2/version-group/18/"}},{"flavor_text":"The user emits a shock wave from its body to attack\nits target. This may also harshly lower the target’s\nSp. Def stat.","language":{"name":"en","url":"https://pokeapi.co/api/v2/language/9/"},"version_group":{"name":"ultra-sun-ultra-moon","url":"https://pokeapi.co/api/v2/version-group/18/"}},{"flavor_text":"体の　中から　衝撃波を\n発生させる。相手の　特防を\nがくっと　さげることが　ある。","language":{"name":"ja","url":"https://pokeapi.co/api/v2/language/11/"},"version_group":{"name":"ultra-sun-ultra-moon","url":"https://pokeapi.co/api/v2/version-group/18/"}},{"flavor_text":"从身体里产生冲击波。\n有时会大幅降低对手的特防。","language":{"name":"zh-Hans","url":"https://pokeapi.co/api/v2/language/12/"},"version_group":{"name":"ultra-sun-ultra-moon","url":"https://pokeapi.co/api/v2/version-group/18/"}},{"flavor_text":"からだの　なかから　しょうげきはを\nはっせい　させる。あいての　とくぼうを\nがくっと　さげることが　ある。","language":{"name":"ja-Hrkt","url":"https://pokeapi.co/api/v2/language/1/"},"version_group":{"name":"lets-go-pikachu-lets-go-eevee","url":"https://pokeapi.co/api/v2/version-group/19/"}},{"flavor_text":"몸속에서 충격파를\n발생시킨다. 상대의 특수방어를\n크게 떨어뜨릴 때가 있다.","language":{"name":"ko","url":"https://pokeapi.co/api/v2/language/3/"},"version_group":{"name":"lets-go-pikachu-lets-go-eevee","url":"https://pokeapi.co/api/v2/version-group/19/"}},{"flavor_text":"從身體裡發出衝擊波攻擊對手。\n有時會大幅降低對手的特防。","language":{"name":"zh-Hant","url":"https://pokeapi.co/api/v2/language/4/"},"version_group":{"name":"lets-go-pikachu-lets-go-eevee","url":"https://pokeapi.co/api/v2/version-group/19/"}},{"flavor_text":"Le corps du lanceur émet une onde de choc.\nPeut aussi beaucoup baisser la Défense Spéciale\nde la cible.","language":{"name":"fr","url":"https://pokeapi.co/api/v2/language/5/"},"version_group":{"name":"lets-go-pikachu-lets-go-eevee","url":"https://pokeapi.co/api/v2/version-group/19/"}},{"flavor_text":"Anwender erzeugt eine Schockwelle.\nSpezial-Verteidigung des Zieles wird\neventuell stark gesenkt.","language":{"name":"de","url":"https://pokeapi.co/api/v2/language/6/"},"version_group":{"name":"lets-go-pikachu-lets-go-eevee","url":"https://pokeapi.co/api/v2/version-group/19/"}},{"flavor_text":"Una onda de choque se libera del cuerpo. Puede \nbajar mucho la Defensa Especial del objetivo.","language":{"name":"es","url":"https://pokeapi.co/api/v2/language/7/"},"version_group":{"name":"lets-go-pikachu-lets-go-eevee","url":"https://pokeapi.co/api/v2/version-group/19/"}},{"flavor_text":"Chi la usa genera un’onda d’urto dal suo corpo.\nPuò anche ridurre di molto la Difesa Speciale\ndel bersaglio.","language":{"name":"it","url":"https://pokeapi.co/api/v2/language/8/"},"version_group":{"name":"lets-go-pikachu-lets-go-eevee","url":"https://pokeapi.co/api/v2/version-group/19/"}},{"flavor_text":"The user emits a shock wave from its body to attack\nits target. This may also harshly lower the target’s\nSp. Def stat.","language":{"name":"en","url":"https://pokeapi.co/api/v2/language/9/"},"version_group":{"name":"lets-go-pikachu-lets-go-eevee","url":"https://pokeapi.co/api/v2/version-group/19/"}},{"flavor_text":"体の　中から　衝撃波を\n発生させる。相手の　特防を\nがくっと　さげることが　ある。","language":{"name":"ja","url":"https://pokeapi.co/api/v2/language/11/"},"version_group":{"name":"lets-go-pikachu-lets-go-eevee","url":"https://pokeapi.co/api/v2/version-group/19/"}},{"flavor_text":"从身体里产生冲击波。\n有时会大幅降低对手的特防。","language":{"name":"zh-Hans","url":"https://pokeapi.co/api/v2/language/12/"},"version_group":{"name":"lets-go-pikachu-lets-go-eevee","url":"https://pokeapi.co/api/v2/version-group/19/"}},{"flavor_text":"からだの　なかから　しょうげきはを\nはっせい　させる。あいての　とくぼうを\nがくっと　さげることが　ある。","language":{"name":"ja-Hrkt","url":"https://pokeapi.co/api/v2/language/1/"},"version_group":{"name":"sword-shield","url":"https://pokeapi.co/api/v2/version-group/20/"}},{"flavor_text":"몸속에서 충격파를\n발생시킨다. 상대의 특수방어를\n크게 떨어뜨릴 때가 있다.","language":{"name":"ko","url":"https://pokeapi.co/api/v2/language/3/"},"version_group":{"name":"sword-shield","url":"https://pokeapi.co/api/v2/version-group/20/"}},{"flavor_text":"從身體裡發出衝擊波攻擊對手。\n有時會大幅降低對手的特防。","language":{"name":"zh-Hant","url":"https://pokeapi.co/api/v2/language/4/"},"version_group":{"name":"sword-shield","url":"https://pokeapi.co/api/v2/version-group/20/"}},{"flavor_text":"Le corps du lanceur émet une onde de choc.\nPeut aussi beaucoup baisser la Défense Spéciale\nde la cible.","language":{"name":"fr","url":"https://pokeapi.co/api/v2/language/5/"},"version_group":{"name":"sword-shield","url":"https://pokeapi.co/api/v2/version-group/20/"}},{"flavor_text":"Anwender erzeugt eine Schockwelle.\nSpezial-Verteidigung des Zieles wird\neventuell stark gesenkt.","language":{"name":"de","url":"https://pokeapi.co/api/v2/language/6/"},"version_group":{"name":"sword-shield","url":"https://pokeapi.co/api/v2/version-group/20/"}},{"flavor_text":"Una onda de choque se libera del cuerpo. Puede bajar\nmucho la Defensa Especial del objetivo.","language":{"name":"es","url":"https://pokeapi.co/api/v2/language/7/"},"version_group":{"name":"sword-shield","url":"https://pokeapi.co/api/v2/version-group/20/"}},{"flavor_text":"Chi la usa genera un’onda d’urto dal suo corpo.\nPuò anche ridurre di molto la Difesa Speciale\ndel bersaglio.","language":{"name":"it","url":"https://pokeapi.co/api/v2/language/8/"},"version_group":{"name":"sword-shield","url":"https://pokeapi.co/api/v2/version-group/20/"}},{"flavor_text":"The user emits a shock wave from its body to attack\nits target. This may also harshly lower the target’s\nSp. Def stat.","language":{"name":"en","url":"https://pokeapi.co/api/v2/language/9/"},"version_group":{"name":"sword-shield","url":"https://pokeapi.co/api/v2/version-group/20/"}},{"flavor_text":"体の　中から　衝撃波を\n発生させる。相手の　特防を\nがくっと　さげることが　ある。","language":{"name":"ja","url":"https://pokeapi.co/api/v2/language/11/"},"version_group":{"name":"sword-shield","url":"https://pokeapi.co/api/v2/version-group/20/"}},{"flavor_text":"从身体里产生冲击波。\n有时会大幅降低对手的特防。","language":{"name":"zh-Hans","url":"https://pokeapi.co/api/v2/language/12/"},"version_group":{"name":"sword-shield","url":"https://pokeapi.co/api/v2/version-group/20/"}}],"generation":{"name":"generation-iv","url":"https://pokeapi.co/api/v2/generation/4/"},"id":465,"learned_by_pokemon":[{"name":"shaymin-land","url":"https://pokeapi.co/api/v2/pokemon/492/"},{"name":"shaymin-sky","url":"https://pokeapi.co/api/v2/pokemon/10006/"}],"machines":[],"meta":{"ailment":{"name":"none","url":"https://pokeapi.co/api/v2/move-ailment/0/"},"ailment_chance":0,"category":{"name":"damage+lower","url":"https://pokeapi.co/api/v2/move-category/6/"},"crit_rate":0,"drain":0,"flinch_chance":0,"healing":0,"max_hits":null,"max_turns":null,"min_hits":null,"min_turns":null,"stat_chance":40},"name":"seed-flare","names":[{"language":{"name":"ja-Hrkt","url":"https://pokeapi.co/api/v2/language/1/"},"name":"シードフレア"},{"language":{"name":"ko","url":"https://pokeapi.co/api/v2/language/3/"},"name":"시드플레어"},{"language":{"name":"zh-Hant","url":"https://pokeapi.co/api/v2/language/4/"},"name":"種子閃光"},{"language":{"name":"fr","url":"https://pokeapi.co/api/v2/language/5/"},"name":"Fulmigraine"},{"language":{"name":"de","url":"https://pokeapi.co/api/v2/language/6/"},"name":"Schocksamen"},{"language":{"name":"es","url":"https://pokeapi.co/api/v2/language/7/"},"name":"Fogonazo"},{"language":{"name":"it","url":"https://pokeapi.co/api/v2/language/8/"},"name":"Infuriaseme"},{"language":{"name":"en","url":"https://pokeapi.co/api/v2/language/9/"},"name":"Seed Flare"},{"language":{"name":"ja","url":"https://pokeapi.co/api/v2/language/11/"},"name":"シードフレア"},{"language":{"name":"zh-Hans","url":"https://pokeapi.co/api/v2/language/12/"},"name":"种子闪光"}],"past_values":[],"power":120,"pp":5,"priority":0,"stat_changes":[{"change":-2,"stat":{"name":"special-defense","url":"https://pokeapi.co/api/v2/stat/5/"}}],"super_contest_effect":{"url":"https://pokeapi.co/api/v2/super-contest-effect/22/"},"target":{"name":"selected-pokemon","url":"https://pokeapi.co/api/v2/move-target/10/"},"type":{"name":"grass","url":"https://pokeapi.co/api/v2/type/12/"}}