{"accuracy":null,"contest_combos":null,"contest_effect":null,"contest_type":null,"damage_class":{"name":"status","url":"https://pokeapi.co/api/v2/move-damage-class/1/"},"effect_chance":null,"effect_changes":[],"effect_entries":[{"effect":"Raises the user's Attack and accuracy by one stage.","language":{"name":"en","url":"https://pokeapi.co/api/v2/language/9/"},"short_effect":"Raises the user's Attack and accuracy by one stage."}],"flavor_text_entries":[{"flavor_text":"Le lanceur s’aiguise les griffes.\nAugmente l’Attaque et la Précision.","language":{"name":"fr","url":"https://pokeapi.co/api/v2/language/5/"},"version_group":{"name":"black-white","url":"https://pokeapi.co/api/v2/version-group/11/"}},{"flavor_text":"The user sharpens its claws to\nboost its Attack stat and accuracy.","language":{"name":"en","url":"https://pokeapi.co/api/v2/language/9/"},"version_group":{"name":"black-white","url":"https://pokeapi.co/api/v2/version-group/11/"}},{"flavor_text":"The user sharpens its claws to\nboost its Attack stat and accuracy.","language":{"name":"en","url":"https://pokeapi.co/api/v2/language/9/"},"version_group":{"name":"black-2-white-2","url":"https://pokeapi.co/api/v2/version-group/14/"}},{"flavor_text":"ツメを　みがいて　するどく　する。\nじぶんの　こうげきと\nめいちゅうりつを　あげる。","language":{"name":"ja-Hrkt","url":"https://pokeapi.co/api/v2/language/1/"},"version_group":{"name":"x-y","url":"https://pokeapi.co/api/v2/version-group/15/"}},{"flavor_text":"손톱을 갈아 날카롭게 한다.\n자신의 공격과\n명중률을 올린다.","language":{"name":"ko","url":"https://pokeapi.co/api/v2/language/3/"},"version_group":{"name":"x-y","url":"https://pokeapi.co/api/v2/version-group/15/"}},{"flavor_text":"Le lanceur s’aiguise les griffes.\nAugmente l’Attaque et la Précision.","language":{"name":"fr","url":"https://pokeapi.co/api/v2/language/5/"},"version_group":{"name":"x-y","url":"https://pokeapi.co/api/v2/version-group/15/"}},{"flavor_text":"Wetzt seine Klauen, um sie zu schärfen.\nErhöht Angriff und Genauigkeit des Anwenders.","language":{"name":"de","url":"https://pokeapi.co/api/v2/language/6/"},"version_group":{"name":"x-y","url":"https://pokeapi.co/api/v2/version-group/15/"}},{"flavor_text":"El usuario se afila las garras para aumentar su\nAtaque y Precisión.","language":{"name":"es","url":"https://pokeapi.co/api/v2/language/7/"},"version_group":{"name":"x-y","url":"https://pokeapi.co/api/v2/version-group/15/"}},{"flavor_text":"Chi la usa affila i propri artigli aumentando\nAttacco e precisione.","language":{"name":"it","url":"https://pokeapi.co/api/v2/language/8/"},"version_group":{"name":"x-y","url":"https://pokeapi.co/api/v2/version-group/15/"}},{"flavor_text":"The user sharpens its claws to\nboost its Attack stat and accuracy.","language":{"name":"en","url":"https://pokeapi.co/api/v2/language/9/"},"version_group":{"name":"x-y","url":"https://pokeapi.co/api/v2/version-group/15/"}},{"flavor_text":"ツメを　磨いて　鋭く　する。\n自分の　攻撃と\n命中率を　あげる。","language":{"name":"ja","url":"https://pokeapi.co/api/v2/language/11/"},"version_group":{"name":"x-y","url":"https://pokeapi.co/api/v2/version-group/15/"}},{"flavor_text":"ツメを　 がいて　するどく　する。\nじぶんの　こうげきと\nめいちゅうりつを　あげる。","language":{"name":"ja-Hrkt","url":"https://pokeapi.co/api/v2/language/1/"},"version_group":{"name":"omega-ruby-alpha-sapphire","url":"https://pokeapi.co/api/v2/version-group/16/"}},{"flavor_text":"손톱을 갈아 날카롭게 한다.\n자신의 공격과\n명중률을 올린다.","language":{"name":"ko","url":"https://pokeapi.co/api/v2/language/3/"},"version_group":{"name":"omega-ruby-alpha-sapphire","url":"https://pokeapi.co/api/v2/version-group/16/"}},{"flavor_text":"Le lanceur s’aiguise les griffes.\nAugmente l’Attaque et la Précision.","language":{"name":"fr","url":"https://pokeapi.co/api/v2/language/5/"},"version_group":{"name":"omega-ruby-alpha-sapphire","url":"https://pokeapi.co/api/v2/version-group/16/"}},{"flavor_text":"Wetzt seine Klauen, um sie zu schärfen.\nErhöht Angriff und Genauigkeit des Anwenders.","language":{"name":"de","url":"https://pokeapi.co/api/v2/language/6/"},"version_group":{"name":"omega-ruby-alpha-sapphire","url":"https://pokeapi.co/api/v2/version-group/16/"}},{"flavor_text":"El usuario se afila las garras para aumentar su Ataque \ny Precisión.","language":{"name":"es","url":"https://pokeapi.co/api/v2/language/7/"},"version_group":{"name":"omega-ruby-alpha-sapphire","url":"https://pokeapi.co/api/v2/version-group/16/"}},{"flavor_text":"Chi la usa affila i propri artigli aumentando\nAttacco e precisione.","language":{"name":"it","url":"https://pokeapi.co/api/v2/language/8/"},"version_group":{"name":"omega-ruby-alpha-sapphire","url":"https://pokeapi.co/api/v2/version-group/16/"}},{"flavor_text":"The user sharpens its claws to\nboost its Attack stat and accuracy.","language":{"name":"en","url":"https://pokeapi.co/api/v2/language/9/"},"version_group":{"name":"omega-ruby-alpha-sapphire","url":"https://pokeapi.co/api/v2/version-group/16/"}},{"flavor_text":"ツメを　磨いて　鋭く　する。\n自分の　攻撃と\n命中率を　あげる。","language":{"name":"ja","url":"https://pokeapi.co/api/v2/language/11/"},"version_group":{"name":"omega-ruby-alpha-sapphire","url":"https://pokeapi.co/api/v2/version-group/16/"}},{"flavor_text":"ツメを　みがいて　するどく　する。\nじぶんの　こうげきと\nめいちゅうりつを　あげる。","language":{"name":"ja-Hrkt","url":"https://pokeapi.co/api/v2/language/1/"},"version_group":{"name":"sun-moon","url":"https://pokeapi.co/api/v2/version-group/17/"}},{"flavor_text":"손톱을 갈아 날카롭게 한다.\n자신의 공격과\n명중률을 올린다.","language":{"name":"ko","url":"https://pokeapi.co/api/v2/language/3/"},"version_group":{"name":"sun-moon","url":"https://pokeapi.co/api/v2/version-group/17/"}},{"flavor_text":"將爪子磨得更加鋒利。\n可提高自己的攻擊和命中率。","language":{"name":"zh-Hant","url":"https://pokeapi.co/api/v2/language/4/"},"version_group":{"name":"sun-moon","url":"https://pokeapi.co/api/v2/version-group/17/"}},{"flavor_text":"Le lanceur s’aiguise les griffes.\nAugmente l’Attaque et la Précision.","language":{"name":"fr","url":"https://pokeapi.co/api/v2/language/5/"},"version_group":{"name":"sun-moon","url":"https://pokeapi.co/api/v2/version-group/17/"}},{"flavor_text":"Wetzt seine Klauen, um sie zu schärfen.\nErhöht Angriff und Genauigkeit des Anwenders.","language":{"name":"de","url":"https://pokeapi.co/api/v2/language/6/"},"version_group":{"name":"sun-moon","url":"https://pokeapi.co/api/v2/version-group/17/"}},{"flavor_text":"El usuario se afila las garras para aumentar su \nAtaque y Precisión.","language":{"name":"es","url":"https://pokeapi.co/api/v2/language/7/"},"version_group":{"name":"sun-moon","url":"https://pokeapi.co/api/v2/version-group/17/"}},{"flavor_text":"Chi la usa affila i propri artigli aumentando\nAttacco e precisione.","language":{"name":"it","url":"https://pokeapi.co/api/v2/language/8/"},"version_group":{"name":"sun-moon","url":"https://pokeapi.co/api/v2/version-group/17/"}},{"flavor_text":"The user sharpens its claws to boost its Attack stat\nand accuracy.","language":{"name":"en","url":"https://pokeapi.co/api/v2/language/9/"},"version_group":{"name":"sun-moon","url":"https://pokeapi.co/api/v2/version-group/17/"}},{"flavor_text":"ツメを　磨いて　鋭く　する。\n自分の　攻撃と\n命中率を　あげる。","language":{"name":"ja","url":"https://pokeapi.co/api/v2/language/11/"},"version_group":{"name":"sun-moon","url":"https://pokeapi.co/api/v2/version-group/17/"}},{"flavor_text":"将爪子磨得更加锋利。\n提高自己的攻击和命中率。","language":{"name":"zh-Hans","url":"https://pokeapi.co/api/v2/language/12/"},"version_group":{"name":"sun-moon","url":"https://pokeapi.co/api/v2/version-group/17/"}},{"flavor_text":"ツメを　みがいて　するどく　する。\nじぶんの　こうげきと\nめいちゅうりつを　あげる。","language":{"name":"ja-Hrkt","url":"https://pokeapi.co/api/v2/language/1/"},"version_group":{"name":"ultra-sun-ultra-moon","url":"https://pokeapi.co/api/v2/version-group/18/"}},{"flavor_text":"손톱을 갈아 날카롭게 한다.\n자신의 공격과\n명중률을 올린다.","language":{"name":"ko","url":"https://pokeapi.co/api/v2/language/3/"},"version_group":{"name":"ultra-sun-ultra-moon","url":"https://pokeapi.co/api/v2/version-group/18/"}},{"flavor_text":"將爪子磨得更加鋒利。\n可提高自己的攻擊和命中率。","language":{"name":"zh-Hant","url":"https://pokeapi.co/api/v2/language/4/"},"version_group":{"name":"ultra-sun-ultra-moon","url":"https://pokeapi.co/api/v2/version-group/18/"}},{"flavor_text":"Le lanceur s’aiguise les griffes.\nAugmente l’Attaque et la Précision.","language":{"name":"fr","url":"https://pokeapi.co/api/v2/language/5/"},"version_group":{"name":"ultra-sun-ultra-moon","url":"https://pokeapi.co/api/v2/version-group/18/"}},{"flavor_text":"Wetzt seine Klauen, um sie zu schärfen.\nErhöht Angriff und Genauigkeit des Anwenders.","language":{"name":"de","url":"https://pokeapi.co/api/v2/language/6/"},"version_group":{"name":"ultra-sun-ultra-moon","url":"https://pokeapi.co/api/v2/version-group/18/"}},{"flavor_text":"El usuario se afila las garras para aumentar su \nAtaque y Precisión.","language":{"name":"es","url":"https://pokeapi.co/api/v2/language/7/"},"version_group":{"name":"ultra-sun-ultra-moon","url":"https://pokeapi.co/api/v2/version-group/18/"}},{"flavor_text":"Chi la usa affila i propri artigli aumentando\nAttacco e precisione.","language":{"name":"it","url":"https://pokeapi.co/api/v2/language/8/"},"version_group":{"name":"ultra-sun-ultra-moon","url":"https://pokeapi.co/api/v2/version-group/18/"}},{"flavor_text":"The user sharpens its claws to boost its Attack stat\nand accuracy.","language":{"name":"en","url":"https://pokeapi.co/api/v2/language/9/"},"version_group":{"name":"ultra-sun-ultra-moon","url":"https://pokeapi.co/api/v2/version-group/18/"}},{"flavor_text":"ツメを　磨いて　鋭く　する。\n自分の　攻撃と\n命中率を　あげる。","language":{"name":"ja","url":"https://pokeapi.co/api/v2/language/11/"},"version_group":{"name":"ultra-sun-ultra-moon","url":"https://pokeapi.co/api/v2/version-group/18/"}},{"flavor_text":"将爪子磨得更加锋利。\n提高自己的攻击和命中率。","language":{"name":"zh-Hans","url":"https://pokeapi.co/api/v2/language/12/"},"version_group":{"name":"ultra-sun-ultra-moon","url":"https://pokeapi.co/api/v2/version-group/18/"}},{"flavor_text":"ツメを　みがいて　するどく　する。\nじぶんの　こうげきと\nめいちゅうりつを　あげる。","language":{"name":"ja-Hrkt","url":"https://pokeapi.co/api/v2/language/1/"},"version_group":{"name":"lets-go-pikachu-lets-go-eevee","url":"https://pokeapi.co/api/v2/version-group/19/"}},{"flavor_text":"손톱을 갈아 날카롭게 한다.\n자신의 공격과\n명중률을 올린다.","language":{"name":"ko","url":"https://pokeapi.co/api/v2/language/3/"},"version_group":{"name":"lets-go-pikachu-lets-go-eevee","url":"https://pokeapi.co/api/v2/version-group/19/"}},{"flavor_text":"將爪子磨得更加鋒利。\n可提高自己的攻擊和命中率。","language":{"name":"zh-Hant","url":"https://pokeapi.co/api/v2/language/4/"},"version_group":{"name":"lets-go-pikachu-lets-go-eevee","url":"https://pokeapi.co/api/v2/version-group/19/"}},{"flavor_text":"Le lanceur s’aiguise les griffes.\nAugmente l’Attaque et la Précision.","language":{"name":"fr","url":"https://pokeapi.co/api/v2/language/5/"},"version_group":{"name":"lets-go-pikachu-lets-go-eevee","url":"https://pokeapi.co/api/v2/version-group/19/"}},{"flavor_text":"Wetzt seine Klauen, um sie zu schärfen.\nErhöht Angriff und Genauigkeit des Anwenders.","language":{"name":"de","url":"https://pokeapi.co/api/v2/language/6/"},"version_group":{"name":"lets-go-pikachu-lets-go-eevee","url":"https://pokeapi.co/api/v2/version-group/19/"}},{"flavor_text":"El usuario se afila las garras para aumentar su \nAtaque y Precisión.","language":{"name":"es","url":"https://pokeapi.co/api/v2/language/7/"},"version_group":{"name":"lets-go-pikachu-lets-go-eevee","url":"https://pokeapi.co/api/v2/version-group/19/"}},{"flavor_text":"Chi la usa affila i propri artigli aumentando\nAttacco e precisione.","language":{"name":"it","url":"https://pokeapi.co/api/v2/language/8/"},"version_group":{"name":"lets-go-pikachu-lets-go-eevee","url":"https://pokeapi.co/api/v2/version-group/19/"}},{"flavor_text":"The user sharpens its claws to boost its Attack stat\nand accuracy.","language":{"name":"en","url":"https://pokeapi.co/api/v2/language/9/"},"version_group":{"name":"lets-go-pikachu-lets-go-eevee","url":"https://pokeapi.co/api/v2/version-group/19/"}},{"flavor_text":"ツメを　磨いて　鋭く　する。\n自分の　攻撃と\n命中率を　あげる。","language":{"name":"ja","url":"https://pokeapi.co/api/v2/language/11/"},"version_group":{"name":"lets-go-pikachu-lets-go-eevee","url":"https://pokeapi.co/api/v2/version-group/19/"}},{"flavor_text":"将爪子磨得更加锋利。\n提高自己的攻击和命中率。","language":{"name":"zh-Hans","url":"https://pokeapi.co/api/v2/language/12/"},"version_group":{"name":"lets-go-pikachu-lets-go-eevee","url":"https://pokeapi.co/api/v2/version-group/19/"}},{"flavor_text":"ツメを　みがいて　するどく　する。\nじぶんの　こうげきと\nめいちゅうりつを　あげる。","language":{"name":"ja-Hrkt","url":"https://pokeapi.co/api/v2/language/1/"},"version_group":{"name":"sword-shield","url":"https://pokeapi.co/api/v2/version-group/20/"}},{"flavor_text":"손톱을 갈아 날카롭게 한다.\n자신의 공격과\n명중률을 올린다.","language":{"name":"ko","url":"https://pokeapi.co/api/v2/language/3/"},"version_group":{"name":"sword-shield","url":"https://pokeapi.co/api/v2/version-group/20/"}},{"flavor_text":"將爪子磨得更加鋒利。\n可提高自己的攻擊和命中率。","language":{"name":"zh-Hant","url":"https://pokeapi.co/api/v2/language/4/"},"version_group":{"name":"sword-shield","url":"https://pokeapi.co/api/v2/version-group/20/"}},{"flavor_text":"Le lanceur s’aiguise les griffes.\nAugmente l’Attaque et la Précision.","language":{"name":"fr","url":"https://pokeapi.co/api/v2/language/5/"},"version_group":{"name":"sword-shield","url":"https://pokeapi.co/api/v2/version-group/20/"}},{"flavor_text":"Wetzt seine Klauen, um sie zu schärfen. Erhöht Angriff\nund Genauigkeit des Anwenders.","language":{"name":"de","url":"https://pokeapi.co/api/v2/language/6/"},"version_group":{"name":"sword-shield","url":"https://pokeapi.co/api/v2/version-group/20/"}},{"flavor_text":"El usuario se afila las garras para aumentar su Ataque y\nPrecisión.","language":{"name":"es","url":"https://pokeapi.co/api/v2/language/7/"},"version_group":{"name":"sword-shield","url":"https://pokeapi.co/api/v2/version-group/20/"}},{"flavor_text":"Chi la usa affila i propri artigli aumentando\nAttacco e precisione.","language":{"name":"it","url":"https://pokeapi.co/api/v2/language/8/"},"version_group":{"name":"sword-shield","url":"https://pokeapi.co/api/v2/version-group/20/"}},{"flavor_text":"The user sharpens its claws to boost its Attack stat\nand accuracy.","language":{"name":"en","url":"https://pokeapi.co/api/v2/language/9/"},"version_group":{"name":"sword-shield","url":"https://pokeapi.co/api/v2/version-group/20/"}},{"flavor_text":"ツメを　磨いて　鋭く　する。\n自分の　攻撃と\n命中率を　あげる。","language":{"name":"ja","url":"https://pokeapi.co/api/v2/language/11/"},"version_group":{"name":"sword-shield","url":"https://pokeapi.co/api/v2/version-group/20/"}},{"flavor_text":"将爪子磨得更加锋利。\n提高自己的攻击和命中率。","language":{"name":"zh-Hans","url":"https://pokeapi.co/api/v2/language/12/"},"version_group":{"name":"sword-shield","url":"https://pokeapi.co/api/v2/version-group/20/"}}],"generation":{"name":"generation-v","url":"https://pokeapi.co/api/v2/generation/5/"},"id":468,"learned_by_pokemon":[{"name":"charmander","url":"https://pokeapi.co/api/v2/pokemon/4/"},{"name":"charmeleon","url":"https://pokeapi.co/api/v2/pokemon/5/"},{"name":"charizard","url":"https://pokeapi.co/api/v2/pokemon/6/"},{"name":"sandshrew","url":"https://pokeapi.co/api/v2/pokemon/27/"},{"name":"sandslash","url":"https://pokeapi.co/api/v2/pokemon/28/"},{"name":"nidoran-f","url":"https://pokeapi.co/api/v2/pokemon/29/"},{"name":"nidorina","url":"https://pokeapi.co/api/v2/pokemon/30/"},{"name":"nidoqueen","url":"https://pokeapi.co/api/v2/pokemon/31/"},{"name":"nidoran-m","url":"https://pokeapi.co/api/v2/pokemon/32/"},{"name":"nidorino","url":"https://pokeapi.co/api/v2/pokemon/33/"},{"name":"nidoking","url":"https://pokeapi.co/api/v2/pokemon/34/"},{"name":"paras","url":"https://pokeapi.co/api/v2/pokemon/46/"},{"name":"parasect","url":"https://pokeapi.co/api/v2/pokemon/47/"},{"name":"diglett","url":"https://pokeapi.co/api/v2/pokemon/50/"},{"name":"dugtrio","url":"https://pokeapi.co/api/v2/pokemon/51/"},{"name":"meowth","url":"https://pokeapi.co/api/v2/pokemon/52/"},{"name":"persian","url":"https://pokeapi.co/api/v2/pokemon/53/"},{"name":"psyduck","url":"https://pokeapi.co/api/v2/pokemon/54/"},{"name":"golduck","url":"https://pokeapi.co/api/v2/pokemon/55/"},{"name":"mankey","url":"https://pokeapi.co/api/v2/pokemon/56/"},{"name":"primeape","url":"https://pokeapi.co/api/v2/pokemon/57/"},{"name":"krabby","url":"https://pokeapi.co/api/v2/pokemon/98/"},{"name":"kingler","url":"https://pokeapi.co/api/v2/pokemon/99/"},{"name":"kabuto","url":"https://pokeapi.co/api/v2/pokemon/140/"},{"name":"kabutops","url":"https://pokeapi.co/api/v2/pokemon/141/"},{"name":"aerodactyl","url":"https://pokeapi.co/api/v2/pokemon/142/"},{"name":"dragonite","url":"https://pokeapi.co/api/v2/pokemon/149/"},{"name":"mew","url":"https://pokeapi.co/api/v2/pokemon/151/"},{"name":"totodile","url":"https://pokeapi.co/api/v2/pokemon/158/"},{"name":"croconaw","url":"https://pokeapi.co/api/v2/pokemon/159/"},{"name":"feraligatr","url":"https://pokeapi.co/api/v2/pokemon/160/"},{"name":"sentret","url":"https://pokeapi.co/api/v2/pokemon/161/"},{"name":"furret","url":"https://pokeapi.co/api/v2/pokemon/162/"},{"name":"spinarak","url":"https://pokeapi.co/api/v2/pokemon/167/"},{"name":"ariados","url":"https://pokeapi.co/api/v2/pokemon/168/"},{"name":"aipom","url":"https://pokeapi.co/api/v2/pokemon/190/"},{"name":"gligar","url":"https://pokeapi.co/api/v2/pokemon/207/"},{"name":"sneasel","url":"https://pokeapi.co/api/v2/pokemon/215/"},{"name":"teddiursa","url":"https://pokeapi.co/api/v2/pokemon/216/"},{"name":"ursaring","url":"https://pokeapi.co/api/v2/pokemon/217/"},{"name":"tyranitar","url":"https://pokeapi.co/api/v2/pokemon/248/"},{"name":"sceptile","url":"https://pokeapi.co/api/v2/pokemon/254/"},{"name":"torchic","url":"https://pokeapi.co/api/v2/pokemon/255/"},{"name":"combusken","url":"https://pokeapi.co/api/v2/pokemon/256/"},{"name":"blaziken","url":"https://pokeapi.co/api/v2/pokemon/257/"},{"name":"zigzagoon","url":"https://pokeapi.co/api/v2/pokemon/263/"},{"name":"linoone","url":"https://pokeapi.co/api/v2/pokemon/264/"},{"name":"lombre","url":"https://pokeapi.co/api/v2/pokemon/271/"},{"name":"ludicolo","url":"https://pokeapi.co/api/v2/pokemon/272/"},{"name":"slakoth","url":"https://pokeapi.co/api/v2/pokemon/287/"},{"name":"vigoroth","url":"https://pokeapi.co/api/v2/pokemon/288/"},{"name":"slaking","url":"https://pokeapi.co/api/v2/pokemon/289/"},{"name":"nincada","url":"https://pokeapi.co/api/v2/pokemon/290/"},{"name":"ninjask","url":"https://pokeapi.co/api/v2/pokemon/291/"},{"name":"shedinja","url":"https://pokeapi.co/api/v2/pokemon/292/"},{"name":"sableye","url":"https://pokeapi.co/api/v2/pokemon/302/"},{"name":"aron","url":"https://pokeapi.co/api/v2/pokemon/304/"},{"name":"lairon","url":"https://pokeapi.co/api/v2/pokemon/305/"},{"name":"aggron","url":"https://pokeapi.co/api/v2/pokemon/306/"},{"name":"flygon","url":"https://pokeapi.co/api/v2/pokemon/330/"},{"name":"altaria","url":"https://pokeapi.co/api/v2/pokemon/334/"},{"name":"zangoose","url":"https://pokeapi.co/api/v2/pokemon/335/"},{"name":"corphish","url":"https://pokeapi.co/api/v2/pokemon/341/"},{"name":"crawdaunt","url":"https://pokeapi.co/api/v2/pokemon/342/"},{"name":"anorith","url":"https://pokeapi.co/api/v2/pokemon/347/"},{"name":"armaldo","url":"https://pokeapi.co/api/v2/pokemon/348/"},{"name":"kecleon","url":"https://pokeapi.co/api/v2/pokemon/352/"},{"name":"absol","url":"https://pokeapi.co/api/v2/pokemon/359/"},{"name":"bagon","url":"https://pokeapi.co/api/v2/pokemon/371/"},{"name":"shelgon","url":"https://pokeapi.co/api/v2/pokemon/372/"},{"name":"salamence","url":"https://pokeapi.co/api/v2/pokemon/373/"},{"name":"metang","url":"https://pokeapi.co/api/v2/pokemon/375/"},{"name":"metagross","url":"https://pokeapi.co/api/v2/pokemon/376/"},{"name":"registeel","url":"https://pokeapi.co/api/v2/pokemon/379/"},{"name":"latias","url":"https://pokeapi.co/api/v2/pokemon/380/"},{"name":"latios","url":"https://pokeapi.co/api/v2/pokemon/381/"},{"name":"groudon","url":"https://pokeapi.co/api/v2/pokemon/383/"},{"name":"rayquaza","url":"https://pokeapi.co/api/v2/pokemon/384/"},{"name":"chimchar","url":"https://pokeapi.co/api/v2/pokemon/390/"},{"name":"monferno","url":"https://pokeapi.co/api/v2/pokemon/391/"},{"name":"infernape","url":"https://pokeapi.co/api/v2/pokemon/392/"},{"name":"prinplup","url":"https://pokeapi.co/api/v2/pokemon/394/"},{"name":"empoleon","url":"https://pokeapi.co/api/v2/pokemon/395/"},{"name":"kricketune","url":"https://pokeapi.co/api/v2/pokemon/402/"},{"name":"vespiquen","url":"https://pokeapi.co/api/v2/pokemon/416/"},{"name":"ambipom","url":"https://pokeapi.co/api/v2/pokemon/424/"},{"name":"glameow","url":"https://pokeapi.co/api/v2/pokemon/431/"},{"name":"purugly","url":"https://pokeapi.co/api/v2/pokemon/432/"},{"name":"stunky","url":"https://pokeapi.co/api/v2/pokemon/434/"},{"name":"skuntank","url":"https://pokeapi.co/api/v2/pokemon/435/"},{"name":"gible","url":"https://pokeapi.co/api/v2/pokemon/443/"},{"name":"gabite","url":"https://pokeapi.co/api/v2/pokemon/444/"},{"name":"garchomp","url":"https://pokeapi.co/api/v2/pokemon/445/"},{"name":"lucario","url":"https://pokeapi.co/api/v2/pokemon/448/"},{"name":"skorupi","url":"https://pokeapi.co/api/v2/pokemon/451/"},{"name":"drapion","url":"https://pokeapi.co/api/v2/pokemon/452/"},{"name":"weavile","url":"https://pokeapi.co/api/v2/pokemon/461/"},{"name":"gliscor","url":"https://pokeapi.co/api/v2/pokemon/472/"},{"name":"dialga","url":"https://pokeapi.co/api/v2/pokemon/483/"},{"name":"palkia","url":"https://pokeapi.co/api/v2/pokemon/484/"},{"name":"giratina-altered","url":"https://pokeapi.co/api/v2/pokemon/487/"},{"name":"arceus","url":"https://pokeapi.co/api/v2/pokemon/493/"},{"name":"purrloin","url":"https://pokeapi.co/api/v2/pokemon/509/"},{"name":"liepard","url":"https://pokeapi.co/api/v2/pokemon/510/"},{"name":"pansage","url":"https://pokeapi.co/api/v2/pokemon/511/"},{"name":"simisage","url":"https://pokeapi.co/api/v2/pokemon/512/"},{"name":"pansear","url":"https://pokeapi.co/api/v2/pokemon/513/"},{"name":"simisear","url":"https://pokeapi.co/api/v2/pokemon/514/"},{"name":"panpour","url":"https://pokeapi.co/api/v2/pokemon/515/"},{"name":"simipour","url":"https://pokeapi.co/api/v2/pokemon/516/"},{"name":"drilbur","url":"https://pokeapi.co/api/v2/pokemon/529/"},{"name":"excadrill","url":"https://pokeapi.co/api/v2/pokemon/530/"},{"name":"leavanny","url":"https://pokeapi.co/api/v2/pokemon/542/"},{"name":"sandile","url":"https://pokeapi.co/api/v2/pokemon/551/"},{"name":"krokorok","url":"https://pokeapi.co/api/v2/pokemon/552/"},{"name":"krookodile","url":"https://pokeapi.co/api/v2/pokemon/553/"},{"name":"dwebble","url":"https://pokeapi.co/api/v2/pokemon/557/"},{"name":"crustle","url":"https://pokeapi.co/api/v2/pokemon/558/"},{"name":"archen","url":"https://pokeapi.co/api/v2/pokemon/566/"},{"name":"archeops","url":"https://pokeapi.co/api/v2/pokemon/567/"},{"name":"zorua","url":"https://pokeapi.co/api/v2/pokemon/570/"},{"name":"zoroark","url":"https://pokeapi.co/api/v2/pokemon/571/"},{"name":"ferroseed","url":"https://pokeapi.co/api/v2/pokemon/597/"},{"name":"ferrothorn","url":"https://pokeapi.co/api/v2/pokemon/598/"},{"name":"eelektross","url":"https://pokeapi.co/api/v2/pokemon/604/"},{"name":"axew","url":"https://pokeapi.co/api/v2/pokemon/610/"},{"name":"fraxure","url":"https://pokeapi.co/api/v2/pokemon/611/"},{"name":"haxorus","url":"https://pokeapi.co/api/v2/pokemon/612/"},{"name":"cubchoo","url":"https://pokeapi.co/api/v2/pokemon/613/"},{"name":"beartic","url":"https://pokeapi.co/api/v2/pokemon/614/"},{"name":"mienfoo","url":"https://pokeapi.co/api/v2/pokemon/619/"},{"name":"mienshao","url":"https://pokeapi.co/api/v2/pokemon/620/"},{"name":"druddigon","url":"https://pokeapi.co/api/v2/pokemon/621/"},{"name":"pawniard","url":"https://pokeapi.co/api/v2/pokemon/624/"},{"name":"bisharp","url":"https://pokeapi.co/api/v2/pokemon/625/"},{"name":"rufflet","url":"https://pokeapi.co/api/v2/pokemon/627/"},{"name":"braviary","url":"https://pokeapi.co/api/v2/pokemon/628/"},{"name":"heatmor","url":"https://pokeapi.co/api/v2/pokemon/631/"},{"name":"durant","url":"https://pokeapi.co/api/v2/pokemon/632/"},{"name":"cobalion","url":"https://pokeapi.co/api/v2/pokemon/638/"},{"name":"reshiram","url":"https://pokeapi.co/api/v2/pokemon/643/"},{"name":"zekrom","url":"https://pokeapi.co/api/v2/pokemon/644/"},{"name":"kyurem","url":"https://pokeapi.co/api/v2/pokemon/646/"},{"name":"meloetta-aria","url":"https://pokeapi.co/api/v2/pokemon/648/"},{"name":"genesect","url":"https://pokeapi.co/api/v2/pokemon/649/"},{"name":"quilladin","url":"https://pokeapi.co/api/v2/pokemon/651/"},{"name":"chesnaught","url":"https://pokeapi.co/api/v2/pokemon/652/"},{"name":"talonflame","url":"https://pokeapi.co/api/v2/pokemon/663/"},{"name":"pangoro","url":"https://pokeapi.co/api/v2/pokemon/675/"},{"name":"binacle","url":"https://pokeapi.co/api/v2/pokemon/688/"},{"name":"barbaracle","url":"https://pokeapi.co/api/v2/pokemon/689/"},{"name":"clauncher","url":"https://pokeapi.co/api/v2/pokemon/692/"},{"name":"clawitzer","url":"https://pokeapi.co/api/v2/pokemon/693/"},{"name":"tyrunt","url":"https://pokeapi.co/api/v2/pokemon/696/"},{"name":"tyrantrum","url":"https://pokeapi.co/api/v2/pokemon/697/"},{"name":"hawlucha","url":"https://pokeapi.co/api/v2/pokemon/701/"},{"name":"trevenant","url":"https://pokeapi.co/api/v2/pokemon/709/"},{"name":"noivern","url":"https://pokeapi.co/api/v2/pokemon/715/"},{"name":"yveltal","url":"https://pokeapi.co/api/v2/pokemon/717/"},{"name":"mimikyu-disguised","url":"https://pokeapi.co/api/v2/pokemon/778/"},{"name":"zeraora","url":"https://pokeapi.co/api/v2/pokemon/807/"},{"name":"rookidee","url":"https://pokeapi.co/api/v2/pokemon/821/"},{"name":"corvisquire","url":"https://pokeapi.co/api/v2/pokemon/822/"},{"name":"corviknight","url":"https://pokeapi.co/api/v2/pokemon/823/"},{"name":"nickit","url":"https://pokeapi.co/api/v2/pokemon/827/"},{"name":"thievul","url":"https://pokeapi.co/api/v2/pokemon/828/"},{"name":"obstagoon","url":"https://pokeapi.co/api/v2/pokemon/862/"},{"name":"perrserker","url":"https://pokeapi.co/api/v2/pokemon/863/"},{"name":"duraludon","url":"https://pokeapi.co/api/v2/pokemon/884/"},{"name":"sneasler","url":"https://pokeapi.co/api/v2/pokemon/903/"},{"name":"sprigatito","url":"https://pokeapi.co/api/v2/pokemon/906/"},{"name":"floragato","url":"https://pokeapi.co/api/v2/pokemon/907/"},{"name":"meowscarada","url":"https://pokeapi.co/api/v2/pokemon/908/"},{"name":"maschiff","url":"https://pokeapi.co/api/v2/pokemon/942/"},{"name":"mabosstiff","url":"https://pokeapi.co/api/v2/pokemon/943/"},{"name":"bombirdier","url":"https://pokeapi.co/api/v2/pokemon/962/"},{"name":"walking-wake","url":"https://pokeapi.co/api/v2/pokemon/1009/"},{"name":"giratina-origin","url":"https://pokeapi.co/api/v2/pokemon/10007/"},{"name":"meloetta-pirouette","url":"https://pokeapi.co/api/v2/pokemon/10018/"},{"name":"kyurem-black","url":"https://pokeapi.co/api/v2/pokemon/10022/"},{"name":"kyurem-white","url":"https://pokeapi.co/api/v2/pokemon/10023/"},{"name":"charizard-mega-x","url":"https://pokeapi.co/api/v2/pokemon/10034/"},{"name":"charizard-mega-y","url":"https://pokeapi.co/api/v2/pokemon/10035/"},{"name":"aerodactyl-mega","url":"https://pokeapi.co/api/v2/pokemon/10042/"},{"name":"tyranitar-mega","url":"https://pokeapi.co/api/v2/pokemon/10049/"},{"name":"blaziken-mega","url":"https://pokeapi.co/api/v2/pokemon/10050/"},{"name":"aggron-mega","url":"https://pokeapi.co/api/v2/pokemon/10053/"},{"name":"absol-mega","url":"https://pokeapi.co/api/v2/pokemon/10057/"},{"name":"garchomp-mega","url":"https://pokeapi.co/api/v2/pokemon/10058/"},{"name":"lucario-mega","url":"https://pokeapi.co/api/v2/pokemon/10059/"},{"name":"latias-mega","url":"https://pokeapi.co/api/v2/pokemon/10062/"},{"name":"latios-mega","url":"https://pokeapi.co/api/v2/pokemon/10063/"},{"name":"sceptile-mega","url":"https://pokeapi.co/api/v2/pokemon/10065/"},{"name":"sableye-mega","url":"https://pokeapi.co/api/v2/pokemon/10066/"},{"name":"altaria-mega","url":"https://pokeapi.co/api/v2/pokemon/10067/"},{"name":"metagross-mega","url":"https://pokeapi.co/api/v2/pokemon/10076/"},{"name":"groudon-primal","url":"https://pokeapi.co/api/v2/pokemon/10078/"},{"name":"rayquaza-mega","url":"https://pokeapi.co/api/v2/pokemon/10079/"},{"name":"salamence-mega","url":"https://pokeapi.co/api/v2/pokemon/10089/"},{"name":"pikachu-sinnoh-cap","url":"https://pokeapi.co/api/v2/pokemon/10096/"},{"name":"sandshrew-alola","url":"https://pokeapi.co/api/v2/pokemon/10101/"},{"name":"diglett-alola","url":"https://pokeapi.co/api/v2/pokemon/10105/"},{"name":"mimikyu-busted","url":"https://pokeapi.co/api/v2/pokemon/10143/"},{"name":"mimikyu-totem-disguised","url":"https://pokeapi.co/api/v2/pokemon/10144/"},{"name":"mimikyu-totem-busted","url":"https://pokeapi.co/api/v2/pokemon/10145/"},{"name":"meowth-galar","url":"https://pokeapi.co/api/v2/pokemon/10161/"},{"name":"linoone-galar","url":"https://pokeapi.co/api/v2/pokemon/10175/"},{"name":"sneasel-hisui","url":"https://pokeapi.co/api/v2/pokemon/10235/"},{"name":"zorua-hisui","url":"https://pokeapi.co/api/v2/pokemon/10238/"},{"name":"zoroark-hisui","url":"https://pokeapi.co/api/v2/pokemon/10239/"},{"name":"braviary-hisui","url":"https://pokeapi.co/api/v2/pokemon/10240/"}],"machines":[{"machine":{"url":"https://pokeapi.co/api/v2/machine/12/"},"version_group":{"name":"black-white","url":"https://pokeapi.co/api/v2/version-group/11/"}},{"machine":{"url":"https://pokeapi.co/api/v2/machine/15/"},"version_group":{"name":"black-2-white-2","url":"https://pokeapi.co/api/v2/version-group/14/"}},{"machine":{"url":"https://pokeapi.co/api/v2/machine/16/"},"version_group":{"name":"x-y","url":"https://pokeapi.co/api/v2/version-group/15/"}},{"machine":{"url":"https://pokeapi.co/api/v2/machine/17/"},"version_group":{"name":"omega-ruby-alpha-sapphire","url":"https://pokeapi.co/api/v2/version-group/16/"}}],"meta":{"ailment":{"name":"none","url":"https://pokeapi.co/api/v2/move-ailment/0/"},"ailment_chance":0,"category":{"name":"net-good-stats","url":"https://pokeapi.co/api/v2/move-category/2/"},"crit_rate":0,"drain":0,"flinch_chance":0,"healing":0,"max_hits":null,"max_turns":null,"min_hits":null,"min_turns":null,"stat_chance":0},"name":"hone-claws","names":[{"language":{"name":"ja-Hrkt","url":"https://pokeapi.co/api/v2/language/1/"},"name":"つめとぎ"},{"language":{"name":"ko","url":"https://pokeapi.co/api/v2/language/3/"},"name":"손톱갈기"},{"language":{"name":"zh-Hant","url":"https://pokeapi.co/api/v2/language/4/"},"name":"磨爪"},{"language":{"name":"fr","url":"https://pokeapi.co/api/v2/language/5/"},"name":"Aiguisage"},{"language":{"name":"de","url":"https://pokeapi.co/api/v2/language/6/"},"name":"Klauenwetzer"},{"language":{"name":"es","url":"https://pokeapi.co/api/v2/language/7/"},"name":"Afilagarras"},{"language":{"name":"it","url":"https://pokeapi.co/api/v2/language/8/"},"name":"Unghiaguzze"},{"language":{"name":"en","url":"https://pokeapi.co/api/v2/language/9/"},"name":"Hone Claws"},{"language":{"name":"ja","url":"https://pokeapi.co/api/v2/language/11/"},"name":"つめとぎ"},{"language":{"name":"zh-Hans","url":"https://pokeapi.co/api/v2/language/12/"},"name":"磨爪"}],"past_values":[],"power":null,"pp":15,"priority":0,"stat_changes":[{"change":1,"stat":{"name":"attack","url":"https://pokeapi.co/api/v2/stat/2/"}},{"change":1,"stat":{"name":"accuracy","url":"https://pokeapi.co/api/v2/stat/7/"}}],"super_contest_effect":null,"target":{"name":"user","url":"https://pokeapi.co/api/v2/move-target/7/"},"type":{"name":"dark","url":"https://pokeapi.co/api/v2/type/17/"}}