{"accuracy":null,"contest_combos":null,"contest_effect":null,"contest_type":null,"damage_class":{"name":"status","url":"https://pokeapi.co/api/v2/move-damage-class/1/"},"effect_chance":null,"effect_changes":[],"effect_entries":[{"effect":"For three turns (including this one), moves used against the target have 100% accuracy, but the target is immune to ground damage.  Accuracy of one-hit KO moves is exempt from this effect.\n\nThis effect is removed by gravity.  If Gravity is already in effect, this move will fail.","language":{"name":"en","url":"https://pokeapi.co/api/v2/language/9/"},"short_effect":"Moves have 100% accuracy against the target for three turns."}],"flavor_text_entries":[{"flavor_text":"Un pouvoir qui fait flotter l’ennemi dans\nles airs. Pendant 3 tours, il devient plus\nfacile à atteindre.","language":{"name":"fr","url":"https://pokeapi.co/api/v2/language/5/"},"version_group":{"name":"black-white","url":"https://pokeapi.co/api/v2/version-group/11/"}},{"flavor_text":"The user makes the target float with its\npsychic power. The target is easier to\nhit for three turns.","language":{"name":"en","url":"https://pokeapi.co/api/v2/language/9/"},"version_group":{"name":"black-white","url":"https://pokeapi.co/api/v2/version-group/11/"}},{"flavor_text":"The user makes the target float with its\npsychic power. The target is easier to\nhit for three turns.","language":{"name":"en","url":"https://pokeapi.co/api/v2/language/9/"},"version_group":{"name":"black-2-white-2","url":"https://pokeapi.co/api/v2/version-group/14/"}},{"flavor_text":"ちょうのうりょくで　あいてを　うかせる。\n３ターンの　あいだ　こうげきが\nあいてに　あたりやすく　なる。","language":{"name":"ja-Hrkt","url":"https://pokeapi.co/api/v2/language/1/"},"version_group":{"name":"x-y","url":"https://pokeapi.co/api/v2/version-group/15/"}},{"flavor_text":"초능력으로 상대를 띄운다.\n3턴 동안 공격이\n상대에게 맞기 쉬워진다.","language":{"name":"ko","url":"https://pokeapi.co/api/v2/language/3/"},"version_group":{"name":"x-y","url":"https://pokeapi.co/api/v2/version-group/15/"}},{"flavor_text":"Un pouvoir qui fait flotter l’ennemi dans les airs.\nPendant trois tours, il devient plus facile à\natteindre.","language":{"name":"fr","url":"https://pokeapi.co/api/v2/language/5/"},"version_group":{"name":"x-y","url":"https://pokeapi.co/api/v2/version-group/15/"}},{"flavor_text":"Bringt das Ziel durch Psycho-Kräfte zum\nSchweben. Dieses lässt sich so über drei\nRunden hinweg besonders leicht treffen.","language":{"name":"de","url":"https://pokeapi.co/api/v2/language/6/"},"version_group":{"name":"x-y","url":"https://pokeapi.co/api/v2/version-group/15/"}},{"flavor_text":"El usuario emplea su poder mental para hacer\nflotar al objetivo, y lo convierte en un blanco\nfácil durante tres turnos.","language":{"name":"es","url":"https://pokeapi.co/api/v2/language/7/"},"version_group":{"name":"x-y","url":"https://pokeapi.co/api/v2/version-group/15/"}},{"flavor_text":"Chi la usa fa fluttuare in aria il bersaglio,\nrendendolo facile da colpire per tre turni.","language":{"name":"it","url":"https://pokeapi.co/api/v2/language/8/"},"version_group":{"name":"x-y","url":"https://pokeapi.co/api/v2/version-group/15/"}},{"flavor_text":"The user makes the target float with its\npsychic power. The target is easier to\nhit for three turns.","language":{"name":"en","url":"https://pokeapi.co/api/v2/language/9/"},"version_group":{"name":"x-y","url":"https://pokeapi.co/api/v2/version-group/15/"}},{"flavor_text":"超能力で　相手を　浮かせる。\n３ターンの　あいだ　攻撃が\n相手に　当たりやすく　なる。","language":{"name":"ja","url":"https://pokeapi.co/api/v2/language/11/"},"version_group":{"name":"x-y","url":"https://pokeapi.co/api/v2/version-group/15/"}},{"flavor_text":"ちょうのうりょくで　あいてを　うかせる。\n３ターンの　あいだ　こうげきが\nあいてに　あたりやすく　なる。","language":{"name":"ja-Hrkt","url":"https://pokeapi.co/api/v2/language/1/"},"version_group":{"name":"omega-ruby-alpha-sapphire","url":"https://pokeapi.co/api/v2/version-group/16/"}},{"flavor_text":"초능력으로 상대를 띄운다.\n3턴 동안 공격이\n상대에게 맞기 쉬워진다.","language":{"name":"ko","url":"https://pokeapi.co/api/v2/language/3/"},"version_group":{"name":"omega-ruby-alpha-sapphire","url":"https://pokeapi.co/api/v2/version-group/16/"}},{"flavor_text":"Un pouvoir qui fait flotter l’ennemi dans les airs.\nPendant trois tours, il devient plus facile à\natteindre.","language":{"name":"fr","url":"https://pokeapi.co/api/v2/language/5/"},"version_group":{"name":"omega-ruby-alpha-sapphire","url":"https://pokeapi.co/api/v2/version-group/16/"}},{"flavor_text":"Bringt das Ziel durch Psycho-Kräfte zum\nSchweben. Dieses lässt sich so über drei\nRunden hinweg besonders leicht treffen.","language":{"name":"de","url":"https://pokeapi.co/api/v2/language/6/"},"version_group":{"name":"omega-ruby-alpha-sapphire","url":"https://pokeapi.co/api/v2/version-group/16/"}},{"flavor_text":"El usuario emplea su poder mental para hacer flotar \nal objetivo, y lo convierte en un blanco fácil durante \ntres turnos.","language":{"name":"es","url":"https://pokeapi.co/api/v2/language/7/"},"version_group":{"name":"omega-ruby-alpha-sapphire","url":"https://pokeapi.co/api/v2/version-group/16/"}},{"flavor_text":"Chi la usa fa fluttuare in aria il bersaglio,\nrendendolo facile da colpire per tre turni.","language":{"name":"it","url":"https://pokeapi.co/api/v2/language/8/"},"version_group":{"name":"omega-ruby-alpha-sapphire","url":"https://pokeapi.co/api/v2/version-group/16/"}},{"flavor_text":"The user makes the target float with its\npsychic power. The target is easier to\nhit for three turns.","language":{"name":"en","url":"https://pokeapi.co/api/v2/language/9/"},"version_group":{"name":"omega-ruby-alpha-sapphire","url":"https://pokeapi.co/api/v2/version-group/16/"}},{"flavor_text":"超能力で　相手を　浮かせる。\n３ターンの　あいだ　攻撃が\n相手に　当たりやすく　なる。","language":{"name":"ja","url":"https://pokeapi.co/api/v2/language/11/"},"version_group":{"name":"omega-ruby-alpha-sapphire","url":"https://pokeapi.co/api/v2/version-group/16/"}},{"flavor_text":"ちょうのうりょくで　あいてを　うかせる。\n３ターンの　あいだ　こうげきが\nあいてに　あたりやすく　なる。","language":{"name":"ja-Hrkt","url":"https://pokeapi.co/api/v2/language/1/"},"version_group":{"name":"sun-moon","url":"https://pokeapi.co/api/v2/version-group/17/"}},{"flavor_text":"초능력으로 상대를 띄운다.\n3턴 동안 공격이\n상대에게 맞기 쉬워진다.","language":{"name":"ko","url":"https://pokeapi.co/api/v2/language/3/"},"version_group":{"name":"sun-moon","url":"https://pokeapi.co/api/v2/version-group/17/"}},{"flavor_text":"用超能力使對手浮起來。\n在３回合內\n攻擊會變得容易命中對手。","language":{"name":"zh-Hant","url":"https://pokeapi.co/api/v2/language/4/"},"version_group":{"name":"sun-moon","url":"https://pokeapi.co/api/v2/version-group/17/"}},{"flavor_text":"Un pouvoir qui fait flotter l’ennemi dans les airs.\nPendant trois tours, il devient plus facile à atteindre.","language":{"name":"fr","url":"https://pokeapi.co/api/v2/language/5/"},"version_group":{"name":"sun-moon","url":"https://pokeapi.co/api/v2/version-group/17/"}},{"flavor_text":"Bringt das Ziel durch Psycho-Kräfte zum Schweben.\nDieses lässt sich so über drei Runden hinweg\nbesonders leicht treffen.","language":{"name":"de","url":"https://pokeapi.co/api/v2/language/6/"},"version_group":{"name":"sun-moon","url":"https://pokeapi.co/api/v2/version-group/17/"}},{"flavor_text":"El usuario emplea su poder mental para hacer flotar \nal objetivo, y lo convierte en un blanco fácil durante \ntres turnos.","language":{"name":"es","url":"https://pokeapi.co/api/v2/language/7/"},"version_group":{"name":"sun-moon","url":"https://pokeapi.co/api/v2/version-group/17/"}},{"flavor_text":"Chi la usa fa fluttuare in aria il bersaglio,\nrendendolo facile da colpire per tre turni.","language":{"name":"it","url":"https://pokeapi.co/api/v2/language/8/"},"version_group":{"name":"sun-moon","url":"https://pokeapi.co/api/v2/version-group/17/"}},{"flavor_text":"The user makes the target float with its psychic\npower. The target is easier to hit for three turns.","language":{"name":"en","url":"https://pokeapi.co/api/v2/language/9/"},"version_group":{"name":"sun-moon","url":"https://pokeapi.co/api/v2/version-group/17/"}},{"flavor_text":"超能力で　相手を　浮かせる。\n３ターンの　間　攻撃が\n相手に　当たりやすく　なる。","language":{"name":"ja","url":"https://pokeapi.co/api/v2/language/11/"},"version_group":{"name":"sun-moon","url":"https://pokeapi.co/api/v2/version-group/17/"}},{"flavor_text":"利用超能力使对手浮起来。\n在３回合内\n攻击会变得容易打中对手。","language":{"name":"zh-Hans","url":"https://pokeapi.co/api/v2/language/12/"},"version_group":{"name":"sun-moon","url":"https://pokeapi.co/api/v2/version-group/17/"}},{"flavor_text":"ちょうのうりょくで　あいてを　うかせる。\n３ターンの　あいだ　こうげきが\nあいてに　あたりやすく　なる。","language":{"name":"ja-Hrkt","url":"https://pokeapi.co/api/v2/language/1/"},"version_group":{"name":"ultra-sun-ultra-moon","url":"https://pokeapi.co/api/v2/version-group/18/"}},{"flavor_text":"초능력으로 상대를 띄운다.\n3턴 동안 공격이\n상대에게 맞기 쉬워진다.","language":{"name":"ko","url":"https://pokeapi.co/api/v2/language/3/"},"version_group":{"name":"ultra-sun-ultra-moon","url":"https://pokeapi.co/api/v2/version-group/18/"}},{"flavor_text":"用超能力使對手浮起來。\n在３回合內\n攻擊會變得容易命中對手。","language":{"name":"zh-Hant","url":"https://pokeapi.co/api/v2/language/4/"},"version_group":{"name":"ultra-sun-ultra-moon","url":"https://pokeapi.co/api/v2/version-group/18/"}},{"flavor_text":"Un pouvoir qui fait flotter l’ennemi dans les airs.\nPendant trois tours, il devient plus facile à atteindre.","language":{"name":"fr","url":"https://pokeapi.co/api/v2/language/5/"},"version_group":{"name":"ultra-sun-ultra-moon","url":"https://pokeapi.co/api/v2/version-group/18/"}},{"flavor_text":"Bringt das Ziel durch Psycho-Kräfte zum Schweben.\nDieses lässt sich so über drei Runden hinweg\nbesonders leicht treffen.","language":{"name":"de","url":"https://pokeapi.co/api/v2/language/6/"},"version_group":{"name":"ultra-sun-ultra-moon","url":"https://pokeapi.co/api/v2/version-group/18/"}},{"flavor_text":"El usuario emplea su poder mental para hacer flotar \nal objetivo, y lo convierte en un blanco fácil durante \ntres turnos.","language":{"name":"es","url":"https://pokeapi.co/api/v2/language/7/"},"version_group":{"name":"ultra-sun-ultra-moon","url":"https://pokeapi.co/api/v2/version-group/18/"}},{"flavor_text":"Chi la usa fa fluttuare in aria il bersaglio,\nrendendolo facile da colpire per tre turni.","language":{"name":"it","url":"https://pokeapi.co/api/v2/language/8/"},"version_group":{"name":"ultra-sun-ultra-moon","url":"https://pokeapi.co/api/v2/version-group/18/"}},{"flavor_text":"The user makes the target float with its psychic\npower. The target is easier to hit for three turns.","language":{"name":"en","url":"https://pokeapi.co/api/v2/language/9/"},"version_group":{"name":"ultra-sun-ultra-moon","url":"https://pokeapi.co/api/v2/version-group/18/"}},{"flavor_text":"超能力で　相手を　浮かせる。\n３ターンの　間　攻撃が\n相手に　当たりやすく　なる。","language":{"name":"ja","url":"https://pokeapi.co/api/v2/language/11/"},"version_group":{"name":"ultra-sun-ultra-moon","url":"https://pokeapi.co/api/v2/version-group/18/"}},{"flavor_text":"利用超能力使对手浮起来。\n在３回合内\n攻击会变得容易打中对手。","language":{"name":"zh-Hans","url":"https://pokeapi.co/api/v2/language/12/"},"version_group":{"name":"ultra-sun-ultra-moon","url":"https://pokeapi.co/api/v2/version-group/18/"}},{"flavor_text":"ちょうのうりょくで　あいてを　うかせる。\n３ターンの　あいだ　こうげきが\nあいてに　あたりやすく　なる。","language":{"name":"ja-Hrkt","url":"https://pokeapi.co/api/v2/language/1/"},"version_group":{"name":"lets-go-pikachu-lets-go-eevee","url":"https://pokeapi.co/api/v2/version-group/19/"}},{"flavor_text":"초능력으로 상대를 띄운다.\n3턴 동안 공격이\n상대에게 맞기 쉬워진다.","language":{"name":"ko","url":"https://pokeapi.co/api/v2/language/3/"},"version_group":{"name":"lets-go-pikachu-lets-go-eevee","url":"https://pokeapi.co/api/v2/version-group/19/"}},{"flavor_text":"用超能力使對手浮起來。\n在３回合內\n攻擊會變得容易命中對手。","language":{"name":"zh-Hant","url":"https://pokeapi.co/api/v2/language/4/"},"version_group":{"name":"lets-go-pikachu-lets-go-eevee","url":"https://pokeapi.co/api/v2/version-group/19/"}},{"flavor_text":"Un pouvoir qui fait flotter l’ennemi dans les airs.\nPendant trois tours, il devient plus facile à atteindre.","language":{"name":"fr","url":"https://pokeapi.co/api/v2/language/5/"},"version_group":{"name":"lets-go-pikachu-lets-go-eevee","url":"https://pokeapi.co/api/v2/version-group/19/"}},{"flavor_text":"Bringt das Ziel durch Psycho-Kräfte zum Schweben.\nDieses lässt sich so über drei Runden hinweg\nbesonders leicht treffen.","language":{"name":"de","url":"https://pokeapi.co/api/v2/language/6/"},"version_group":{"name":"lets-go-pikachu-lets-go-eevee","url":"https://pokeapi.co/api/v2/version-group/19/"}},{"flavor_text":"El usuario emplea su poder mental para hacer flotar \nal objetivo, y lo convierte en un blanco fácil durante \ntres turnos.","language":{"name":"es","url":"https://pokeapi.co/api/v2/language/7/"},"version_group":{"name":"lets-go-pikachu-lets-go-eevee","url":"https://pokeapi.co/api/v2/version-group/19/"}},{"flavor_text":"Chi la usa fa fluttuare in aria il bersaglio,\nrendendolo facile da colpire per tre turni.","language":{"name":"it","url":"https://pokeapi.co/api/v2/language/8/"},"version_group":{"name":"lets-go-pikachu-lets-go-eevee","url":"https://pokeapi.co/api/v2/version-group/19/"}},{"flavor_text":"The user makes the target float with its psychic\npower. The target is easier to hit for three turns.","language":{"name":"en","url":"https://pokeapi.co/api/v2/language/9/"},"version_group":{"name":"lets-go-pikachu-lets-go-eevee","url":"https://pokeapi.co/api/v2/version-group/19/"}},{"flavor_text":"超能力で　相手を　浮かせる。\n３ターンの　間　攻撃が\n相手に　当たりやすく　なる。","language":{"name":"ja","url":"https://pokeapi.co/api/v2/language/11/"},"version_group":{"name":"lets-go-pikachu-lets-go-eevee","url":"https://pokeapi.co/api/v2/version-group/19/"}},{"flavor_text":"利用超能力使对手浮起来。\n在３回合内\n攻击会变得容易打中对手。","language":{"name":"zh-Hans","url":"https://pokeapi.co/api/v2/language/12/"},"version_group":{"name":"lets-go-pikachu-lets-go-eevee","url":"https://pokeapi.co/api/v2/version-group/19/"}},{"flavor_text":"このわざは　つかえません\nおもいだすことが　できなくなりますが\nわざを　わすれることを　おすすめします","language":{"name":"ja-Hrkt","url":"https://pokeapi.co/api/v2/language/1/"},"version_group":{"name":"sword-shield","url":"https://pokeapi.co/api/v2/version-group/20/"}},{"flavor_text":"사용할 수 없는 기술입니다.\n다시 배우게 할 수 없지만\n기술을 잊게 하는 것을 권장합니다.","language":{"name":"ko","url":"https://pokeapi.co/api/v2/language/3/"},"version_group":{"name":"sword-shield","url":"https://pokeapi.co/api/v2/version-group/20/"}},{"flavor_text":"無法使用此招式。\n雖然忘記後將無法再想起來，\n但還是建議忘記此招式。","language":{"name":"zh-Hant","url":"https://pokeapi.co/api/v2/language/4/"},"version_group":{"name":"sword-shield","url":"https://pokeapi.co/api/v2/version-group/20/"}},{"flavor_text":"Cette capacité ne peut pas être utilisée.\nIl est recommandé de l’oublier, même s’il sera\nimpossible de se la remémorer une fois oubliée.","language":{"name":"fr","url":"https://pokeapi.co/api/v2/language/5/"},"version_group":{"name":"sword-shield","url":"https://pokeapi.co/api/v2/version-group/20/"}},{"flavor_text":"Diese Attacke kann nicht eingesetzt werden. Du solltest\ndein Pokémon sie vergessen lassen. Beachte aber,\ndass es sich danach nicht wieder an sie erinnern kann.","language":{"name":"de","url":"https://pokeapi.co/api/v2/language/6/"},"version_group":{"name":"sword-shield","url":"https://pokeapi.co/api/v2/version-group/20/"}},{"flavor_text":"Este movimiento no se puede usar, por lo que sería\nmejor olvidarlo, aunque eso implique que no se pueda\nrecordar posteriormente.","language":{"name":"es","url":"https://pokeapi.co/api/v2/language/7/"},"version_group":{"name":"sword-shield","url":"https://pokeapi.co/api/v2/version-group/20/"}},{"flavor_text":"Questa mossa non può essere usata.\nÈ consigliabile farla dimenticare al Pokémon. Tuttavia,\nuna volta dimenticata, non potrà più essere ricordata.","language":{"name":"it","url":"https://pokeapi.co/api/v2/language/8/"},"version_group":{"name":"sword-shield","url":"https://pokeapi.co/api/v2/version-group/20/"}},{"flavor_text":"This move can’t be used.\nIt’s recommended that this move is forgotten.\nOnce forgotten, this move can’t be remembered.","language":{"name":"en","url":"https://pokeapi.co/api/v2/language/9/"},"version_group":{"name":"sword-shield","url":"https://pokeapi.co/api/v2/version-group/20/"}},{"flavor_text":"この技は　使えません\n思い出すことが　できなくなりますが\n技を　忘れることを　おすすめします","language":{"name":"ja","url":"https://pokeapi.co/api/v2/language/11/"},"version_group":{"name":"sword-shield","url":"https://pokeapi.co/api/v2/version-group/20/"}},{"flavor_text":"无法使用这个招式。\n虽然忘记之后就再也想不起来了，\n但还是建议忘记这个招式。","language":{"name":"zh-Hans","url":"https://pokeapi.co/api/v2/language/12/"},"version_group":{"name":"sword-shield","url":"https://pokeapi.co/api/v2/version-group/20/"}}],"generation":{"name":"generation-v","url":"https://pokeapi.co/api/v2/generation/5/"},"id":477,"learned_by_pokemon":[{"name":"clefairy","url":"https://pokeapi.co/api/v2/pokemon/35/"},{"name":"clefable","url":"https://pokeapi.co/api/v2/pokemon/36/"},{"name":"jigglypuff","url":"https://pokeapi.co/api/v2/pokemon/39/"},{"name":"wigglytuff","url":"https://pokeapi.co/api/v2/pokemon/40/"},{"name":"psyduck","url":"https://pokeapi.co/api/v2/pokemon/54/"},{"name":"golduck","url":"https://pokeapi.co/api/v2/pokemon/55/"},{"name":"abra","url":"https://pokeapi.co/api/v2/pokemon/63/"},{"name":"kadabra","url":"https://pokeapi.co/api/v2/pokemon/64/"},{"name":"alakazam","url":"https://pokeapi.co/api/v2/pokemon/65/"},{"name":"slowpoke","url":"https://pokeapi.co/api/v2/pokemon/79/"},{"name":"slowbro","url":"https://pokeapi.co/api/v2/pokemon/80/"},{"name":"gastly","url":"https://pokeapi.co/api/v2/pokemon/92/"},{"name":"haunter","url":"https://pokeapi.co/api/v2/pokemon/93/"},{"name":"gengar","url":"https://pokeapi.co/api/v2/pokemon/94/"},{"name":"drowzee","url":"https://pokeapi.co/api/v2/pokemon/96/"},{"name":"hypno","url":"https://pokeapi.co/api/v2/pokemon/97/"},{"name":"electrode","url":"https://pokeapi.co/api/v2/pokemon/101/"},{"name":"exeggcute","url":"https://pokeapi.co/api/v2/pokemon/102/"},{"name":"exeggutor","url":"https://pokeapi.co/api/v2/pokemon/103/"},{"name":"chansey","url":"https://pokeapi.co/api/v2/pokemon/113/"},{"name":"starmie","url":"https://pokeapi.co/api/v2/pokemon/121/"},{"name":"mr-mime","url":"https://pokeapi.co/api/v2/pokemon/122/"},{"name":"jynx","url":"https://pokeapi.co/api/v2/pokemon/124/"},{"name":"porygon","url":"https://pokeapi.co/api/v2/pokemon/137/"},{"name":"mewtwo","url":"https://pokeapi.co/api/v2/pokemon/150/"},{"name":"mew","url":"https://pokeapi.co/api/v2/pokemon/151/"},{"name":"cleffa","url":"https://pokeapi.co/api/v2/pokemon/173/"},{"name":"togepi","url":"https://pokeapi.co/api/v2/pokemon/175/"},{"name":"togetic","url":"https://pokeapi.co/api/v2/pokemon/176/"},{"name":"natu","url":"https://pokeapi.co/api/v2/pokemon/177/"},{"name":"xatu","url":"https://pokeapi.co/api/v2/pokemon/178/"},{"name":"espeon","url":"https://pokeapi.co/api/v2/pokemon/196/"},{"name":"slowking","url":"https://pokeapi.co/api/v2/pokemon/199/"},{"name":"misdreavus","url":"https://pokeapi.co/api/v2/pokemon/200/"},{"name":"girafarig","url":"https://pokeapi.co/api/v2/pokemon/203/"},{"name":"forretress","url":"https://pokeapi.co/api/v2/pokemon/205/"},{"name":"porygon2","url":"https://pokeapi.co/api/v2/pokemon/233/"},{"name":"blissey","url":"https://pokeapi.co/api/v2/pokemon/242/"},{"name":"lugia","url":"https://pokeapi.co/api/v2/pokemon/249/"},{"name":"celebi","url":"https://pokeapi.co/api/v2/pokemon/251/"},{"name":"ralts","url":"https://pokeapi.co/api/v2/pokemon/280/"},{"name":"kirlia","url":"https://pokeapi.co/api/v2/pokemon/281/"},{"name":"gardevoir","url":"https://pokeapi.co/api/v2/pokemon/282/"},{"name":"shedinja","url":"https://pokeapi.co/api/v2/pokemon/292/"},{"name":"sableye","url":"https://pokeapi.co/api/v2/pokemon/302/"},{"name":"meditite","url":"https://pokeapi.co/api/v2/pokemon/307/"},{"name":"medicham","url":"https://pokeapi.co/api/v2/pokemon/308/"},{"name":"spoink","url":"https://pokeapi.co/api/v2/pokemon/325/"},{"name":"grumpig","url":"https://pokeapi.co/api/v2/pokemon/326/"},{"name":"lunatone","url":"https://pokeapi.co/api/v2/pokemon/337/"},{"name":"solrock","url":"https://pokeapi.co/api/v2/pokemon/338/"},{"name":"baltoy","url":"https://pokeapi.co/api/v2/pokemon/343/"},{"name":"claydol","url":"https://pokeapi.co/api/v2/pokemon/344/"},{"name":"shuppet","url":"https://pokeapi.co/api/v2/pokemon/353/"},{"name":"banette","url":"https://pokeapi.co/api/v2/pokemon/354/"},{"name":"duskull","url":"https://pokeapi.co/api/v2/pokemon/355/"},{"name":"dusclops","url":"https://pokeapi.co/api/v2/pokemon/356/"},{"name":"chimecho","url":"https://pokeapi.co/api/v2/pokemon/358/"},{"name":"metang","url":"https://pokeapi.co/api/v2/pokemon/375/"},{"name":"metagross","url":"https://pokeapi.co/api/v2/pokemon/376/"},{"name":"latias","url":"https://pokeapi.co/api/v2/pokemon/380/"},{"name":"latios","url":"https://pokeapi.co/api/v2/pokemon/381/"},{"name":"jirachi","url":"https://pokeapi.co/api/v2/pokemon/385/"},{"name":"deoxys-normal","url":"https://pokeapi.co/api/v2/pokemon/386/"},{"name":"wormadam-plant","url":"https://pokeapi.co/api/v2/pokemon/413/"},{"name":"drifloon","url":"https://pokeapi.co/api/v2/pokemon/425/"},{"name":"drifblim","url":"https://pokeapi.co/api/v2/pokemon/426/"},{"name":"mismagius","url":"https://pokeapi.co/api/v2/pokemon/429/"},{"name":"chingling","url":"https://pokeapi.co/api/v2/pokemon/433/"},{"name":"bronzor","url":"https://pokeapi.co/api/v2/pokemon/436/"},{"name":"bronzong","url":"https://pokeapi.co/api/v2/pokemon/437/"},{"name":"mime-jr","url":"https://pokeapi.co/api/v2/pokemon/439/"},{"name":"spiritomb","url":"https://pokeapi.co/api/v2/pokemon/442/"},{"name":"togekiss","url":"https://pokeapi.co/api/v2/pokemon/468/"},{"name":"porygon-z","url":"https://pokeapi.co/api/v2/pokemon/474/"},{"name":"gallade","url":"https://pokeapi.co/api/v2/pokemon/475/"},{"name":"probopass","url":"https://pokeapi.co/api/v2/pokemon/476/"},{"name":"dusknoir","url":"https://pokeapi.co/api/v2/pokemon/477/"},{"name":"froslass","url":"https://pokeapi.co/api/v2/pokemon/478/"},{"name":"rotom","url":"https://pokeapi.co/api/v2/pokemon/479/"},{"name":"uxie","url":"https://pokeapi.co/api/v2/pokemon/480/"},{"name":"mesprit","url":"https://pokeapi.co/api/v2/pokemon/481/"},{"name":"azelf","url":"https://pokeapi.co/api/v2/pokemon/482/"},{"name":"giratina-altered","url":"https://pokeapi.co/api/v2/pokemon/487/"},{"name":"cresselia","url":"https://pokeapi.co/api/v2/pokemon/488/"},{"name":"arceus","url":"https://pokeapi.co/api/v2/pokemon/493/"},{"name":"victini","url":"https://pokeapi.co/api/v2/pokemon/494/"},{"name":"munna","url":"https://pokeapi.co/api/v2/pokemon/517/"},{"name":"musharna","url":"https://pokeapi.co/api/v2/pokemon/518/"},{"name":"woobat","url":"https://pokeapi.co/api/v2/pokemon/527/"},{"name":"swoobat","url":"https://pokeapi.co/api/v2/pokemon/528/"},{"name":"audino","url":"https://pokeapi.co/api/v2/pokemon/531/"},{"name":"sigilyph","url":"https://pokeapi.co/api/v2/pokemon/561/"},{"name":"yamask","url":"https://pokeapi.co/api/v2/pokemon/562/"},{"name":"cofagrigus","url":"https://pokeapi.co/api/v2/pokemon/563/"},{"name":"gothita","url":"https://pokeapi.co/api/v2/pokemon/574/"},{"name":"gothorita","url":"https://pokeapi.co/api/v2/pokemon/575/"},{"name":"gothitelle","url":"https://pokeapi.co/api/v2/pokemon/576/"},{"name":"solosis","url":"https://pokeapi.co/api/v2/pokemon/577/"},{"name":"duosion","url":"https://pokeapi.co/api/v2/pokemon/578/"},{"name":"reuniclus","url":"https://pokeapi.co/api/v2/pokemon/579/"},{"name":"klink","url":"https://pokeapi.co/api/v2/pokemon/599/"},{"name":"klang","url":"https://pokeapi.co/api/v2/pokemon/600/"},{"name":"klinklang","url":"https://pokeapi.co/api/v2/pokemon/601/"},{"name":"elgyem","url":"https://pokeapi.co/api/v2/pokemon/605/"},{"name":"beheeyem","url":"https://pokeapi.co/api/v2/pokemon/606/"},{"name":"litwick","url":"https://pokeapi.co/api/v2/pokemon/607/"},{"name":"lampent","url":"https://pokeapi.co/api/v2/pokemon/608/"},{"name":"chandelure","url":"https://pokeapi.co/api/v2/pokemon/609/"},{"name":"golett","url":"https://pokeapi.co/api/v2/pokemon/622/"},{"name":"golurk","url":"https://pokeapi.co/api/v2/pokemon/623/"},{"name":"meloetta-aria","url":"https://pokeapi.co/api/v2/pokemon/648/"},{"name":"genesect","url":"https://pokeapi.co/api/v2/pokemon/649/"},{"name":"braixen","url":"https://pokeapi.co/api/v2/pokemon/654/"},{"name":"delphox","url":"https://pokeapi.co/api/v2/pokemon/655/"},{"name":"espurr","url":"https://pokeapi.co/api/v2/pokemon/677/"},{"name":"meowstic-male","url":"https://pokeapi.co/api/v2/pokemon/678/"},{"name":"spritzee","url":"https://pokeapi.co/api/v2/pokemon/682/"},{"name":"aromatisse","url":"https://pokeapi.co/api/v2/pokemon/683/"},{"name":"inkay","url":"https://pokeapi.co/api/v2/pokemon/686/"},{"name":"malamar","url":"https://pokeapi.co/api/v2/pokemon/687/"},{"name":"sylveon","url":"https://pokeapi.co/api/v2/pokemon/700/"},{"name":"carbink","url":"https://pokeapi.co/api/v2/pokemon/703/"},{"name":"phantump","url":"https://pokeapi.co/api/v2/pokemon/708/"},{"name":"trevenant","url":"https://pokeapi.co/api/v2/pokemon/709/"},{"name":"pumpkaboo-average","url":"https://pokeapi.co/api/v2/pokemon/710/"},{"name":"gourgeist-average","url":"https://pokeapi.co/api/v2/pokemon/711/"},{"name":"diancie","url":"https://pokeapi.co/api/v2/pokemon/719/"},{"name":"hoopa","url":"https://pokeapi.co/api/v2/pokemon/720/"},{"name":"cutiefly","url":"https://pokeapi.co/api/v2/pokemon/742/"},{"name":"ribombee","url":"https://pokeapi.co/api/v2/pokemon/743/"},{"name":"comfey","url":"https://pokeapi.co/api/v2/pokemon/764/"},{"name":"oranguru","url":"https://pokeapi.co/api/v2/pokemon/765/"},{"name":"minior-red-meteor","url":"https://pokeapi.co/api/v2/pokemon/774/"},{"name":"mimikyu-disguised","url":"https://pokeapi.co/api/v2/pokemon/778/"},{"name":"bruxish","url":"https://pokeapi.co/api/v2/pokemon/779/"},{"name":"dhelmise","url":"https://pokeapi.co/api/v2/pokemon/781/"},{"name":"tapu-koko","url":"https://pokeapi.co/api/v2/pokemon/785/"},{"name":"tapu-lele","url":"https://pokeapi.co/api/v2/pokemon/786/"},{"name":"tapu-bulu","url":"https://pokeapi.co/api/v2/pokemon/787/"},{"name":"tapu-fini","url":"https://pokeapi.co/api/v2/pokemon/788/"},{"name":"lunala","url":"https://pokeapi.co/api/v2/pokemon/792/"},{"name":"nihilego","url":"https://pokeapi.co/api/v2/pokemon/793/"},{"name":"necrozma","url":"https://pokeapi.co/api/v2/pokemon/800/"},{"name":"stakataka","url":"https://pokeapi.co/api/v2/pokemon/805/"},{"name":"deoxys-attack","url":"https://pokeapi.co/api/v2/pokemon/10001/"},{"name":"deoxys-defense","url":"https://pokeapi.co/api/v2/pokemon/10002/"},{"name":"deoxys-speed","url":"https://pokeapi.co/api/v2/pokemon/10003/"},{"name":"wormadam-sandy","url":"https://pokeapi.co/api/v2/pokemon/10004/"},{"name":"wormadam-trash","url":"https://pokeapi.co/api/v2/pokemon/10005/"},{"name":"giratina-origin","url":"https://pokeapi.co/api/v2/pokemon/10007/"},{"name":"rotom-heat","url":"https://pokeapi.co/api/v2/pokemon/10008/"},{"name":"rotom-wash","url":"https://pokeapi.co/api/v2/pokemon/10009/"},{"name":"rotom-frost","url":"https://pokeapi.co/api/v2/pokemon/10010/"},{"name":"rotom-fan","url":"https://pokeapi.co/api/v2/pokemon/10011/"},{"name":"rotom-mow","url":"https://pokeapi.co/api/v2/pokemon/10012/"},{"name":"meloetta-pirouette","url":"https://pokeapi.co/api/v2/pokemon/10018/"},{"name":"meowstic-female","url":"https://pokeapi.co/api/v2/pokemon/10025/"},{"name":"pumpkaboo-small","url":"https://pokeapi.co/api/v2/pokemon/10027/"},{"name":"pumpkaboo-large","url":"https://pokeapi.co/api/v2/pokemon/10028/"},{"name":"pumpkaboo-super","url":"https://pokeapi.co/api/v2/pokemon/10029/"},{"name":"gourgeist-small","url":"https://pokeapi.co/api/v2/pokemon/10030/"},{"name":"gourgeist-large","url":"https://pokeapi.co/api/v2/pokemon/10031/"},{"name":"gourgeist-super","url":"https://pokeapi.co/api/v2/pokemon/10032/"},{"name":"alakazam-mega","url":"https://pokeapi.co/api/v2/pokemon/10037/"},{"name":"gengar-mega","url":"https://pokeapi.co/api/v2/pokemon/10038/"},{"name":"mewtwo-mega-x","url":"https://pokeapi.co/api/v2/pokemon/10043/"},{"name":"mewtwo-mega-y","url":"https://pokeapi.co/api/v2/pokemon/10044/"},{"name":"gardevoir-mega","url":"https://pokeapi.co/api/v2/pokemon/10051/"},{"name":"medicham-mega","url":"https://pokeapi.co/api/v2/pokemon/10054/"},{"name":"banette-mega","url":"https://pokeapi.co/api/v2/pokemon/10056/"},{"name":"latias-mega","url":"https://pokeapi.co/api/v2/pokemon/10062/"},{"name":"latios-mega","url":"https://pokeapi.co/api/v2/pokemon/10063/"},{"name":"sableye-mega","url":"https://pokeapi.co/api/v2/pokemon/10066/"},{"name":"gallade-mega","url":"https://pokeapi.co/api/v2/pokemon/10068/"},{"name":"audino-mega","url":"https://pokeapi.co/api/v2/pokemon/10069/"},{"name":"slowbro-mega","url":"https://pokeapi.co/api/v2/pokemon/10071/"},{"name":"diancie-mega","url":"https://pokeapi.co/api/v2/pokemon/10075/"},{"name":"metagross-mega","url":"https://pokeapi.co/api/v2/pokemon/10076/"},{"name":"hoopa-unbound","url":"https://pokeapi.co/api/v2/pokemon/10086/"},{"name":"raichu-alola","url":"https://pokeapi.co/api/v2/pokemon/10100/"},{"name":"exeggutor-alola","url":"https://pokeapi.co/api/v2/pokemon/10114/"},{"name":"minior-orange-meteor","url":"https://pokeapi.co/api/v2/pokemon/10130/"},{"name":"minior-yellow-meteor","url":"https://pokeapi.co/api/v2/pokemon/10131/"},{"name":"minior-green-meteor","url":"https://pokeapi.co/api/v2/pokemon/10132/"},{"name":"minior-blue-meteor","url":"https://pokeapi.co/api/v2/pokemon/10133/"},{"name":"minior-indigo-meteor","url":"https://pokeapi.co/api/v2/pokemon/10134/"},{"name":"minior-violet-meteor","url":"https://pokeapi.co/api/v2/pokemon/10135/"},{"name":"minior-red","url":"https://pokeapi.co/api/v2/pokemon/10136/"},{"name":"minior-orange","url":"https://pokeapi.co/api/v2/pokemon/10137/"},{"name":"minior-yellow","url":"https://pokeapi.co/api/v2/pokemon/10138/"},{"name":"minior-green","url":"https://pokeapi.co/api/v2/pokemon/10139/"},{"name":"minior-blue","url":"https://pokeapi.co/api/v2/pokemon/10140/"},{"name":"minior-indigo","url":"https://pokeapi.co/api/v2/pokemon/10141/"},{"name":"minior-violet","url":"https://pokeapi.co/api/v2/pokemon/10142/"},{"name":"mimikyu-busted","url":"https://pokeapi.co/api/v2/pokemon/10143/"},{"name":"mimikyu-totem-disguised","url":"https://pokeapi.co/api/v2/pokemon/10144/"},{"name":"mimikyu-totem-busted","url":"https://pokeapi.co/api/v2/pokemon/10145/"},{"name":"ribombee-totem","url":"https://pokeapi.co/api/v2/pokemon/10150/"},{"name":"necrozma-dusk","url":"https://pokeapi.co/api/v2/pokemon/10155/"},{"name":"necrozma-dawn","url":"https://pokeapi.co/api/v2/pokemon/10156/"},{"name":"necrozma-ultra","url":"https://pokeapi.co/api/v2/pokemon/10157/"}],"machines":[{"machine":{"url":"https://pokeapi.co/api/v2/machine/372/"},"version_group":{"name":"black-white","url":"https://pokeapi.co/api/v2/version-group/11/"}},{"machine":{"url":"https://pokeapi.co/api/v2/machine/375/"},"version_group":{"name":"black-2-white-2","url":"https://pokeapi.co/api/v2/version-group/14/"}}],"meta":{"ailment":{"name":"unknown","url":"https://pokeapi.co/api/v2/move-ailment/-1/"},"ailment_chance":0,"category":{"name":"ailment","url":"https://pokeapi.co/api/v2/move-category/1/"},"crit_rate":0,"drain":0,"flinch_chance":0,"healing":0,"max_hits":null,"max_turns":3,"min_hits":null,"min_turns":3,"stat_chance":0},"name":"telekinesis","names":[{"language":{"name":"ja-Hrkt","url":"https://pokeapi.co/api/v2/language/1/"},"name":"テレキネシス"},{"language":{"name":"ko","url":"https://pokeapi.co/api/v2/language/3/"},"name":"텔레키네시스"},{"language":{"name":"zh-Hant","url":"https://pokeapi.co/api/v2/language/4/"},"name":"意念移物"},{"language":{"name":"fr","url":"https://pokeapi.co/api/v2/language/5/"},"name":"Lévikinésie"},{"language":{"name":"de","url":"https://pokeapi.co/api/v2/language/6/"},"name":"Telekinese"},{"language":{"name":"es","url":"https://pokeapi.co/api/v2/language/7/"},"name":"Telequinesis"},{"language":{"name":"it","url":"https://pokeapi.co/api/v2/language/8/"},"name":"Telecinesi"},{"language":{"name":"en","url":"https://pokeapi.co/api/v2/language/9/"},"name":"Telekinesis"},{"language":{"name":"ja","url":"https://pokeapi.co/api/v2/language/11/"},"name":"テレキネシス"},{"language":{"name":"zh-Hans","url":"https://pokeapi.co/api/v2/language/12/"},"name":"意念移物"}],"past_values":[],"power":null,"pp":15,"priority":0,"stat_changes":[],"super_contest_effect":null,"target":{"name":"selected-pokemon","url":"https://pokeapi.co/api/v2/move-target/10/"},"type":{"name":"psychic","url":"https://pokeapi.co/api/v2/type/14/"}}