{"accuracy":null,"contest_combos":null,"contest_effect":null,"contest_type":null,"damage_class":{"name":"status","url":"https://pokeapi.co/api/v2/move-damage-class/1/"},"effect_chance":null,"effect_changes":[],"effect_entries":[{"effect":"For five turns (including this one), passive effects of held items are ignored, and Pokémon will not use their held items.","language":{"name":"en","url":"https://pokeapi.co/api/v2/language/9/"},"short_effect":"Negates held items for five turns."}],"flavor_text_entries":[{"flavor_text":"制造出离奇的空间。\n在５回合内所有宝可梦\n携带道具的效果都会消失。","language":{"name":"zh-Hans","url":"https://pokeapi.co/api/v2/language/12/"},"version_group":{"name":"ultra-sun-ultra-moon","url":"https://pokeapi.co/api/v2/version-group/18/"}},{"flavor_text":"Le lanceur crée une zone étrange. Pendant\n5 tours, les objets tenus par tous les\nPokémon n’ont plus aucun effet.","language":{"name":"fr","url":"https://pokeapi.co/api/v2/language/5/"},"version_group":{"name":"black-white","url":"https://pokeapi.co/api/v2/version-group/11/"}},{"flavor_text":"The user creates a bizarre area\nin which Pokémon’s held items\nlose their effects for five turns.","language":{"name":"en","url":"https://pokeapi.co/api/v2/language/9/"},"version_group":{"name":"black-white","url":"https://pokeapi.co/api/v2/version-group/11/"}},{"flavor_text":"The user creates a bizarre area\nin which Pokémon’s held items\nlose their effects for five turns.","language":{"name":"en","url":"https://pokeapi.co/api/v2/language/9/"},"version_group":{"name":"black-2-white-2","url":"https://pokeapi.co/api/v2/version-group/14/"}},{"flavor_text":"まかふしぎな　くうかんを　つくる。\n５ターンのあいだ　すべてのポケモンの\nどうぐの　こうかが　なくなる。","language":{"name":"ja-Hrkt","url":"https://pokeapi.co/api/v2/language/1/"},"version_group":{"name":"x-y","url":"https://pokeapi.co/api/v2/version-group/15/"}},{"flavor_text":"이상한 공간을 만든다.\n5턴 동안 모든 포켓몬의\n도구의 효과가 사라진다.","language":{"name":"ko","url":"https://pokeapi.co/api/v2/language/3/"},"version_group":{"name":"x-y","url":"https://pokeapi.co/api/v2/version-group/15/"}},{"flavor_text":"Le lanceur crée une zone étrange.\nPendant cinq tours, les objets tenus par tous\nles Pokémon n’ont plus aucun effet.","language":{"name":"fr","url":"https://pokeapi.co/api/v2/language/5/"},"version_group":{"name":"x-y","url":"https://pokeapi.co/api/v2/version-group/15/"}},{"flavor_text":"Anwender erzeugt einen bizarren Raum,\nin dem über fünf Runden die Wirkung aller von\nPokémon getragenen Items aufgehoben ist.","language":{"name":"de","url":"https://pokeapi.co/api/v2/language/6/"},"version_group":{"name":"x-y","url":"https://pokeapi.co/api/v2/version-group/15/"}},{"flavor_text":"Crea un espacio misterioso que inutiliza todos los\nobjetos de los Pokémon durante cinco turnos.","language":{"name":"es","url":"https://pokeapi.co/api/v2/language/7/"},"version_group":{"name":"x-y","url":"https://pokeapi.co/api/v2/version-group/15/"}},{"flavor_text":"Chi la usa crea una dimensione in cui l’effetto\ndegli strumenti di tutti i Pokémon è annullato\nper cinque turni.","language":{"name":"it","url":"https://pokeapi.co/api/v2/language/8/"},"version_group":{"name":"x-y","url":"https://pokeapi.co/api/v2/version-group/15/"}},{"flavor_text":"The user creates a bizarre area\nin which Pokémon’s held items\nlose their effects for five turns.","language":{"name":"en","url":"https://pokeapi.co/api/v2/language/9/"},"version_group":{"name":"x-y","url":"https://pokeapi.co/api/v2/version-group/15/"}},{"flavor_text":"まか不思議な　空間を　つくる。\n５ターンのあいだ　すべてのポケモンの\n道具の　効果が　なくなる。","language":{"name":"ja","url":"https://pokeapi.co/api/v2/language/11/"},"version_group":{"name":"x-y","url":"https://pokeapi.co/api/v2/version-group/15/"}},{"flavor_text":"まかふしぎな　くうかんを　つくる。\n５ターンのあいだ　すべてのポケモンの\nどうぐの　こうかが　なくなる。","language":{"name":"ja-Hrkt","url":"https://pokeapi.co/api/v2/language/1/"},"version_group":{"name":"omega-ruby-alpha-sapphire","url":"https://pokeapi.co/api/v2/version-group/16/"}},{"flavor_text":"이상한 공간을 만든다.\n5턴 동안 모든 포켓몬의\n도구의 효과가 사라진다.","language":{"name":"ko","url":"https://pokeapi.co/api/v2/language/3/"},"version_group":{"name":"omega-ruby-alpha-sapphire","url":"https://pokeapi.co/api/v2/version-group/16/"}},{"flavor_text":"Le lanceur crée une zone étrange.\nPendant cinq tours, les objets tenus par tous\nles Pokémon n’ont plus aucun effet.","language":{"name":"fr","url":"https://pokeapi.co/api/v2/language/5/"},"version_group":{"name":"omega-ruby-alpha-sapphire","url":"https://pokeapi.co/api/v2/version-group/16/"}},{"flavor_text":"Anwender erzeugt einen bizarren Raum,\nin dem über fünf Runden die Wirkung aller von\nPokémon getragenen Items aufgehoben ist.","language":{"name":"de","url":"https://pokeapi.co/api/v2/language/6/"},"version_group":{"name":"omega-ruby-alpha-sapphire","url":"https://pokeapi.co/api/v2/version-group/16/"}},{"flavor_text":"Crea un espacio misterioso que inutiliza todos los \nobjetos de los Pokémon durante cinco turnos.","language":{"name":"es","url":"https://pokeapi.co/api/v2/language/7/"},"version_group":{"name":"omega-ruby-alpha-sapphire","url":"https://pokeapi.co/api/v2/version-group/16/"}},{"flavor_text":"Chi la usa crea una dimensione in cui l’effetto\ndegli strumenti di tutti i Pokémon è annullato\nper cinque turni.","language":{"name":"it","url":"https://pokeapi.co/api/v2/language/8/"},"version_group":{"name":"omega-ruby-alpha-sapphire","url":"https://pokeapi.co/api/v2/version-group/16/"}},{"flavor_text":"The user creates a bizarre area\nin which Pokémon’s held items\nlose their effects for five turns.","language":{"name":"en","url":"https://pokeapi.co/api/v2/language/9/"},"version_group":{"name":"omega-ruby-alpha-sapphire","url":"https://pokeapi.co/api/v2/version-group/16/"}},{"flavor_text":"まか不思議な　空間を　つくる。\n５ターンのあいだ　すべてのポケモンの\n道具の　効果が　なくなる。","language":{"name":"ja","url":"https://pokeapi.co/api/v2/language/11/"},"version_group":{"name":"omega-ruby-alpha-sapphire","url":"https://pokeapi.co/api/v2/version-group/16/"}},{"flavor_text":"まかふしぎな　くうかんを　つくる。\n５ターンのあいだ　すべてのポケモンの\nどうぐの　こうかが　なくなる。","language":{"name":"ja-Hrkt","url":"https://pokeapi.co/api/v2/language/1/"},"version_group":{"name":"sun-moon","url":"https://pokeapi.co/api/v2/version-group/17/"}},{"flavor_text":"이상한 공간을 만든다.\n5턴 동안 모든 포켓몬의\n도구의 효과가 사라진다.","language":{"name":"ko","url":"https://pokeapi.co/api/v2/language/3/"},"version_group":{"name":"sun-moon","url":"https://pokeapi.co/api/v2/version-group/17/"}},{"flavor_text":"創造出非常不可思議的空間。\n在５回合內，所有寶可夢\n攜帶的道具都會失去效果。","language":{"name":"zh-Hant","url":"https://pokeapi.co/api/v2/language/4/"},"version_group":{"name":"sun-moon","url":"https://pokeapi.co/api/v2/version-group/17/"}},{"flavor_text":"Le lanceur crée une zone étrange.\nPendant cinq tours, les objets tenus par tous\nles Pokémon n’ont plus aucun effet.","language":{"name":"fr","url":"https://pokeapi.co/api/v2/language/5/"},"version_group":{"name":"sun-moon","url":"https://pokeapi.co/api/v2/version-group/17/"}},{"flavor_text":"Anwender erzeugt einen bizarren Raum, in dem\nüber fünf Runden die Wirkung aller von Pokémon\ngetragenen Items aufgehoben ist.","language":{"name":"de","url":"https://pokeapi.co/api/v2/language/6/"},"version_group":{"name":"sun-moon","url":"https://pokeapi.co/api/v2/version-group/17/"}},{"flavor_text":"Crea un espacio misterioso que inutiliza todos los \nobjetos de los Pokémon durante cinco turnos.","language":{"name":"es","url":"https://pokeapi.co/api/v2/language/7/"},"version_group":{"name":"sun-moon","url":"https://pokeapi.co/api/v2/version-group/17/"}},{"flavor_text":"Chi la usa crea una dimensione in cui l’effetto\ndegli strumenti di tutti i Pokémon è annullato\nper cinque turni.","language":{"name":"it","url":"https://pokeapi.co/api/v2/language/8/"},"version_group":{"name":"sun-moon","url":"https://pokeapi.co/api/v2/version-group/17/"}},{"flavor_text":"The user creates a bizarre area in which Pokémon’s\nheld items lose their effects for five turns.","language":{"name":"en","url":"https://pokeapi.co/api/v2/language/9/"},"version_group":{"name":"sun-moon","url":"https://pokeapi.co/api/v2/version-group/17/"}},{"flavor_text":"まか不思議な　空間を　つくる。\n５ターンの間　すべてのポケモンの\n道具の　効果が　なくなる。","language":{"name":"ja","url":"https://pokeapi.co/api/v2/language/11/"},"version_group":{"name":"sun-moon","url":"https://pokeapi.co/api/v2/version-group/17/"}},{"flavor_text":"制造出离奇的空间。\n在５回合内所有宝可梦\n携带道具的效果都会消失。","language":{"name":"zh-Hans","url":"https://pokeapi.co/api/v2/language/12/"},"version_group":{"name":"sun-moon","url":"https://pokeapi.co/api/v2/version-group/17/"}},{"flavor_text":"まかふしぎな　くうかんを　つくる。\n５ターンのあいだ　すべてのポケモンの\nどうぐの　こうかが　なくなる。","language":{"name":"ja-Hrkt","url":"https://pokeapi.co/api/v2/language/1/"},"version_group":{"name":"ultra-sun-ultra-moon","url":"https://pokeapi.co/api/v2/version-group/18/"}},{"flavor_text":"이상한 공간을 만든다.\n5턴 동안 모든 포켓몬의\n도구의 효과가 사라진다.","language":{"name":"ko","url":"https://pokeapi.co/api/v2/language/3/"},"version_group":{"name":"ultra-sun-ultra-moon","url":"https://pokeapi.co/api/v2/version-group/18/"}},{"flavor_text":"創造出非常不可思議的空間。\n在５回合內，所有寶可夢\n攜帶的道具都會失去效果。","language":{"name":"zh-Hant","url":"https://pokeapi.co/api/v2/language/4/"},"version_group":{"name":"ultra-sun-ultra-moon","url":"https://pokeapi.co/api/v2/version-group/18/"}},{"flavor_text":"Le lanceur crée une zone étrange.\nPendant cinq tours, les objets tenus par tous\nles Pokémon n’ont plus aucun effet.","language":{"name":"fr","url":"https://pokeapi.co/api/v2/language/5/"},"version_group":{"name":"ultra-sun-ultra-moon","url":"https://pokeapi.co/api/v2/version-group/18/"}},{"flavor_text":"Anwender erzeugt einen bizarren Raum, in dem\nüber fünf Runden die Wirkung aller von Pokémon\ngetragenen Items aufgehoben ist.","language":{"name":"de","url":"https://pokeapi.co/api/v2/language/6/"},"version_group":{"name":"ultra-sun-ultra-moon","url":"https://pokeapi.co/api/v2/version-group/18/"}},{"flavor_text":"Crea un espacio misterioso que inutiliza todos los \nobjetos de los Pokémon durante cinco turnos.","language":{"name":"es","url":"https://pokeapi.co/api/v2/language/7/"},"version_group":{"name":"ultra-sun-ultra-moon","url":"https://pokeapi.co/api/v2/version-group/18/"}},{"flavor_text":"Chi la usa crea una dimensione in cui l’effetto\ndegli strumenti di tutti i Pokémon è annullato\nper cinque turni.","language":{"name":"it","url":"https://pokeapi.co/api/v2/language/8/"},"version_group":{"name":"ultra-sun-ultra-moon","url":"https://pokeapi.co/api/v2/version-group/18/"}},{"flavor_text":"The user creates a bizarre area in which Pokémon’s\nheld items lose their effects for five turns.","language":{"name":"en","url":"https://pokeapi.co/api/v2/language/9/"},"version_group":{"name":"ultra-sun-ultra-moon","url":"https://pokeapi.co/api/v2/version-group/18/"}},{"flavor_text":"まか不思議な　空間を　つくる。\n５ターンの間　すべてのポケモンの\n道具の　効果が　なくなる。","language":{"name":"ja","url":"https://pokeapi.co/api/v2/language/11/"},"version_group":{"name":"ultra-sun-ultra-moon","url":"https://pokeapi.co/api/v2/version-group/18/"}},{"flavor_text":"まかふしぎな　くうかんを　つくる。\n５ターンのあいだ　すべてのポケモンの\nどうぐの　こうかが　なくなる。","language":{"name":"ja-Hrkt","url":"https://pokeapi.co/api/v2/language/1/"},"version_group":{"name":"lets-go-pikachu-lets-go-eevee","url":"https://pokeapi.co/api/v2/version-group/19/"}},{"flavor_text":"이상한 공간을 만든다.\n5턴 동안 모든 포켓몬의\n도구의 효과가 사라진다.","language":{"name":"ko","url":"https://pokeapi.co/api/v2/language/3/"},"version_group":{"name":"lets-go-pikachu-lets-go-eevee","url":"https://pokeapi.co/api/v2/version-group/19/"}},{"flavor_text":"創造出非常不可思議的空間。\n在５回合內，所有寶可夢\n攜帶的道具都會失去效果。","language":{"name":"zh-Hant","url":"https://pokeapi.co/api/v2/language/4/"},"version_group":{"name":"lets-go-pikachu-lets-go-eevee","url":"https://pokeapi.co/api/v2/version-group/19/"}},{"flavor_text":"Le lanceur crée une zone étrange.\nPendant cinq tours, les objets tenus par tous\nles Pokémon n’ont plus aucun effet.","language":{"name":"fr","url":"https://pokeapi.co/api/v2/language/5/"},"version_group":{"name":"lets-go-pikachu-lets-go-eevee","url":"https://pokeapi.co/api/v2/version-group/19/"}},{"flavor_text":"Anwender erzeugt einen bizarren Raum, in dem\nüber fünf Runden die Wirkung aller von Pokémon\ngetragenen Items aufgehoben ist.","language":{"name":"de","url":"https://pokeapi.co/api/v2/language/6/"},"version_group":{"name":"lets-go-pikachu-lets-go-eevee","url":"https://pokeapi.co/api/v2/version-group/19/"}},{"flavor_text":"Crea un espacio misterioso que inutiliza todos los \nobjetos de los Pokémon durante cinco turnos.","language":{"name":"es","url":"https://pokeapi.co/api/v2/language/7/"},"version_group":{"name":"lets-go-pikachu-lets-go-eevee","url":"https://pokeapi.co/api/v2/version-group/19/"}},{"flavor_text":"Chi la usa crea una dimensione in cui l’effetto\ndegli strumenti di tutti i Pokémon è annullato\nper cinque turni.","language":{"name":"it","url":"https://pokeapi.co/api/v2/language/8/"},"version_group":{"name":"lets-go-pikachu-lets-go-eevee","url":"https://pokeapi.co/api/v2/version-group/19/"}},{"flavor_text":"The user creates a bizarre area in which Pokémon’s\nheld items lose their effects for five turns.","language":{"name":"en","url":"https://pokeapi.co/api/v2/language/9/"},"version_group":{"name":"lets-go-pikachu-lets-go-eevee","url":"https://pokeapi.co/api/v2/version-group/19/"}},{"flavor_text":"まか不思議な　空間を　つくる。\n５ターンの間　すべてのポケモンの\n道具の　効果が　なくなる。","language":{"name":"ja","url":"https://pokeapi.co/api/v2/language/11/"},"version_group":{"name":"lets-go-pikachu-lets-go-eevee","url":"https://pokeapi.co/api/v2/version-group/19/"}},{"flavor_text":"制造出离奇的空间。\n在５回合内所有宝可梦\n携带道具的效果都会消失。","language":{"name":"zh-Hans","url":"https://pokeapi.co/api/v2/language/12/"},"version_group":{"name":"lets-go-pikachu-lets-go-eevee","url":"https://pokeapi.co/api/v2/version-group/19/"}},{"flavor_text":"まかふしぎな　くうかんを　つくる。\n５ターンのあいだ　すべてのポケモンの\nどうぐの　こうかが　なくなる。","language":{"name":"ja-Hrkt","url":"https://pokeapi.co/api/v2/language/1/"},"version_group":{"name":"sword-shield","url":"https://pokeapi.co/api/v2/version-group/20/"}},{"flavor_text":"이상한 공간을 만든다.\n5턴 동안 모든 포켓몬의\n도구의 효과가 사라진다.","language":{"name":"ko","url":"https://pokeapi.co/api/v2/language/3/"},"version_group":{"name":"sword-shield","url":"https://pokeapi.co/api/v2/version-group/20/"}},{"flavor_text":"創造出非常不可思議的空間。\n在５回合內，所有寶可夢\n攜帶的道具都會失去效果。","language":{"name":"zh-Hant","url":"https://pokeapi.co/api/v2/language/4/"},"version_group":{"name":"sword-shield","url":"https://pokeapi.co/api/v2/version-group/20/"}},{"flavor_text":"Le lanceur crée une zone mystérieuse où les objets\ntenus par tous les Pokémon n’ont plus aucun effet\npendant cinq tours.","language":{"name":"fr","url":"https://pokeapi.co/api/v2/language/5/"},"version_group":{"name":"sword-shield","url":"https://pokeapi.co/api/v2/version-group/20/"}},{"flavor_text":"Anwender erzeugt einen bizarren Raum, in dem über\nfünf Runden die Wirkung aller von Pokémon getragenen\nItems aufgehoben ist.","language":{"name":"de","url":"https://pokeapi.co/api/v2/language/6/"},"version_group":{"name":"sword-shield","url":"https://pokeapi.co/api/v2/version-group/20/"}},{"flavor_text":"Crea un espacio misterioso que inutiliza todos los \nobjetos de los Pokémon durante cinco turnos.","language":{"name":"es","url":"https://pokeapi.co/api/v2/language/7/"},"version_group":{"name":"sword-shield","url":"https://pokeapi.co/api/v2/version-group/20/"}},{"flavor_text":"Chi la usa crea una dimensione in cui l’effetto\ndegli strumenti di tutti i Pokémon è annullato\nper cinque turni.","language":{"name":"it","url":"https://pokeapi.co/api/v2/language/8/"},"version_group":{"name":"sword-shield","url":"https://pokeapi.co/api/v2/version-group/20/"}},{"flavor_text":"The user creates a bizarre area in which Pokémon’s\nheld items lose their effects for five turns.","language":{"name":"en","url":"https://pokeapi.co/api/v2/language/9/"},"version_group":{"name":"sword-shield","url":"https://pokeapi.co/api/v2/version-group/20/"}},{"flavor_text":"まか不思議な　空間を　つくる。\n５ターンの間　すべてのポケモンの\n道具の　効果が　なくなる。","language":{"name":"ja","url":"https://pokeapi.co/api/v2/language/11/"},"version_group":{"name":"sword-shield","url":"https://pokeapi.co/api/v2/version-group/20/"}},{"flavor_text":"制造出离奇的空间。\n在５回合内所有宝可梦\n携带道具的效果都会消失。","language":{"name":"zh-Hans","url":"https://pokeapi.co/api/v2/language/12/"},"version_group":{"name":"sword-shield","url":"https://pokeapi.co/api/v2/version-group/20/"}}],"generation":{"name":"generation-v","url":"https://pokeapi.co/api/v2/generation/5/"},"id":478,"learned_by_pokemon":[{"name":"wigglytuff","url":"https://pokeapi.co/api/v2/pokemon/40/"},{"name":"abra","url":"https://pokeapi.co/api/v2/pokemon/63/"},{"name":"kadabra","url":"https://pokeapi.co/api/v2/pokemon/64/"},{"name":"alakazam","url":"https://pokeapi.co/api/v2/pokemon/65/"},{"name":"drowzee","url":"https://pokeapi.co/api/v2/pokemon/96/"},{"name":"hypno","url":"https://pokeapi.co/api/v2/pokemon/97/"},{"name":"mr-mime","url":"https://pokeapi.co/api/v2/pokemon/122/"},{"name":"jynx","url":"https://pokeapi.co/api/v2/pokemon/124/"},{"name":"mewtwo","url":"https://pokeapi.co/api/v2/pokemon/150/"},{"name":"mew","url":"https://pokeapi.co/api/v2/pokemon/151/"},{"name":"natu","url":"https://pokeapi.co/api/v2/pokemon/177/"},{"name":"xatu","url":"https://pokeapi.co/api/v2/pokemon/178/"},{"name":"espeon","url":"https://pokeapi.co/api/v2/pokemon/196/"},{"name":"misdreavus","url":"https://pokeapi.co/api/v2/pokemon/200/"},{"name":"stantler","url":"https://pokeapi.co/api/v2/pokemon/234/"},{"name":"smoochum","url":"https://pokeapi.co/api/v2/pokemon/238/"},{"name":"celebi","url":"https://pokeapi.co/api/v2/pokemon/251/"},{"name":"ralts","url":"https://pokeapi.co/api/v2/pokemon/280/"},{"name":"kirlia","url":"https://pokeapi.co/api/v2/pokemon/281/"},{"name":"gardevoir","url":"https://pokeapi.co/api/v2/pokemon/282/"},{"name":"lunatone","url":"https://pokeapi.co/api/v2/pokemon/337/"},{"name":"shuppet","url":"https://pokeapi.co/api/v2/pokemon/353/"},{"name":"banette","url":"https://pokeapi.co/api/v2/pokemon/354/"},{"name":"latias","url":"https://pokeapi.co/api/v2/pokemon/380/"},{"name":"jirachi","url":"https://pokeapi.co/api/v2/pokemon/385/"},{"name":"mismagius","url":"https://pokeapi.co/api/v2/pokemon/429/"},{"name":"mime-jr","url":"https://pokeapi.co/api/v2/pokemon/439/"},{"name":"gallade","url":"https://pokeapi.co/api/v2/pokemon/475/"},{"name":"uxie","url":"https://pokeapi.co/api/v2/pokemon/480/"},{"name":"mesprit","url":"https://pokeapi.co/api/v2/pokemon/481/"},{"name":"azelf","url":"https://pokeapi.co/api/v2/pokemon/482/"},{"name":"cresselia","url":"https://pokeapi.co/api/v2/pokemon/488/"},{"name":"sigilyph","url":"https://pokeapi.co/api/v2/pokemon/561/"},{"name":"gothita","url":"https://pokeapi.co/api/v2/pokemon/574/"},{"name":"gothorita","url":"https://pokeapi.co/api/v2/pokemon/575/"},{"name":"gothitelle","url":"https://pokeapi.co/api/v2/pokemon/576/"},{"name":"meloetta-aria","url":"https://pokeapi.co/api/v2/pokemon/648/"},{"name":"fennekin","url":"https://pokeapi.co/api/v2/pokemon/653/"},{"name":"braixen","url":"https://pokeapi.co/api/v2/pokemon/654/"},{"name":"delphox","url":"https://pokeapi.co/api/v2/pokemon/655/"},{"name":"espurr","url":"https://pokeapi.co/api/v2/pokemon/677/"},{"name":"meowstic-male","url":"https://pokeapi.co/api/v2/pokemon/678/"},{"name":"klefki","url":"https://pokeapi.co/api/v2/pokemon/707/"},{"name":"hoopa","url":"https://pokeapi.co/api/v2/pokemon/720/"},{"name":"cutiefly","url":"https://pokeapi.co/api/v2/pokemon/742/"},{"name":"ribombee","url":"https://pokeapi.co/api/v2/pokemon/743/"},{"name":"dewpider","url":"https://pokeapi.co/api/v2/pokemon/751/"},{"name":"araquanid","url":"https://pokeapi.co/api/v2/pokemon/752/"},{"name":"morelull","url":"https://pokeapi.co/api/v2/pokemon/755/"},{"name":"shiinotic","url":"https://pokeapi.co/api/v2/pokemon/756/"},{"name":"oranguru","url":"https://pokeapi.co/api/v2/pokemon/765/"},{"name":"mimikyu-disguised","url":"https://pokeapi.co/api/v2/pokemon/778/"},{"name":"bruxish","url":"https://pokeapi.co/api/v2/pokemon/779/"},{"name":"tapu-lele","url":"https://pokeapi.co/api/v2/pokemon/786/"},{"name":"tapu-fini","url":"https://pokeapi.co/api/v2/pokemon/788/"},{"name":"lunala","url":"https://pokeapi.co/api/v2/pokemon/792/"},{"name":"stakataka","url":"https://pokeapi.co/api/v2/pokemon/805/"},{"name":"dottler","url":"https://pokeapi.co/api/v2/pokemon/825/"},{"name":"orbeetle","url":"https://pokeapi.co/api/v2/pokemon/826/"},{"name":"hatterene","url":"https://pokeapi.co/api/v2/pokemon/858/"},{"name":"mr-rime","url":"https://pokeapi.co/api/v2/pokemon/866/"},{"name":"alcremie","url":"https://pokeapi.co/api/v2/pokemon/869/"},{"name":"indeedee-male","url":"https://pokeapi.co/api/v2/pokemon/876/"},{"name":"calyrex","url":"https://pokeapi.co/api/v2/pokemon/898/"},{"name":"meloetta-pirouette","url":"https://pokeapi.co/api/v2/pokemon/10018/"},{"name":"meowstic-female","url":"https://pokeapi.co/api/v2/pokemon/10025/"},{"name":"alakazam-mega","url":"https://pokeapi.co/api/v2/pokemon/10037/"},{"name":"mewtwo-mega-x","url":"https://pokeapi.co/api/v2/pokemon/10043/"},{"name":"mewtwo-mega-y","url":"https://pokeapi.co/api/v2/pokemon/10044/"},{"name":"gardevoir-mega","url":"https://pokeapi.co/api/v2/pokemon/10051/"},{"name":"banette-mega","url":"https://pokeapi.co/api/v2/pokemon/10056/"},{"name":"latias-mega","url":"https://pokeapi.co/api/v2/pokemon/10062/"},{"name":"gallade-mega","url":"https://pokeapi.co/api/v2/pokemon/10068/"},{"name":"hoopa-unbound","url":"https://pokeapi.co/api/v2/pokemon/10086/"},{"name":"raichu-alola","url":"https://pokeapi.co/api/v2/pokemon/10100/"},{"name":"mimikyu-busted","url":"https://pokeapi.co/api/v2/pokemon/10143/"},{"name":"mimikyu-totem-disguised","url":"https://pokeapi.co/api/v2/pokemon/10144/"},{"name":"mimikyu-totem-busted","url":"https://pokeapi.co/api/v2/pokemon/10145/"},{"name":"ribombee-totem","url":"https://pokeapi.co/api/v2/pokemon/10150/"},{"name":"araquanid-totem","url":"https://pokeapi.co/api/v2/pokemon/10153/"},{"name":"rapidash-galar","url":"https://pokeapi.co/api/v2/pokemon/10163/"},{"name":"mr-mime-galar","url":"https://pokeapi.co/api/v2/pokemon/10168/"},{"name":"calyrex-ice","url":"https://pokeapi.co/api/v2/pokemon/10193/"},{"name":"calyrex-shadow","url":"https://pokeapi.co/api/v2/pokemon/10194/"}],"machines":[{"machine":{"url":"https://pokeapi.co/api/v2/machine/1231/"},"version_group":{"name":"sword-shield","url":"https://pokeapi.co/api/v2/version-group/20/"}}],"meta":{"ailment":{"name":"none","url":"https://pokeapi.co/api/v2/move-ailment/0/"},"ailment_chance":0,"category":{"name":"whole-field-effect","url":"https://pokeapi.co/api/v2/move-category/10/"},"crit_rate":0,"drain":0,"flinch_chance":0,"healing":0,"max_hits":null,"max_turns":null,"min_hits":null,"min_turns":null,"stat_chance":0},"name":"magic-room","names":[{"language":{"name":"ja-Hrkt","url":"https://pokeapi.co/api/v2/language/1/"},"name":"マジックルーム"},{"language":{"name":"ko","url":"https://pokeapi.co/api/v2/language/3/"},"name":"매직룸"},{"language":{"name":"zh-Hant","url":"https://pokeapi.co/api/v2/language/4/"},"name":"魔法空間"},{"language":{"name":"fr","url":"https://pokeapi.co/api/v2/language/5/"},"name":"Zone Magique"},{"language":{"name":"de","url":"https://pokeapi.co/api/v2/language/6/"},"name":"Magieraum"},{"language":{"name":"es","url":"https://pokeapi.co/api/v2/language/7/"},"name":"Zona Mágica"},{"language":{"name":"it","url":"https://pokeapi.co/api/v2/language/8/"},"name":"Magicozona"},{"language":{"name":"en","url":"https://pokeapi.co/api/v2/language/9/"},"name":"Magic Room"},{"language":{"name":"ja","url":"https://pokeapi.co/api/v2/language/11/"},"name":"マジックルーム"},{"language":{"name":"zh-Hans","url":"https://pokeapi.co/api/v2/language/12/"},"name":"魔法空间"}],"past_values":[{"accuracy":null,"effect_chance":null,"effect_entries":[],"power":null,"pp":null,"type":null,"version_group":{"name":"x-y","url":"https://pokeapi.co/api/v2/version-group/15/"}}],"power":null,"pp":10,"priority":0,"stat_changes":[],"super_contest_effect":null,"target":{"name":"entire-field","url":"https://pokeapi.co/api/v2/move-target/12/"},"type":{"name":"psychic","url":"https://pokeapi.co/api/v2/type/14/"}}