{"accuracy":100,"contest_combos":null,"contest_effect":null,"contest_type":null,"damage_class":{"name":"special","url":"https://pokeapi.co/api/v2/move-damage-class/3/"},"effect_chance":10,"effect_changes":[],"effect_entries":[{"effect":"Inflicts regular damage.  Has a $effect_chance% chance to poison the target.","language":{"name":"en","url":"https://pokeapi.co/api/v2/language/9/"},"short_effect":"Has a $effect_chance% chance to poison the target."}],"flavor_text_entries":[{"flavor_text":"Une vague de détritus attaque tous\nles Pokémon autour du lanceur.\nPeut aussi empoisonner.","language":{"name":"fr","url":"https://pokeapi.co/api/v2/language/5/"},"version_group":{"name":"black-white","url":"https://pokeapi.co/api/v2/version-group/11/"}},{"flavor_text":"It swamps the area around the user with a\ngiant sludge wave.\nIt may also poison those hit.","language":{"name":"en","url":"https://pokeapi.co/api/v2/language/9/"},"version_group":{"name":"black-white","url":"https://pokeapi.co/api/v2/version-group/11/"}},{"flavor_text":"It swamps the area around the user with a\ngiant sludge wave.\nIt may also poison those hit.","language":{"name":"en","url":"https://pokeapi.co/api/v2/language/9/"},"version_group":{"name":"black-2-white-2","url":"https://pokeapi.co/api/v2/version-group/14/"}},{"flavor_text":"ヘドロの　なみで　じぶんの\nまわりに　いるものを　こうげきする。\nどく　じょうたいに　することが　ある。","language":{"name":"ja-Hrkt","url":"https://pokeapi.co/api/v2/language/1/"},"version_group":{"name":"x-y","url":"https://pokeapi.co/api/v2/version-group/15/"}},{"flavor_text":"오물 파도로 자신의\n주위에 있는 포켓몬을 공격한다.\n독 상태로 만들 때가 있다.","language":{"name":"ko","url":"https://pokeapi.co/api/v2/language/3/"},"version_group":{"name":"x-y","url":"https://pokeapi.co/api/v2/version-group/15/"}},{"flavor_text":"Une vague de détritus attaque tous les Pokémon\nautour du lanceur. Peut aussi empoisonner.","language":{"name":"fr","url":"https://pokeapi.co/api/v2/language/5/"},"version_group":{"name":"x-y","url":"https://pokeapi.co/api/v2/version-group/15/"}},{"flavor_text":"Greift Pokémon in der Nähe des Anwenders mit\neiner Schlammwelle an. Diese werden eventuell\nvergiftet.","language":{"name":"de","url":"https://pokeapi.co/api/v2/language/6/"},"version_group":{"name":"x-y","url":"https://pokeapi.co/api/v2/version-group/15/"}},{"flavor_text":"Una onda tóxica que daña a los Pokémon de\nalrededor. Puede envenenar.","language":{"name":"es","url":"https://pokeapi.co/api/v2/language/7/"},"version_group":{"name":"x-y","url":"https://pokeapi.co/api/v2/version-group/15/"}},{"flavor_text":"Lancia un’onda di fango che attacca tutti\ni Pokémon nelle vicinanze. Può anche avvelenarli.","language":{"name":"it","url":"https://pokeapi.co/api/v2/language/8/"},"version_group":{"name":"x-y","url":"https://pokeapi.co/api/v2/version-group/15/"}},{"flavor_text":"The user strikes everything around it\nby swamping the area with a giant sludge wave.\nThis may also poison those hit.","language":{"name":"en","url":"https://pokeapi.co/api/v2/language/9/"},"version_group":{"name":"x-y","url":"https://pokeapi.co/api/v2/version-group/15/"}},{"flavor_text":"ヘドロの　波で　自分の\n周りに　いるものを　攻撃する。\n毒状態に　することが　ある。","language":{"name":"ja","url":"https://pokeapi.co/api/v2/language/11/"},"version_group":{"name":"x-y","url":"https://pokeapi.co/api/v2/version-group/15/"}},{"flavor_text":"ヘドロの　な で　じぶんの\nまわりに　いるものを　こうげきする。\nどく　じょうたいに　することが　ある。","language":{"name":"ja-Hrkt","url":"https://pokeapi.co/api/v2/language/1/"},"version_group":{"name":"omega-ruby-alpha-sapphire","url":"https://pokeapi.co/api/v2/version-group/16/"}},{"flavor_text":"오물 파도로 자신의\n주위에 있는 포켓몬을 공격한다.\n독 상태로 만들 때가 있다.","language":{"name":"ko","url":"https://pokeapi.co/api/v2/language/3/"},"version_group":{"name":"omega-ruby-alpha-sapphire","url":"https://pokeapi.co/api/v2/version-group/16/"}},{"flavor_text":"Une vague de détritus attaque tous les Pokémon\nautour du lanceur. Peut aussi empoisonner.","language":{"name":"fr","url":"https://pokeapi.co/api/v2/language/5/"},"version_group":{"name":"omega-ruby-alpha-sapphire","url":"https://pokeapi.co/api/v2/version-group/16/"}},{"flavor_text":"Greift Pokémon in der Nähe des Anwenders mit\neiner Schlammwelle an. Diese werden eventuell\nvergiftet.","language":{"name":"de","url":"https://pokeapi.co/api/v2/language/6/"},"version_group":{"name":"omega-ruby-alpha-sapphire","url":"https://pokeapi.co/api/v2/version-group/16/"}},{"flavor_text":"Una onda tóxica que daña a los Pokémon de\nalrededor. Puede envenenar.","language":{"name":"es","url":"https://pokeapi.co/api/v2/language/7/"},"version_group":{"name":"omega-ruby-alpha-sapphire","url":"https://pokeapi.co/api/v2/version-group/16/"}},{"flavor_text":"Lancia un’onda di fango che attacca tutti\ni Pokémon nelle vicinanze. Può anche avvelenarli.","language":{"name":"it","url":"https://pokeapi.co/api/v2/language/8/"},"version_group":{"name":"omega-ruby-alpha-sapphire","url":"https://pokeapi.co/api/v2/version-group/16/"}},{"flavor_text":"The user strikes everything around it\nby swamping the area with a giant sludge wave.\nThis may also poison those hit.","language":{"name":"en","url":"https://pokeapi.co/api/v2/language/9/"},"version_group":{"name":"omega-ruby-alpha-sapphire","url":"https://pokeapi.co/api/v2/version-group/16/"}},{"flavor_text":"ヘドロの　波で　自分の\n周りに　いるものを　攻撃する。\n毒状態に　することが　ある。","language":{"name":"ja","url":"https://pokeapi.co/api/v2/language/11/"},"version_group":{"name":"omega-ruby-alpha-sapphire","url":"https://pokeapi.co/api/v2/version-group/16/"}},{"flavor_text":"ヘドロの　なみで　じぶんの\nまわりに　いるものを　こうげきする。\nどく　じょうたいに　することが　ある。","language":{"name":"ja-Hrkt","url":"https://pokeapi.co/api/v2/language/1/"},"version_group":{"name":"sun-moon","url":"https://pokeapi.co/api/v2/version-group/17/"}},{"flavor_text":"오물 파도로 자신의\n주위에 있는 포켓몬을 공격한다.\n독 상태로 만들 때가 있다.","language":{"name":"ko","url":"https://pokeapi.co/api/v2/language/3/"},"version_group":{"name":"sun-moon","url":"https://pokeapi.co/api/v2/version-group/17/"}},{"flavor_text":"用污泥波攻擊\n自己周圍所有的寶可夢。\n有時會讓對手陷入中毒狀態。","language":{"name":"zh-Hant","url":"https://pokeapi.co/api/v2/language/4/"},"version_group":{"name":"sun-moon","url":"https://pokeapi.co/api/v2/version-group/17/"}},{"flavor_text":"Une vague de détritus attaque tous les Pokémon\nautour du lanceur. Peut aussi empoisonner.","language":{"name":"fr","url":"https://pokeapi.co/api/v2/language/5/"},"version_group":{"name":"sun-moon","url":"https://pokeapi.co/api/v2/version-group/17/"}},{"flavor_text":"Greift Pokémon in der Nähe des Anwenders mit einer\nSchlammwelle an. Diese werden eventuell vergiftet.","language":{"name":"de","url":"https://pokeapi.co/api/v2/language/6/"},"version_group":{"name":"sun-moon","url":"https://pokeapi.co/api/v2/version-group/17/"}},{"flavor_text":"Una onda tóxica que daña a los Pokémon de\nalrededor. Puede envenenar.","language":{"name":"es","url":"https://pokeapi.co/api/v2/language/7/"},"version_group":{"name":"sun-moon","url":"https://pokeapi.co/api/v2/version-group/17/"}},{"flavor_text":"Lancia un’onda di fango che attacca tutti\ni Pokémon nelle vicinanze. Può anche avvelenarli.","language":{"name":"it","url":"https://pokeapi.co/api/v2/language/8/"},"version_group":{"name":"sun-moon","url":"https://pokeapi.co/api/v2/version-group/17/"}},{"flavor_text":"The user strikes everything around it by swamping\nthe area with a giant sludge wave. This may also\npoison those hit.","language":{"name":"en","url":"https://pokeapi.co/api/v2/language/9/"},"version_group":{"name":"sun-moon","url":"https://pokeapi.co/api/v2/version-group/17/"}},{"flavor_text":"ヘドロの　波で　自分の\n周りに　いるものを　攻撃する。\n毒状態に　することが　ある。","language":{"name":"ja","url":"https://pokeapi.co/api/v2/language/11/"},"version_group":{"name":"sun-moon","url":"https://pokeapi.co/api/v2/version-group/17/"}},{"flavor_text":"用污泥波攻击\n自己周围所有的宝可梦。\n有时会陷入中毒状态。","language":{"name":"zh-Hans","url":"https://pokeapi.co/api/v2/language/12/"},"version_group":{"name":"sun-moon","url":"https://pokeapi.co/api/v2/version-group/17/"}},{"flavor_text":"ヘドロの　なみで　じぶんの\nまわりに　いるものを　こうげきする。\nどく　じょうたいに　することが　ある。","language":{"name":"ja-Hrkt","url":"https://pokeapi.co/api/v2/language/1/"},"version_group":{"name":"ultra-sun-ultra-moon","url":"https://pokeapi.co/api/v2/version-group/18/"}},{"flavor_text":"오물 파도로 자신의\n주위에 있는 포켓몬을 공격한다.\n독 상태로 만들 때가 있다.","language":{"name":"ko","url":"https://pokeapi.co/api/v2/language/3/"},"version_group":{"name":"ultra-sun-ultra-moon","url":"https://pokeapi.co/api/v2/version-group/18/"}},{"flavor_text":"用污泥波攻擊\n自己周圍所有的寶可夢。\n有時會讓對手陷入中毒狀態。","language":{"name":"zh-Hant","url":"https://pokeapi.co/api/v2/language/4/"},"version_group":{"name":"ultra-sun-ultra-moon","url":"https://pokeapi.co/api/v2/version-group/18/"}},{"flavor_text":"Une vague de détritus attaque tous les Pokémon\nautour du lanceur. Peut aussi empoisonner.","language":{"name":"fr","url":"https://pokeapi.co/api/v2/language/5/"},"version_group":{"name":"ultra-sun-ultra-moon","url":"https://pokeapi.co/api/v2/version-group/18/"}},{"flavor_text":"Greift Pokémon in der Nähe des Anwenders mit einer\nSchlammwelle an. Diese werden eventuell vergiftet.","language":{"name":"de","url":"https://pokeapi.co/api/v2/language/6/"},"version_group":{"name":"ultra-sun-ultra-moon","url":"https://pokeapi.co/api/v2/version-group/18/"}},{"flavor_text":"Una onda tóxica que daña a los Pokémon de\nalrededor. Puede envenenar.","language":{"name":"es","url":"https://pokeapi.co/api/v2/language/7/"},"version_group":{"name":"ultra-sun-ultra-moon","url":"https://pokeapi.co/api/v2/version-group/18/"}},{"flavor_text":"Lancia un’onda di fango che attacca tutti\ni Pokémon nelle vicinanze. Può anche avvelenarli.","language":{"name":"it","url":"https://pokeapi.co/api/v2/language/8/"},"version_group":{"name":"ultra-sun-ultra-moon","url":"https://pokeapi.co/api/v2/version-group/18/"}},{"flavor_text":"The user strikes everything around it by swamping\nthe area with a giant sludge wave. This may also\npoison those hit.","language":{"name":"en","url":"https://pokeapi.co/api/v2/language/9/"},"version_group":{"name":"ultra-sun-ultra-moon","url":"https://pokeapi.co/api/v2/version-group/18/"}},{"flavor_text":"ヘドロの　波で　自分の\n周りに　いるものを　攻撃する。\n毒状態に　することが　ある。","language":{"name":"ja","url":"https://pokeapi.co/api/v2/language/11/"},"version_group":{"name":"ultra-sun-ultra-moon","url":"https://pokeapi.co/api/v2/version-group/18/"}},{"flavor_text":"用污泥波攻击\n自己周围所有的宝可梦。\n有时会陷入中毒状态。","language":{"name":"zh-Hans","url":"https://pokeapi.co/api/v2/language/12/"},"version_group":{"name":"ultra-sun-ultra-moon","url":"https://pokeapi.co/api/v2/version-group/18/"}},{"flavor_text":"ヘドロの　なみで　じぶんの\nまわりに　いるものを　こうげきする。\nどく　じょうたいに　することが　ある。","language":{"name":"ja-Hrkt","url":"https://pokeapi.co/api/v2/language/1/"},"version_group":{"name":"lets-go-pikachu-lets-go-eevee","url":"https://pokeapi.co/api/v2/version-group/19/"}},{"flavor_text":"오물 파도로 자신의\n주위에 있는 포켓몬을 공격한다.\n독 상태로 만들 때가 있다.","language":{"name":"ko","url":"https://pokeapi.co/api/v2/language/3/"},"version_group":{"name":"lets-go-pikachu-lets-go-eevee","url":"https://pokeapi.co/api/v2/version-group/19/"}},{"flavor_text":"用污泥波攻擊\n自己周圍所有的寶可夢。\n有時會讓對手陷入中毒狀態。","language":{"name":"zh-Hant","url":"https://pokeapi.co/api/v2/language/4/"},"version_group":{"name":"lets-go-pikachu-lets-go-eevee","url":"https://pokeapi.co/api/v2/version-group/19/"}},{"flavor_text":"Une vague de détritus attaque tous les Pokémon\nautour du lanceur. Peut aussi empoisonner.","language":{"name":"fr","url":"https://pokeapi.co/api/v2/language/5/"},"version_group":{"name":"lets-go-pikachu-lets-go-eevee","url":"https://pokeapi.co/api/v2/version-group/19/"}},{"flavor_text":"Greift Pokémon in der Nähe des Anwenders mit einer\nSchlammwelle an. Diese werden eventuell vergiftet.","language":{"name":"de","url":"https://pokeapi.co/api/v2/language/6/"},"version_group":{"name":"lets-go-pikachu-lets-go-eevee","url":"https://pokeapi.co/api/v2/version-group/19/"}},{"flavor_text":"Una onda tóxica que daña a los Pokémon de\nalrededor. Puede envenenar.","language":{"name":"es","url":"https://pokeapi.co/api/v2/language/7/"},"version_group":{"name":"lets-go-pikachu-lets-go-eevee","url":"https://pokeapi.co/api/v2/version-group/19/"}},{"flavor_text":"Lancia un’onda di fango che attacca tutti\ni Pokémon nelle vicinanze. Può anche avvelenarli.","language":{"name":"it","url":"https://pokeapi.co/api/v2/language/8/"},"version_group":{"name":"lets-go-pikachu-lets-go-eevee","url":"https://pokeapi.co/api/v2/version-group/19/"}},{"flavor_text":"The user strikes everything around it by swamping\nthe area with a giant sludge wave. This may also\npoison those hit.","language":{"name":"en","url":"https://pokeapi.co/api/v2/language/9/"},"version_group":{"name":"lets-go-pikachu-lets-go-eevee","url":"https://pokeapi.co/api/v2/version-group/19/"}},{"flavor_text":"ヘドロの　波で　自分の\n周りに　いるものを　攻撃する。\n毒状態に　することが　ある。","language":{"name":"ja","url":"https://pokeapi.co/api/v2/language/11/"},"version_group":{"name":"lets-go-pikachu-lets-go-eevee","url":"https://pokeapi.co/api/v2/version-group/19/"}},{"flavor_text":"用污泥波攻击\n自己周围所有的宝可梦。\n有时会陷入中毒状态。","language":{"name":"zh-Hans","url":"https://pokeapi.co/api/v2/language/12/"},"version_group":{"name":"lets-go-pikachu-lets-go-eevee","url":"https://pokeapi.co/api/v2/version-group/19/"}},{"flavor_text":"ヘドロの　なみで　じぶんの\nまわりに　いるものを　こうげきする。\nどく　じょうたいに　することが　ある。","language":{"name":"ja-Hrkt","url":"https://pokeapi.co/api/v2/language/1/"},"version_group":{"name":"sword-shield","url":"https://pokeapi.co/api/v2/version-group/20/"}},{"flavor_text":"오물 파도로 자신의\n주위에 있는 포켓몬을 공격한다.\n독 상태로 만들 때가 있다.","language":{"name":"ko","url":"https://pokeapi.co/api/v2/language/3/"},"version_group":{"name":"sword-shield","url":"https://pokeapi.co/api/v2/version-group/20/"}},{"flavor_text":"用污泥波攻擊\n自己周圍所有的寶可夢。\n有時會讓對手陷入中毒狀態。","language":{"name":"zh-Hant","url":"https://pokeapi.co/api/v2/language/4/"},"version_group":{"name":"sword-shield","url":"https://pokeapi.co/api/v2/version-group/20/"}},{"flavor_text":"Une vague de détritus attaque tous les Pokémon\nautour du lanceur. Peut aussi empoisonner.","language":{"name":"fr","url":"https://pokeapi.co/api/v2/language/5/"},"version_group":{"name":"sword-shield","url":"https://pokeapi.co/api/v2/version-group/20/"}},{"flavor_text":"Greift alle Pokémon im Umkreis mit einer Schlammwelle\nan. Diese werden eventuell auch vergiftet.","language":{"name":"de","url":"https://pokeapi.co/api/v2/language/6/"},"version_group":{"name":"sword-shield","url":"https://pokeapi.co/api/v2/version-group/20/"}},{"flavor_text":"Una onda tóxica que daña a los Pokémon de alrededor.\nPuede envenenar.","language":{"name":"es","url":"https://pokeapi.co/api/v2/language/7/"},"version_group":{"name":"sword-shield","url":"https://pokeapi.co/api/v2/version-group/20/"}},{"flavor_text":"Lancia un’onda di fango che attacca tutti\ni Pokémon nelle vicinanze. Può anche avvelenarli.","language":{"name":"it","url":"https://pokeapi.co/api/v2/language/8/"},"version_group":{"name":"sword-shield","url":"https://pokeapi.co/api/v2/version-group/20/"}},{"flavor_text":"The user strikes everything around it by swamping\nthe area with a giant sludge wave. This may also\npoison those hit.","language":{"name":"en","url":"https://pokeapi.co/api/v2/language/9/"},"version_group":{"name":"sword-shield","url":"https://pokeapi.co/api/v2/version-group/20/"}},{"flavor_text":"ヘドロの　波で　自分の\n周りに　いるものを　攻撃する。\n毒状態に　することが　ある。","language":{"name":"ja","url":"https://pokeapi.co/api/v2/language/11/"},"version_group":{"name":"sword-shield","url":"https://pokeapi.co/api/v2/version-group/20/"}},{"flavor_text":"用污泥波攻击\n自己周围所有的宝可梦。\n有时会陷入中毒状态。","language":{"name":"zh-Hans","url":"https://pokeapi.co/api/v2/language/12/"},"version_group":{"name":"sword-shield","url":"https://pokeapi.co/api/v2/version-group/20/"}}],"generation":{"name":"generation-v","url":"https://pokeapi.co/api/v2/generation/5/"},"id":482,"learned_by_pokemon":[{"name":"ekans","url":"https://pokeapi.co/api/v2/pokemon/23/"},{"name":"arbok","url":"https://pokeapi.co/api/v2/pokemon/24/"},{"name":"nidoqueen","url":"https://pokeapi.co/api/v2/pokemon/31/"},{"name":"nidoking","url":"https://pokeapi.co/api/v2/pokemon/34/"},{"name":"vileplume","url":"https://pokeapi.co/api/v2/pokemon/45/"},{"name":"dugtrio","url":"https://pokeapi.co/api/v2/pokemon/51/"},{"name":"tentacool","url":"https://pokeapi.co/api/v2/pokemon/72/"},{"name":"tentacruel","url":"https://pokeapi.co/api/v2/pokemon/73/"},{"name":"grimer","url":"https://pokeapi.co/api/v2/pokemon/88/"},{"name":"muk","url":"https://pokeapi.co/api/v2/pokemon/89/"},{"name":"gastly","url":"https://pokeapi.co/api/v2/pokemon/92/"},{"name":"haunter","url":"https://pokeapi.co/api/v2/pokemon/93/"},{"name":"gengar","url":"https://pokeapi.co/api/v2/pokemon/94/"},{"name":"koffing","url":"https://pokeapi.co/api/v2/pokemon/109/"},{"name":"weezing","url":"https://pokeapi.co/api/v2/pokemon/110/"},{"name":"mew","url":"https://pokeapi.co/api/v2/pokemon/151/"},{"name":"wooper","url":"https://pokeapi.co/api/v2/pokemon/194/"},{"name":"quagsire","url":"https://pokeapi.co/api/v2/pokemon/195/"},{"name":"qwilfish","url":"https://pokeapi.co/api/v2/pokemon/211/"},{"name":"shuckle","url":"https://pokeapi.co/api/v2/pokemon/213/"},{"name":"octillery","url":"https://pokeapi.co/api/v2/pokemon/224/"},{"name":"mudkip","url":"https://pokeapi.co/api/v2/pokemon/258/"},{"name":"marshtomp","url":"https://pokeapi.co/api/v2/pokemon/259/"},{"name":"swampert","url":"https://pokeapi.co/api/v2/pokemon/260/"},{"name":"gulpin","url":"https://pokeapi.co/api/v2/pokemon/316/"},{"name":"swalot","url":"https://pokeapi.co/api/v2/pokemon/317/"},{"name":"seviper","url":"https://pokeapi.co/api/v2/pokemon/336/"},{"name":"crawdaunt","url":"https://pokeapi.co/api/v2/pokemon/342/"},{"name":"cradily","url":"https://pokeapi.co/api/v2/pokemon/346/"},{"name":"gastrodon","url":"https://pokeapi.co/api/v2/pokemon/423/"},{"name":"croagunk","url":"https://pokeapi.co/api/v2/pokemon/453/"},{"name":"toxicroak","url":"https://pokeapi.co/api/v2/pokemon/454/"},{"name":"tympole","url":"https://pokeapi.co/api/v2/pokemon/535/"},{"name":"palpitoad","url":"https://pokeapi.co/api/v2/pokemon/536/"},{"name":"seismitoad","url":"https://pokeapi.co/api/v2/pokemon/537/"},{"name":"trubbish","url":"https://pokeapi.co/api/v2/pokemon/568/"},{"name":"garbodor","url":"https://pokeapi.co/api/v2/pokemon/569/"},{"name":"frillish","url":"https://pokeapi.co/api/v2/pokemon/592/"},{"name":"jellicent","url":"https://pokeapi.co/api/v2/pokemon/593/"},{"name":"stunfisk","url":"https://pokeapi.co/api/v2/pokemon/618/"},{"name":"tornadus-incarnate","url":"https://pokeapi.co/api/v2/pokemon/641/"},{"name":"thundurus-incarnate","url":"https://pokeapi.co/api/v2/pokemon/642/"},{"name":"landorus-incarnate","url":"https://pokeapi.co/api/v2/pokemon/645/"},{"name":"binacle","url":"https://pokeapi.co/api/v2/pokemon/688/"},{"name":"barbaracle","url":"https://pokeapi.co/api/v2/pokemon/689/"},{"name":"skrelp","url":"https://pokeapi.co/api/v2/pokemon/690/"},{"name":"dragalge","url":"https://pokeapi.co/api/v2/pokemon/691/"},{"name":"clauncher","url":"https://pokeapi.co/api/v2/pokemon/692/"},{"name":"clawitzer","url":"https://pokeapi.co/api/v2/pokemon/693/"},{"name":"goomy","url":"https://pokeapi.co/api/v2/pokemon/704/"},{"name":"sliggoo","url":"https://pokeapi.co/api/v2/pokemon/705/"},{"name":"goodra","url":"https://pokeapi.co/api/v2/pokemon/706/"},{"name":"zygarde-50","url":"https://pokeapi.co/api/v2/pokemon/718/"},{"name":"volcanion","url":"https://pokeapi.co/api/v2/pokemon/721/"},{"name":"mareanie","url":"https://pokeapi.co/api/v2/pokemon/747/"},{"name":"toxapex","url":"https://pokeapi.co/api/v2/pokemon/748/"},{"name":"salandit","url":"https://pokeapi.co/api/v2/pokemon/757/"},{"name":"salazzle","url":"https://pokeapi.co/api/v2/pokemon/758/"},{"name":"golisopod","url":"https://pokeapi.co/api/v2/pokemon/768/"},{"name":"dhelmise","url":"https://pokeapi.co/api/v2/pokemon/781/"},{"name":"nihilego","url":"https://pokeapi.co/api/v2/pokemon/793/"},{"name":"guzzlord","url":"https://pokeapi.co/api/v2/pokemon/799/"},{"name":"poipole","url":"https://pokeapi.co/api/v2/pokemon/803/"},{"name":"naganadel","url":"https://pokeapi.co/api/v2/pokemon/804/"},{"name":"toxtricity-amped","url":"https://pokeapi.co/api/v2/pokemon/849/"},{"name":"eternatus","url":"https://pokeapi.co/api/v2/pokemon/890/"},{"name":"glimmet","url":"https://pokeapi.co/api/v2/pokemon/969/"},{"name":"glimmora","url":"https://pokeapi.co/api/v2/pokemon/970/"},{"name":"clodsire","url":"https://pokeapi.co/api/v2/pokemon/980/"},{"name":"iron-moth","url":"https://pokeapi.co/api/v2/pokemon/994/"},{"name":"tornadus-therian","url":"https://pokeapi.co/api/v2/pokemon/10019/"},{"name":"thundurus-therian","url":"https://pokeapi.co/api/v2/pokemon/10020/"},{"name":"landorus-therian","url":"https://pokeapi.co/api/v2/pokemon/10021/"},{"name":"swampert-mega","url":"https://pokeapi.co/api/v2/pokemon/10064/"},{"name":"raticate-alola","url":"https://pokeapi.co/api/v2/pokemon/10092/"},{"name":"raticate-totem-alola","url":"https://pokeapi.co/api/v2/pokemon/10093/"},{"name":"dugtrio-alola","url":"https://pokeapi.co/api/v2/pokemon/10106/"},{"name":"grimer-alola","url":"https://pokeapi.co/api/v2/pokemon/10112/"},{"name":"muk-alola","url":"https://pokeapi.co/api/v2/pokemon/10113/"},{"name":"zygarde-10-power-construct","url":"https://pokeapi.co/api/v2/pokemon/10118/"},{"name":"zygarde-50-power-construct","url":"https://pokeapi.co/api/v2/pokemon/10119/"},{"name":"zygarde-complete","url":"https://pokeapi.co/api/v2/pokemon/10120/"},{"name":"salazzle-totem","url":"https://pokeapi.co/api/v2/pokemon/10129/"},{"name":"slowbro-galar","url":"https://pokeapi.co/api/v2/pokemon/10165/"},{"name":"weezing-galar","url":"https://pokeapi.co/api/v2/pokemon/10167/"},{"name":"slowking-galar","url":"https://pokeapi.co/api/v2/pokemon/10172/"},{"name":"stunfisk-galar","url":"https://pokeapi.co/api/v2/pokemon/10180/"},{"name":"zygarde-10","url":"https://pokeapi.co/api/v2/pokemon/10181/"},{"name":"toxtricity-low-key","url":"https://pokeapi.co/api/v2/pokemon/10184/"},{"name":"eternatus-eternamax","url":"https://pokeapi.co/api/v2/pokemon/10190/"},{"name":"wooper-paldea","url":"https://pokeapi.co/api/v2/pokemon/10253/"}],"machines":[{"machine":{"url":"https://pokeapi.co/api/v2/machine/672/"},"version_group":{"name":"black-white","url":"https://pokeapi.co/api/v2/version-group/11/"}},{"machine":{"url":"https://pokeapi.co/api/v2/machine/675/"},"version_group":{"name":"black-2-white-2","url":"https://pokeapi.co/api/v2/version-group/14/"}},{"machine":{"url":"https://pokeapi.co/api/v2/machine/676/"},"version_group":{"name":"x-y","url":"https://pokeapi.co/api/v2/version-group/15/"}},{"machine":{"url":"https://pokeapi.co/api/v2/machine/677/"},"version_group":{"name":"omega-ruby-alpha-sapphire","url":"https://pokeapi.co/api/v2/version-group/16/"}},{"machine":{"url":"https://pokeapi.co/api/v2/machine/678/"},"version_group":{"name":"sun-moon","url":"https://pokeapi.co/api/v2/version-group/17/"}},{"machine":{"url":"https://pokeapi.co/api/v2/machine/679/"},"version_group":{"name":"ultra-sun-ultra-moon","url":"https://pokeapi.co/api/v2/version-group/18/"}},{"machine":{"url":"https://pokeapi.co/api/v2/machine/1667/"},"version_group":{"name":"sword-shield","url":"https://pokeapi.co/api/v2/version-group/20/"}}],"meta":{"ailment":{"name":"poison","url":"https://pokeapi.co/api/v2/move-ailment/5/"},"ailment_chance":10,"category":{"name":"damage+ailment","url":"https://pokeapi.co/api/v2/move-category/4/"},"crit_rate":0,"drain":0,"flinch_chance":0,"healing":0,"max_hits":null,"max_turns":null,"min_hits":null,"min_turns":null,"stat_chance":0},"name":"sludge-wave","names":[{"language":{"name":"ja-Hrkt","url":"https://pokeapi.co/api/v2/language/1/"},"name":"ヘドロウェーブ"},{"language":{"name":"ko","url":"https://pokeapi.co/api/v2/language/3/"},"name":"오물웨이브"},{"language":{"name":"zh-Hant","url":"https://pokeapi.co/api/v2/language/4/"},"name":"污泥波"},{"language":{"name":"fr","url":"https://pokeapi.co/api/v2/language/5/"},"name":"Cradovague"},{"language":{"name":"de","url":"https://pokeapi.co/api/v2/language/6/"},"name":"Schlammwoge"},{"language":{"name":"es","url":"https://pokeapi.co/api/v2/language/7/"},"name":"Onda Tóxica"},{"language":{"name":"it","url":"https://pokeapi.co/api/v2/language/8/"},"name":"Fangonda"},{"language":{"name":"en","url":"https://pokeapi.co/api/v2/language/9/"},"name":"Sludge Wave"},{"language":{"name":"ja","url":"https://pokeapi.co/api/v2/language/11/"},"name":"ヘドロウェーブ"},{"language":{"name":"zh-Hans","url":"https://pokeapi.co/api/v2/language/12/"},"name":"污泥波"}],"past_values":[],"power":95,"pp":10,"priority":0,"stat_changes":[],"super_contest_effect":null,"target":{"name":"all-other-pokemon","url":"https://pokeapi.co/api/v2/move-target/9/"},"type":{"name":"poison","url":"https://pokeapi.co/api/v2/type/4/"}}