{"accuracy":null,"contest_combos":null,"contest_effect":null,"contest_type":null,"damage_class":{"name":"status","url":"https://pokeapi.co/api/v2/move-damage-class/1/"},"effect_chance":null,"effect_changes":[],"effect_entries":[{"effect":"Raises the user's Special Attack, Special Defense, and Speed by one stage each.","language":{"name":"en","url":"https://pokeapi.co/api/v2/language/9/"},"short_effect":"Raises the user's Special Attack, Special Defense, and Speed by one stage each."}],"flavor_text_entries":[{"flavor_text":"Une danse mystique dont le rythme parfait\naugmente l’Attaque Spéciale, la Défense\nSpéciale et la Vitesse du lanceur.","language":{"name":"fr","url":"https://pokeapi.co/api/v2/language/5/"},"version_group":{"name":"black-white","url":"https://pokeapi.co/api/v2/version-group/11/"}},{"flavor_text":"The user lightly performs a beautiful,\nmystic dance. It boosts the user’s\nSp. Atk, Sp. Def, and Speed stats.","language":{"name":"en","url":"https://pokeapi.co/api/v2/language/9/"},"version_group":{"name":"black-white","url":"https://pokeapi.co/api/v2/version-group/11/"}},{"flavor_text":"The user lightly performs a beautiful,\nmystic dance. It boosts the user’s\nSp. Atk, Sp. Def, and Speed stats.","language":{"name":"en","url":"https://pokeapi.co/api/v2/language/9/"},"version_group":{"name":"black-2-white-2","url":"https://pokeapi.co/api/v2/version-group/14/"}},{"flavor_text":"しんぴてきで　うつくしい　まいを\nかろやかに　おどる。じぶんの　とくこうと\nとくぼうと　すばやさを　あげる。","language":{"name":"ja-Hrkt","url":"https://pokeapi.co/api/v2/language/1/"},"version_group":{"name":"x-y","url":"https://pokeapi.co/api/v2/version-group/15/"}},{"flavor_text":"신비롭고 아름다운 춤을\n경쾌하게 춘다. 자신의 특수공격과\n특수방어와 스피드를 올린다.","language":{"name":"ko","url":"https://pokeapi.co/api/v2/language/3/"},"version_group":{"name":"x-y","url":"https://pokeapi.co/api/v2/version-group/15/"}},{"flavor_text":"Une danse mystique dont le rythme parfait\naugmente l’Attaque Spéciale, la Défense Spéciale\net la Vitesse du lanceur.","language":{"name":"fr","url":"https://pokeapi.co/api/v2/language/5/"},"version_group":{"name":"x-y","url":"https://pokeapi.co/api/v2/version-group/15/"}},{"flavor_text":"Danza leggiadra ed elegante che aumenta\nl’Attacco Speciale, la Difesa Speciale e la Velocità\ndi chi la usa.","language":{"name":"it","url":"https://pokeapi.co/api/v2/language/8/"},"version_group":{"name":"sword-shield","url":"https://pokeapi.co/api/v2/version-group/20/"}},{"flavor_text":"Anwender legt behände einen mystischen,\nformvollendeten Tanz aufs Parkett. Spezial-Angriff,\nSpezial-Verteidigung und Initiative steigen.","language":{"name":"de","url":"https://pokeapi.co/api/v2/language/6/"},"version_group":{"name":"x-y","url":"https://pokeapi.co/api/v2/version-group/15/"}},{"flavor_text":"Danza mística que sube el Ataque Especial, la\nDefensa Especial y la Velocidad.","language":{"name":"es","url":"https://pokeapi.co/api/v2/language/7/"},"version_group":{"name":"x-y","url":"https://pokeapi.co/api/v2/version-group/15/"}},{"flavor_text":"Danza leggiadra ed elegante che aumenta\nl’Attacco Speciale, la Difesa Speciale e la Velocità\ndi chi la usa.","language":{"name":"it","url":"https://pokeapi.co/api/v2/language/8/"},"version_group":{"name":"x-y","url":"https://pokeapi.co/api/v2/version-group/15/"}},{"flavor_text":"The user lightly performs a beautiful,\nmystic dance. This boosts the user’s\nSp. Atk, Sp. Def, and Speed stats.","language":{"name":"en","url":"https://pokeapi.co/api/v2/language/9/"},"version_group":{"name":"x-y","url":"https://pokeapi.co/api/v2/version-group/15/"}},{"flavor_text":"神秘的で　美しい　舞を\n軽やかに　おどる。自分の　特攻と\n特防と　素早さを　あげる。","language":{"name":"ja","url":"https://pokeapi.co/api/v2/language/11/"},"version_group":{"name":"x-y","url":"https://pokeapi.co/api/v2/version-group/15/"}},{"flavor_text":"しんぴてきで　うつくしい　まいを\nかろやかに　おどる。じぶんの　とくこうと\nとくぼうと　すばやさを　あげる。","language":{"name":"ja-Hrkt","url":"https://pokeapi.co/api/v2/language/1/"},"version_group":{"name":"omega-ruby-alpha-sapphire","url":"https://pokeapi.co/api/v2/version-group/16/"}},{"flavor_text":"신비롭고 아름다운 춤을\n경쾌하게 춘다. 자신의 특수공격과\n특수방어와 스피드를 올린다.","language":{"name":"ko","url":"https://pokeapi.co/api/v2/language/3/"},"version_group":{"name":"omega-ruby-alpha-sapphire","url":"https://pokeapi.co/api/v2/version-group/16/"}},{"flavor_text":"Une danse mystique dont le rythme parfait\naugmente l’Attaque Spéciale, la Défense Spéciale\net la Vitesse du lanceur.","language":{"name":"fr","url":"https://pokeapi.co/api/v2/language/5/"},"version_group":{"name":"omega-ruby-alpha-sapphire","url":"https://pokeapi.co/api/v2/version-group/16/"}},{"flavor_text":"Anwender legt behände einen mystischen,\nformvollendeten Tanz aufs Parkett. Spezial-Angriff,\nSpezial-Verteidigung und Initiative steigen.","language":{"name":"de","url":"https://pokeapi.co/api/v2/language/6/"},"version_group":{"name":"omega-ruby-alpha-sapphire","url":"https://pokeapi.co/api/v2/version-group/16/"}},{"flavor_text":"Danza mística que sube el Ataque Especial, la \nDefensa Especial y la Velocidad.","language":{"name":"es","url":"https://pokeapi.co/api/v2/language/7/"},"version_group":{"name":"omega-ruby-alpha-sapphire","url":"https://pokeapi.co/api/v2/version-group/16/"}},{"flavor_text":"Danza leggiadra ed elegante che aumenta\nl’Attacco Speciale, la Difesa Speciale e la Velocità\ndi chi la usa.","language":{"name":"it","url":"https://pokeapi.co/api/v2/language/8/"},"version_group":{"name":"omega-ruby-alpha-sapphire","url":"https://pokeapi.co/api/v2/version-group/16/"}},{"flavor_text":"The user lightly performs a beautiful,\nmystic dance. This boosts the user’s\nSp. Atk, Sp. Def, and Speed stats.","language":{"name":"en","url":"https://pokeapi.co/api/v2/language/9/"},"version_group":{"name":"omega-ruby-alpha-sapphire","url":"https://pokeapi.co/api/v2/version-group/16/"}},{"flavor_text":"神秘的で　美しい　舞を\n軽やかに　おどる。自分の　特攻と\n特防と　素早さを　あげる。","language":{"name":"ja","url":"https://pokeapi.co/api/v2/language/11/"},"version_group":{"name":"omega-ruby-alpha-sapphire","url":"https://pokeapi.co/api/v2/version-group/16/"}},{"flavor_text":"しんぴてきで　うつくしい　まいを\nかろやかに　おどる。　じぶんの　とくこうと\nとくぼうと　すばやさを　あげる。","language":{"name":"ja-Hrkt","url":"https://pokeapi.co/api/v2/language/1/"},"version_group":{"name":"sun-moon","url":"https://pokeapi.co/api/v2/version-group/17/"}},{"flavor_text":"신비롭고 아름다운 춤을\n경쾌하게 춘다. 자신의 특수공격과\n특수방어와 스피드를 올린다.","language":{"name":"ko","url":"https://pokeapi.co/api/v2/language/3/"},"version_group":{"name":"sun-moon","url":"https://pokeapi.co/api/v2/version-group/17/"}},{"flavor_text":"輕巧地跳起神秘又美麗的舞蹈。\n提高自己的特攻、特防和速度。","language":{"name":"zh-Hant","url":"https://pokeapi.co/api/v2/language/4/"},"version_group":{"name":"sun-moon","url":"https://pokeapi.co/api/v2/version-group/17/"}},{"flavor_text":"Une danse mystique dont le rythme parfait\naugmente l’Attaque Spéciale, la Défense Spéciale\net la Vitesse du lanceur.","language":{"name":"fr","url":"https://pokeapi.co/api/v2/language/5/"},"version_group":{"name":"sun-moon","url":"https://pokeapi.co/api/v2/version-group/17/"}},{"flavor_text":"Anwender legt behände einen mystischen,\nformvollendeten Tanz aufs Parkett. Spezial-Angriff,\nSpezial-Verteidigung und Initiative steigen.","language":{"name":"de","url":"https://pokeapi.co/api/v2/language/6/"},"version_group":{"name":"sun-moon","url":"https://pokeapi.co/api/v2/version-group/17/"}},{"flavor_text":"Danza mística que sube el Ataque Especial, la \nDefensa Especial y la Velocidad.","language":{"name":"es","url":"https://pokeapi.co/api/v2/language/7/"},"version_group":{"name":"sun-moon","url":"https://pokeapi.co/api/v2/version-group/17/"}},{"flavor_text":"Danza leggiadra ed elegante che aumenta\nl’Attacco Speciale, la Difesa Speciale e la Velocità\ndi chi la usa.","language":{"name":"it","url":"https://pokeapi.co/api/v2/language/8/"},"version_group":{"name":"sun-moon","url":"https://pokeapi.co/api/v2/version-group/17/"}},{"flavor_text":"The user lightly performs a beautiful, mystic dance.\nThis boosts the user’s Sp. Atk, Sp. Def, and\nSpeed stats.","language":{"name":"en","url":"https://pokeapi.co/api/v2/language/9/"},"version_group":{"name":"sun-moon","url":"https://pokeapi.co/api/v2/version-group/17/"}},{"flavor_text":"神秘的で　美しい　舞を\n軽やかに　おどる。　自分の　特攻と\n特防と　素早さを　あげる。","language":{"name":"ja","url":"https://pokeapi.co/api/v2/language/11/"},"version_group":{"name":"sun-moon","url":"https://pokeapi.co/api/v2/version-group/17/"}},{"flavor_text":"轻巧地跳起神秘而又美丽的舞蹈。\n提高自己的特攻、特防和速度。","language":{"name":"zh-Hans","url":"https://pokeapi.co/api/v2/language/12/"},"version_group":{"name":"sun-moon","url":"https://pokeapi.co/api/v2/version-group/17/"}},{"flavor_text":"しんぴてきで　うつくしい　まいを\nかろやかに　おどる。　じぶんの　とくこうと\nとくぼうと　すばやさを　あげる。","language":{"name":"ja-Hrkt","url":"https://pokeapi.co/api/v2/language/1/"},"version_group":{"name":"ultra-sun-ultra-moon","url":"https://pokeapi.co/api/v2/version-group/18/"}},{"flavor_text":"신비롭고 아름다운 춤을\n경쾌하게 춘다. 자신의 특수공격과\n특수방어와 스피드를 올린다.","language":{"name":"ko","url":"https://pokeapi.co/api/v2/language/3/"},"version_group":{"name":"ultra-sun-ultra-moon","url":"https://pokeapi.co/api/v2/version-group/18/"}},{"flavor_text":"輕巧地跳起神秘又美麗的舞蹈。\n提高自己的特攻、特防和速度。","language":{"name":"zh-Hant","url":"https://pokeapi.co/api/v2/language/4/"},"version_group":{"name":"ultra-sun-ultra-moon","url":"https://pokeapi.co/api/v2/version-group/18/"}},{"flavor_text":"Une danse mystique dont le rythme parfait\naugmente l’Attaque Spéciale, la Défense Spéciale\net la Vitesse du lanceur.","language":{"name":"fr","url":"https://pokeapi.co/api/v2/language/5/"},"version_group":{"name":"ultra-sun-ultra-moon","url":"https://pokeapi.co/api/v2/version-group/18/"}},{"flavor_text":"Anwender legt behände einen mystischen,\nformvollendeten Tanz aufs Parkett. Spezial-Angriff,\nSpezial-Verteidigung und Initiative steigen.","language":{"name":"de","url":"https://pokeapi.co/api/v2/language/6/"},"version_group":{"name":"ultra-sun-ultra-moon","url":"https://pokeapi.co/api/v2/version-group/18/"}},{"flavor_text":"Danza mística que sube el Ataque Especial, la \nDefensa Especial y la Velocidad.","language":{"name":"es","url":"https://pokeapi.co/api/v2/language/7/"},"version_group":{"name":"ultra-sun-ultra-moon","url":"https://pokeapi.co/api/v2/version-group/18/"}},{"flavor_text":"Danza leggiadra ed elegante che aumenta\nl’Attacco Speciale, la Difesa Speciale e la Velocità\ndi chi la usa.","language":{"name":"it","url":"https://pokeapi.co/api/v2/language/8/"},"version_group":{"name":"ultra-sun-ultra-moon","url":"https://pokeapi.co/api/v2/version-group/18/"}},{"flavor_text":"The user lightly performs a beautiful, mystic dance.\nThis boosts the user’s Sp. Atk, Sp. Def, and\nSpeed stats.","language":{"name":"en","url":"https://pokeapi.co/api/v2/language/9/"},"version_group":{"name":"ultra-sun-ultra-moon","url":"https://pokeapi.co/api/v2/version-group/18/"}},{"flavor_text":"神秘的で　美しい　舞を\n軽やかに　おどる。　自分の　特攻と\n特防と　素早さを　あげる。","language":{"name":"ja","url":"https://pokeapi.co/api/v2/language/11/"},"version_group":{"name":"ultra-sun-ultra-moon","url":"https://pokeapi.co/api/v2/version-group/18/"}},{"flavor_text":"轻巧地跳起神秘而又美丽的舞蹈。\n提高自己的特攻、特防和速度。","language":{"name":"zh-Hans","url":"https://pokeapi.co/api/v2/language/12/"},"version_group":{"name":"ultra-sun-ultra-moon","url":"https://pokeapi.co/api/v2/version-group/18/"}},{"flavor_text":"しんぴてきで　うつくしい　まいを\nかろやかに　おどる。　じぶんの　とくこうと\nとくぼうと　すばやさを　あげる。","language":{"name":"ja-Hrkt","url":"https://pokeapi.co/api/v2/language/1/"},"version_group":{"name":"lets-go-pikachu-lets-go-eevee","url":"https://pokeapi.co/api/v2/version-group/19/"}},{"flavor_text":"신비롭고 아름다운 춤을\n경쾌하게 춘다. 자신의 특수공격과\n특수방어와 스피드를 올린다.","language":{"name":"ko","url":"https://pokeapi.co/api/v2/language/3/"},"version_group":{"name":"lets-go-pikachu-lets-go-eevee","url":"https://pokeapi.co/api/v2/version-group/19/"}},{"flavor_text":"輕巧地跳起神秘又美麗的舞蹈。\n提高自己的特攻、特防和速度。","language":{"name":"zh-Hant","url":"https://pokeapi.co/api/v2/language/4/"},"version_group":{"name":"lets-go-pikachu-lets-go-eevee","url":"https://pokeapi.co/api/v2/version-group/19/"}},{"flavor_text":"Une danse mystique dont le rythme parfait augmente\nl’Attaque Spéciale, la Défense Spéciale et la Vitesse\ndu lanceur.","language":{"name":"fr","url":"https://pokeapi.co/api/v2/language/5/"},"version_group":{"name":"lets-go-pikachu-lets-go-eevee","url":"https://pokeapi.co/api/v2/version-group/19/"}},{"flavor_text":"Anwender legt behände einen mystischen,\nformvollendeten Tanz aufs Parkett. Spezial-Angriff,\nSpezial-Verteidigung und Initiative steigen.","language":{"name":"de","url":"https://pokeapi.co/api/v2/language/6/"},"version_group":{"name":"lets-go-pikachu-lets-go-eevee","url":"https://pokeapi.co/api/v2/version-group/19/"}},{"flavor_text":"Danza mística que sube el Ataque Especial, la \nDefensa Especial y la Velocidad.","language":{"name":"es","url":"https://pokeapi.co/api/v2/language/7/"},"version_group":{"name":"lets-go-pikachu-lets-go-eevee","url":"https://pokeapi.co/api/v2/version-group/19/"}},{"flavor_text":"Danza leggiadra ed elegante che aumenta\nl’Attacco Speciale, la Difesa Speciale e la Velocità\ndi chi la usa.","language":{"name":"it","url":"https://pokeapi.co/api/v2/language/8/"},"version_group":{"name":"lets-go-pikachu-lets-go-eevee","url":"https://pokeapi.co/api/v2/version-group/19/"}},{"flavor_text":"The user lightly performs a beautiful, mystic dance.\nThis boosts the user’s Sp. Atk, Sp. Def, and\nSpeed stats.","language":{"name":"en","url":"https://pokeapi.co/api/v2/language/9/"},"version_group":{"name":"lets-go-pikachu-lets-go-eevee","url":"https://pokeapi.co/api/v2/version-group/19/"}},{"flavor_text":"神秘的で　美しい　舞を\n軽やかに　おどる。　自分の　特攻と\n特防と　素早さを　あげる。","language":{"name":"ja","url":"https://pokeapi.co/api/v2/language/11/"},"version_group":{"name":"lets-go-pikachu-lets-go-eevee","url":"https://pokeapi.co/api/v2/version-group/19/"}},{"flavor_text":"轻巧地跳起神秘而又美丽的舞蹈。\n提高自己的特攻、特防和速度。","language":{"name":"zh-Hans","url":"https://pokeapi.co/api/v2/language/12/"},"version_group":{"name":"lets-go-pikachu-lets-go-eevee","url":"https://pokeapi.co/api/v2/version-group/19/"}},{"flavor_text":"しんぴてきで　うつくしい　まいを\nかろやかに　おどる。　じぶんの　とくこうと\nとくぼうと　すばやさを　あげる。","language":{"name":"ja-Hrkt","url":"https://pokeapi.co/api/v2/language/1/"},"version_group":{"name":"sword-shield","url":"https://pokeapi.co/api/v2/version-group/20/"}},{"flavor_text":"신비롭고 아름다운 춤을\n경쾌하게 춘다. 자신의 특수공격과\n특수방어와 스피드를 올린다.","language":{"name":"ko","url":"https://pokeapi.co/api/v2/language/3/"},"version_group":{"name":"sword-shield","url":"https://pokeapi.co/api/v2/version-group/20/"}},{"flavor_text":"輕巧地跳起神秘又美麗的舞蹈。\n提高自己的特攻、特防和速度。","language":{"name":"zh-Hant","url":"https://pokeapi.co/api/v2/language/4/"},"version_group":{"name":"sword-shield","url":"https://pokeapi.co/api/v2/version-group/20/"}},{"flavor_text":"Une danse mystique dont le rythme parfait augmente\nl’Attaque Spéciale, la Défense Spéciale et la Vitesse\ndu lanceur.","language":{"name":"fr","url":"https://pokeapi.co/api/v2/language/5/"},"version_group":{"name":"sword-shield","url":"https://pokeapi.co/api/v2/version-group/20/"}},{"flavor_text":"Anwender legt behände einen mystischen,\nformvollendeten Tanz aufs Parkett. Spezial-Angriff,\nSpezial-Verteidigung und Initiative steigen.","language":{"name":"de","url":"https://pokeapi.co/api/v2/language/6/"},"version_group":{"name":"sword-shield","url":"https://pokeapi.co/api/v2/version-group/20/"}},{"flavor_text":"Danza mística que sube el Ataque Especial, la Defensa\nEspecial y la Velocidad.","language":{"name":"es","url":"https://pokeapi.co/api/v2/language/7/"},"version_group":{"name":"sword-shield","url":"https://pokeapi.co/api/v2/version-group/20/"}},{"flavor_text":"The user lightly performs a beautiful, mystic dance.\nThis boosts the user’s Sp. Atk, Sp. Def, and\nSpeed stats.","language":{"name":"en","url":"https://pokeapi.co/api/v2/language/9/"},"version_group":{"name":"sword-shield","url":"https://pokeapi.co/api/v2/version-group/20/"}},{"flavor_text":"神秘的で　美しい　舞を\n軽やかに　おどる。　自分の　特攻と\n特防と　素早さを　あげる。","language":{"name":"ja","url":"https://pokeapi.co/api/v2/language/11/"},"version_group":{"name":"sword-shield","url":"https://pokeapi.co/api/v2/version-group/20/"}},{"flavor_text":"轻巧地跳起神秘而又美丽的舞蹈。\n提高自己的特攻、特防和速度。","language":{"name":"zh-Hans","url":"https://pokeapi.co/api/v2/language/12/"},"version_group":{"name":"sword-shield","url":"https://pokeapi.co/api/v2/version-group/20/"}}],"generation":{"name":"generation-v","url":"https://pokeapi.co/api/v2/generation/5/"},"id":483,"learned_by_pokemon":[{"name":"butterfree","url":"https://pokeapi.co/api/v2/pokemon/12/"},{"name":"venomoth","url":"https://pokeapi.co/api/v2/pokemon/49/"},{"name":"bellossom","url":"https://pokeapi.co/api/v2/pokemon/182/"},{"name":"beautifly","url":"https://pokeapi.co/api/v2/pokemon/267/"},{"name":"dustox","url":"https://pokeapi.co/api/v2/pokemon/269/"},{"name":"masquerain","url":"https://pokeapi.co/api/v2/pokemon/284/"},{"name":"wormadam-plant","url":"https://pokeapi.co/api/v2/pokemon/413/"},{"name":"mothim","url":"https://pokeapi.co/api/v2/pokemon/414/"},{"name":"lilligant","url":"https://pokeapi.co/api/v2/pokemon/549/"},{"name":"volcarona","url":"https://pokeapi.co/api/v2/pokemon/637/"},{"name":"vivillon","url":"https://pokeapi.co/api/v2/pokemon/666/"},{"name":"oricorio-baile","url":"https://pokeapi.co/api/v2/pokemon/741/"},{"name":"cutiefly","url":"https://pokeapi.co/api/v2/pokemon/742/"},{"name":"ribombee","url":"https://pokeapi.co/api/v2/pokemon/743/"},{"name":"pheromosa","url":"https://pokeapi.co/api/v2/pokemon/795/"},{"name":"frosmoth","url":"https://pokeapi.co/api/v2/pokemon/873/"},{"name":"wormadam-sandy","url":"https://pokeapi.co/api/v2/pokemon/10004/"},{"name":"wormadam-trash","url":"https://pokeapi.co/api/v2/pokemon/10005/"},{"name":"oricorio-pom-pom","url":"https://pokeapi.co/api/v2/pokemon/10123/"},{"name":"oricorio-pau","url":"https://pokeapi.co/api/v2/pokemon/10124/"},{"name":"oricorio-sensu","url":"https://pokeapi.co/api/v2/pokemon/10125/"},{"name":"ribombee-totem","url":"https://pokeapi.co/api/v2/pokemon/10150/"}],"machines":[],"meta":{"ailment":{"name":"none","url":"https://pokeapi.co/api/v2/move-ailment/0/"},"ailment_chance":0,"category":{"name":"net-good-stats","url":"https://pokeapi.co/api/v2/move-category/2/"},"crit_rate":0,"drain":0,"flinch_chance":0,"healing":0,"max_hits":null,"max_turns":null,"min_hits":null,"min_turns":null,"stat_chance":0},"name":"quiver-dance","names":[{"language":{"name":"ja-Hrkt","url":"https://pokeapi.co/api/v2/language/1/"},"name":"ちょうのまい"},{"language":{"name":"ko","url":"https://pokeapi.co/api/v2/language/3/"},"name":"나비춤"},{"language":{"name":"zh-Hant","url":"https://pokeapi.co/api/v2/language/4/"},"name":"蝶舞"},{"language":{"name":"fr","url":"https://pokeapi.co/api/v2/language/5/"},"name":"Papillodanse"},{"language":{"name":"de","url":"https://pokeapi.co/api/v2/language/6/"},"name":"Falterreigen"},{"language":{"name":"es","url":"https://pokeapi.co/api/v2/language/7/"},"name":"Danza Aleteo"},{"language":{"name":"it","url":"https://pokeapi.co/api/v2/language/8/"},"name":"Eledanza"},{"language":{"name":"en","url":"https://pokeapi.co/api/v2/language/9/"},"name":"Quiver Dance"},{"language":{"name":"ja","url":"https://pokeapi.co/api/v2/language/11/"},"name":"ちょうのまい"},{"language":{"name":"zh-Hans","url":"https://pokeapi.co/api/v2/language/12/"},"name":"蝶舞"}],"past_values":[],"power":null,"pp":20,"priority":0,"stat_changes":[{"change":1,"stat":{"name":"special-attack","url":"https://pokeapi.co/api/v2/stat/4/"}},{"change":1,"stat":{"name":"special-defense","url":"https://pokeapi.co/api/v2/stat/5/"}},{"change":1,"stat":{"name":"speed","url":"https://pokeapi.co/api/v2/stat/6/"}}],"super_contest_effect":null,"target":{"name":"user","url":"https://pokeapi.co/api/v2/move-target/7/"},"type":{"name":"bug","url":"https://pokeapi.co/api/v2/type/7/"}}