{"accuracy":100,"contest_combos":null,"contest_effect":null,"contest_type":null,"damage_class":{"name":"status","url":"https://pokeapi.co/api/v2/move-damage-class/1/"},"effect_chance":null,"effect_changes":[],"effect_entries":[{"effect":"Changes the target's ability to match the user's.  This effect ends when the target leaves battle.","language":{"name":"en","url":"https://pokeapi.co/api/v2/language/9/"},"short_effect":"Copies the user's ability onto the target."}],"flavor_text_entries":[{"flavor_text":"Le lanceur danse sur un rythme étrange.\nIl force sa cible à l’imiter, ce qui lui fait\nadopter sa capacité spéciale.","language":{"name":"fr","url":"https://pokeapi.co/api/v2/language/5/"},"version_group":{"name":"black-white","url":"https://pokeapi.co/api/v2/version-group/11/"}},{"flavor_text":"The user dances with an odd rhythm that\ncompels the target to mimic it, making the\ntarget’s Ability the same as the user’s.","language":{"name":"en","url":"https://pokeapi.co/api/v2/language/9/"},"version_group":{"name":"black-white","url":"https://pokeapi.co/api/v2/version-group/11/"}},{"flavor_text":"The user dances with an odd rhythm that\ncompels the target to mimic it, making the\ntarget’s Ability the same as the user’s.","language":{"name":"en","url":"https://pokeapi.co/api/v2/language/9/"},"version_group":{"name":"black-2-white-2","url":"https://pokeapi.co/api/v2/version-group/14/"}},{"flavor_text":"ふしぎな　リズムで　おどる。\nうごきを　まねさせて　じぶんと　あいての\nとくせいを　おなじに　する。","language":{"name":"ja-Hrkt","url":"https://pokeapi.co/api/v2/language/1/"},"version_group":{"name":"x-y","url":"https://pokeapi.co/api/v2/version-group/15/"}},{"flavor_text":"이상한 리듬으로 춤춘다.\n움직임을 흉내 내게 해서\n자신과 상대의 특성을 똑같게 만든다.","language":{"name":"ko","url":"https://pokeapi.co/api/v2/language/3/"},"version_group":{"name":"x-y","url":"https://pokeapi.co/api/v2/version-group/15/"}},{"flavor_text":"Le lanceur danse sur un rythme étrange.\nIl force sa cible à l’imiter, ce qui lui fait adopter\nson talent.","language":{"name":"fr","url":"https://pokeapi.co/api/v2/language/5/"},"version_group":{"name":"x-y","url":"https://pokeapi.co/api/v2/version-group/15/"}},{"flavor_text":"Anwender tanzt zu einem seltsamem Rhythmus\nund zwingt das Ziel mitzumachen. Dieses nimmt\ndabei die Fähigkeit des Anwenders an.","language":{"name":"de","url":"https://pokeapi.co/api/v2/language/6/"},"version_group":{"name":"x-y","url":"https://pokeapi.co/api/v2/version-group/15/"}},{"flavor_text":"Una extraña danza que hace que el usuario y el\nobjetivo tengan la misma habilidad.","language":{"name":"es","url":"https://pokeapi.co/api/v2/language/7/"},"version_group":{"name":"x-y","url":"https://pokeapi.co/api/v2/version-group/15/"}},{"flavor_text":"Chi la usa saltella con un buffo ritmo, inducendo\nil bersaglio a imitarlo e rendendo la sua abilità\nidentica alla propria.","language":{"name":"it","url":"https://pokeapi.co/api/v2/language/8/"},"version_group":{"name":"x-y","url":"https://pokeapi.co/api/v2/version-group/15/"}},{"flavor_text":"The user dances with an odd rhythm that\ncompels the target to mimic it, making the\ntarget’s Ability the same as the user’s.","language":{"name":"en","url":"https://pokeapi.co/api/v2/language/9/"},"version_group":{"name":"x-y","url":"https://pokeapi.co/api/v2/version-group/15/"}},{"flavor_text":"不思議な　リズムで　おどる。\n動きを　まねさせて　自分と　相手の\n特性を　同じに　する。","language":{"name":"ja","url":"https://pokeapi.co/api/v2/language/11/"},"version_group":{"name":"x-y","url":"https://pokeapi.co/api/v2/version-group/15/"}},{"flavor_text":"ふしぎな　リズムで　おどる。\nうごきを　まねさせて　じぶんと　あいての\nとくせいを　おなじに　する。","language":{"name":"ja-Hrkt","url":"https://pokeapi.co/api/v2/language/1/"},"version_group":{"name":"omega-ruby-alpha-sapphire","url":"https://pokeapi.co/api/v2/version-group/16/"}},{"flavor_text":"이상한 리듬으로 춤춘다.\n움직임을 흉내 내게 해서\n자신과 상대의 특성을 똑같게 만든다.","language":{"name":"ko","url":"https://pokeapi.co/api/v2/language/3/"},"version_group":{"name":"omega-ruby-alpha-sapphire","url":"https://pokeapi.co/api/v2/version-group/16/"}},{"flavor_text":"Le lanceur danse sur un rythme étrange.\nIl force sa cible à l’imiter, ce qui lui fait adopter\nson talent.","language":{"name":"fr","url":"https://pokeapi.co/api/v2/language/5/"},"version_group":{"name":"omega-ruby-alpha-sapphire","url":"https://pokeapi.co/api/v2/version-group/16/"}},{"flavor_text":"Anwender tanzt zu einem seltsamem Rhythmus\nund zwingt das Ziel mitzumachen. Dieses nimmt\ndabei die Fähigkeit des Anwenders an.","language":{"name":"de","url":"https://pokeapi.co/api/v2/language/6/"},"version_group":{"name":"omega-ruby-alpha-sapphire","url":"https://pokeapi.co/api/v2/version-group/16/"}},{"flavor_text":"Una extraña danza que hace que el usuario y el \nobjetivo tengan la misma habilidad.","language":{"name":"es","url":"https://pokeapi.co/api/v2/language/7/"},"version_group":{"name":"omega-ruby-alpha-sapphire","url":"https://pokeapi.co/api/v2/version-group/16/"}},{"flavor_text":"Chi la usa saltella con un buffo ritmo, inducendo\nil bersaglio a imitarlo e rendendo la sua abilità\nidentica alla propria.","language":{"name":"it","url":"https://pokeapi.co/api/v2/language/8/"},"version_group":{"name":"omega-ruby-alpha-sapphire","url":"https://pokeapi.co/api/v2/version-group/16/"}},{"flavor_text":"The user dances with an odd rhythm that\ncompels the target to mimic it, making the\ntarget’s Ability the same as the user’s.","language":{"name":"en","url":"https://pokeapi.co/api/v2/language/9/"},"version_group":{"name":"omega-ruby-alpha-sapphire","url":"https://pokeapi.co/api/v2/version-group/16/"}},{"flavor_text":"不思議な　リズムで　おどる。\n動きを　まねさせて　自分と　相手の\n特性を　同じに　する。","language":{"name":"ja","url":"https://pokeapi.co/api/v2/language/11/"},"version_group":{"name":"omega-ruby-alpha-sapphire","url":"https://pokeapi.co/api/v2/version-group/16/"}},{"flavor_text":"ふしぎな　リズムで　おどる。\nうごきを　まねさせて　じぶんと　あいての\nとくせいを　おなじに　する。","language":{"name":"ja-Hrkt","url":"https://pokeapi.co/api/v2/language/1/"},"version_group":{"name":"sun-moon","url":"https://pokeapi.co/api/v2/version-group/17/"}},{"flavor_text":"이상한 리듬으로 춤춘다.\n움직임을 흉내 내게 해서\n자신과 상대의 특성을 똑같게 만든다.","language":{"name":"ko","url":"https://pokeapi.co/api/v2/language/3/"},"version_group":{"name":"sun-moon","url":"https://pokeapi.co/api/v2/version-group/17/"}},{"flavor_text":"用神奇的節奏跳舞。\n讓對手模仿自己的動作，\n變成和自己一樣的特性。","language":{"name":"zh-Hant","url":"https://pokeapi.co/api/v2/language/4/"},"version_group":{"name":"sun-moon","url":"https://pokeapi.co/api/v2/version-group/17/"}},{"flavor_text":"Le lanceur danse sur un rythme étrange.\nIl force sa cible à l’imiter, ce qui lui fait adopter\nson talent.","language":{"name":"fr","url":"https://pokeapi.co/api/v2/language/5/"},"version_group":{"name":"sun-moon","url":"https://pokeapi.co/api/v2/version-group/17/"}},{"flavor_text":"Anwender tanzt zu einem seltsamen Rhythmus und\nzwingt das Ziel mitzumachen. Dieses nimmt dabei die\nFähigkeit des Anwenders an.","language":{"name":"de","url":"https://pokeapi.co/api/v2/language/6/"},"version_group":{"name":"sun-moon","url":"https://pokeapi.co/api/v2/version-group/17/"}},{"flavor_text":"Una extraña danza que hace que el usuario y el \nobjetivo tengan la misma habilidad.","language":{"name":"es","url":"https://pokeapi.co/api/v2/language/7/"},"version_group":{"name":"sun-moon","url":"https://pokeapi.co/api/v2/version-group/17/"}},{"flavor_text":"Chi la usa saltella con un buffo ritmo, inducendo\nil bersaglio a imitarlo e rendendo la sua abilità\nidentica alla propria.","language":{"name":"it","url":"https://pokeapi.co/api/v2/language/8/"},"version_group":{"name":"sun-moon","url":"https://pokeapi.co/api/v2/version-group/17/"}},{"flavor_text":"The user dances with an odd rhythm that compels\nthe target to mimic it, making the target’s Ability\nthe same as the user’s.","language":{"name":"en","url":"https://pokeapi.co/api/v2/language/9/"},"version_group":{"name":"sun-moon","url":"https://pokeapi.co/api/v2/version-group/17/"}},{"flavor_text":"不思議な　リズムで　おどる。\n動きを　まねさせて　自分と　相手の\n特性を　同じに　する。","language":{"name":"ja","url":"https://pokeapi.co/api/v2/language/11/"},"version_group":{"name":"sun-moon","url":"https://pokeapi.co/api/v2/version-group/17/"}},{"flavor_text":"用神奇的节奏跳舞。\n使对手模仿自己的动作，\n从而将特性变成一样。","language":{"name":"zh-Hans","url":"https://pokeapi.co/api/v2/language/12/"},"version_group":{"name":"sun-moon","url":"https://pokeapi.co/api/v2/version-group/17/"}},{"flavor_text":"ふしぎな　リズムで　おどる。\nうごきを　まねさせて　じぶんと　あいての\nとくせいを　おなじに　する。","language":{"name":"ja-Hrkt","url":"https://pokeapi.co/api/v2/language/1/"},"version_group":{"name":"ultra-sun-ultra-moon","url":"https://pokeapi.co/api/v2/version-group/18/"}},{"flavor_text":"이상한 리듬으로 춤춘다.\n움직임을 흉내 내게 해서\n자신과 상대의 특성을 똑같게 만든다.","language":{"name":"ko","url":"https://pokeapi.co/api/v2/language/3/"},"version_group":{"name":"ultra-sun-ultra-moon","url":"https://pokeapi.co/api/v2/version-group/18/"}},{"flavor_text":"用神奇的節奏跳舞。\n讓對手模仿自己的動作，\n變成和自己一樣的特性。","language":{"name":"zh-Hant","url":"https://pokeapi.co/api/v2/language/4/"},"version_group":{"name":"ultra-sun-ultra-moon","url":"https://pokeapi.co/api/v2/version-group/18/"}},{"flavor_text":"Le lanceur danse sur un rythme étrange.\nIl force sa cible à l’imiter, ce qui lui fait adopter\nson talent.","language":{"name":"fr","url":"https://pokeapi.co/api/v2/language/5/"},"version_group":{"name":"ultra-sun-ultra-moon","url":"https://pokeapi.co/api/v2/version-group/18/"}},{"flavor_text":"Anwender tanzt zu einem seltsamen Rhythmus und\nzwingt das Ziel mitzumachen. Dieses nimmt dabei die\nFähigkeit des Anwenders an.","language":{"name":"de","url":"https://pokeapi.co/api/v2/language/6/"},"version_group":{"name":"ultra-sun-ultra-moon","url":"https://pokeapi.co/api/v2/version-group/18/"}},{"flavor_text":"Una extraña danza que hace que el usuario y el \nobjetivo tengan la misma habilidad.","language":{"name":"es","url":"https://pokeapi.co/api/v2/language/7/"},"version_group":{"name":"ultra-sun-ultra-moon","url":"https://pokeapi.co/api/v2/version-group/18/"}},{"flavor_text":"Chi la usa saltella con un buffo ritmo, inducendo\nil bersaglio a imitarlo e rendendo la sua abilità\nidentica alla propria.","language":{"name":"it","url":"https://pokeapi.co/api/v2/language/8/"},"version_group":{"name":"ultra-sun-ultra-moon","url":"https://pokeapi.co/api/v2/version-group/18/"}},{"flavor_text":"The user dances with an odd rhythm that compels\nthe target to mimic it, making the target’s Ability\nthe same as the user’s.","language":{"name":"en","url":"https://pokeapi.co/api/v2/language/9/"},"version_group":{"name":"ultra-sun-ultra-moon","url":"https://pokeapi.co/api/v2/version-group/18/"}},{"flavor_text":"不思議な　リズムで　おどる。\n動きを　まねさせて　自分と　相手の\n特性を　同じに　する。","language":{"name":"ja","url":"https://pokeapi.co/api/v2/language/11/"},"version_group":{"name":"ultra-sun-ultra-moon","url":"https://pokeapi.co/api/v2/version-group/18/"}},{"flavor_text":"用神奇的节奏跳舞。\n使对手模仿自己的动作，\n从而将特性变成一样。","language":{"name":"zh-Hans","url":"https://pokeapi.co/api/v2/language/12/"},"version_group":{"name":"ultra-sun-ultra-moon","url":"https://pokeapi.co/api/v2/version-group/18/"}},{"flavor_text":"ふしぎな　リズムで　おどる。\nうごきを　まねさせて　じぶんと　あいての\nとくせいを　おなじに　する。","language":{"name":"ja-Hrkt","url":"https://pokeapi.co/api/v2/language/1/"},"version_group":{"name":"lets-go-pikachu-lets-go-eevee","url":"https://pokeapi.co/api/v2/version-group/19/"}},{"flavor_text":"이상한 리듬으로 춤춘다.\n움직임을 흉내 내게 해서\n자신과 상대의 특성을 똑같게 만든다.","language":{"name":"ko","url":"https://pokeapi.co/api/v2/language/3/"},"version_group":{"name":"lets-go-pikachu-lets-go-eevee","url":"https://pokeapi.co/api/v2/version-group/19/"}},{"flavor_text":"用神奇的節奏跳舞。\n讓對手模仿自己的動作，\n變成和自己一樣的特性。","language":{"name":"zh-Hant","url":"https://pokeapi.co/api/v2/language/4/"},"version_group":{"name":"lets-go-pikachu-lets-go-eevee","url":"https://pokeapi.co/api/v2/version-group/19/"}},{"flavor_text":"Le lanceur danse sur un rythme étrange.\nIl force sa cible à l’imiter, ce qui lui fait adopter\nson talent.","language":{"name":"fr","url":"https://pokeapi.co/api/v2/language/5/"},"version_group":{"name":"lets-go-pikachu-lets-go-eevee","url":"https://pokeapi.co/api/v2/version-group/19/"}},{"flavor_text":"Anwender tanzt zu einem seltsamen Rhythmus und\nzwingt das Ziel mitzumachen. Dieses nimmt dabei die\nFähigkeit des Anwenders an.","language":{"name":"de","url":"https://pokeapi.co/api/v2/language/6/"},"version_group":{"name":"lets-go-pikachu-lets-go-eevee","url":"https://pokeapi.co/api/v2/version-group/19/"}},{"flavor_text":"Una extraña danza que hace que el usuario y el \nobjetivo tengan la misma habilidad.","language":{"name":"es","url":"https://pokeapi.co/api/v2/language/7/"},"version_group":{"name":"lets-go-pikachu-lets-go-eevee","url":"https://pokeapi.co/api/v2/version-group/19/"}},{"flavor_text":"Chi la usa saltella con un buffo ritmo, inducendo\nil bersaglio a imitarlo e rendendo la sua abilità\nidentica alla propria.","language":{"name":"it","url":"https://pokeapi.co/api/v2/language/8/"},"version_group":{"name":"lets-go-pikachu-lets-go-eevee","url":"https://pokeapi.co/api/v2/version-group/19/"}},{"flavor_text":"The user dances with an odd rhythm that compels\nthe target to mimic it, making the target’s Ability\nthe same as the user’s.","language":{"name":"en","url":"https://pokeapi.co/api/v2/language/9/"},"version_group":{"name":"lets-go-pikachu-lets-go-eevee","url":"https://pokeapi.co/api/v2/version-group/19/"}},{"flavor_text":"不思議な　リズムで　おどる。\n動きを　まねさせて　自分と　相手の\n特性を　同じに　する。","language":{"name":"ja","url":"https://pokeapi.co/api/v2/language/11/"},"version_group":{"name":"lets-go-pikachu-lets-go-eevee","url":"https://pokeapi.co/api/v2/version-group/19/"}},{"flavor_text":"用神奇的节奏跳舞。\n使对手模仿自己的动作，\n从而将特性变成一样。","language":{"name":"zh-Hans","url":"https://pokeapi.co/api/v2/language/12/"},"version_group":{"name":"lets-go-pikachu-lets-go-eevee","url":"https://pokeapi.co/api/v2/version-group/19/"}},{"flavor_text":"ふしぎな　リズムで　おどる。\nうごきを　まねさせて　じぶんと　あいての\nとくせいを　おなじに　する。","language":{"name":"ja-Hrkt","url":"https://pokeapi.co/api/v2/language/1/"},"version_group":{"name":"sword-shield","url":"https://pokeapi.co/api/v2/version-group/20/"}},{"flavor_text":"이상한 리듬으로 춤춘다.\n움직임을 흉내 내게 해서\n자신과 상대의 특성을 똑같게 만든다.","language":{"name":"ko","url":"https://pokeapi.co/api/v2/language/3/"},"version_group":{"name":"sword-shield","url":"https://pokeapi.co/api/v2/version-group/20/"}},{"flavor_text":"用神奇的節奏跳舞。\n讓對手模仿自己的動作，\n變成和自己一樣的特性。","language":{"name":"zh-Hant","url":"https://pokeapi.co/api/v2/language/4/"},"version_group":{"name":"sword-shield","url":"https://pokeapi.co/api/v2/version-group/20/"}},{"flavor_text":"Le lanceur danse sur un rythme étrange.\nIl force sa cible à l’imiter, ce qui lui fait adopter\nson talent.","language":{"name":"fr","url":"https://pokeapi.co/api/v2/language/5/"},"version_group":{"name":"sword-shield","url":"https://pokeapi.co/api/v2/version-group/20/"}},{"flavor_text":"Anwender tanzt zu einem seltsamen Rhythmus und\nzwingt das Ziel mitzumachen. Dieses nimmt dabei die\nFähigkeit des Anwenders an.","language":{"name":"de","url":"https://pokeapi.co/api/v2/language/6/"},"version_group":{"name":"sword-shield","url":"https://pokeapi.co/api/v2/version-group/20/"}},{"flavor_text":"Una extraña danza que hace que el usuario y el objetivo\ntengan la misma habilidad.","language":{"name":"es","url":"https://pokeapi.co/api/v2/language/7/"},"version_group":{"name":"sword-shield","url":"https://pokeapi.co/api/v2/version-group/20/"}},{"flavor_text":"Chi la usa saltella con un buffo ritmo, inducendo\nil bersaglio a imitarlo e rendendo la sua abilità\nidentica alla propria.","language":{"name":"it","url":"https://pokeapi.co/api/v2/language/8/"},"version_group":{"name":"sword-shield","url":"https://pokeapi.co/api/v2/version-group/20/"}},{"flavor_text":"The user dances with an odd rhythm that compels\nthe target to mimic it, making the target’s Ability\nthe same as the user’s.","language":{"name":"en","url":"https://pokeapi.co/api/v2/language/9/"},"version_group":{"name":"sword-shield","url":"https://pokeapi.co/api/v2/version-group/20/"}},{"flavor_text":"不思議な　リズムで　おどる。\n動きを　まねさせて　自分と　相手の\n特性を　同じに　する。","language":{"name":"ja","url":"https://pokeapi.co/api/v2/language/11/"},"version_group":{"name":"sword-shield","url":"https://pokeapi.co/api/v2/version-group/20/"}},{"flavor_text":"用神奇的节奏跳舞。\n使对手模仿自己的动作，\n从而将特性变成一样。","language":{"name":"zh-Hans","url":"https://pokeapi.co/api/v2/language/12/"},"version_group":{"name":"sword-shield","url":"https://pokeapi.co/api/v2/version-group/20/"}}],"generation":{"name":"generation-v","url":"https://pokeapi.co/api/v2/generation/5/"},"id":494,"learned_by_pokemon":[{"name":"seel","url":"https://pokeapi.co/api/v2/pokemon/86/"},{"name":"remoraid","url":"https://pokeapi.co/api/v2/pokemon/223/"},{"name":"plusle","url":"https://pokeapi.co/api/v2/pokemon/311/"},{"name":"minun","url":"https://pokeapi.co/api/v2/pokemon/312/"},{"name":"luvdisc","url":"https://pokeapi.co/api/v2/pokemon/370/"},{"name":"buneary","url":"https://pokeapi.co/api/v2/pokemon/427/"},{"name":"lopunny","url":"https://pokeapi.co/api/v2/pokemon/428/"},{"name":"chingling","url":"https://pokeapi.co/api/v2/pokemon/433/"},{"name":"audino","url":"https://pokeapi.co/api/v2/pokemon/531/"},{"name":"leavanny","url":"https://pokeapi.co/api/v2/pokemon/542/"},{"name":"petilil","url":"https://pokeapi.co/api/v2/pokemon/548/"},{"name":"lilligant","url":"https://pokeapi.co/api/v2/pokemon/549/"},{"name":"durant","url":"https://pokeapi.co/api/v2/pokemon/632/"},{"name":"litleo","url":"https://pokeapi.co/api/v2/pokemon/667/"},{"name":"pancham","url":"https://pokeapi.co/api/v2/pokemon/674/"},{"name":"pangoro","url":"https://pokeapi.co/api/v2/pokemon/675/"},{"name":"clauncher","url":"https://pokeapi.co/api/v2/pokemon/692/"},{"name":"hawlucha","url":"https://pokeapi.co/api/v2/pokemon/701/"},{"name":"dedenne","url":"https://pokeapi.co/api/v2/pokemon/702/"},{"name":"dewpider","url":"https://pokeapi.co/api/v2/pokemon/751/"},{"name":"araquanid","url":"https://pokeapi.co/api/v2/pokemon/752/"},{"name":"milcery","url":"https://pokeapi.co/api/v2/pokemon/868/"},{"name":"alcremie","url":"https://pokeapi.co/api/v2/pokemon/869/"},{"name":"pawmi","url":"https://pokeapi.co/api/v2/pokemon/921/"},{"name":"pawmo","url":"https://pokeapi.co/api/v2/pokemon/922/"},{"name":"pawmot","url":"https://pokeapi.co/api/v2/pokemon/923/"},{"name":"cetoddle","url":"https://pokeapi.co/api/v2/pokemon/974/"},{"name":"audino-mega","url":"https://pokeapi.co/api/v2/pokemon/10069/"},{"name":"lopunny-mega","url":"https://pokeapi.co/api/v2/pokemon/10088/"},{"name":"araquanid-totem","url":"https://pokeapi.co/api/v2/pokemon/10153/"},{"name":"lilligant-hisui","url":"https://pokeapi.co/api/v2/pokemon/10237/"}],"machines":[],"meta":{"ailment":{"name":"none","url":"https://pokeapi.co/api/v2/move-ailment/0/"},"ailment_chance":0,"category":{"name":"unique","url":"https://pokeapi.co/api/v2/move-category/13/"},"crit_rate":0,"drain":0,"flinch_chance":0,"healing":0,"max_hits":null,"max_turns":null,"min_hits":null,"min_turns":null,"stat_chance":0},"name":"entrainment","names":[{"language":{"name":"ja-Hrkt","url":"https://pokeapi.co/api/v2/language/1/"},"name":"なかまづくり"},{"language":{"name":"ko","url":"https://pokeapi.co/api/v2/language/3/"},"name":"동료만들기"},{"language":{"name":"zh-Hant","url":"https://pokeapi.co/api/v2/language/4/"},"name":"找夥伴"},{"language":{"name":"fr","url":"https://pokeapi.co/api/v2/language/5/"},"name":"Ten-Danse"},{"language":{"name":"de","url":"https://pokeapi.co/api/v2/language/6/"},"name":"Zwango"},{"language":{"name":"es","url":"https://pokeapi.co/api/v2/language/7/"},"name":"Danza Amiga"},{"language":{"name":"it","url":"https://pokeapi.co/api/v2/language/8/"},"name":"Saltamicizia"},{"language":{"name":"en","url":"https://pokeapi.co/api/v2/language/9/"},"name":"Entrainment"},{"language":{"name":"ja","url":"https://pokeapi.co/api/v2/language/11/"},"name":"なかまづくり"},{"language":{"name":"zh-Hans","url":"https://pokeapi.co/api/v2/language/12/"},"name":"找伙伴"}],"past_values":[],"power":null,"pp":15,"priority":0,"stat_changes":[],"super_contest_effect":null,"target":{"name":"selected-pokemon","url":"https://pokeapi.co/api/v2/move-target/10/"},"type":{"name":"normal","url":"https://pokeapi.co/api/v2/type/1/"}}