{"accuracy":100,"contest_combos":null,"contest_effect":null,"contest_type":null,"damage_class":{"name":"special","url":"https://pokeapi.co/api/v2/move-damage-class/3/"},"effect_chance":null,"effect_changes":[],"effect_entries":[{"effect":"Inflicts regular damage.  If any friendly Pokémon used this move earlier this turn or on the previous turn, that use's power is added to this move's power, to a maximum of 200.","language":{"name":"en","url":"https://pokeapi.co/api/v2/language/9/"},"short_effect":"Power increases by 100% for each consecutive use by any friendly Pokémon, to a maximum of 200."}],"flavor_text_entries":[{"flavor_text":"Un cri retentissant blesse l’ennemi. Si le\nlanceur ou d’autres Pokémon l’utilisent\nà chaque tour, l’effet augmente.","language":{"name":"fr","url":"https://pokeapi.co/api/v2/language/5/"},"version_group":{"name":"black-white","url":"https://pokeapi.co/api/v2/version-group/11/"}},{"flavor_text":"The user attacks the target with an\nechoing voice. If this move is used\nevery turn, it does greater damage.","language":{"name":"en","url":"https://pokeapi.co/api/v2/language/9/"},"version_group":{"name":"black-white","url":"https://pokeapi.co/api/v2/version-group/11/"}},{"flavor_text":"The user attacks the target with an\nechoing voice. If this move is used\nevery turn, it does greater damage.","language":{"name":"en","url":"https://pokeapi.co/api/v2/language/9/"},"version_group":{"name":"black-2-white-2","url":"https://pokeapi.co/api/v2/version-group/14/"}},{"flavor_text":"ひびく　こえで　あいてを　こうげきする。\nまいターン　だれかが　わざを\nつかい　つづけると　いりょくが　あがる。","language":{"name":"ja-Hrkt","url":"https://pokeapi.co/api/v2/language/1/"},"version_group":{"name":"x-y","url":"https://pokeapi.co/api/v2/version-group/15/"}},{"flavor_text":"울리는 목소리로 상대를 공격한다.\n매 턴 누군가 기술을\n계속해서 쓰면 위력이 올라간다.","language":{"name":"ko","url":"https://pokeapi.co/api/v2/language/3/"},"version_group":{"name":"x-y","url":"https://pokeapi.co/api/v2/version-group/15/"}},{"flavor_text":"Un cri retentissant blesse l’ennemi.\nSi le lanceur ou d’autres Pokémon l’utilisent à\nchaque tour, l’effet augmente.","language":{"name":"fr","url":"https://pokeapi.co/api/v2/language/5/"},"version_group":{"name":"x-y","url":"https://pokeapi.co/api/v2/version-group/15/"}},{"flavor_text":"Angriff mit widerhallender Stimme. Wenn in\njeder Runde ein Teilnehmer wiederholt\ndie Attacke einsetzt, steigt die Stärke.","language":{"name":"de","url":"https://pokeapi.co/api/v2/language/6/"},"version_group":{"name":"x-y","url":"https://pokeapi.co/api/v2/version-group/15/"}},{"flavor_text":"Un susurro que aumenta de potencia conforme el\nusuario y otros Pokémon lo van utilizando.","language":{"name":"es","url":"https://pokeapi.co/api/v2/language/7/"},"version_group":{"name":"x-y","url":"https://pokeapi.co/api/v2/version-group/15/"}},{"flavor_text":"Attacca il bersaglio con la propria voce\necheggiante. Se usata a ripetizione da uno\no più Pokémon il danno aumenta.","language":{"name":"it","url":"https://pokeapi.co/api/v2/language/8/"},"version_group":{"name":"x-y","url":"https://pokeapi.co/api/v2/version-group/15/"}},{"flavor_text":"The user attacks the target with an\nechoing voice. If this move is used\nevery turn, it does greater damage.","language":{"name":"en","url":"https://pokeapi.co/api/v2/language/9/"},"version_group":{"name":"x-y","url":"https://pokeapi.co/api/v2/version-group/15/"}},{"flavor_text":"響く　声で　相手を　攻撃する。\n毎ターン　だれかが　技を\n使い続けると　威力が　あがる。","language":{"name":"ja","url":"https://pokeapi.co/api/v2/language/11/"},"version_group":{"name":"x-y","url":"https://pokeapi.co/api/v2/version-group/15/"}},{"flavor_text":"ひびく　こえで　あいてを　こうげきする。\nまいターン　だれかが　わざを\nつかい　つづけると　いりょくが　あがる。","language":{"name":"ja-Hrkt","url":"https://pokeapi.co/api/v2/language/1/"},"version_group":{"name":"omega-ruby-alpha-sapphire","url":"https://pokeapi.co/api/v2/version-group/16/"}},{"flavor_text":"울리는 목소리로 상대를 공격한다.\n매 턴 누군가 이 기술을\n계속해서 쓰면 위력이 올라간다.","language":{"name":"ko","url":"https://pokeapi.co/api/v2/language/3/"},"version_group":{"name":"omega-ruby-alpha-sapphire","url":"https://pokeapi.co/api/v2/version-group/16/"}},{"flavor_text":"Un cri retentissant blesse l’ennemi.\nSi le lanceur ou d’autres Pokémon l’utilisent à\nchaque tour, l’effet augmente.","language":{"name":"fr","url":"https://pokeapi.co/api/v2/language/5/"},"version_group":{"name":"omega-ruby-alpha-sapphire","url":"https://pokeapi.co/api/v2/version-group/16/"}},{"flavor_text":"Angriff mit widerhallender Stimme. Wenn in\njeder Runde ein Teilnehmer wiederholt\ndie Attacke einsetzt, steigt die Stärke.","language":{"name":"de","url":"https://pokeapi.co/api/v2/language/6/"},"version_group":{"name":"omega-ruby-alpha-sapphire","url":"https://pokeapi.co/api/v2/version-group/16/"}},{"flavor_text":"Un susurro que aumenta de potencia conforme el \nusuario y otros Pokémon lo van utilizando.","language":{"name":"es","url":"https://pokeapi.co/api/v2/language/7/"},"version_group":{"name":"omega-ruby-alpha-sapphire","url":"https://pokeapi.co/api/v2/version-group/16/"}},{"flavor_text":"Attacca il bersaglio con la propria voce\necheggiante. Se usata a ripetizione da uno\no più Pokémon il danno aumenta.","language":{"name":"it","url":"https://pokeapi.co/api/v2/language/8/"},"version_group":{"name":"omega-ruby-alpha-sapphire","url":"https://pokeapi.co/api/v2/version-group/16/"}},{"flavor_text":"The user attacks the target with an\nechoing voice. If this move is used\nevery turn, it does greater damage.","language":{"name":"en","url":"https://pokeapi.co/api/v2/language/9/"},"version_group":{"name":"omega-ruby-alpha-sapphire","url":"https://pokeapi.co/api/v2/version-group/16/"}},{"flavor_text":"響く　声で　相手を　攻撃する。\n毎ターン　だれかが　技を\n使い続けると　威力が　あがる。","language":{"name":"ja","url":"https://pokeapi.co/api/v2/language/11/"},"version_group":{"name":"omega-ruby-alpha-sapphire","url":"https://pokeapi.co/api/v2/version-group/16/"}},{"flavor_text":"ひびく　こえで　あいてを　こうげきする。\nまいターン　だれかが　わざを\nつかい　つづけると　いりょくが　あがる。","language":{"name":"ja-Hrkt","url":"https://pokeapi.co/api/v2/language/1/"},"version_group":{"name":"sun-moon","url":"https://pokeapi.co/api/v2/version-group/17/"}},{"flavor_text":"울리는 목소리로 상대를 공격한다.\n매 턴 누군가 이 기술을\n계속해서 쓰면 위력이 올라간다.","language":{"name":"ko","url":"https://pokeapi.co/api/v2/language/3/"},"version_group":{"name":"sun-moon","url":"https://pokeapi.co/api/v2/version-group/17/"}},{"flavor_text":"用回聲攻擊對手。\n每回合有寶可夢持續使用回聲時，\n招式的威力會提高。","language":{"name":"zh-Hant","url":"https://pokeapi.co/api/v2/language/4/"},"version_group":{"name":"sun-moon","url":"https://pokeapi.co/api/v2/version-group/17/"}},{"flavor_text":"Un cri retentissant blesse l’ennemi.\nSi le lanceur ou d’autres Pokémon l’utilisent\nà chaque tour, l’effet augmente.","language":{"name":"fr","url":"https://pokeapi.co/api/v2/language/5/"},"version_group":{"name":"sun-moon","url":"https://pokeapi.co/api/v2/version-group/17/"}},{"flavor_text":"Angriff mit widerhallender Stimme. Wenn in jeder\nRunde ein Teilnehmer wiederholt die Attacke\neinsetzt, steigt die Stärke.","language":{"name":"de","url":"https://pokeapi.co/api/v2/language/6/"},"version_group":{"name":"sun-moon","url":"https://pokeapi.co/api/v2/version-group/17/"}},{"flavor_text":"Un susurro que aumenta de potencia conforme el \nusuario y otros Pokémon lo van utilizando.","language":{"name":"es","url":"https://pokeapi.co/api/v2/language/7/"},"version_group":{"name":"sun-moon","url":"https://pokeapi.co/api/v2/version-group/17/"}},{"flavor_text":"Attacca il bersaglio con la propria voce\necheggiante. Se usata a ripetizione da uno\no più Pokémon il danno aumenta.","language":{"name":"it","url":"https://pokeapi.co/api/v2/language/8/"},"version_group":{"name":"sun-moon","url":"https://pokeapi.co/api/v2/version-group/17/"}},{"flavor_text":"The user attacks the target with an echoing voice.\nIf this move is used every turn, its power\nis increased.","language":{"name":"en","url":"https://pokeapi.co/api/v2/language/9/"},"version_group":{"name":"sun-moon","url":"https://pokeapi.co/api/v2/version-group/17/"}},{"flavor_text":"響く　声で　相手を　攻撃する。\n毎ターン　だれかが　技を\n使い続けると　威力が　あがる。","language":{"name":"ja","url":"https://pokeapi.co/api/v2/language/11/"},"version_group":{"name":"sun-moon","url":"https://pokeapi.co/api/v2/version-group/17/"}},{"flavor_text":"用回声攻击对手。\n如果每回合都有宝可梦接着\n使用该招式，威力就会提高。","language":{"name":"zh-Hans","url":"https://pokeapi.co/api/v2/language/12/"},"version_group":{"name":"sun-moon","url":"https://pokeapi.co/api/v2/version-group/17/"}},{"flavor_text":"ひびく　こえで　あいてを　こうげきする。\nまいターン　だれかが　わざを\nつかい　つづけると　いりょくが　あがる。","language":{"name":"ja-Hrkt","url":"https://pokeapi.co/api/v2/language/1/"},"version_group":{"name":"ultra-sun-ultra-moon","url":"https://pokeapi.co/api/v2/version-group/18/"}},{"flavor_text":"울리는 목소리로 상대를 공격한다.\n매 턴 누군가 이 기술을\n계속해서 쓰면 위력이 올라간다.","language":{"name":"ko","url":"https://pokeapi.co/api/v2/language/3/"},"version_group":{"name":"ultra-sun-ultra-moon","url":"https://pokeapi.co/api/v2/version-group/18/"}},{"flavor_text":"用回聲攻擊對手。\n每回合有寶可夢持續使用回聲時，\n招式的威力會提高。","language":{"name":"zh-Hant","url":"https://pokeapi.co/api/v2/language/4/"},"version_group":{"name":"ultra-sun-ultra-moon","url":"https://pokeapi.co/api/v2/version-group/18/"}},{"flavor_text":"Un cri retentissant blesse l’ennemi.\nSi le lanceur ou d’autres Pokémon l’utilisent\nà chaque tour, l’effet augmente.","language":{"name":"fr","url":"https://pokeapi.co/api/v2/language/5/"},"version_group":{"name":"ultra-sun-ultra-moon","url":"https://pokeapi.co/api/v2/version-group/18/"}},{"flavor_text":"Angriff mit widerhallender Stimme. Wenn in jeder\nRunde ein Teilnehmer wiederholt die Attacke\neinsetzt, steigt die Stärke.","language":{"name":"de","url":"https://pokeapi.co/api/v2/language/6/"},"version_group":{"name":"ultra-sun-ultra-moon","url":"https://pokeapi.co/api/v2/version-group/18/"}},{"flavor_text":"Un susurro que aumenta de potencia conforme el \nusuario y otros Pokémon lo van utilizando.","language":{"name":"es","url":"https://pokeapi.co/api/v2/language/7/"},"version_group":{"name":"ultra-sun-ultra-moon","url":"https://pokeapi.co/api/v2/version-group/18/"}},{"flavor_text":"Attacca il bersaglio con la propria voce\necheggiante. Se usata a ripetizione da uno\no più Pokémon il danno aumenta.","language":{"name":"it","url":"https://pokeapi.co/api/v2/language/8/"},"version_group":{"name":"ultra-sun-ultra-moon","url":"https://pokeapi.co/api/v2/version-group/18/"}},{"flavor_text":"The user attacks the target with an echoing voice.\nIf this move is used every turn, its power\nis increased.","language":{"name":"en","url":"https://pokeapi.co/api/v2/language/9/"},"version_group":{"name":"ultra-sun-ultra-moon","url":"https://pokeapi.co/api/v2/version-group/18/"}},{"flavor_text":"響く　声で　相手を　攻撃する。\n毎ターン　だれかが　技を\n使い続けると　威力が　あがる。","language":{"name":"ja","url":"https://pokeapi.co/api/v2/language/11/"},"version_group":{"name":"ultra-sun-ultra-moon","url":"https://pokeapi.co/api/v2/version-group/18/"}},{"flavor_text":"用回声攻击对手。\n如果每回合都有宝可梦接着\n使用该招式，威力就会提高。","language":{"name":"zh-Hans","url":"https://pokeapi.co/api/v2/language/12/"},"version_group":{"name":"ultra-sun-ultra-moon","url":"https://pokeapi.co/api/v2/version-group/18/"}},{"flavor_text":"ひびく　こえで　あいてを　こうげきする。\nまいターン　だれかが　わざを\nつかい　つづけると　いりょくが　あがる。","language":{"name":"ja-Hrkt","url":"https://pokeapi.co/api/v2/language/1/"},"version_group":{"name":"lets-go-pikachu-lets-go-eevee","url":"https://pokeapi.co/api/v2/version-group/19/"}},{"flavor_text":"울리는 목소리로 상대를 공격한다.\n매 턴 누군가 이 기술을\n계속해서 쓰면 위력이 올라간다.","language":{"name":"ko","url":"https://pokeapi.co/api/v2/language/3/"},"version_group":{"name":"lets-go-pikachu-lets-go-eevee","url":"https://pokeapi.co/api/v2/version-group/19/"}},{"flavor_text":"用回聲攻擊對手。\n每回合有寶可夢持續使用回聲時，\n招式的威力會提高。","language":{"name":"zh-Hant","url":"https://pokeapi.co/api/v2/language/4/"},"version_group":{"name":"lets-go-pikachu-lets-go-eevee","url":"https://pokeapi.co/api/v2/version-group/19/"}},{"flavor_text":"Un cri retentissant blesse l’ennemi.\nSi le lanceur ou d’autres Pokémon l’utilisent\nà chaque tour, l’effet augmente.","language":{"name":"fr","url":"https://pokeapi.co/api/v2/language/5/"},"version_group":{"name":"lets-go-pikachu-lets-go-eevee","url":"https://pokeapi.co/api/v2/version-group/19/"}},{"flavor_text":"Angriff mit widerhallender Stimme. Wenn in jeder\nRunde ein Teilnehmer wiederholt die Attacke\neinsetzt, steigt die Stärke.","language":{"name":"de","url":"https://pokeapi.co/api/v2/language/6/"},"version_group":{"name":"lets-go-pikachu-lets-go-eevee","url":"https://pokeapi.co/api/v2/version-group/19/"}},{"flavor_text":"Un susurro que aumenta de potencia conforme el \nusuario y otros Pokémon lo van utilizando.","language":{"name":"es","url":"https://pokeapi.co/api/v2/language/7/"},"version_group":{"name":"lets-go-pikachu-lets-go-eevee","url":"https://pokeapi.co/api/v2/version-group/19/"}},{"flavor_text":"Attacca il bersaglio con la propria voce\necheggiante. Se usata a ripetizione da uno\no più Pokémon il danno aumenta.","language":{"name":"it","url":"https://pokeapi.co/api/v2/language/8/"},"version_group":{"name":"lets-go-pikachu-lets-go-eevee","url":"https://pokeapi.co/api/v2/version-group/19/"}},{"flavor_text":"The user attacks the target with an echoing voice.\nIf this move is used every turn, its power\nis increased.","language":{"name":"en","url":"https://pokeapi.co/api/v2/language/9/"},"version_group":{"name":"lets-go-pikachu-lets-go-eevee","url":"https://pokeapi.co/api/v2/version-group/19/"}},{"flavor_text":"響く　声で　相手を　攻撃する。\n毎ターン　だれかが　技を\n使い続けると　威力が　あがる。","language":{"name":"ja","url":"https://pokeapi.co/api/v2/language/11/"},"version_group":{"name":"lets-go-pikachu-lets-go-eevee","url":"https://pokeapi.co/api/v2/version-group/19/"}},{"flavor_text":"用回声攻击对手。\n如果每回合都有宝可梦接着\n使用该招式，威力就会提高。","language":{"name":"zh-Hans","url":"https://pokeapi.co/api/v2/language/12/"},"version_group":{"name":"lets-go-pikachu-lets-go-eevee","url":"https://pokeapi.co/api/v2/version-group/19/"}},{"flavor_text":"ひびく　こえで　あいてを　こうげきする。\nまいターン　だれかが　わざを\nつかい　つづけると　いりょくが　あがる。","language":{"name":"ja-Hrkt","url":"https://pokeapi.co/api/v2/language/1/"},"version_group":{"name":"sword-shield","url":"https://pokeapi.co/api/v2/version-group/20/"}},{"flavor_text":"울리는 목소리로 상대를 공격한다.\n매 턴 누군가 이 기술을\n계속해서 쓰면 위력이 올라간다.","language":{"name":"ko","url":"https://pokeapi.co/api/v2/language/3/"},"version_group":{"name":"sword-shield","url":"https://pokeapi.co/api/v2/version-group/20/"}},{"flavor_text":"用回聲攻擊對手。\n每回合有寶可夢持續使用回聲時，\n招式的威力會提高。","language":{"name":"zh-Hant","url":"https://pokeapi.co/api/v2/language/4/"},"version_group":{"name":"sword-shield","url":"https://pokeapi.co/api/v2/version-group/20/"}},{"flavor_text":"Un cri retentissant blesse l’ennemi.\nSi le lanceur ou d’autres Pokémon l’utilisent\nà chaque tour, l’effet augmente.","language":{"name":"fr","url":"https://pokeapi.co/api/v2/language/5/"},"version_group":{"name":"sword-shield","url":"https://pokeapi.co/api/v2/version-group/20/"}},{"flavor_text":"Angriff mit widerhallender Stimme. Wenn in jeder\nRunde ein Teilnehmer wiederholt die Attacke einsetzt,\nsteigt die Stärke.","language":{"name":"de","url":"https://pokeapi.co/api/v2/language/6/"},"version_group":{"name":"sword-shield","url":"https://pokeapi.co/api/v2/version-group/20/"}},{"flavor_text":"Un susurro que aumenta de potencia conforme el \nusuario y otros Pokémon lo van utilizando.","language":{"name":"es","url":"https://pokeapi.co/api/v2/language/7/"},"version_group":{"name":"sword-shield","url":"https://pokeapi.co/api/v2/version-group/20/"}},{"flavor_text":"Attacca il bersaglio con la propria voce\necheggiante. Se usata a ripetizione da uno\no più Pokémon il danno aumenta.","language":{"name":"it","url":"https://pokeapi.co/api/v2/language/8/"},"version_group":{"name":"sword-shield","url":"https://pokeapi.co/api/v2/version-group/20/"}},{"flavor_text":"The user attacks the target with an echoing voice.\nIf this move is used every turn, its power\nis increased.","language":{"name":"en","url":"https://pokeapi.co/api/v2/language/9/"},"version_group":{"name":"sword-shield","url":"https://pokeapi.co/api/v2/version-group/20/"}},{"flavor_text":"響く　声で　相手を　攻撃する。\n毎ターン　だれかが　技を\n使い続けると　威力が　あがる。","language":{"name":"ja","url":"https://pokeapi.co/api/v2/language/11/"},"version_group":{"name":"sword-shield","url":"https://pokeapi.co/api/v2/version-group/20/"}},{"flavor_text":"用回声攻击对手。\n如果每回合都有宝可梦接着\n使用该招式，威力就会提高。","language":{"name":"zh-Hans","url":"https://pokeapi.co/api/v2/language/12/"},"version_group":{"name":"sword-shield","url":"https://pokeapi.co/api/v2/version-group/20/"}}],"generation":{"name":"generation-v","url":"https://pokeapi.co/api/v2/generation/5/"},"id":497,"learned_by_pokemon":[{"name":"bulbasaur","url":"https://pokeapi.co/api/v2/pokemon/1/"},{"name":"ivysaur","url":"https://pokeapi.co/api/v2/pokemon/2/"},{"name":"venusaur","url":"https://pokeapi.co/api/v2/pokemon/3/"},{"name":"charmander","url":"https://pokeapi.co/api/v2/pokemon/4/"},{"name":"charmeleon","url":"https://pokeapi.co/api/v2/pokemon/5/"},{"name":"charizard","url":"https://pokeapi.co/api/v2/pokemon/6/"},{"name":"spearow","url":"https://pokeapi.co/api/v2/pokemon/21/"},{"name":"fearow","url":"https://pokeapi.co/api/v2/pokemon/22/"},{"name":"pikachu","url":"https://pokeapi.co/api/v2/pokemon/25/"},{"name":"raichu","url":"https://pokeapi.co/api/v2/pokemon/26/"},{"name":"nidoran-f","url":"https://pokeapi.co/api/v2/pokemon/29/"},{"name":"nidorina","url":"https://pokeapi.co/api/v2/pokemon/30/"},{"name":"nidoqueen","url":"https://pokeapi.co/api/v2/pokemon/31/"},{"name":"nidoran-m","url":"https://pokeapi.co/api/v2/pokemon/32/"},{"name":"nidorino","url":"https://pokeapi.co/api/v2/pokemon/33/"},{"name":"nidoking","url":"https://pokeapi.co/api/v2/pokemon/34/"},{"name":"clefairy","url":"https://pokeapi.co/api/v2/pokemon/35/"},{"name":"clefable","url":"https://pokeapi.co/api/v2/pokemon/36/"},{"name":"jigglypuff","url":"https://pokeapi.co/api/v2/pokemon/39/"},{"name":"wigglytuff","url":"https://pokeapi.co/api/v2/pokemon/40/"},{"name":"diglett","url":"https://pokeapi.co/api/v2/pokemon/50/"},{"name":"dugtrio","url":"https://pokeapi.co/api/v2/pokemon/51/"},{"name":"meowth","url":"https://pokeapi.co/api/v2/pokemon/52/"},{"name":"persian","url":"https://pokeapi.co/api/v2/pokemon/53/"},{"name":"ponyta","url":"https://pokeapi.co/api/v2/pokemon/77/"},{"name":"rapidash","url":"https://pokeapi.co/api/v2/pokemon/78/"},{"name":"slowpoke","url":"https://pokeapi.co/api/v2/pokemon/79/"},{"name":"slowbro","url":"https://pokeapi.co/api/v2/pokemon/80/"},{"name":"doduo","url":"https://pokeapi.co/api/v2/pokemon/84/"},{"name":"dodrio","url":"https://pokeapi.co/api/v2/pokemon/85/"},{"name":"seel","url":"https://pokeapi.co/api/v2/pokemon/86/"},{"name":"dewgong","url":"https://pokeapi.co/api/v2/pokemon/87/"},{"name":"cubone","url":"https://pokeapi.co/api/v2/pokemon/104/"},{"name":"marowak","url":"https://pokeapi.co/api/v2/pokemon/105/"},{"name":"chansey","url":"https://pokeapi.co/api/v2/pokemon/113/"},{"name":"jynx","url":"https://pokeapi.co/api/v2/pokemon/124/"},{"name":"lapras","url":"https://pokeapi.co/api/v2/pokemon/131/"},{"name":"eevee","url":"https://pokeapi.co/api/v2/pokemon/133/"},{"name":"vaporeon","url":"https://pokeapi.co/api/v2/pokemon/134/"},{"name":"jolteon","url":"https://pokeapi.co/api/v2/pokemon/135/"},{"name":"flareon","url":"https://pokeapi.co/api/v2/pokemon/136/"},{"name":"mew","url":"https://pokeapi.co/api/v2/pokemon/151/"},{"name":"chikorita","url":"https://pokeapi.co/api/v2/pokemon/152/"},{"name":"bayleef","url":"https://pokeapi.co/api/v2/pokemon/153/"},{"name":"meganium","url":"https://pokeapi.co/api/v2/pokemon/154/"},{"name":"sentret","url":"https://pokeapi.co/api/v2/pokemon/161/"},{"name":"furret","url":"https://pokeapi.co/api/v2/pokemon/162/"},{"name":"hoothoot","url":"https://pokeapi.co/api/v2/pokemon/163/"},{"name":"noctowl","url":"https://pokeapi.co/api/v2/pokemon/164/"},{"name":"pichu","url":"https://pokeapi.co/api/v2/pokemon/172/"},{"name":"cleffa","url":"https://pokeapi.co/api/v2/pokemon/173/"},{"name":"igglybuff","url":"https://pokeapi.co/api/v2/pokemon/174/"},{"name":"togepi","url":"https://pokeapi.co/api/v2/pokemon/175/"},{"name":"togetic","url":"https://pokeapi.co/api/v2/pokemon/176/"},{"name":"mareep","url":"https://pokeapi.co/api/v2/pokemon/179/"},{"name":"flaaffy","url":"https://pokeapi.co/api/v2/pokemon/180/"},{"name":"ampharos","url":"https://pokeapi.co/api/v2/pokemon/181/"},{"name":"politoed","url":"https://pokeapi.co/api/v2/pokemon/186/"},{"name":"espeon","url":"https://pokeapi.co/api/v2/pokemon/196/"},{"name":"umbreon","url":"https://pokeapi.co/api/v2/pokemon/197/"},{"name":"slowking","url":"https://pokeapi.co/api/v2/pokemon/199/"},{"name":"misdreavus","url":"https://pokeapi.co/api/v2/pokemon/200/"},{"name":"girafarig","url":"https://pokeapi.co/api/v2/pokemon/203/"},{"name":"phanpy","url":"https://pokeapi.co/api/v2/pokemon/231/"},{"name":"donphan","url":"https://pokeapi.co/api/v2/pokemon/232/"},{"name":"smoochum","url":"https://pokeapi.co/api/v2/pokemon/238/"},{"name":"miltank","url":"https://pokeapi.co/api/v2/pokemon/241/"},{"name":"blissey","url":"https://pokeapi.co/api/v2/pokemon/242/"},{"name":"lugia","url":"https://pokeapi.co/api/v2/pokemon/249/"},{"name":"ho-oh","url":"https://pokeapi.co/api/v2/pokemon/250/"},{"name":"celebi","url":"https://pokeapi.co/api/v2/pokemon/251/"},{"name":"torchic","url":"https://pokeapi.co/api/v2/pokemon/255/"},{"name":"combusken","url":"https://pokeapi.co/api/v2/pokemon/256/"},{"name":"blaziken","url":"https://pokeapi.co/api/v2/pokemon/257/"},{"name":"mudkip","url":"https://pokeapi.co/api/v2/pokemon/258/"},{"name":"marshtomp","url":"https://pokeapi.co/api/v2/pokemon/259/"},{"name":"swampert","url":"https://pokeapi.co/api/v2/pokemon/260/"},{"name":"zigzagoon","url":"https://pokeapi.co/api/v2/pokemon/263/"},{"name":"linoone","url":"https://pokeapi.co/api/v2/pokemon/264/"},{"name":"lotad","url":"https://pokeapi.co/api/v2/pokemon/270/"},{"name":"lombre","url":"https://pokeapi.co/api/v2/pokemon/271/"},{"name":"ludicolo","url":"https://pokeapi.co/api/v2/pokemon/272/"},{"name":"taillow","url":"https://pokeapi.co/api/v2/pokemon/276/"},{"name":"swellow","url":"https://pokeapi.co/api/v2/pokemon/277/"},{"name":"wingull","url":"https://pokeapi.co/api/v2/pokemon/278/"},{"name":"pelipper","url":"https://pokeapi.co/api/v2/pokemon/279/"},{"name":"ralts","url":"https://pokeapi.co/api/v2/pokemon/280/"},{"name":"kirlia","url":"https://pokeapi.co/api/v2/pokemon/281/"},{"name":"gardevoir","url":"https://pokeapi.co/api/v2/pokemon/282/"},{"name":"whismur","url":"https://pokeapi.co/api/v2/pokemon/293/"},{"name":"loudred","url":"https://pokeapi.co/api/v2/pokemon/294/"},{"name":"exploud","url":"https://pokeapi.co/api/v2/pokemon/295/"},{"name":"skitty","url":"https://pokeapi.co/api/v2/pokemon/300/"},{"name":"delcatty","url":"https://pokeapi.co/api/v2/pokemon/301/"},{"name":"plusle","url":"https://pokeapi.co/api/v2/pokemon/311/"},{"name":"minun","url":"https://pokeapi.co/api/v2/pokemon/312/"},{"name":"wailmer","url":"https://pokeapi.co/api/v2/pokemon/320/"},{"name":"wailord","url":"https://pokeapi.co/api/v2/pokemon/321/"},{"name":"numel","url":"https://pokeapi.co/api/v2/pokemon/322/"},{"name":"camerupt","url":"https://pokeapi.co/api/v2/pokemon/323/"},{"name":"swablu","url":"https://pokeapi.co/api/v2/pokemon/333/"},{"name":"altaria","url":"https://pokeapi.co/api/v2/pokemon/334/"},{"name":"chimecho","url":"https://pokeapi.co/api/v2/pokemon/358/"},{"name":"absol","url":"https://pokeapi.co/api/v2/pokemon/359/"},{"name":"spheal","url":"https://pokeapi.co/api/v2/pokemon/363/"},{"name":"sealeo","url":"https://pokeapi.co/api/v2/pokemon/364/"},{"name":"walrein","url":"https://pokeapi.co/api/v2/pokemon/365/"},{"name":"rayquaza","url":"https://pokeapi.co/api/v2/pokemon/384/"},{"name":"piplup","url":"https://pokeapi.co/api/v2/pokemon/393/"},{"name":"prinplup","url":"https://pokeapi.co/api/v2/pokemon/394/"},{"name":"empoleon","url":"https://pokeapi.co/api/v2/pokemon/395/"},{"name":"starly","url":"https://pokeapi.co/api/v2/pokemon/396/"},{"name":"staravia","url":"https://pokeapi.co/api/v2/pokemon/397/"},{"name":"staraptor","url":"https://pokeapi.co/api/v2/pokemon/398/"},{"name":"bidoof","url":"https://pokeapi.co/api/v2/pokemon/399/"},{"name":"bibarel","url":"https://pokeapi.co/api/v2/pokemon/400/"},{"name":"kricketune","url":"https://pokeapi.co/api/v2/pokemon/402/"},{"name":"pachirisu","url":"https://pokeapi.co/api/v2/pokemon/417/"},{"name":"buizel","url":"https://pokeapi.co/api/v2/pokemon/418/"},{"name":"floatzel","url":"https://pokeapi.co/api/v2/pokemon/419/"},{"name":"mismagius","url":"https://pokeapi.co/api/v2/pokemon/429/"},{"name":"glameow","url":"https://pokeapi.co/api/v2/pokemon/431/"},{"name":"purugly","url":"https://pokeapi.co/api/v2/pokemon/432/"},{"name":"chingling","url":"https://pokeapi.co/api/v2/pokemon/433/"},{"name":"happiny","url":"https://pokeapi.co/api/v2/pokemon/440/"},{"name":"chatot","url":"https://pokeapi.co/api/v2/pokemon/441/"},{"name":"togekiss","url":"https://pokeapi.co/api/v2/pokemon/468/"},{"name":"leafeon","url":"https://pokeapi.co/api/v2/pokemon/470/"},{"name":"glaceon","url":"https://pokeapi.co/api/v2/pokemon/471/"},{"name":"gallade","url":"https://pokeapi.co/api/v2/pokemon/475/"},{"name":"dialga","url":"https://pokeapi.co/api/v2/pokemon/483/"},{"name":"palkia","url":"https://pokeapi.co/api/v2/pokemon/484/"},{"name":"giratina-altered","url":"https://pokeapi.co/api/v2/pokemon/487/"},{"name":"arceus","url":"https://pokeapi.co/api/v2/pokemon/493/"},{"name":"tepig","url":"https://pokeapi.co/api/v2/pokemon/498/"},{"name":"pignite","url":"https://pokeapi.co/api/v2/pokemon/499/"},{"name":"emboar","url":"https://pokeapi.co/api/v2/pokemon/500/"},{"name":"purrloin","url":"https://pokeapi.co/api/v2/pokemon/509/"},{"name":"liepard","url":"https://pokeapi.co/api/v2/pokemon/510/"},{"name":"pidove","url":"https://pokeapi.co/api/v2/pokemon/519/"},{"name":"tranquill","url":"https://pokeapi.co/api/v2/pokemon/520/"},{"name":"unfezant","url":"https://pokeapi.co/api/v2/pokemon/521/"},{"name":"audino","url":"https://pokeapi.co/api/v2/pokemon/531/"},{"name":"tympole","url":"https://pokeapi.co/api/v2/pokemon/535/"},{"name":"palpitoad","url":"https://pokeapi.co/api/v2/pokemon/536/"},{"name":"seismitoad","url":"https://pokeapi.co/api/v2/pokemon/537/"},{"name":"minccino","url":"https://pokeapi.co/api/v2/pokemon/572/"},{"name":"cinccino","url":"https://pokeapi.co/api/v2/pokemon/573/"},{"name":"deerling","url":"https://pokeapi.co/api/v2/pokemon/585/"},{"name":"sawsbuck","url":"https://pokeapi.co/api/v2/pokemon/586/"},{"name":"elgyem","url":"https://pokeapi.co/api/v2/pokemon/605/"},{"name":"beheeyem","url":"https://pokeapi.co/api/v2/pokemon/606/"},{"name":"cubchoo","url":"https://pokeapi.co/api/v2/pokemon/613/"},{"name":"beartic","url":"https://pokeapi.co/api/v2/pokemon/614/"},{"name":"hydreigon","url":"https://pokeapi.co/api/v2/pokemon/635/"},{"name":"reshiram","url":"https://pokeapi.co/api/v2/pokemon/643/"},{"name":"zekrom","url":"https://pokeapi.co/api/v2/pokemon/644/"},{"name":"kyurem","url":"https://pokeapi.co/api/v2/pokemon/646/"},{"name":"meloetta-aria","url":"https://pokeapi.co/api/v2/pokemon/648/"},{"name":"fennekin","url":"https://pokeapi.co/api/v2/pokemon/653/"},{"name":"braixen","url":"https://pokeapi.co/api/v2/pokemon/654/"},{"name":"delphox","url":"https://pokeapi.co/api/v2/pokemon/655/"},{"name":"froakie","url":"https://pokeapi.co/api/v2/pokemon/656/"},{"name":"frogadier","url":"https://pokeapi.co/api/v2/pokemon/657/"},{"name":"greninja","url":"https://pokeapi.co/api/v2/pokemon/658/"},{"name":"litleo","url":"https://pokeapi.co/api/v2/pokemon/667/"},{"name":"pyroar","url":"https://pokeapi.co/api/v2/pokemon/668/"},{"name":"flabebe","url":"https://pokeapi.co/api/v2/pokemon/669/"},{"name":"floette","url":"https://pokeapi.co/api/v2/pokemon/670/"},{"name":"florges","url":"https://pokeapi.co/api/v2/pokemon/671/"},{"name":"pancham","url":"https://pokeapi.co/api/v2/pokemon/674/"},{"name":"pangoro","url":"https://pokeapi.co/api/v2/pokemon/675/"},{"name":"furfrou","url":"https://pokeapi.co/api/v2/pokemon/676/"},{"name":"espurr","url":"https://pokeapi.co/api/v2/pokemon/677/"},{"name":"meowstic-male","url":"https://pokeapi.co/api/v2/pokemon/678/"},{"name":"spritzee","url":"https://pokeapi.co/api/v2/pokemon/682/"},{"name":"aromatisse","url":"https://pokeapi.co/api/v2/pokemon/683/"},{"name":"amaura","url":"https://pokeapi.co/api/v2/pokemon/698/"},{"name":"aurorus","url":"https://pokeapi.co/api/v2/pokemon/699/"},{"name":"sylveon","url":"https://pokeapi.co/api/v2/pokemon/700/"},{"name":"noibat","url":"https://pokeapi.co/api/v2/pokemon/714/"},{"name":"noivern","url":"https://pokeapi.co/api/v2/pokemon/715/"},{"name":"xerneas","url":"https://pokeapi.co/api/v2/pokemon/716/"},{"name":"rowlet","url":"https://pokeapi.co/api/v2/pokemon/722/"},{"name":"dartrix","url":"https://pokeapi.co/api/v2/pokemon/723/"},{"name":"decidueye","url":"https://pokeapi.co/api/v2/pokemon/724/"},{"name":"popplio","url":"https://pokeapi.co/api/v2/pokemon/728/"},{"name":"brionne","url":"https://pokeapi.co/api/v2/pokemon/729/"},{"name":"primarina","url":"https://pokeapi.co/api/v2/pokemon/730/"},{"name":"pikipek","url":"https://pokeapi.co/api/v2/pokemon/731/"},{"name":"trumbeak","url":"https://pokeapi.co/api/v2/pokemon/732/"},{"name":"toucannon","url":"https://pokeapi.co/api/v2/pokemon/733/"},{"name":"yungoos","url":"https://pokeapi.co/api/v2/pokemon/734/"},{"name":"gumshoos","url":"https://pokeapi.co/api/v2/pokemon/735/"},{"name":"rockruff","url":"https://pokeapi.co/api/v2/pokemon/744/"},{"name":"lycanroc-midday","url":"https://pokeapi.co/api/v2/pokemon/745/"},{"name":"comfey","url":"https://pokeapi.co/api/v2/pokemon/764/"},{"name":"drampa","url":"https://pokeapi.co/api/v2/pokemon/780/"},{"name":"jangmo-o","url":"https://pokeapi.co/api/v2/pokemon/782/"},{"name":"hakamo-o","url":"https://pokeapi.co/api/v2/pokemon/783/"},{"name":"kommo-o","url":"https://pokeapi.co/api/v2/pokemon/784/"},{"name":"tapu-koko","url":"https://pokeapi.co/api/v2/pokemon/785/"},{"name":"tapu-lele","url":"https://pokeapi.co/api/v2/pokemon/786/"},{"name":"tapu-bulu","url":"https://pokeapi.co/api/v2/pokemon/787/"},{"name":"tapu-fini","url":"https://pokeapi.co/api/v2/pokemon/788/"},{"name":"nihilego","url":"https://pokeapi.co/api/v2/pokemon/793/"},{"name":"pheromosa","url":"https://pokeapi.co/api/v2/pokemon/795/"},{"name":"magearna","url":"https://pokeapi.co/api/v2/pokemon/801/"},{"name":"marshadow","url":"https://pokeapi.co/api/v2/pokemon/802/"},{"name":"poipole","url":"https://pokeapi.co/api/v2/pokemon/803/"},{"name":"naganadel","url":"https://pokeapi.co/api/v2/pokemon/804/"},{"name":"zeraora","url":"https://pokeapi.co/api/v2/pokemon/807/"},{"name":"arctozolt","url":"https://pokeapi.co/api/v2/pokemon/881/"},{"name":"lechonk","url":"https://pokeapi.co/api/v2/pokemon/915/"},{"name":"oinkologne","url":"https://pokeapi.co/api/v2/pokemon/916/"},{"name":"tandemaus","url":"https://pokeapi.co/api/v2/pokemon/924/"},{"name":"maushold","url":"https://pokeapi.co/api/v2/pokemon/925/"},{"name":"cetoddle","url":"https://pokeapi.co/api/v2/pokemon/974/"},{"name":"cetitan","url":"https://pokeapi.co/api/v2/pokemon/975/"},{"name":"giratina-origin","url":"https://pokeapi.co/api/v2/pokemon/10007/"},{"name":"meloetta-pirouette","url":"https://pokeapi.co/api/v2/pokemon/10018/"},{"name":"kyurem-black","url":"https://pokeapi.co/api/v2/pokemon/10022/"},{"name":"kyurem-white","url":"https://pokeapi.co/api/v2/pokemon/10023/"},{"name":"meowstic-female","url":"https://pokeapi.co/api/v2/pokemon/10025/"},{"name":"venusaur-mega","url":"https://pokeapi.co/api/v2/pokemon/10033/"},{"name":"charizard-mega-x","url":"https://pokeapi.co/api/v2/pokemon/10034/"},{"name":"charizard-mega-y","url":"https://pokeapi.co/api/v2/pokemon/10035/"},{"name":"ampharos-mega","url":"https://pokeapi.co/api/v2/pokemon/10045/"},{"name":"blaziken-mega","url":"https://pokeapi.co/api/v2/pokemon/10050/"},{"name":"gardevoir-mega","url":"https://pokeapi.co/api/v2/pokemon/10051/"},{"name":"absol-mega","url":"https://pokeapi.co/api/v2/pokemon/10057/"},{"name":"floette-eternal","url":"https://pokeapi.co/api/v2/pokemon/10061/"},{"name":"swampert-mega","url":"https://pokeapi.co/api/v2/pokemon/10064/"},{"name":"altaria-mega","url":"https://pokeapi.co/api/v2/pokemon/10067/"},{"name":"gallade-mega","url":"https://pokeapi.co/api/v2/pokemon/10068/"},{"name":"audino-mega","url":"https://pokeapi.co/api/v2/pokemon/10069/"},{"name":"slowbro-mega","url":"https://pokeapi.co/api/v2/pokemon/10071/"},{"name":"rayquaza-mega","url":"https://pokeapi.co/api/v2/pokemon/10079/"},{"name":"pikachu-rock-star","url":"https://pokeapi.co/api/v2/pokemon/10080/"},{"name":"pikachu-belle","url":"https://pokeapi.co/api/v2/pokemon/10081/"},{"name":"pikachu-pop-star","url":"https://pokeapi.co/api/v2/pokemon/10082/"},{"name":"pikachu-phd","url":"https://pokeapi.co/api/v2/pokemon/10083/"},{"name":"pikachu-libre","url":"https://pokeapi.co/api/v2/pokemon/10084/"},{"name":"pikachu-cosplay","url":"https://pokeapi.co/api/v2/pokemon/10085/"},{"name":"camerupt-mega","url":"https://pokeapi.co/api/v2/pokemon/10087/"},{"name":"pikachu-original-cap","url":"https://pokeapi.co/api/v2/pokemon/10094/"},{"name":"pikachu-hoenn-cap","url":"https://pokeapi.co/api/v2/pokemon/10095/"},{"name":"pikachu-sinnoh-cap","url":"https://pokeapi.co/api/v2/pokemon/10096/"},{"name":"pikachu-unova-cap","url":"https://pokeapi.co/api/v2/pokemon/10097/"},{"name":"pikachu-kalos-cap","url":"https://pokeapi.co/api/v2/pokemon/10098/"},{"name":"pikachu-alola-cap","url":"https://pokeapi.co/api/v2/pokemon/10099/"},{"name":"raichu-alola","url":"https://pokeapi.co/api/v2/pokemon/10100/"},{"name":"diglett-alola","url":"https://pokeapi.co/api/v2/pokemon/10105/"},{"name":"dugtrio-alola","url":"https://pokeapi.co/api/v2/pokemon/10106/"},{"name":"meowth-alola","url":"https://pokeapi.co/api/v2/pokemon/10107/"},{"name":"persian-alola","url":"https://pokeapi.co/api/v2/pokemon/10108/"},{"name":"golem-alola","url":"https://pokeapi.co/api/v2/pokemon/10111/"},{"name":"marowak-alola","url":"https://pokeapi.co/api/v2/pokemon/10115/"},{"name":"greninja-battle-bond","url":"https://pokeapi.co/api/v2/pokemon/10116/"},{"name":"greninja-ash","url":"https://pokeapi.co/api/v2/pokemon/10117/"},{"name":"gumshoos-totem","url":"https://pokeapi.co/api/v2/pokemon/10121/"},{"name":"lycanroc-midnight","url":"https://pokeapi.co/api/v2/pokemon/10126/"},{"name":"kommo-o-totem","url":"https://pokeapi.co/api/v2/pokemon/10146/"},{"name":"magearna-original","url":"https://pokeapi.co/api/v2/pokemon/10147/"},{"name":"pikachu-partner-cap","url":"https://pokeapi.co/api/v2/pokemon/10148/"},{"name":"marowak-totem","url":"https://pokeapi.co/api/v2/pokemon/10149/"},{"name":"rockruff-own-tempo","url":"https://pokeapi.co/api/v2/pokemon/10151/"},{"name":"lycanroc-dusk","url":"https://pokeapi.co/api/v2/pokemon/10152/"},{"name":"oinkologne-female","url":"https://pokeapi.co/api/v2/pokemon/10254/"},{"name":"maushold-family-of-three","url":"https://pokeapi.co/api/v2/pokemon/10257/"}],"machines":[{"machine":{"url":"https://pokeapi.co/api/v2/machine/972/"},"version_group":{"name":"black-white","url":"https://pokeapi.co/api/v2/version-group/11/"}},{"machine":{"url":"https://pokeapi.co/api/v2/machine/975/"},"version_group":{"name":"black-2-white-2","url":"https://pokeapi.co/api/v2/version-group/14/"}},{"machine":{"url":"https://pokeapi.co/api/v2/machine/976/"},"version_group":{"name":"x-y","url":"https://pokeapi.co/api/v2/version-group/15/"}},{"machine":{"url":"https://pokeapi.co/api/v2/machine/977/"},"version_group":{"name":"omega-ruby-alpha-sapphire","url":"https://pokeapi.co/api/v2/version-group/16/"}},{"machine":{"url":"https://pokeapi.co/api/v2/machine/978/"},"version_group":{"name":"sun-moon","url":"https://pokeapi.co/api/v2/version-group/17/"}},{"machine":{"url":"https://pokeapi.co/api/v2/machine/979/"},"version_group":{"name":"ultra-sun-ultra-moon","url":"https://pokeapi.co/api/v2/version-group/18/"}}],"meta":{"ailment":{"name":"none","url":"https://pokeapi.co/api/v2/move-ailment/0/"},"ailment_chance":0,"category":{"name":"damage","url":"https://pokeapi.co/api/v2/move-category/0/"},"crit_rate":0,"drain":0,"flinch_chance":0,"healing":0,"max_hits":null,"max_turns":null,"min_hits":null,"min_turns":null,"stat_chance":0},"name":"echoed-voice","names":[{"language":{"name":"ja-Hrkt","url":"https://pokeapi.co/api/v2/language/1/"},"name":"エコーボイス"},{"language":{"name":"ko","url":"https://pokeapi.co/api/v2/language/3/"},"name":"에코보이스"},{"language":{"name":"zh-Hant","url":"https://pokeapi.co/api/v2/language/4/"},"name":"回聲"},{"language":{"name":"fr","url":"https://pokeapi.co/api/v2/language/5/"},"name":"Écho"},{"language":{"name":"de","url":"https://pokeapi.co/api/v2/language/6/"},"name":"Widerhall"},{"language":{"name":"es","url":"https://pokeapi.co/api/v2/language/7/"},"name":"Eco Voz"},{"language":{"name":"it","url":"https://pokeapi.co/api/v2/language/8/"},"name":"Echeggiavoce"},{"language":{"name":"en","url":"https://pokeapi.co/api/v2/language/9/"},"name":"Echoed Voice"},{"language":{"name":"ja","url":"https://pokeapi.co/api/v2/language/11/"},"name":"エコーボイス"},{"language":{"name":"zh-Hans","url":"https://pokeapi.co/api/v2/language/12/"},"name":"回声"}],"past_values":[],"power":40,"pp":15,"priority":0,"stat_changes":[],"super_contest_effect":null,"target":{"name":"selected-pokemon","url":"https://pokeapi.co/api/v2/move-target/10/"},"type":{"name":"normal","url":"https://pokeapi.co/api/v2/type/1/"}}