{"accuracy":100,"contest_combos":{"normal":{"use_after":[{"name":"sunny-day","url":"https://pokeapi.co/api/v2/move/241/"}],"use_before":null},"super":{"use_after":null,"use_before":null}},"contest_effect":{"url":"https://pokeapi.co/api/v2/contest-effect/1/"},"contest_type":{"name":"beauty","url":"https://pokeapi.co/api/v2/contest-type/2/"},"damage_class":{"name":"special","url":"https://pokeapi.co/api/v2/move-damage-class/3/"},"effect_chance":10,"effect_changes":[],"effect_entries":[{"effect":"Inflicts regular damage.  Has a $effect_chance% chance to burn the target.","language":{"name":"en","url":"https://pokeapi.co/api/v2/language/9/"},"short_effect":"Has a $effect_chance% chance to burn the target."}],"flavor_text_entries":[{"flavor_text":"An attack that may\ninflict a burn.","language":{"name":"en","url":"https://pokeapi.co/api/v2/language/9/"},"version_group":{"name":"gold-silver","url":"https://pokeapi.co/api/v2/version-group/3/"}},{"flavor_text":"An attack that may\ninflict a burn.","language":{"name":"en","url":"https://pokeapi.co/api/v2/language/9/"},"version_group":{"name":"crystal","url":"https://pokeapi.co/api/v2/version-group/4/"}},{"flavor_text":"A weak fire attack that may\ninflict a burn.","language":{"name":"en","url":"https://pokeapi.co/api/v2/language/9/"},"version_group":{"name":"ruby-sapphire","url":"https://pokeapi.co/api/v2/version-group/5/"}},{"flavor_text":"A weak fire attack that may\ninflict a burn.","language":{"name":"en","url":"https://pokeapi.co/api/v2/language/9/"},"version_group":{"name":"emerald","url":"https://pokeapi.co/api/v2/version-group/6/"}},{"flavor_text":"The foe is attacked\nwith small flames.\nThe foe may suffer\na burn.","language":{"name":"en","url":"https://pokeapi.co/api/v2/language/9/"},"version_group":{"name":"firered-leafgreen","url":"https://pokeapi.co/api/v2/version-group/7/"}},{"flavor_text":"The foe is attacked\nwith small flames.\nThe target may also\nbe left with a burn.\n","language":{"name":"en","url":"https://pokeapi.co/api/v2/language/9/"},"version_group":{"name":"diamond-pearl","url":"https://pokeapi.co/api/v2/version-group/8/"}},{"flavor_text":"The foe is attacked\nwith small flames.\nThe target may also\nbe left with a burn.\n","language":{"name":"en","url":"https://pokeapi.co/api/v2/language/9/"},"version_group":{"name":"platinum","url":"https://pokeapi.co/api/v2/version-group/9/"}},{"flavor_text":"The foe is attacked\nwith small flames.\nThe target may also\nbe left with a burn.\n","language":{"name":"en","url":"https://pokeapi.co/api/v2/language/9/"},"version_group":{"name":"heartgold-soulsilver","url":"https://pokeapi.co/api/v2/version-group/10/"}},{"flavor_text":"L’ennemi est attaqué par de faibles\nflammes. Peut aussi le brûler.","language":{"name":"fr","url":"https://pokeapi.co/api/v2/language/5/"},"version_group":{"name":"black-white","url":"https://pokeapi.co/api/v2/version-group/11/"}},{"flavor_text":"The target is attacked with small flames.\nIt may also leave the target with a burn.","language":{"name":"en","url":"https://pokeapi.co/api/v2/language/9/"},"version_group":{"name":"black-white","url":"https://pokeapi.co/api/v2/version-group/11/"}},{"flavor_text":"The target is attacked with small flames.\nIt may also leave the target with a burn.","language":{"name":"en","url":"https://pokeapi.co/api/v2/language/9/"},"version_group":{"name":"black-2-white-2","url":"https://pokeapi.co/api/v2/version-group/14/"}},{"flavor_text":"ちいさな　ほのおを\nあいてに　はっしゃして　こうげきする。\nやけど　じょうたいに　することが　ある。","language":{"name":"ja-Hrkt","url":"https://pokeapi.co/api/v2/language/1/"},"version_group":{"name":"x-y","url":"https://pokeapi.co/api/v2/version-group/15/"}},{"flavor_text":"작은 불꽃을\n상대에게 발사하여 공격한다.\n화상 상태로 만들 때가 있다.","language":{"name":"ko","url":"https://pokeapi.co/api/v2/language/3/"},"version_group":{"name":"x-y","url":"https://pokeapi.co/api/v2/version-group/15/"}},{"flavor_text":"L’ennemi est attaqué par de faibles flammes.\nPeut aussi le brûler.","language":{"name":"fr","url":"https://pokeapi.co/api/v2/language/5/"},"version_group":{"name":"x-y","url":"https://pokeapi.co/api/v2/version-group/15/"}},{"flavor_text":"Schwache Feuer-Attacke, durch die das Ziel\neventuell Verbrennungen erleidet.","language":{"name":"de","url":"https://pokeapi.co/api/v2/language/6/"},"version_group":{"name":"x-y","url":"https://pokeapi.co/api/v2/version-group/15/"}},{"flavor_text":"Ataca con llamas pequeñas que pueden causar\nquemaduras.","language":{"name":"es","url":"https://pokeapi.co/api/v2/language/7/"},"version_group":{"name":"x-y","url":"https://pokeapi.co/api/v2/version-group/15/"}},{"flavor_text":"Il bersaglio viene colpito da fiammelle che possono\nanche scottarlo.","language":{"name":"it","url":"https://pokeapi.co/api/v2/language/8/"},"version_group":{"name":"x-y","url":"https://pokeapi.co/api/v2/version-group/15/"}},{"flavor_text":"The target is attacked with small flames.\nThis may also leave the target with a burn.","language":{"name":"en","url":"https://pokeapi.co/api/v2/language/9/"},"version_group":{"name":"x-y","url":"https://pokeapi.co/api/v2/version-group/15/"}},{"flavor_text":"小さな　炎を\n相手に　発射して　攻撃する。\nやけど状態に　することが　ある。","language":{"name":"ja","url":"https://pokeapi.co/api/v2/language/11/"},"version_group":{"name":"x-y","url":"https://pokeapi.co/api/v2/version-group/15/"}},{"flavor_text":"ちいさな　ほのおを\nあいてに　はっしゃして　こうげきする。\nやけど　じょうたいに　することが　ある。","language":{"name":"ja-Hrkt","url":"https://pokeapi.co/api/v2/language/1/"},"version_group":{"name":"omega-ruby-alpha-sapphire","url":"https://pokeapi.co/api/v2/version-group/16/"}},{"flavor_text":"작은 불꽃을\n상대에게 발사하여 공격한다.\n화상 상태로 만들 때가 있다.","language":{"name":"ko","url":"https://pokeapi.co/api/v2/language/3/"},"version_group":{"name":"omega-ruby-alpha-sapphire","url":"https://pokeapi.co/api/v2/version-group/16/"}},{"flavor_text":"L’ennemi est attaqué par une faible flamme.\nPeut aussi le brûler.","language":{"name":"fr","url":"https://pokeapi.co/api/v2/language/5/"},"version_group":{"name":"omega-ruby-alpha-sapphire","url":"https://pokeapi.co/api/v2/version-group/16/"}},{"flavor_text":"Schwache Feuer-Attacke, durch die das Ziel\neventuell Verbrennungen erleidet.","language":{"name":"de","url":"https://pokeapi.co/api/v2/language/6/"},"version_group":{"name":"omega-ruby-alpha-sapphire","url":"https://pokeapi.co/api/v2/version-group/16/"}},{"flavor_text":"Ataca con llamas pequeñas que pueden causar \nquemaduras.","language":{"name":"es","url":"https://pokeapi.co/api/v2/language/7/"},"version_group":{"name":"omega-ruby-alpha-sapphire","url":"https://pokeapi.co/api/v2/version-group/16/"}},{"flavor_text":"Il bersaglio viene colpito da fiammelle che possono \nanche scottarlo.","language":{"name":"it","url":"https://pokeapi.co/api/v2/language/8/"},"version_group":{"name":"omega-ruby-alpha-sapphire","url":"https://pokeapi.co/api/v2/version-group/16/"}},{"flavor_text":"The target is attacked with small flames.\nThis may also leave the target with a burn.","language":{"name":"en","url":"https://pokeapi.co/api/v2/language/9/"},"version_group":{"name":"omega-ruby-alpha-sapphire","url":"https://pokeapi.co/api/v2/version-group/16/"}},{"flavor_text":"小さな　炎を\n相手に　発射して　攻撃する。\nやけど状態に　することが　ある。","language":{"name":"ja","url":"https://pokeapi.co/api/v2/language/11/"},"version_group":{"name":"omega-ruby-alpha-sapphire","url":"https://pokeapi.co/api/v2/version-group/16/"}},{"flavor_text":"ちいさな　ほのおを\nあいてに　はっしゃして　こうげきする。\nやけど　じょうたいに　することが　ある。","language":{"name":"ja-Hrkt","url":"https://pokeapi.co/api/v2/language/1/"},"version_group":{"name":"sun-moon","url":"https://pokeapi.co/api/v2/version-group/17/"}},{"flavor_text":"작은 불꽃을\n상대에게 발사하여 공격한다.\n화상 상태로 만들 때가 있다.","language":{"name":"ko","url":"https://pokeapi.co/api/v2/language/3/"},"version_group":{"name":"sun-moon","url":"https://pokeapi.co/api/v2/version-group/17/"}},{"flavor_text":"向對手發射\n小火焰進行攻擊。\n有時會讓對手陷入灼傷狀態。","language":{"name":"zh-Hant","url":"https://pokeapi.co/api/v2/language/4/"},"version_group":{"name":"sun-moon","url":"https://pokeapi.co/api/v2/version-group/17/"}},{"flavor_text":"L’ennemi est attaqué par une faible flamme.\nPeut aussi le brûler.","language":{"name":"fr","url":"https://pokeapi.co/api/v2/language/5/"},"version_group":{"name":"sun-moon","url":"https://pokeapi.co/api/v2/version-group/17/"}},{"flavor_text":"Schwache Feuer-Attacke, durch die das Ziel\neventuell Verbrennungen erleidet.","language":{"name":"de","url":"https://pokeapi.co/api/v2/language/6/"},"version_group":{"name":"sun-moon","url":"https://pokeapi.co/api/v2/version-group/17/"}},{"flavor_text":"Ataca con llamas pequeñas que pueden causar \nquemaduras.","language":{"name":"es","url":"https://pokeapi.co/api/v2/language/7/"},"version_group":{"name":"sun-moon","url":"https://pokeapi.co/api/v2/version-group/17/"}},{"flavor_text":"Il bersaglio viene colpito da fiammelle che possono\nanche scottarlo.","language":{"name":"it","url":"https://pokeapi.co/api/v2/language/8/"},"version_group":{"name":"sun-moon","url":"https://pokeapi.co/api/v2/version-group/17/"}},{"flavor_text":"The target is attacked with small flames. This may\nalso leave the target with a burn.","language":{"name":"en","url":"https://pokeapi.co/api/v2/language/9/"},"version_group":{"name":"sun-moon","url":"https://pokeapi.co/api/v2/version-group/17/"}},{"flavor_text":"小さな　炎を\n相手に　発射して　攻撃する。\nやけど状態に　することが　ある。","language":{"name":"ja","url":"https://pokeapi.co/api/v2/language/11/"},"version_group":{"name":"sun-moon","url":"https://pokeapi.co/api/v2/version-group/17/"}},{"flavor_text":"向对手发射\n小型火焰进行攻击。\n有时会让对手陷入灼伤状态。","language":{"name":"zh-Hans","url":"https://pokeapi.co/api/v2/language/12/"},"version_group":{"name":"sun-moon","url":"https://pokeapi.co/api/v2/version-group/17/"}},{"flavor_text":"ちいさな　ほのおを\nあいてに　はっしゃして　こうげきする。\nやけど　じょうたいに　することが　ある。","language":{"name":"ja-Hrkt","url":"https://pokeapi.co/api/v2/language/1/"},"version_group":{"name":"ultra-sun-ultra-moon","url":"https://pokeapi.co/api/v2/version-group/18/"}},{"flavor_text":"작은 불꽃을\n상대에게 발사하여 공격한다.\n화상 상태로 만들 때가 있다.","language":{"name":"ko","url":"https://pokeapi.co/api/v2/language/3/"},"version_group":{"name":"ultra-sun-ultra-moon","url":"https://pokeapi.co/api/v2/version-group/18/"}},{"flavor_text":"向對手發射\n小火焰進行攻擊。\n有時會讓對手陷入灼傷狀態。","language":{"name":"zh-Hant","url":"https://pokeapi.co/api/v2/language/4/"},"version_group":{"name":"ultra-sun-ultra-moon","url":"https://pokeapi.co/api/v2/version-group/18/"}},{"flavor_text":"L’ennemi est attaqué par une faible flamme.\nPeut aussi le brûler.","language":{"name":"fr","url":"https://pokeapi.co/api/v2/language/5/"},"version_group":{"name":"ultra-sun-ultra-moon","url":"https://pokeapi.co/api/v2/version-group/18/"}},{"flavor_text":"Schwache Feuer-Attacke, durch die das Ziel\neventuell Verbrennungen erleidet.","language":{"name":"de","url":"https://pokeapi.co/api/v2/language/6/"},"version_group":{"name":"ultra-sun-ultra-moon","url":"https://pokeapi.co/api/v2/version-group/18/"}},{"flavor_text":"Ataca con llamas pequeñas que pueden causar \nquemaduras.","language":{"name":"es","url":"https://pokeapi.co/api/v2/language/7/"},"version_group":{"name":"ultra-sun-ultra-moon","url":"https://pokeapi.co/api/v2/version-group/18/"}},{"flavor_text":"Il bersaglio viene colpito da fiammelle che possono\nanche scottarlo.","language":{"name":"it","url":"https://pokeapi.co/api/v2/language/8/"},"version_group":{"name":"ultra-sun-ultra-moon","url":"https://pokeapi.co/api/v2/version-group/18/"}},{"flavor_text":"The target is attacked with small flames. This may\nalso leave the target with a burn.","language":{"name":"en","url":"https://pokeapi.co/api/v2/language/9/"},"version_group":{"name":"ultra-sun-ultra-moon","url":"https://pokeapi.co/api/v2/version-group/18/"}},{"flavor_text":"小さな　炎を\n相手に　発射して　攻撃する。\nやけど状態に　することが　ある。","language":{"name":"ja","url":"https://pokeapi.co/api/v2/language/11/"},"version_group":{"name":"ultra-sun-ultra-moon","url":"https://pokeapi.co/api/v2/version-group/18/"}},{"flavor_text":"向对手发射\n小型火焰进行攻击。\n有时会让对手陷入灼伤状态。","language":{"name":"zh-Hans","url":"https://pokeapi.co/api/v2/language/12/"},"version_group":{"name":"ultra-sun-ultra-moon","url":"https://pokeapi.co/api/v2/version-group/18/"}},{"flavor_text":"ちいさな　ほのおを\nあいてに　はっしゃして　こうげきする。\nやけど　じょうたいに　することが　ある。","language":{"name":"ja-Hrkt","url":"https://pokeapi.co/api/v2/language/1/"},"version_group":{"name":"lets-go-pikachu-lets-go-eevee","url":"https://pokeapi.co/api/v2/version-group/19/"}},{"flavor_text":"작은 불꽃을\n상대에게 발사하여 공격한다.\n화상 상태로 만들 때가 있다.","language":{"name":"ko","url":"https://pokeapi.co/api/v2/language/3/"},"version_group":{"name":"lets-go-pikachu-lets-go-eevee","url":"https://pokeapi.co/api/v2/version-group/19/"}},{"flavor_text":"向對手發射\n小火焰進行攻擊。\n有時會讓對手陷入灼傷狀態。","language":{"name":"zh-Hant","url":"https://pokeapi.co/api/v2/language/4/"},"version_group":{"name":"lets-go-pikachu-lets-go-eevee","url":"https://pokeapi.co/api/v2/version-group/19/"}},{"flavor_text":"L’ennemi est attaqué par une faible flamme.\nPeut aussi le brûler.","language":{"name":"fr","url":"https://pokeapi.co/api/v2/language/5/"},"version_group":{"name":"lets-go-pikachu-lets-go-eevee","url":"https://pokeapi.co/api/v2/version-group/19/"}},{"flavor_text":"Schwache Feuer-Attacke, durch die das Ziel\neventuell Verbrennungen erleidet.","language":{"name":"de","url":"https://pokeapi.co/api/v2/language/6/"},"version_group":{"name":"lets-go-pikachu-lets-go-eevee","url":"https://pokeapi.co/api/v2/version-group/19/"}},{"flavor_text":"Ataca con llamas pequeñas que pueden causar \nquemaduras.","language":{"name":"es","url":"https://pokeapi.co/api/v2/language/7/"},"version_group":{"name":"lets-go-pikachu-lets-go-eevee","url":"https://pokeapi.co/api/v2/version-group/19/"}},{"flavor_text":"Il bersaglio viene colpito da fiammelle che possono\nanche scottarlo.","language":{"name":"it","url":"https://pokeapi.co/api/v2/language/8/"},"version_group":{"name":"lets-go-pikachu-lets-go-eevee","url":"https://pokeapi.co/api/v2/version-group/19/"}},{"flavor_text":"The target is attacked with small flames. This may\nalso leave the target with a burn.","language":{"name":"en","url":"https://pokeapi.co/api/v2/language/9/"},"version_group":{"name":"lets-go-pikachu-lets-go-eevee","url":"https://pokeapi.co/api/v2/version-group/19/"}},{"flavor_text":"小さな　炎を\n相手に　発射して　攻撃する。\nやけど状態に　することが　ある。","language":{"name":"ja","url":"https://pokeapi.co/api/v2/language/11/"},"version_group":{"name":"lets-go-pikachu-lets-go-eevee","url":"https://pokeapi.co/api/v2/version-group/19/"}},{"flavor_text":"向对手发射\n小型火焰进行攻击。\n有时会让对手陷入灼伤状态。","language":{"name":"zh-Hans","url":"https://pokeapi.co/api/v2/language/12/"},"version_group":{"name":"lets-go-pikachu-lets-go-eevee","url":"https://pokeapi.co/api/v2/version-group/19/"}},{"flavor_text":"ちいさな　ほのおを\nあいてに　はっしゃして　こうげきする。\nやけど　じょうたいに　することが　ある。","language":{"name":"ja-Hrkt","url":"https://pokeapi.co/api/v2/language/1/"},"version_group":{"name":"sword-shield","url":"https://pokeapi.co/api/v2/version-group/20/"}},{"flavor_text":"작은 불꽃을\n상대에게 발사하여 공격한다.\n화상 상태로 만들 때가 있다.","language":{"name":"ko","url":"https://pokeapi.co/api/v2/language/3/"},"version_group":{"name":"sword-shield","url":"https://pokeapi.co/api/v2/version-group/20/"}},{"flavor_text":"向對手發射\n小火焰進行攻擊。\n有時會讓對手陷入灼傷狀態。","language":{"name":"zh-Hant","url":"https://pokeapi.co/api/v2/language/4/"},"version_group":{"name":"sword-shield","url":"https://pokeapi.co/api/v2/version-group/20/"}},{"flavor_text":"L’ennemi est attaqué par une faible flamme.\nPeut aussi le brûler.","language":{"name":"fr","url":"https://pokeapi.co/api/v2/language/5/"},"version_group":{"name":"sword-shield","url":"https://pokeapi.co/api/v2/version-group/20/"}},{"flavor_text":"Schwache Feuer-Attacke, durch die das Ziel eventuell\nVerbrennungen erleidet.","language":{"name":"de","url":"https://pokeapi.co/api/v2/language/6/"},"version_group":{"name":"sword-shield","url":"https://pokeapi.co/api/v2/version-group/20/"}},{"flavor_text":"Ataca con llamas pequeñas que pueden causar \nquemaduras.","language":{"name":"es","url":"https://pokeapi.co/api/v2/language/7/"},"version_group":{"name":"sword-shield","url":"https://pokeapi.co/api/v2/version-group/20/"}},{"flavor_text":"Il bersaglio viene colpito da fiammelle che possono\nanche scottarlo.","language":{"name":"it","url":"https://pokeapi.co/api/v2/language/8/"},"version_group":{"name":"sword-shield","url":"https://pokeapi.co/api/v2/version-group/20/"}},{"flavor_text":"The target is attacked with small flames. This may\nalso leave the target with a burn.","language":{"name":"en","url":"https://pokeapi.co/api/v2/language/9/"},"version_group":{"name":"sword-shield","url":"https://pokeapi.co/api/v2/version-group/20/"}},{"flavor_text":"小さな　炎を\n相手に　発射して　攻撃する。\nやけど状態に　することが　ある。","language":{"name":"ja","url":"https://pokeapi.co/api/v2/language/11/"},"version_group":{"name":"sword-shield","url":"https://pokeapi.co/api/v2/version-group/20/"}},{"flavor_text":"向对手发射\n小型火焰进行攻击。\n有时会让对手陷入灼伤状态。","language":{"name":"zh-Hans","url":"https://pokeapi.co/api/v2/language/12/"},"version_group":{"name":"sword-shield","url":"https://pokeapi.co/api/v2/version-group/20/"}}],"generation":{"name":"generation-i","url":"https://pokeapi.co/api/v2/generation/1/"},"id":52,"learned_by_pokemon":[{"name":"charmander","url":"https://pokeapi.co/api/v2/pokemon/4/"},{"name":"charmeleon","url":"https://pokeapi.co/api/v2/pokemon/5/"},{"name":"charizard","url":"https://pokeapi.co/api/v2/pokemon/6/"},{"name":"vulpix","url":"https://pokeapi.co/api/v2/pokemon/37/"},{"name":"ninetales","url":"https://pokeapi.co/api/v2/pokemon/38/"},{"name":"growlithe","url":"https://pokeapi.co/api/v2/pokemon/58/"},{"name":"arcanine","url":"https://pokeapi.co/api/v2/pokemon/59/"},{"name":"ponyta","url":"https://pokeapi.co/api/v2/pokemon/77/"},{"name":"rapidash","url":"https://pokeapi.co/api/v2/pokemon/78/"},{"name":"magmar","url":"https://pokeapi.co/api/v2/pokemon/126/"},{"name":"flareon","url":"https://pokeapi.co/api/v2/pokemon/136/"},{"name":"moltres","url":"https://pokeapi.co/api/v2/pokemon/146/"},{"name":"cyndaquil","url":"https://pokeapi.co/api/v2/pokemon/155/"},{"name":"quilava","url":"https://pokeapi.co/api/v2/pokemon/156/"},{"name":"typhlosion","url":"https://pokeapi.co/api/v2/pokemon/157/"},{"name":"slugma","url":"https://pokeapi.co/api/v2/pokemon/218/"},{"name":"magcargo","url":"https://pokeapi.co/api/v2/pokemon/219/"},{"name":"houndour","url":"https://pokeapi.co/api/v2/pokemon/228/"},{"name":"houndoom","url":"https://pokeapi.co/api/v2/pokemon/229/"},{"name":"magby","url":"https://pokeapi.co/api/v2/pokemon/240/"},{"name":"entei","url":"https://pokeapi.co/api/v2/pokemon/244/"},{"name":"torchic","url":"https://pokeapi.co/api/v2/pokemon/255/"},{"name":"combusken","url":"https://pokeapi.co/api/v2/pokemon/256/"},{"name":"blaziken","url":"https://pokeapi.co/api/v2/pokemon/257/"},{"name":"numel","url":"https://pokeapi.co/api/v2/pokemon/322/"},{"name":"camerupt","url":"https://pokeapi.co/api/v2/pokemon/323/"},{"name":"torkoal","url":"https://pokeapi.co/api/v2/pokemon/324/"},{"name":"castform","url":"https://pokeapi.co/api/v2/pokemon/351/"},{"name":"bagon","url":"https://pokeapi.co/api/v2/pokemon/371/"},{"name":"shelgon","url":"https://pokeapi.co/api/v2/pokemon/372/"},{"name":"salamence","url":"https://pokeapi.co/api/v2/pokemon/373/"},{"name":"chimchar","url":"https://pokeapi.co/api/v2/pokemon/390/"},{"name":"monferno","url":"https://pokeapi.co/api/v2/pokemon/391/"},{"name":"infernape","url":"https://pokeapi.co/api/v2/pokemon/392/"},{"name":"magmortar","url":"https://pokeapi.co/api/v2/pokemon/467/"},{"name":"tepig","url":"https://pokeapi.co/api/v2/pokemon/498/"},{"name":"pignite","url":"https://pokeapi.co/api/v2/pokemon/499/"},{"name":"emboar","url":"https://pokeapi.co/api/v2/pokemon/500/"},{"name":"darumaka","url":"https://pokeapi.co/api/v2/pokemon/554/"},{"name":"darmanitan-standard","url":"https://pokeapi.co/api/v2/pokemon/555/"},{"name":"litwick","url":"https://pokeapi.co/api/v2/pokemon/607/"},{"name":"lampent","url":"https://pokeapi.co/api/v2/pokemon/608/"},{"name":"chandelure","url":"https://pokeapi.co/api/v2/pokemon/609/"},{"name":"larvesta","url":"https://pokeapi.co/api/v2/pokemon/636/"},{"name":"volcarona","url":"https://pokeapi.co/api/v2/pokemon/637/"},{"name":"fennekin","url":"https://pokeapi.co/api/v2/pokemon/653/"},{"name":"braixen","url":"https://pokeapi.co/api/v2/pokemon/654/"},{"name":"delphox","url":"https://pokeapi.co/api/v2/pokemon/655/"},{"name":"fletchling","url":"https://pokeapi.co/api/v2/pokemon/661/"},{"name":"fletchinder","url":"https://pokeapi.co/api/v2/pokemon/662/"},{"name":"talonflame","url":"https://pokeapi.co/api/v2/pokemon/663/"},{"name":"litleo","url":"https://pokeapi.co/api/v2/pokemon/667/"},{"name":"pyroar","url":"https://pokeapi.co/api/v2/pokemon/668/"},{"name":"litten","url":"https://pokeapi.co/api/v2/pokemon/725/"},{"name":"torracat","url":"https://pokeapi.co/api/v2/pokemon/726/"},{"name":"incineroar","url":"https://pokeapi.co/api/v2/pokemon/727/"},{"name":"salandit","url":"https://pokeapi.co/api/v2/pokemon/757/"},{"name":"salazzle","url":"https://pokeapi.co/api/v2/pokemon/758/"},{"name":"turtonator","url":"https://pokeapi.co/api/v2/pokemon/776/"},{"name":"blacephalon","url":"https://pokeapi.co/api/v2/pokemon/806/"},{"name":"scorbunny","url":"https://pokeapi.co/api/v2/pokemon/813/"},{"name":"raboot","url":"https://pokeapi.co/api/v2/pokemon/814/"},{"name":"cinderace","url":"https://pokeapi.co/api/v2/pokemon/815/"},{"name":"sizzlipede","url":"https://pokeapi.co/api/v2/pokemon/850/"},{"name":"centiskorch","url":"https://pokeapi.co/api/v2/pokemon/851/"},{"name":"fuecoco","url":"https://pokeapi.co/api/v2/pokemon/909/"},{"name":"crocalor","url":"https://pokeapi.co/api/v2/pokemon/910/"},{"name":"skeledirge","url":"https://pokeapi.co/api/v2/pokemon/911/"},{"name":"charcadet","url":"https://pokeapi.co/api/v2/pokemon/935/"},{"name":"armarouge","url":"https://pokeapi.co/api/v2/pokemon/936/"},{"name":"ceruledge","url":"https://pokeapi.co/api/v2/pokemon/937/"},{"name":"slither-wing","url":"https://pokeapi.co/api/v2/pokemon/988/"},{"name":"iron-moth","url":"https://pokeapi.co/api/v2/pokemon/994/"},{"name":"chi-yu","url":"https://pokeapi.co/api/v2/pokemon/1004/"},{"name":"castform-sunny","url":"https://pokeapi.co/api/v2/pokemon/10013/"},{"name":"castform-rainy","url":"https://pokeapi.co/api/v2/pokemon/10014/"},{"name":"castform-snowy","url":"https://pokeapi.co/api/v2/pokemon/10015/"},{"name":"darmanitan-zen","url":"https://pokeapi.co/api/v2/pokemon/10017/"},{"name":"charizard-mega-x","url":"https://pokeapi.co/api/v2/pokemon/10034/"},{"name":"charizard-mega-y","url":"https://pokeapi.co/api/v2/pokemon/10035/"},{"name":"houndoom-mega","url":"https://pokeapi.co/api/v2/pokemon/10048/"},{"name":"blaziken-mega","url":"https://pokeapi.co/api/v2/pokemon/10050/"},{"name":"camerupt-mega","url":"https://pokeapi.co/api/v2/pokemon/10087/"},{"name":"salamence-mega","url":"https://pokeapi.co/api/v2/pokemon/10089/"},{"name":"salazzle-totem","url":"https://pokeapi.co/api/v2/pokemon/10129/"},{"name":"growlithe-hisui","url":"https://pokeapi.co/api/v2/pokemon/10229/"},{"name":"arcanine-hisui","url":"https://pokeapi.co/api/v2/pokemon/10230/"},{"name":"typhlosion-hisui","url":"https://pokeapi.co/api/v2/pokemon/10233/"}],"machines":[],"meta":{"ailment":{"name":"burn","url":"https://pokeapi.co/api/v2/move-ailment/4/"},"ailment_chance":10,"category":{"name":"damage+ailment","url":"https://pokeapi.co/api/v2/move-category/4/"},"crit_rate":0,"drain":0,"flinch_chance":0,"healing":0,"max_hits":null,"max_turns":null,"min_hits":null,"min_turns":null,"stat_chance":0},"name":"ember","names":[{"language":{"name":"ja-Hrkt","url":"https://pokeapi.co/api/v2/language/1/"},"name":"ひのこ"},{"language":{"name":"ko","url":"https://pokeapi.co/api/v2/language/3/"},"name":"불꽃세례"},{"language":{"name":"zh-Hant","url":"https://pokeapi.co/api/v2/language/4/"},"name":"火花"},{"language":{"name":"fr","url":"https://pokeapi.co/api/v2/language/5/"},"name":"Flammèche"},{"language":{"name":"de","url":"https://pokeapi.co/api/v2/language/6/"},"name":"Glut"},{"language":{"name":"es","url":"https://pokeapi.co/api/v2/language/7/"},"name":"Ascuas"},{"language":{"name":"it","url":"https://pokeapi.co/api/v2/language/8/"},"name":"Braciere"},{"language":{"name":"en","url":"https://pokeapi.co/api/v2/language/9/"},"name":"Ember"},{"language":{"name":"ja","url":"https://pokeapi.co/api/v2/language/11/"},"name":"ひのこ"},{"language":{"name":"zh-Hans","url":"https://pokeapi.co/api/v2/language/12/"},"name":"火花"}],"past_values":[],"power":40,"pp":25,"priority":0,"stat_changes":[],"super_contest_effect":{"url":"https://pokeapi.co/api/v2/super-contest-effect/5/"},"target":{"name":"selected-pokemon","url":"https://pokeapi.co/api/v2/move-target/10/"},"type":{"name":"fire","url":"https://pokeapi.co/api/v2/type/10/"}}