{"accuracy":null,"contest_combos":null,"contest_effect":{"url":"https://pokeapi.co/api/v2/contest-effect/15/"},"contest_type":{"name":"beauty","url":"https://pokeapi.co/api/v2/contest-type/2/"},"damage_class":{"name":"status","url":"https://pokeapi.co/api/v2/move-damage-class/1/"},"effect_chance":null,"effect_changes":[],"effect_entries":[{"effect":"Pokémon on the user's side of the field are immune to stat-lowering effects for five turns.\n\nguard swap, heart swap, and power swap may still be used.\n\ndefog used by an opponent will end this effect.","language":{"name":"en","url":"https://pokeapi.co/api/v2/language/9/"},"short_effect":"Protects the user's stats from being changed by enemy moves."}],"flavor_text_entries":[{"flavor_text":"Prevents stat\nreduction.","language":{"name":"en","url":"https://pokeapi.co/api/v2/language/9/"},"version_group":{"name":"gold-silver","url":"https://pokeapi.co/api/v2/version-group/3/"}},{"flavor_text":"Prevents stat\nreduction.","language":{"name":"en","url":"https://pokeapi.co/api/v2/language/9/"},"version_group":{"name":"crystal","url":"https://pokeapi.co/api/v2/version-group/4/"}},{"flavor_text":"Creates a mist that stops\nreduction of abilities.","language":{"name":"en","url":"https://pokeapi.co/api/v2/language/9/"},"version_group":{"name":"ruby-sapphire","url":"https://pokeapi.co/api/v2/version-group/5/"}},{"flavor_text":"Creates a mist that stops\nreduction of abilities.","language":{"name":"en","url":"https://pokeapi.co/api/v2/language/9/"},"version_group":{"name":"emerald","url":"https://pokeapi.co/api/v2/version-group/6/"}},{"flavor_text":"The ally party is\nprotected by a\nmist that prevents\nstat reductions.","language":{"name":"en","url":"https://pokeapi.co/api/v2/language/9/"},"version_group":{"name":"firered-leafgreen","url":"https://pokeapi.co/api/v2/version-group/7/"}},{"flavor_text":"The user cloaks its\nbody with a white mist\nthat prevents any of\nits stats from being\ncut for five turns.","language":{"name":"en","url":"https://pokeapi.co/api/v2/language/9/"},"version_group":{"name":"diamond-pearl","url":"https://pokeapi.co/api/v2/version-group/8/"}},{"flavor_text":"The user cloaks its\nbody with a white mist\nthat prevents any of\nits stats from being\ncut for five turns.","language":{"name":"en","url":"https://pokeapi.co/api/v2/language/9/"},"version_group":{"name":"platinum","url":"https://pokeapi.co/api/v2/version-group/9/"}},{"flavor_text":"The user cloaks its\nbody with a white mist\nthat prevents any of\nits stats from being\ncut for five turns.","language":{"name":"en","url":"https://pokeapi.co/api/v2/language/9/"},"version_group":{"name":"heartgold-soulsilver","url":"https://pokeapi.co/api/v2/version-group/10/"}},{"flavor_text":"Une brume blanche enveloppe l’équipe\ndu lanceur et empêche la réduction\ndes stats pour 5 tours.","language":{"name":"fr","url":"https://pokeapi.co/api/v2/language/5/"},"version_group":{"name":"black-white","url":"https://pokeapi.co/api/v2/version-group/11/"}},{"flavor_text":"The user cloaks its body with a white mist\nthat prevents any of its stats from being\ncut for five turns.","language":{"name":"en","url":"https://pokeapi.co/api/v2/language/9/"},"version_group":{"name":"black-white","url":"https://pokeapi.co/api/v2/version-group/11/"}},{"flavor_text":"The user cloaks its body with a white mist\nthat prevents any of its stats from being\ncut for five turns.","language":{"name":"en","url":"https://pokeapi.co/api/v2/language/9/"},"version_group":{"name":"black-2-white-2","url":"https://pokeapi.co/api/v2/version-group/14/"}},{"flavor_text":"しろいきりで　からだを　おおう。\n５ターンの　あいだ　あいてに\nのうりょくを　さげられなく　なる。","language":{"name":"ja-Hrkt","url":"https://pokeapi.co/api/v2/language/1/"},"version_group":{"name":"x-y","url":"https://pokeapi.co/api/v2/version-group/15/"}},{"flavor_text":"하얀 안개로 몸을 덮는다.\n5턴 동안 상대에 의해\n능력이 떨어지지 않게 된다.","language":{"name":"ko","url":"https://pokeapi.co/api/v2/language/3/"},"version_group":{"name":"x-y","url":"https://pokeapi.co/api/v2/version-group/15/"}},{"flavor_text":"Une brume blanche enveloppe l’équipe du lanceur\net empêche la réduction des stats pour cinq tours.","language":{"name":"fr","url":"https://pokeapi.co/api/v2/language/5/"},"version_group":{"name":"x-y","url":"https://pokeapi.co/api/v2/version-group/15/"}},{"flavor_text":"Anwender schützt das Team mit einem Nebel.\nVerhindert Statussenkungen für fünf Runden.","language":{"name":"de","url":"https://pokeapi.co/api/v2/language/6/"},"version_group":{"name":"x-y","url":"https://pokeapi.co/api/v2/version-group/15/"}},{"flavor_text":"Rodea de fina niebla al usuario y protege las\ncaracterísticas de su equipo durante cinco turnos.","language":{"name":"es","url":"https://pokeapi.co/api/v2/language/7/"},"version_group":{"name":"x-y","url":"https://pokeapi.co/api/v2/version-group/15/"}},{"flavor_text":"Chi la usa attira una nebbia che blocca la riduzione\ndelle statistiche per sé e gli alleati per cinque turni.","language":{"name":"it","url":"https://pokeapi.co/api/v2/language/8/"},"version_group":{"name":"x-y","url":"https://pokeapi.co/api/v2/version-group/15/"}},{"flavor_text":"The user cloaks itself and its allies in a\nwhite mist that prevents any of their stats\nfrom being lowered for five turns.","language":{"name":"en","url":"https://pokeapi.co/api/v2/language/9/"},"version_group":{"name":"x-y","url":"https://pokeapi.co/api/v2/version-group/15/"}},{"flavor_text":"白い霧で　体を　おおう。\n５ターンの　あいだ　相手に\n能力を　さげられなく　なる。","language":{"name":"ja","url":"https://pokeapi.co/api/v2/language/11/"},"version_group":{"name":"x-y","url":"https://pokeapi.co/api/v2/version-group/15/"}},{"flavor_text":"しろいきりで　からだを　おおう。\n５ターンの　あいだ　あいてに\nのうりょくを　さげられなく　なる。","language":{"name":"ja-Hrkt","url":"https://pokeapi.co/api/v2/language/1/"},"version_group":{"name":"omega-ruby-alpha-sapphire","url":"https://pokeapi.co/api/v2/version-group/16/"}},{"flavor_text":"하얀 안개로 몸을 덮는다.\n5턴 동안 상대에 의해\n능력이 떨어지지 않게 된다.","language":{"name":"ko","url":"https://pokeapi.co/api/v2/language/3/"},"version_group":{"name":"omega-ruby-alpha-sapphire","url":"https://pokeapi.co/api/v2/version-group/16/"}},{"flavor_text":"Une brume blanche enveloppe l’équipe du lanceur\net empêche la réduction des stats pour cinq tours.","language":{"name":"fr","url":"https://pokeapi.co/api/v2/language/5/"},"version_group":{"name":"omega-ruby-alpha-sapphire","url":"https://pokeapi.co/api/v2/version-group/16/"}},{"flavor_text":"Anwender schützt das Team mit einem Nebel.\nVerhindert Statussenkungen für fünf Runden.","language":{"name":"de","url":"https://pokeapi.co/api/v2/language/6/"},"version_group":{"name":"omega-ruby-alpha-sapphire","url":"https://pokeapi.co/api/v2/version-group/16/"}},{"flavor_text":"Rodea de fina niebla al usuario y protege las \ncaracterísticas de su equipo durante cinco turnos. ","language":{"name":"es","url":"https://pokeapi.co/api/v2/language/7/"},"version_group":{"name":"omega-ruby-alpha-sapphire","url":"https://pokeapi.co/api/v2/version-group/16/"}},{"flavor_text":"Chi la usa attira una nebbia che blocca la riduzione\ndelle statistiche per sé e gli alleati per cinque turni. ","language":{"name":"it","url":"https://pokeapi.co/api/v2/language/8/"},"version_group":{"name":"omega-ruby-alpha-sapphire","url":"https://pokeapi.co/api/v2/version-group/16/"}},{"flavor_text":"The user cloaks itself and its allies in a\nwhite mist that prevents any of their stats\nfrom being lowered for five turns.","language":{"name":"en","url":"https://pokeapi.co/api/v2/language/9/"},"version_group":{"name":"omega-ruby-alpha-sapphire","url":"https://pokeapi.co/api/v2/version-group/16/"}},{"flavor_text":"白い霧で　体を　おおう。\n５ターンの　あいだ　相手に\n能力を　さげられなく　なる。","language":{"name":"ja","url":"https://pokeapi.co/api/v2/language/11/"},"version_group":{"name":"omega-ruby-alpha-sapphire","url":"https://pokeapi.co/api/v2/version-group/16/"}},{"flavor_text":"しろいきりで　からだを　おおう。\n５ターンの　あいだ　あいてに\nのうりょくを　さげられなく　なる。","language":{"name":"ja-Hrkt","url":"https://pokeapi.co/api/v2/language/1/"},"version_group":{"name":"sun-moon","url":"https://pokeapi.co/api/v2/version-group/17/"}},{"flavor_text":"하얀 안개로 몸을 덮는다.\n5턴 동안 상대에 의해\n능력이 떨어지지 않게 된다.","language":{"name":"ko","url":"https://pokeapi.co/api/v2/language/3/"},"version_group":{"name":"sun-moon","url":"https://pokeapi.co/api/v2/version-group/17/"}},{"flavor_text":"用白霧覆蓋身體。\n在５回合內不會讓對手\n降低自己的能力。","language":{"name":"zh-Hant","url":"https://pokeapi.co/api/v2/language/4/"},"version_group":{"name":"sun-moon","url":"https://pokeapi.co/api/v2/version-group/17/"}},{"flavor_text":"Une brume blanche enveloppe l’équipe du lanceur\net empêche la réduction des stats pour cinq tours.","language":{"name":"fr","url":"https://pokeapi.co/api/v2/language/5/"},"version_group":{"name":"sun-moon","url":"https://pokeapi.co/api/v2/version-group/17/"}},{"flavor_text":"Anwender schützt das Team mit einem Nebel.\nVerhindert Statussenkungen für fünf Runden.","language":{"name":"de","url":"https://pokeapi.co/api/v2/language/6/"},"version_group":{"name":"sun-moon","url":"https://pokeapi.co/api/v2/version-group/17/"}},{"flavor_text":"Rodea de fina niebla al usuario y protege las \ncaracterísticas de su equipo durante cinco turnos. ","language":{"name":"es","url":"https://pokeapi.co/api/v2/language/7/"},"version_group":{"name":"sun-moon","url":"https://pokeapi.co/api/v2/version-group/17/"}},{"flavor_text":"Chi la usa attira una nebbia che blocca la riduzione\ndelle statistiche per sé e gli alleati per cinque turni.","language":{"name":"it","url":"https://pokeapi.co/api/v2/language/8/"},"version_group":{"name":"sun-moon","url":"https://pokeapi.co/api/v2/version-group/17/"}},{"flavor_text":"The user cloaks itself and its allies in a white mist\nthat prevents any of their stats from being lowered\nfor five turns.","language":{"name":"en","url":"https://pokeapi.co/api/v2/language/9/"},"version_group":{"name":"sun-moon","url":"https://pokeapi.co/api/v2/version-group/17/"}},{"flavor_text":"白い霧で　体を　おおう。\n５ターンの　間　相手に\n能力を　さげられなく　なる。","language":{"name":"ja","url":"https://pokeapi.co/api/v2/language/11/"},"version_group":{"name":"sun-moon","url":"https://pokeapi.co/api/v2/version-group/17/"}},{"flavor_text":"用白雾覆盖身体。\n在５回合内不会让对手\n降低自己的能力。","language":{"name":"zh-Hans","url":"https://pokeapi.co/api/v2/language/12/"},"version_group":{"name":"sun-moon","url":"https://pokeapi.co/api/v2/version-group/17/"}},{"flavor_text":"しろいきりで　からだを　おおう。\n５ターンの　あいだ　あいてに\nのうりょくを　さげられなく　なる。","language":{"name":"ja-Hrkt","url":"https://pokeapi.co/api/v2/language/1/"},"version_group":{"name":"ultra-sun-ultra-moon","url":"https://pokeapi.co/api/v2/version-group/18/"}},{"flavor_text":"하얀 안개로 몸을 덮는다.\n5턴 동안 상대에 의해\n능력이 떨어지지 않게 된다.","language":{"name":"ko","url":"https://pokeapi.co/api/v2/language/3/"},"version_group":{"name":"ultra-sun-ultra-moon","url":"https://pokeapi.co/api/v2/version-group/18/"}},{"flavor_text":"用白霧覆蓋身體。\n在５回合內不會讓對手\n降低自己的能力。","language":{"name":"zh-Hant","url":"https://pokeapi.co/api/v2/language/4/"},"version_group":{"name":"ultra-sun-ultra-moon","url":"https://pokeapi.co/api/v2/version-group/18/"}},{"flavor_text":"Une brume blanche enveloppe l’équipe du lanceur\net empêche la réduction des stats pour cinq tours.","language":{"name":"fr","url":"https://pokeapi.co/api/v2/language/5/"},"version_group":{"name":"ultra-sun-ultra-moon","url":"https://pokeapi.co/api/v2/version-group/18/"}},{"flavor_text":"Anwender schützt das Team mit einem Nebel.\nVerhindert Statussenkungen für fünf Runden.","language":{"name":"de","url":"https://pokeapi.co/api/v2/language/6/"},"version_group":{"name":"ultra-sun-ultra-moon","url":"https://pokeapi.co/api/v2/version-group/18/"}},{"flavor_text":"Rodea de fina niebla al usuario y protege las \ncaracterísticas de su equipo durante cinco turnos. ","language":{"name":"es","url":"https://pokeapi.co/api/v2/language/7/"},"version_group":{"name":"ultra-sun-ultra-moon","url":"https://pokeapi.co/api/v2/version-group/18/"}},{"flavor_text":"Chi la usa attira una nebbia che blocca la riduzione\ndelle statistiche per sé e gli alleati per cinque turni.","language":{"name":"it","url":"https://pokeapi.co/api/v2/language/8/"},"version_group":{"name":"ultra-sun-ultra-moon","url":"https://pokeapi.co/api/v2/version-group/18/"}},{"flavor_text":"The user cloaks itself and its allies in a white mist\nthat prevents any of their stats from being lowered\nfor five turns.","language":{"name":"en","url":"https://pokeapi.co/api/v2/language/9/"},"version_group":{"name":"ultra-sun-ultra-moon","url":"https://pokeapi.co/api/v2/version-group/18/"}},{"flavor_text":"白い霧で　体を　おおう。\n５ターンの　間　相手に\n能力を　さげられなく　なる。","language":{"name":"ja","url":"https://pokeapi.co/api/v2/language/11/"},"version_group":{"name":"ultra-sun-ultra-moon","url":"https://pokeapi.co/api/v2/version-group/18/"}},{"flavor_text":"用白雾覆盖身体。\n在５回合内不会让对手\n降低自己的能力。","language":{"name":"zh-Hans","url":"https://pokeapi.co/api/v2/language/12/"},"version_group":{"name":"ultra-sun-ultra-moon","url":"https://pokeapi.co/api/v2/version-group/18/"}},{"flavor_text":"しろいきりで　からだを　おおう。\n５ターンの　あいだ　あいてに\nのうりょくを　さげられなく　なる。","language":{"name":"ja-Hrkt","url":"https://pokeapi.co/api/v2/language/1/"},"version_group":{"name":"lets-go-pikachu-lets-go-eevee","url":"https://pokeapi.co/api/v2/version-group/19/"}},{"flavor_text":"하얀 안개로 몸을 덮는다.\n5턴 동안 상대에 의해\n능력이 떨어지지 않게 된다.","language":{"name":"ko","url":"https://pokeapi.co/api/v2/language/3/"},"version_group":{"name":"lets-go-pikachu-lets-go-eevee","url":"https://pokeapi.co/api/v2/version-group/19/"}},{"flavor_text":"用白霧覆蓋身體。\n在５回合內不會讓對手\n降低自己的能力。","language":{"name":"zh-Hant","url":"https://pokeapi.co/api/v2/language/4/"},"version_group":{"name":"lets-go-pikachu-lets-go-eevee","url":"https://pokeapi.co/api/v2/version-group/19/"}},{"flavor_text":"Une brume blanche enveloppe l’équipe du lanceur\net empêche la réduction des stats pour cinq tours.","language":{"name":"fr","url":"https://pokeapi.co/api/v2/language/5/"},"version_group":{"name":"lets-go-pikachu-lets-go-eevee","url":"https://pokeapi.co/api/v2/version-group/19/"}},{"flavor_text":"Anwender schützt das Team mit einem Nebel.\nVerhindert Statussenkungen für fünf Runden.","language":{"name":"de","url":"https://pokeapi.co/api/v2/language/6/"},"version_group":{"name":"lets-go-pikachu-lets-go-eevee","url":"https://pokeapi.co/api/v2/version-group/19/"}},{"flavor_text":"Rodea de fina niebla al usuario y protege las \ncaracterísticas de su equipo durante cinco turnos. ","language":{"name":"es","url":"https://pokeapi.co/api/v2/language/7/"},"version_group":{"name":"lets-go-pikachu-lets-go-eevee","url":"https://pokeapi.co/api/v2/version-group/19/"}},{"flavor_text":"Chi la usa attira una nebbia che blocca la riduzione\ndelle statistiche per sé e gli alleati per cinque turni.","language":{"name":"it","url":"https://pokeapi.co/api/v2/language/8/"},"version_group":{"name":"lets-go-pikachu-lets-go-eevee","url":"https://pokeapi.co/api/v2/version-group/19/"}},{"flavor_text":"The user cloaks itself and its allies in a white mist\nthat prevents any of their stats from being lowered\nfor five turns.","language":{"name":"en","url":"https://pokeapi.co/api/v2/language/9/"},"version_group":{"name":"lets-go-pikachu-lets-go-eevee","url":"https://pokeapi.co/api/v2/version-group/19/"}},{"flavor_text":"白い霧で　体を　おおう。\n５ターンの　間　相手に\n能力を　さげられなく　なる。","language":{"name":"ja","url":"https://pokeapi.co/api/v2/language/11/"},"version_group":{"name":"lets-go-pikachu-lets-go-eevee","url":"https://pokeapi.co/api/v2/version-group/19/"}},{"flavor_text":"用白雾覆盖身体。\n在５回合内不会让对手\n降低自己的能力。","language":{"name":"zh-Hans","url":"https://pokeapi.co/api/v2/language/12/"},"version_group":{"name":"lets-go-pikachu-lets-go-eevee","url":"https://pokeapi.co/api/v2/version-group/19/"}},{"flavor_text":"しろいきりで　からだを　おおう。\n５ターンの　あいだ　あいてに\nのうりょくを　さげられなく　なる。","language":{"name":"ja-Hrkt","url":"https://pokeapi.co/api/v2/language/1/"},"version_group":{"name":"sword-shield","url":"https://pokeapi.co/api/v2/version-group/20/"}},{"flavor_text":"하얀 안개로 몸을 덮는다.\n5턴 동안 상대에 의해\n능력이 떨어지지 않게 된다.","language":{"name":"ko","url":"https://pokeapi.co/api/v2/language/3/"},"version_group":{"name":"sword-shield","url":"https://pokeapi.co/api/v2/version-group/20/"}},{"flavor_text":"用白霧覆蓋身體。\n在５回合內不會讓對手\n降低自己的能力。","language":{"name":"zh-Hant","url":"https://pokeapi.co/api/v2/language/4/"},"version_group":{"name":"sword-shield","url":"https://pokeapi.co/api/v2/version-group/20/"}},{"flavor_text":"Une brume blanche enveloppe l’équipe du lanceur\net empêche la réduction des stats pour cinq tours.","language":{"name":"fr","url":"https://pokeapi.co/api/v2/language/5/"},"version_group":{"name":"sword-shield","url":"https://pokeapi.co/api/v2/version-group/20/"}},{"flavor_text":"Anwender schützt das Team mit einem Nebel.\nVerhindert Statussenkungen für fünf Runden.","language":{"name":"de","url":"https://pokeapi.co/api/v2/language/6/"},"version_group":{"name":"sword-shield","url":"https://pokeapi.co/api/v2/version-group/20/"}},{"flavor_text":"Rodea de fina niebla al usuario y protege las \ncaracterísticas de su equipo durante cinco turnos. ","language":{"name":"es","url":"https://pokeapi.co/api/v2/language/7/"},"version_group":{"name":"sword-shield","url":"https://pokeapi.co/api/v2/version-group/20/"}},{"flavor_text":"Chi la usa attira una nebbia che blocca la riduzione\ndelle statistiche per sé e gli alleati per cinque turni.","language":{"name":"it","url":"https://pokeapi.co/api/v2/language/8/"},"version_group":{"name":"sword-shield","url":"https://pokeapi.co/api/v2/version-group/20/"}},{"flavor_text":"The user cloaks itself and its allies in a white mist\nthat prevents any of their stats from being lowered\nfor five turns.","language":{"name":"en","url":"https://pokeapi.co/api/v2/language/9/"},"version_group":{"name":"sword-shield","url":"https://pokeapi.co/api/v2/version-group/20/"}},{"flavor_text":"白い霧で　体を　おおう。\n５ターンの　間　相手に\n能力を　さげられなく　なる。","language":{"name":"ja","url":"https://pokeapi.co/api/v2/language/11/"},"version_group":{"name":"sword-shield","url":"https://pokeapi.co/api/v2/version-group/20/"}},{"flavor_text":"用白雾覆盖身体。\n在５回合内不会让对手\n降低自己的能力。","language":{"name":"zh-Hans","url":"https://pokeapi.co/api/v2/language/12/"},"version_group":{"name":"sword-shield","url":"https://pokeapi.co/api/v2/version-group/20/"}}],"generation":{"name":"generation-i","url":"https://pokeapi.co/api/v2/generation/1/"},"id":54,"learned_by_pokemon":[{"name":"squirtle","url":"https://pokeapi.co/api/v2/pokemon/7/"},{"name":"poliwag","url":"https://pokeapi.co/api/v2/pokemon/60/"},{"name":"poliwrath","url":"https://pokeapi.co/api/v2/pokemon/62/"},{"name":"lapras","url":"https://pokeapi.co/api/v2/pokemon/131/"},{"name":"vaporeon","url":"https://pokeapi.co/api/v2/pokemon/134/"},{"name":"articuno","url":"https://pokeapi.co/api/v2/pokemon/144/"},{"name":"dratini","url":"https://pokeapi.co/api/v2/pokemon/147/"},{"name":"dragonite","url":"https://pokeapi.co/api/v2/pokemon/149/"},{"name":"mewtwo","url":"https://pokeapi.co/api/v2/pokemon/150/"},{"name":"chinchou","url":"https://pokeapi.co/api/v2/pokemon/170/"},{"name":"wooper","url":"https://pokeapi.co/api/v2/pokemon/194/"},{"name":"quagsire","url":"https://pokeapi.co/api/v2/pokemon/195/"},{"name":"swinub","url":"https://pokeapi.co/api/v2/pokemon/220/"},{"name":"piloswine","url":"https://pokeapi.co/api/v2/pokemon/221/"},{"name":"corsola","url":"https://pokeapi.co/api/v2/pokemon/222/"},{"name":"suicune","url":"https://pokeapi.co/api/v2/pokemon/245/"},{"name":"lugia","url":"https://pokeapi.co/api/v2/pokemon/249/"},{"name":"lotad","url":"https://pokeapi.co/api/v2/pokemon/270/"},{"name":"lombre","url":"https://pokeapi.co/api/v2/pokemon/271/"},{"name":"ludicolo","url":"https://pokeapi.co/api/v2/pokemon/272/"},{"name":"wingull","url":"https://pokeapi.co/api/v2/pokemon/278/"},{"name":"pelipper","url":"https://pokeapi.co/api/v2/pokemon/279/"},{"name":"surskit","url":"https://pokeapi.co/api/v2/pokemon/283/"},{"name":"wailmer","url":"https://pokeapi.co/api/v2/pokemon/320/"},{"name":"wailord","url":"https://pokeapi.co/api/v2/pokemon/321/"},{"name":"swablu","url":"https://pokeapi.co/api/v2/pokemon/333/"},{"name":"altaria","url":"https://pokeapi.co/api/v2/pokemon/334/"},{"name":"feebas","url":"https://pokeapi.co/api/v2/pokemon/349/"},{"name":"piplup","url":"https://pokeapi.co/api/v2/pokemon/393/"},{"name":"prinplup","url":"https://pokeapi.co/api/v2/pokemon/394/"},{"name":"empoleon","url":"https://pokeapi.co/api/v2/pokemon/395/"},{"name":"shellos","url":"https://pokeapi.co/api/v2/pokemon/422/"},{"name":"snover","url":"https://pokeapi.co/api/v2/pokemon/459/"},{"name":"abomasnow","url":"https://pokeapi.co/api/v2/pokemon/460/"},{"name":"mamoswine","url":"https://pokeapi.co/api/v2/pokemon/473/"},{"name":"cresselia","url":"https://pokeapi.co/api/v2/pokemon/488/"},{"name":"tympole","url":"https://pokeapi.co/api/v2/pokemon/535/"},{"name":"vanillite","url":"https://pokeapi.co/api/v2/pokemon/582/"},{"name":"vanillish","url":"https://pokeapi.co/api/v2/pokemon/583/"},{"name":"vanilluxe","url":"https://pokeapi.co/api/v2/pokemon/584/"},{"name":"frillish","url":"https://pokeapi.co/api/v2/pokemon/592/"},{"name":"alomomola","url":"https://pokeapi.co/api/v2/pokemon/594/"},{"name":"cryogonal","url":"https://pokeapi.co/api/v2/pokemon/615/"},{"name":"amaura","url":"https://pokeapi.co/api/v2/pokemon/698/"},{"name":"aurorus","url":"https://pokeapi.co/api/v2/pokemon/699/"},{"name":"bergmite","url":"https://pokeapi.co/api/v2/pokemon/712/"},{"name":"volcanion","url":"https://pokeapi.co/api/v2/pokemon/721/"},{"name":"wishiwashi-solo","url":"https://pokeapi.co/api/v2/pokemon/746/"},{"name":"drampa","url":"https://pokeapi.co/api/v2/pokemon/780/"},{"name":"tapu-fini","url":"https://pokeapi.co/api/v2/pokemon/788/"},{"name":"sobble","url":"https://pokeapi.co/api/v2/pokemon/816/"},{"name":"frosmoth","url":"https://pokeapi.co/api/v2/pokemon/873/"},{"name":"eiscue-ice","url":"https://pokeapi.co/api/v2/pokemon/875/"},{"name":"glastrier","url":"https://pokeapi.co/api/v2/pokemon/896/"},{"name":"finizen","url":"https://pokeapi.co/api/v2/pokemon/963/"},{"name":"palafin","url":"https://pokeapi.co/api/v2/pokemon/964/"},{"name":"chien-pao","url":"https://pokeapi.co/api/v2/pokemon/1002/"},{"name":"mewtwo-mega-x","url":"https://pokeapi.co/api/v2/pokemon/10043/"},{"name":"mewtwo-mega-y","url":"https://pokeapi.co/api/v2/pokemon/10044/"},{"name":"abomasnow-mega","url":"https://pokeapi.co/api/v2/pokemon/10060/"},{"name":"altaria-mega","url":"https://pokeapi.co/api/v2/pokemon/10067/"},{"name":"sandshrew-alola","url":"https://pokeapi.co/api/v2/pokemon/10101/"},{"name":"sandslash-alola","url":"https://pokeapi.co/api/v2/pokemon/10102/"},{"name":"vulpix-alola","url":"https://pokeapi.co/api/v2/pokemon/10103/"},{"name":"ninetales-alola","url":"https://pokeapi.co/api/v2/pokemon/10104/"},{"name":"wishiwashi-school","url":"https://pokeapi.co/api/v2/pokemon/10127/"},{"name":"eiscue-noice","url":"https://pokeapi.co/api/v2/pokemon/10185/"},{"name":"calyrex-ice","url":"https://pokeapi.co/api/v2/pokemon/10193/"},{"name":"wooper-paldea","url":"https://pokeapi.co/api/v2/pokemon/10253/"},{"name":"palafin-hero","url":"https://pokeapi.co/api/v2/pokemon/10256/"}],"machines":[],"meta":{"ailment":{"name":"none","url":"https://pokeapi.co/api/v2/move-ailment/0/"},"ailment_chance":0,"category":{"name":"field-effect","url":"https://pokeapi.co/api/v2/move-category/11/"},"crit_rate":0,"drain":0,"flinch_chance":0,"healing":0,"max_hits":null,"max_turns":null,"min_hits":null,"min_turns":null,"stat_chance":0},"name":"mist","names":[{"language":{"name":"ja-Hrkt","url":"https://pokeapi.co/api/v2/language/1/"},"name":"しろいきり"},{"language":{"name":"ko","url":"https://pokeapi.co/api/v2/language/3/"},"name":"흰안개"},{"language":{"name":"zh-Hant","url":"https://pokeapi.co/api/v2/language/4/"},"name":"白霧"},{"language":{"name":"fr","url":"https://pokeapi.co/api/v2/language/5/"},"name":"Brume"},{"language":{"name":"de","url":"https://pokeapi.co/api/v2/language/6/"},"name":"Weißnebel"},{"language":{"name":"es","url":"https://pokeapi.co/api/v2/language/7/"},"name":"Neblina"},{"language":{"name":"it","url":"https://pokeapi.co/api/v2/language/8/"},"name":"Nebbia"},{"language":{"name":"en","url":"https://pokeapi.co/api/v2/language/9/"},"name":"Mist"},{"language":{"name":"ja","url":"https://pokeapi.co/api/v2/language/11/"},"name":"しろいきり"},{"language":{"name":"zh-Hans","url":"https://pokeapi.co/api/v2/language/12/"},"name":"白雾"}],"past_values":[],"power":null,"pp":30,"priority":0,"stat_changes":[],"super_contest_effect":{"url":"https://pokeapi.co/api/v2/super-contest-effect/13/"},"target":{"name":"users-field","url":"https://pokeapi.co/api/v2/move-target/4/"},"type":{"name":"ice","url":"https://pokeapi.co/api/v2/type/15/"}}