{"accuracy":70,"contest_combos":{"normal":{"use_after":[{"name":"powder-snow","url":"https://pokeapi.co/api/v2/move/181/"},{"name":"hail","url":"https://pokeapi.co/api/v2/move/258/"}],"use_before":null},"super":{"use_after":null,"use_before":null}},"contest_effect":{"url":"https://pokeapi.co/api/v2/contest-effect/1/"},"contest_type":{"name":"beauty","url":"https://pokeapi.co/api/v2/contest-type/2/"},"damage_class":{"name":"special","url":"https://pokeapi.co/api/v2/move-damage-class/3/"},"effect_chance":10,"effect_changes":[{"effect_entries":[{"effect":"Does not interact with hail.","language":{"name":"en","url":"https://pokeapi.co/api/v2/language/9/"}}],"version_group":{"name":"diamond-pearl","url":"https://pokeapi.co/api/v2/version-group/8/"}}],"effect_entries":[{"effect":"Inflicts regular damage.  Has a $effect_chance% chance to freeze the target.\n\nDuring hail, this move has 100% accuracy.  It also has a (100 - accuracy)% chance to break through the protection of protect and detect.","language":{"name":"en","url":"https://pokeapi.co/api/v2/language/9/"},"short_effect":"Has a $effect_chance% chance to freeze the target."}],"flavor_text_entries":[{"flavor_text":"An attack that may\nfreeze the foe.","language":{"name":"en","url":"https://pokeapi.co/api/v2/language/9/"},"version_group":{"name":"gold-silver","url":"https://pokeapi.co/api/v2/version-group/3/"}},{"flavor_text":"An attack that may\nfreeze the foe.","language":{"name":"en","url":"https://pokeapi.co/api/v2/language/9/"},"version_group":{"name":"crystal","url":"https://pokeapi.co/api/v2/version-group/4/"}},{"flavor_text":"Hits the foe with an icy\nstorm that may freeze it.","language":{"name":"en","url":"https://pokeapi.co/api/v2/language/9/"},"version_group":{"name":"ruby-sapphire","url":"https://pokeapi.co/api/v2/version-group/5/"}},{"flavor_text":"Hits the foe with an icy\nstorm that may freeze it.","language":{"name":"en","url":"https://pokeapi.co/api/v2/language/9/"},"version_group":{"name":"emerald","url":"https://pokeapi.co/api/v2/version-group/6/"}},{"flavor_text":"The foe is blasted\nwith a blizzard.\nIt may freeze the\nfoe solid.","language":{"name":"en","url":"https://pokeapi.co/api/v2/language/9/"},"version_group":{"name":"firered-leafgreen","url":"https://pokeapi.co/api/v2/version-group/7/"}},{"flavor_text":"A howling blizzard is\nsummoned to strike\nthe foe.\nIt may also freeze\nthe target solid.","language":{"name":"en","url":"https://pokeapi.co/api/v2/language/9/"},"version_group":{"name":"diamond-pearl","url":"https://pokeapi.co/api/v2/version-group/8/"}},{"flavor_text":"A howling blizzard is\nsummoned to strike\nthe foe.\nIt may also freeze\nthe target solid.","language":{"name":"en","url":"https://pokeapi.co/api/v2/language/9/"},"version_group":{"name":"platinum","url":"https://pokeapi.co/api/v2/version-group/9/"}},{"flavor_text":"A howling blizzard is\nsummoned to strike\nthe foe.\nIt may also freeze\nthe target solid.","language":{"name":"en","url":"https://pokeapi.co/api/v2/language/9/"},"version_group":{"name":"heartgold-soulsilver","url":"https://pokeapi.co/api/v2/version-group/10/"}},{"flavor_text":"Une violente tempête de neige\nest déclenchée sur l’ennemi.\nPeut aussi le geler.","language":{"name":"fr","url":"https://pokeapi.co/api/v2/language/5/"},"version_group":{"name":"black-white","url":"https://pokeapi.co/api/v2/version-group/11/"}},{"flavor_text":"A howling blizzard is summoned to strike\nthe opposing team. It may also freeze\nthem solid.","language":{"name":"en","url":"https://pokeapi.co/api/v2/language/9/"},"version_group":{"name":"black-white","url":"https://pokeapi.co/api/v2/version-group/11/"}},{"flavor_text":"A howling blizzard is summoned to strike\nthe opposing team. It may also freeze\nthem solid.","language":{"name":"en","url":"https://pokeapi.co/api/v2/language/9/"},"version_group":{"name":"black-2-white-2","url":"https://pokeapi.co/api/v2/version-group/14/"}},{"flavor_text":"はげしい　ふぶきを\nあいてに　ふきつけて　こうげきする。\nこおり　じょうたいに　することが　ある。","language":{"name":"ja-Hrkt","url":"https://pokeapi.co/api/v2/language/1/"},"version_group":{"name":"x-y","url":"https://pokeapi.co/api/v2/version-group/15/"}},{"flavor_text":"세찬 눈보라를\n상대에게 내뿜어 공격한다.\n얼음 상태로 만들 때가 있다.","language":{"name":"ko","url":"https://pokeapi.co/api/v2/language/3/"},"version_group":{"name":"x-y","url":"https://pokeapi.co/api/v2/version-group/15/"}},{"flavor_text":"Une violente tempête de neige est déclenchée\nsur l’ennemi. Peut aussi le geler.","language":{"name":"fr","url":"https://pokeapi.co/api/v2/language/5/"},"version_group":{"name":"x-y","url":"https://pokeapi.co/api/v2/version-group/15/"}},{"flavor_text":"Ein Schneesturm wütet, der das Ziel\neinfrieren kann.","language":{"name":"de","url":"https://pokeapi.co/api/v2/language/6/"},"version_group":{"name":"x-y","url":"https://pokeapi.co/api/v2/version-group/15/"}},{"flavor_text":"Tormenta de hielo que puede llegar a congelar.","language":{"name":"es","url":"https://pokeapi.co/api/v2/language/7/"},"version_group":{"name":"x-y","url":"https://pokeapi.co/api/v2/version-group/15/"}},{"flavor_text":"Colpisce i nemici intorno con una tremenda\ntempesta di ghiaccio che può anche congelarli.","language":{"name":"it","url":"https://pokeapi.co/api/v2/language/8/"},"version_group":{"name":"x-y","url":"https://pokeapi.co/api/v2/version-group/15/"}},{"flavor_text":"A howling blizzard is summoned to strike\nopposing Pokémon. This may also leave\nthe opposing Pokémon frozen.","language":{"name":"en","url":"https://pokeapi.co/api/v2/language/9/"},"version_group":{"name":"x-y","url":"https://pokeapi.co/api/v2/version-group/15/"}},{"flavor_text":"激しい　吹雪を\n相手に　吹きつけて　攻撃する。\nこおり状態に　することが　ある。","language":{"name":"ja","url":"https://pokeapi.co/api/v2/language/11/"},"version_group":{"name":"x-y","url":"https://pokeapi.co/api/v2/version-group/15/"}},{"flavor_text":"はげしい　ふぶきを\nあいてに　ふきつけて　こうげきする。\nこおり　じょうたいに　することが　ある。","language":{"name":"ja-Hrkt","url":"https://pokeapi.co/api/v2/language/1/"},"version_group":{"name":"omega-ruby-alpha-sapphire","url":"https://pokeapi.co/api/v2/version-group/16/"}},{"flavor_text":"세찬 눈보라를\n상대에게 내뿜어 공격한다.\n얼음 상태로 만들 때가 있다.","language":{"name":"ko","url":"https://pokeapi.co/api/v2/language/3/"},"version_group":{"name":"omega-ruby-alpha-sapphire","url":"https://pokeapi.co/api/v2/version-group/16/"}},{"flavor_text":"Une violente tempête de neige est déclenchée\nsur l’ennemi. Peut aussi le geler.","language":{"name":"fr","url":"https://pokeapi.co/api/v2/language/5/"},"version_group":{"name":"omega-ruby-alpha-sapphire","url":"https://pokeapi.co/api/v2/version-group/16/"}},{"flavor_text":"Ein Schneesturm wütet, der das Ziel\neinfrieren kann.","language":{"name":"de","url":"https://pokeapi.co/api/v2/language/6/"},"version_group":{"name":"omega-ruby-alpha-sapphire","url":"https://pokeapi.co/api/v2/version-group/16/"}},{"flavor_text":"Tormenta de hielo que puede llegar a congelar. ","language":{"name":"es","url":"https://pokeapi.co/api/v2/language/7/"},"version_group":{"name":"omega-ruby-alpha-sapphire","url":"https://pokeapi.co/api/v2/version-group/16/"}},{"flavor_text":"Colpisce i nemici intorno con una tremenda\ntempesta di ghiaccio che può anche congelarli.","language":{"name":"it","url":"https://pokeapi.co/api/v2/language/8/"},"version_group":{"name":"omega-ruby-alpha-sapphire","url":"https://pokeapi.co/api/v2/version-group/16/"}},{"flavor_text":"A howling blizzard is summoned to strike\nopposing Pokémon. This may also leave\nthe opposing Pokémon frozen.","language":{"name":"en","url":"https://pokeapi.co/api/v2/language/9/"},"version_group":{"name":"omega-ruby-alpha-sapphire","url":"https://pokeapi.co/api/v2/version-group/16/"}},{"flavor_text":"激しい　吹雪を\n相手に　吹きつけて　攻撃する。\nこおり状態に　することが　ある。","language":{"name":"ja","url":"https://pokeapi.co/api/v2/language/11/"},"version_group":{"name":"omega-ruby-alpha-sapphire","url":"https://pokeapi.co/api/v2/version-group/16/"}},{"flavor_text":"はげしい　ふぶきを\nあいてに　ふきつけて　こうげきする。\nこおり　じょうたいに　することが　ある。","language":{"name":"ja-Hrkt","url":"https://pokeapi.co/api/v2/language/1/"},"version_group":{"name":"sun-moon","url":"https://pokeapi.co/api/v2/version-group/17/"}},{"flavor_text":"세찬 눈보라를\n상대에게 내뿜어 공격한다.\n얼음 상태로 만들 때가 있다.","language":{"name":"ko","url":"https://pokeapi.co/api/v2/language/3/"},"version_group":{"name":"sun-moon","url":"https://pokeapi.co/api/v2/version-group/17/"}},{"flavor_text":"將猛烈的暴風雪\n吹向對手進行攻擊。\n有時會讓對手陷入冰凍狀態。","language":{"name":"zh-Hant","url":"https://pokeapi.co/api/v2/language/4/"},"version_group":{"name":"sun-moon","url":"https://pokeapi.co/api/v2/version-group/17/"}},{"flavor_text":"Une violente tempête de neige s’abat sur l’ennemi.\nPeut aussi le geler.","language":{"name":"fr","url":"https://pokeapi.co/api/v2/language/5/"},"version_group":{"name":"sun-moon","url":"https://pokeapi.co/api/v2/version-group/17/"}},{"flavor_text":"Ein Schneesturm wütet, der das Ziel einfrieren kann.","language":{"name":"de","url":"https://pokeapi.co/api/v2/language/6/"},"version_group":{"name":"sun-moon","url":"https://pokeapi.co/api/v2/version-group/17/"}},{"flavor_text":"Tormenta de hielo que puede llegar a congelar. ","language":{"name":"es","url":"https://pokeapi.co/api/v2/language/7/"},"version_group":{"name":"sun-moon","url":"https://pokeapi.co/api/v2/version-group/17/"}},{"flavor_text":"Colpisce i nemici intorno con una tremenda\ntempesta di ghiaccio che può anche congelarli.","language":{"name":"it","url":"https://pokeapi.co/api/v2/language/8/"},"version_group":{"name":"sun-moon","url":"https://pokeapi.co/api/v2/version-group/17/"}},{"flavor_text":"A howling blizzard is summoned to strike opposing\nPokémon. This may also leave the opposing\nPokémon frozen.","language":{"name":"en","url":"https://pokeapi.co/api/v2/language/9/"},"version_group":{"name":"sun-moon","url":"https://pokeapi.co/api/v2/version-group/17/"}},{"flavor_text":"激しい　吹雪を\n相手に　吹きつけて　攻撃する。\nこおり状態に　することが　ある。","language":{"name":"ja","url":"https://pokeapi.co/api/v2/language/11/"},"version_group":{"name":"sun-moon","url":"https://pokeapi.co/api/v2/version-group/17/"}},{"flavor_text":"将猛烈的暴风雪\n刮向对手进行攻击。\n有时会让对手陷入冰冻状态。","language":{"name":"zh-Hans","url":"https://pokeapi.co/api/v2/language/12/"},"version_group":{"name":"sun-moon","url":"https://pokeapi.co/api/v2/version-group/17/"}},{"flavor_text":"はげしい　ふぶきを\nあいてに　ふきつけて　こうげきする。\nこおり　じょうたいに　することが　ある。","language":{"name":"ja-Hrkt","url":"https://pokeapi.co/api/v2/language/1/"},"version_group":{"name":"ultra-sun-ultra-moon","url":"https://pokeapi.co/api/v2/version-group/18/"}},{"flavor_text":"세찬 눈보라를\n상대에게 내뿜어 공격한다.\n얼음 상태로 만들 때가 있다.","language":{"name":"ko","url":"https://pokeapi.co/api/v2/language/3/"},"version_group":{"name":"ultra-sun-ultra-moon","url":"https://pokeapi.co/api/v2/version-group/18/"}},{"flavor_text":"將猛烈的暴風雪\n吹向對手進行攻擊。\n有時會讓對手陷入冰凍狀態。","language":{"name":"zh-Hant","url":"https://pokeapi.co/api/v2/language/4/"},"version_group":{"name":"ultra-sun-ultra-moon","url":"https://pokeapi.co/api/v2/version-group/18/"}},{"flavor_text":"Une violente tempête de neige s’abat sur l’ennemi.\nPeut aussi le geler.","language":{"name":"fr","url":"https://pokeapi.co/api/v2/language/5/"},"version_group":{"name":"ultra-sun-ultra-moon","url":"https://pokeapi.co/api/v2/version-group/18/"}},{"flavor_text":"Ein Schneesturm wütet, der das Ziel einfrieren kann.","language":{"name":"de","url":"https://pokeapi.co/api/v2/language/6/"},"version_group":{"name":"ultra-sun-ultra-moon","url":"https://pokeapi.co/api/v2/version-group/18/"}},{"flavor_text":"Tormenta de hielo que puede llegar a congelar. ","language":{"name":"es","url":"https://pokeapi.co/api/v2/language/7/"},"version_group":{"name":"ultra-sun-ultra-moon","url":"https://pokeapi.co/api/v2/version-group/18/"}},{"flavor_text":"Colpisce i nemici intorno con una tremenda\ntempesta di ghiaccio che può anche congelarli.","language":{"name":"it","url":"https://pokeapi.co/api/v2/language/8/"},"version_group":{"name":"ultra-sun-ultra-moon","url":"https://pokeapi.co/api/v2/version-group/18/"}},{"flavor_text":"A howling blizzard is summoned to strike opposing\nPokémon. This may also leave the opposing\nPokémon frozen.","language":{"name":"en","url":"https://pokeapi.co/api/v2/language/9/"},"version_group":{"name":"ultra-sun-ultra-moon","url":"https://pokeapi.co/api/v2/version-group/18/"}},{"flavor_text":"激しい　吹雪を\n相手に　吹きつけて　攻撃する。\nこおり状態に　することが　ある。","language":{"name":"ja","url":"https://pokeapi.co/api/v2/language/11/"},"version_group":{"name":"ultra-sun-ultra-moon","url":"https://pokeapi.co/api/v2/version-group/18/"}},{"flavor_text":"将猛烈的暴风雪\n刮向对手进行攻击。\n有时会让对手陷入冰冻状态。","language":{"name":"zh-Hans","url":"https://pokeapi.co/api/v2/language/12/"},"version_group":{"name":"ultra-sun-ultra-moon","url":"https://pokeapi.co/api/v2/version-group/18/"}},{"flavor_text":"はげしい　ふぶきを\nあいてに　ふきつけて　こうげきする。\nこおり　じょうたいに　することが　ある。","language":{"name":"ja-Hrkt","url":"https://pokeapi.co/api/v2/language/1/"},"version_group":{"name":"lets-go-pikachu-lets-go-eevee","url":"https://pokeapi.co/api/v2/version-group/19/"}},{"flavor_text":"세찬 눈보라를\n상대에게 내뿜어 공격한다.\n얼음 상태로 만들 때가 있다.","language":{"name":"ko","url":"https://pokeapi.co/api/v2/language/3/"},"version_group":{"name":"lets-go-pikachu-lets-go-eevee","url":"https://pokeapi.co/api/v2/version-group/19/"}},{"flavor_text":"將猛烈的暴風雪\n吹向對手進行攻擊。\n有時會讓對手陷入冰凍狀態。","language":{"name":"zh-Hant","url":"https://pokeapi.co/api/v2/language/4/"},"version_group":{"name":"lets-go-pikachu-lets-go-eevee","url":"https://pokeapi.co/api/v2/version-group/19/"}},{"flavor_text":"Une violente tempête de neige s’abat sur l’ennemi.\nPeut aussi le geler.","language":{"name":"fr","url":"https://pokeapi.co/api/v2/language/5/"},"version_group":{"name":"lets-go-pikachu-lets-go-eevee","url":"https://pokeapi.co/api/v2/version-group/19/"}},{"flavor_text":"Ein Schneesturm wütet, der das Ziel einfrieren kann.","language":{"name":"de","url":"https://pokeapi.co/api/v2/language/6/"},"version_group":{"name":"lets-go-pikachu-lets-go-eevee","url":"https://pokeapi.co/api/v2/version-group/19/"}},{"flavor_text":"Tormenta de hielo que puede llegar a congelar. ","language":{"name":"es","url":"https://pokeapi.co/api/v2/language/7/"},"version_group":{"name":"lets-go-pikachu-lets-go-eevee","url":"https://pokeapi.co/api/v2/version-group/19/"}},{"flavor_text":"Colpisce i nemici intorno con una tremenda\ntempesta di ghiaccio che può anche congelarli.","language":{"name":"it","url":"https://pokeapi.co/api/v2/language/8/"},"version_group":{"name":"lets-go-pikachu-lets-go-eevee","url":"https://pokeapi.co/api/v2/version-group/19/"}},{"flavor_text":"A howling blizzard is summoned to strike opposing\nPokémon. This may also leave the opposing\nPokémon frozen.","language":{"name":"en","url":"https://pokeapi.co/api/v2/language/9/"},"version_group":{"name":"lets-go-pikachu-lets-go-eevee","url":"https://pokeapi.co/api/v2/version-group/19/"}},{"flavor_text":"激しい　吹雪を\n相手に　吹きつけて　攻撃する。\nこおり状態に　することが　ある。","language":{"name":"ja","url":"https://pokeapi.co/api/v2/language/11/"},"version_group":{"name":"lets-go-pikachu-lets-go-eevee","url":"https://pokeapi.co/api/v2/version-group/19/"}},{"flavor_text":"将猛烈的暴风雪\n刮向对手进行攻击。\n有时会让对手陷入冰冻状态。","language":{"name":"zh-Hans","url":"https://pokeapi.co/api/v2/language/12/"},"version_group":{"name":"lets-go-pikachu-lets-go-eevee","url":"https://pokeapi.co/api/v2/version-group/19/"}},{"flavor_text":"はげしい　ふぶきを\nあいてに　ふきつけて　こうげきする。\nこおり　じょうたいに　することが　ある。","language":{"name":"ja-Hrkt","url":"https://pokeapi.co/api/v2/language/1/"},"version_group":{"name":"sword-shield","url":"https://pokeapi.co/api/v2/version-group/20/"}},{"flavor_text":"세찬 눈보라를\n상대에게 내뿜어 공격한다.\n얼음 상태로 만들 때가 있다.","language":{"name":"ko","url":"https://pokeapi.co/api/v2/language/3/"},"version_group":{"name":"sword-shield","url":"https://pokeapi.co/api/v2/version-group/20/"}},{"flavor_text":"將猛烈的暴風雪\n吹向對手進行攻擊。\n有時會讓對手陷入冰凍狀態。","language":{"name":"zh-Hant","url":"https://pokeapi.co/api/v2/language/4/"},"version_group":{"name":"sword-shield","url":"https://pokeapi.co/api/v2/version-group/20/"}},{"flavor_text":"Une violente tempête de neige s’abat sur l’ennemi.\nPeut aussi le geler.","language":{"name":"fr","url":"https://pokeapi.co/api/v2/language/5/"},"version_group":{"name":"sword-shield","url":"https://pokeapi.co/api/v2/version-group/20/"}},{"flavor_text":"Ein Schneesturm wütet, der gegnerische Pokémon\neinfrieren kann.","language":{"name":"de","url":"https://pokeapi.co/api/v2/language/6/"},"version_group":{"name":"sword-shield","url":"https://pokeapi.co/api/v2/version-group/20/"}},{"flavor_text":"Tormenta de hielo que puede llegar a congelar. ","language":{"name":"es","url":"https://pokeapi.co/api/v2/language/7/"},"version_group":{"name":"sword-shield","url":"https://pokeapi.co/api/v2/version-group/20/"}},{"flavor_text":"Colpisce i nemici intorno con una tremenda\ntempesta di ghiaccio che può anche congelarli.","language":{"name":"it","url":"https://pokeapi.co/api/v2/language/8/"},"version_group":{"name":"sword-shield","url":"https://pokeapi.co/api/v2/version-group/20/"}},{"flavor_text":"A howling blizzard is summoned to strike opposing\nPokémon. This may also leave the opposing\nPokémon frozen.","language":{"name":"en","url":"https://pokeapi.co/api/v2/language/9/"},"version_group":{"name":"sword-shield","url":"https://pokeapi.co/api/v2/version-group/20/"}},{"flavor_text":"激しい　吹雪を\n相手に　吹きつけて　攻撃する。\nこおり状態に　することが　ある。","language":{"name":"ja","url":"https://pokeapi.co/api/v2/language/11/"},"version_group":{"name":"sword-shield","url":"https://pokeapi.co/api/v2/version-group/20/"}},{"flavor_text":"将猛烈的暴风雪\n刮向对手进行攻击。\n有时会让对手陷入冰冻状态。","language":{"name":"zh-Hans","url":"https://pokeapi.co/api/v2/language/12/"},"version_group":{"name":"sword-shield","url":"https://pokeapi.co/api/v2/version-group/20/"}}],"generation":{"name":"generation-i","url":"https://pokeapi.co/api/v2/generation/1/"},"id":59,"learned_by_pokemon":[{"name":"squirtle","url":"https://pokeapi.co/api/v2/pokemon/7/"},{"name":"wartortle","url":"https://pokeapi.co/api/v2/pokemon/8/"},{"name":"blastoise","url":"https://pokeapi.co/api/v2/pokemon/9/"},{"name":"rattata","url":"https://pokeapi.co/api/v2/pokemon/19/"},{"name":"raticate","url":"https://pokeapi.co/api/v2/pokemon/20/"},{"name":"nidoran-f","url":"https://pokeapi.co/api/v2/pokemon/29/"},{"name":"nidorina","url":"https://pokeapi.co/api/v2/pokemon/30/"},{"name":"nidoqueen","url":"https://pokeapi.co/api/v2/pokemon/31/"},{"name":"nidoran-m","url":"https://pokeapi.co/api/v2/pokemon/32/"},{"name":"nidorino","url":"https://pokeapi.co/api/v2/pokemon/33/"},{"name":"nidoking","url":"https://pokeapi.co/api/v2/pokemon/34/"},{"name":"clefairy","url":"https://pokeapi.co/api/v2/pokemon/35/"},{"name":"clefable","url":"https://pokeapi.co/api/v2/pokemon/36/"},{"name":"jigglypuff","url":"https://pokeapi.co/api/v2/pokemon/39/"},{"name":"wigglytuff","url":"https://pokeapi.co/api/v2/pokemon/40/"},{"name":"psyduck","url":"https://pokeapi.co/api/v2/pokemon/54/"},{"name":"golduck","url":"https://pokeapi.co/api/v2/pokemon/55/"},{"name":"poliwag","url":"https://pokeapi.co/api/v2/pokemon/60/"},{"name":"poliwhirl","url":"https://pokeapi.co/api/v2/pokemon/61/"},{"name":"poliwrath","url":"https://pokeapi.co/api/v2/pokemon/62/"},{"name":"tentacool","url":"https://pokeapi.co/api/v2/pokemon/72/"},{"name":"tentacruel","url":"https://pokeapi.co/api/v2/pokemon/73/"},{"name":"slowpoke","url":"https://pokeapi.co/api/v2/pokemon/79/"},{"name":"slowbro","url":"https://pokeapi.co/api/v2/pokemon/80/"},{"name":"seel","url":"https://pokeapi.co/api/v2/pokemon/86/"},{"name":"dewgong","url":"https://pokeapi.co/api/v2/pokemon/87/"},{"name":"shellder","url":"https://pokeapi.co/api/v2/pokemon/90/"},{"name":"cloyster","url":"https://pokeapi.co/api/v2/pokemon/91/"},{"name":"krabby","url":"https://pokeapi.co/api/v2/pokemon/98/"},{"name":"kingler","url":"https://pokeapi.co/api/v2/pokemon/99/"},{"name":"cubone","url":"https://pokeapi.co/api/v2/pokemon/104/"},{"name":"marowak","url":"https://pokeapi.co/api/v2/pokemon/105/"},{"name":"lickitung","url":"https://pokeapi.co/api/v2/pokemon/108/"},{"name":"rhyhorn","url":"https://pokeapi.co/api/v2/pokemon/111/"},{"name":"rhydon","url":"https://pokeapi.co/api/v2/pokemon/112/"},{"name":"chansey","url":"https://pokeapi.co/api/v2/pokemon/113/"},{"name":"kangaskhan","url":"https://pokeapi.co/api/v2/pokemon/115/"},{"name":"horsea","url":"https://pokeapi.co/api/v2/pokemon/116/"},{"name":"seadra","url":"https://pokeapi.co/api/v2/pokemon/117/"},{"name":"goldeen","url":"https://pokeapi.co/api/v2/pokemon/118/"},{"name":"seaking","url":"https://pokeapi.co/api/v2/pokemon/119/"},{"name":"staryu","url":"https://pokeapi.co/api/v2/pokemon/120/"},{"name":"starmie","url":"https://pokeapi.co/api/v2/pokemon/121/"},{"name":"jynx","url":"https://pokeapi.co/api/v2/pokemon/124/"},{"name":"tauros","url":"https://pokeapi.co/api/v2/pokemon/128/"},{"name":"gyarados","url":"https://pokeapi.co/api/v2/pokemon/130/"},{"name":"lapras","url":"https://pokeapi.co/api/v2/pokemon/131/"},{"name":"vaporeon","url":"https://pokeapi.co/api/v2/pokemon/134/"},{"name":"porygon","url":"https://pokeapi.co/api/v2/pokemon/137/"},{"name":"omanyte","url":"https://pokeapi.co/api/v2/pokemon/138/"},{"name":"omastar","url":"https://pokeapi.co/api/v2/pokemon/139/"},{"name":"kabuto","url":"https://pokeapi.co/api/v2/pokemon/140/"},{"name":"kabutops","url":"https://pokeapi.co/api/v2/pokemon/141/"},{"name":"snorlax","url":"https://pokeapi.co/api/v2/pokemon/143/"},{"name":"articuno","url":"https://pokeapi.co/api/v2/pokemon/144/"},{"name":"dratini","url":"https://pokeapi.co/api/v2/pokemon/147/"},{"name":"dragonair","url":"https://pokeapi.co/api/v2/pokemon/148/"},{"name":"dragonite","url":"https://pokeapi.co/api/v2/pokemon/149/"},{"name":"mewtwo","url":"https://pokeapi.co/api/v2/pokemon/150/"},{"name":"mew","url":"https://pokeapi.co/api/v2/pokemon/151/"},{"name":"totodile","url":"https://pokeapi.co/api/v2/pokemon/158/"},{"name":"croconaw","url":"https://pokeapi.co/api/v2/pokemon/159/"},{"name":"feraligatr","url":"https://pokeapi.co/api/v2/pokemon/160/"},{"name":"furret","url":"https://pokeapi.co/api/v2/pokemon/162/"},{"name":"chinchou","url":"https://pokeapi.co/api/v2/pokemon/170/"},{"name":"lanturn","url":"https://pokeapi.co/api/v2/pokemon/171/"},{"name":"marill","url":"https://pokeapi.co/api/v2/pokemon/183/"},{"name":"azumarill","url":"https://pokeapi.co/api/v2/pokemon/184/"},{"name":"politoed","url":"https://pokeapi.co/api/v2/pokemon/186/"},{"name":"wooper","url":"https://pokeapi.co/api/v2/pokemon/194/"},{"name":"quagsire","url":"https://pokeapi.co/api/v2/pokemon/195/"},{"name":"slowking","url":"https://pokeapi.co/api/v2/pokemon/199/"},{"name":"dunsparce","url":"https://pokeapi.co/api/v2/pokemon/206/"},{"name":"qwilfish","url":"https://pokeapi.co/api/v2/pokemon/211/"},{"name":"sneasel","url":"https://pokeapi.co/api/v2/pokemon/215/"},{"name":"swinub","url":"https://pokeapi.co/api/v2/pokemon/220/"},{"name":"piloswine","url":"https://pokeapi.co/api/v2/pokemon/221/"},{"name":"corsola","url":"https://pokeapi.co/api/v2/pokemon/222/"},{"name":"remoraid","url":"https://pokeapi.co/api/v2/pokemon/223/"},{"name":"octillery","url":"https://pokeapi.co/api/v2/pokemon/224/"},{"name":"delibird","url":"https://pokeapi.co/api/v2/pokemon/225/"},{"name":"mantine","url":"https://pokeapi.co/api/v2/pokemon/226/"},{"name":"kingdra","url":"https://pokeapi.co/api/v2/pokemon/230/"},{"name":"porygon2","url":"https://pokeapi.co/api/v2/pokemon/233/"},{"name":"smoochum","url":"https://pokeapi.co/api/v2/pokemon/238/"},{"name":"miltank","url":"https://pokeapi.co/api/v2/pokemon/241/"},{"name":"blissey","url":"https://pokeapi.co/api/v2/pokemon/242/"},{"name":"suicune","url":"https://pokeapi.co/api/v2/pokemon/245/"},{"name":"tyranitar","url":"https://pokeapi.co/api/v2/pokemon/248/"},{"name":"lugia","url":"https://pokeapi.co/api/v2/pokemon/249/"},{"name":"mudkip","url":"https://pokeapi.co/api/v2/pokemon/258/"},{"name":"marshtomp","url":"https://pokeapi.co/api/v2/pokemon/259/"},{"name":"swampert","url":"https://pokeapi.co/api/v2/pokemon/260/"},{"name":"zigzagoon","url":"https://pokeapi.co/api/v2/pokemon/263/"},{"name":"linoone","url":"https://pokeapi.co/api/v2/pokemon/264/"},{"name":"lotad","url":"https://pokeapi.co/api/v2/pokemon/270/"},{"name":"lombre","url":"https://pokeapi.co/api/v2/pokemon/271/"},{"name":"ludicolo","url":"https://pokeapi.co/api/v2/pokemon/272/"},{"name":"wingull","url":"https://pokeapi.co/api/v2/pokemon/278/"},{"name":"pelipper","url":"https://pokeapi.co/api/v2/pokemon/279/"},{"name":"surskit","url":"https://pokeapi.co/api/v2/pokemon/283/"},{"name":"masquerain","url":"https://pokeapi.co/api/v2/pokemon/284/"},{"name":"slakoth","url":"https://pokeapi.co/api/v2/pokemon/287/"},{"name":"vigoroth","url":"https://pokeapi.co/api/v2/pokemon/288/"},{"name":"slaking","url":"https://pokeapi.co/api/v2/pokemon/289/"},{"name":"whismur","url":"https://pokeapi.co/api/v2/pokemon/293/"},{"name":"loudred","url":"https://pokeapi.co/api/v2/pokemon/294/"},{"name":"exploud","url":"https://pokeapi.co/api/v2/pokemon/295/"},{"name":"azurill","url":"https://pokeapi.co/api/v2/pokemon/298/"},{"name":"skitty","url":"https://pokeapi.co/api/v2/pokemon/300/"},{"name":"delcatty","url":"https://pokeapi.co/api/v2/pokemon/301/"},{"name":"aggron","url":"https://pokeapi.co/api/v2/pokemon/306/"},{"name":"carvanha","url":"https://pokeapi.co/api/v2/pokemon/318/"},{"name":"sharpedo","url":"https://pokeapi.co/api/v2/pokemon/319/"},{"name":"wailmer","url":"https://pokeapi.co/api/v2/pokemon/320/"},{"name":"wailord","url":"https://pokeapi.co/api/v2/pokemon/321/"},{"name":"zangoose","url":"https://pokeapi.co/api/v2/pokemon/335/"},{"name":"lunatone","url":"https://pokeapi.co/api/v2/pokemon/337/"},{"name":"barboach","url":"https://pokeapi.co/api/v2/pokemon/339/"},{"name":"whiscash","url":"https://pokeapi.co/api/v2/pokemon/340/"},{"name":"corphish","url":"https://pokeapi.co/api/v2/pokemon/341/"},{"name":"crawdaunt","url":"https://pokeapi.co/api/v2/pokemon/342/"},{"name":"feebas","url":"https://pokeapi.co/api/v2/pokemon/349/"},{"name":"milotic","url":"https://pokeapi.co/api/v2/pokemon/350/"},{"name":"castform","url":"https://pokeapi.co/api/v2/pokemon/351/"},{"name":"kecleon","url":"https://pokeapi.co/api/v2/pokemon/352/"},{"name":"duskull","url":"https://pokeapi.co/api/v2/pokemon/355/"},{"name":"dusclops","url":"https://pokeapi.co/api/v2/pokemon/356/"},{"name":"absol","url":"https://pokeapi.co/api/v2/pokemon/359/"},{"name":"snorunt","url":"https://pokeapi.co/api/v2/pokemon/361/"},{"name":"glalie","url":"https://pokeapi.co/api/v2/pokemon/362/"},{"name":"spheal","url":"https://pokeapi.co/api/v2/pokemon/363/"},{"name":"sealeo","url":"https://pokeapi.co/api/v2/pokemon/364/"},{"name":"walrein","url":"https://pokeapi.co/api/v2/pokemon/365/"},{"name":"clamperl","url":"https://pokeapi.co/api/v2/pokemon/366/"},{"name":"huntail","url":"https://pokeapi.co/api/v2/pokemon/367/"},{"name":"gorebyss","url":"https://pokeapi.co/api/v2/pokemon/368/"},{"name":"relicanth","url":"https://pokeapi.co/api/v2/pokemon/369/"},{"name":"luvdisc","url":"https://pokeapi.co/api/v2/pokemon/370/"},{"name":"regice","url":"https://pokeapi.co/api/v2/pokemon/378/"},{"name":"kyogre","url":"https://pokeapi.co/api/v2/pokemon/382/"},{"name":"rayquaza","url":"https://pokeapi.co/api/v2/pokemon/384/"},{"name":"piplup","url":"https://pokeapi.co/api/v2/pokemon/393/"},{"name":"prinplup","url":"https://pokeapi.co/api/v2/pokemon/394/"},{"name":"empoleon","url":"https://pokeapi.co/api/v2/pokemon/395/"},{"name":"bidoof","url":"https://pokeapi.co/api/v2/pokemon/399/"},{"name":"bibarel","url":"https://pokeapi.co/api/v2/pokemon/400/"},{"name":"cranidos","url":"https://pokeapi.co/api/v2/pokemon/408/"},{"name":"rampardos","url":"https://pokeapi.co/api/v2/pokemon/409/"},{"name":"shieldon","url":"https://pokeapi.co/api/v2/pokemon/410/"},{"name":"bastiodon","url":"https://pokeapi.co/api/v2/pokemon/411/"},{"name":"buizel","url":"https://pokeapi.co/api/v2/pokemon/418/"},{"name":"floatzel","url":"https://pokeapi.co/api/v2/pokemon/419/"},{"name":"shellos","url":"https://pokeapi.co/api/v2/pokemon/422/"},{"name":"gastrodon","url":"https://pokeapi.co/api/v2/pokemon/423/"},{"name":"lopunny","url":"https://pokeapi.co/api/v2/pokemon/428/"},{"name":"munchlax","url":"https://pokeapi.co/api/v2/pokemon/446/"},{"name":"finneon","url":"https://pokeapi.co/api/v2/pokemon/456/"},{"name":"lumineon","url":"https://pokeapi.co/api/v2/pokemon/457/"},{"name":"mantyke","url":"https://pokeapi.co/api/v2/pokemon/458/"},{"name":"snover","url":"https://pokeapi.co/api/v2/pokemon/459/"},{"name":"abomasnow","url":"https://pokeapi.co/api/v2/pokemon/460/"},{"name":"weavile","url":"https://pokeapi.co/api/v2/pokemon/461/"},{"name":"lickilicky","url":"https://pokeapi.co/api/v2/pokemon/463/"},{"name":"rhyperior","url":"https://pokeapi.co/api/v2/pokemon/464/"},{"name":"glaceon","url":"https://pokeapi.co/api/v2/pokemon/471/"},{"name":"mamoswine","url":"https://pokeapi.co/api/v2/pokemon/473/"},{"name":"porygon-z","url":"https://pokeapi.co/api/v2/pokemon/474/"},{"name":"dusknoir","url":"https://pokeapi.co/api/v2/pokemon/477/"},{"name":"froslass","url":"https://pokeapi.co/api/v2/pokemon/478/"},{"name":"mesprit","url":"https://pokeapi.co/api/v2/pokemon/481/"},{"name":"dialga","url":"https://pokeapi.co/api/v2/pokemon/483/"},{"name":"palkia","url":"https://pokeapi.co/api/v2/pokemon/484/"},{"name":"phione","url":"https://pokeapi.co/api/v2/pokemon/489/"},{"name":"manaphy","url":"https://pokeapi.co/api/v2/pokemon/490/"},{"name":"darkrai","url":"https://pokeapi.co/api/v2/pokemon/491/"},{"name":"arceus","url":"https://pokeapi.co/api/v2/pokemon/493/"},{"name":"oshawott","url":"https://pokeapi.co/api/v2/pokemon/501/"},{"name":"dewott","url":"https://pokeapi.co/api/v2/pokemon/502/"},{"name":"samurott","url":"https://pokeapi.co/api/v2/pokemon/503/"},{"name":"panpour","url":"https://pokeapi.co/api/v2/pokemon/515/"},{"name":"simipour","url":"https://pokeapi.co/api/v2/pokemon/516/"},{"name":"audino","url":"https://pokeapi.co/api/v2/pokemon/531/"},{"name":"basculin-red-striped","url":"https://pokeapi.co/api/v2/pokemon/550/"},{"name":"tirtouga","url":"https://pokeapi.co/api/v2/pokemon/564/"},{"name":"carracosta","url":"https://pokeapi.co/api/v2/pokemon/565/"},{"name":"vanillite","url":"https://pokeapi.co/api/v2/pokemon/582/"},{"name":"vanillish","url":"https://pokeapi.co/api/v2/pokemon/583/"},{"name":"vanilluxe","url":"https://pokeapi.co/api/v2/pokemon/584/"},{"name":"frillish","url":"https://pokeapi.co/api/v2/pokemon/592/"},{"name":"jellicent","url":"https://pokeapi.co/api/v2/pokemon/593/"},{"name":"alomomola","url":"https://pokeapi.co/api/v2/pokemon/594/"},{"name":"cubchoo","url":"https://pokeapi.co/api/v2/pokemon/613/"},{"name":"beartic","url":"https://pokeapi.co/api/v2/pokemon/614/"},{"name":"cryogonal","url":"https://pokeapi.co/api/v2/pokemon/615/"},{"name":"kyurem","url":"https://pokeapi.co/api/v2/pokemon/646/"},{"name":"genesect","url":"https://pokeapi.co/api/v2/pokemon/649/"},{"name":"froakie","url":"https://pokeapi.co/api/v2/pokemon/656/"},{"name":"frogadier","url":"https://pokeapi.co/api/v2/pokemon/657/"},{"name":"greninja","url":"https://pokeapi.co/api/v2/pokemon/658/"},{"name":"binacle","url":"https://pokeapi.co/api/v2/pokemon/688/"},{"name":"barbaracle","url":"https://pokeapi.co/api/v2/pokemon/689/"},{"name":"clauncher","url":"https://pokeapi.co/api/v2/pokemon/692/"},{"name":"clawitzer","url":"https://pokeapi.co/api/v2/pokemon/693/"},{"name":"amaura","url":"https://pokeapi.co/api/v2/pokemon/698/"},{"name":"aurorus","url":"https://pokeapi.co/api/v2/pokemon/699/"},{"name":"sliggoo","url":"https://pokeapi.co/api/v2/pokemon/705/"},{"name":"goodra","url":"https://pokeapi.co/api/v2/pokemon/706/"},{"name":"bergmite","url":"https://pokeapi.co/api/v2/pokemon/712/"},{"name":"avalugg","url":"https://pokeapi.co/api/v2/pokemon/713/"},{"name":"popplio","url":"https://pokeapi.co/api/v2/pokemon/728/"},{"name":"brionne","url":"https://pokeapi.co/api/v2/pokemon/729/"},{"name":"primarina","url":"https://pokeapi.co/api/v2/pokemon/730/"},{"name":"crabominable","url":"https://pokeapi.co/api/v2/pokemon/740/"},{"name":"mareanie","url":"https://pokeapi.co/api/v2/pokemon/747/"},{"name":"toxapex","url":"https://pokeapi.co/api/v2/pokemon/748/"},{"name":"dewpider","url":"https://pokeapi.co/api/v2/pokemon/751/"},{"name":"araquanid","url":"https://pokeapi.co/api/v2/pokemon/752/"},{"name":"golisopod","url":"https://pokeapi.co/api/v2/pokemon/768/"},{"name":"bruxish","url":"https://pokeapi.co/api/v2/pokemon/779/"},{"name":"drampa","url":"https://pokeapi.co/api/v2/pokemon/780/"},{"name":"tapu-fini","url":"https://pokeapi.co/api/v2/pokemon/788/"},{"name":"lunala","url":"https://pokeapi.co/api/v2/pokemon/792/"},{"name":"pheromosa","url":"https://pokeapi.co/api/v2/pokemon/795/"},{"name":"inteleon","url":"https://pokeapi.co/api/v2/pokemon/818/"},{"name":"drednaw","url":"https://pokeapi.co/api/v2/pokemon/834/"},{"name":"cramorant","url":"https://pokeapi.co/api/v2/pokemon/845/"},{"name":"barraskewda","url":"https://pokeapi.co/api/v2/pokemon/847/"},{"name":"obstagoon","url":"https://pokeapi.co/api/v2/pokemon/862/"},{"name":"cursola","url":"https://pokeapi.co/api/v2/pokemon/864/"},{"name":"mr-rime","url":"https://pokeapi.co/api/v2/pokemon/866/"},{"name":"frosmoth","url":"https://pokeapi.co/api/v2/pokemon/873/"},{"name":"eiscue-ice","url":"https://pokeapi.co/api/v2/pokemon/875/"},{"name":"arctozolt","url":"https://pokeapi.co/api/v2/pokemon/881/"},{"name":"arctovish","url":"https://pokeapi.co/api/v2/pokemon/883/"},{"name":"glastrier","url":"https://pokeapi.co/api/v2/pokemon/896/"},{"name":"basculegion-male","url":"https://pokeapi.co/api/v2/pokemon/902/"},{"name":"overqwil","url":"https://pokeapi.co/api/v2/pokemon/904/"},{"name":"wiglett","url":"https://pokeapi.co/api/v2/pokemon/960/"},{"name":"wugtrio","url":"https://pokeapi.co/api/v2/pokemon/961/"},{"name":"finizen","url":"https://pokeapi.co/api/v2/pokemon/963/"},{"name":"palafin","url":"https://pokeapi.co/api/v2/pokemon/964/"},{"name":"cetoddle","url":"https://pokeapi.co/api/v2/pokemon/974/"},{"name":"cetitan","url":"https://pokeapi.co/api/v2/pokemon/975/"},{"name":"veluza","url":"https://pokeapi.co/api/v2/pokemon/976/"},{"name":"dudunsparce","url":"https://pokeapi.co/api/v2/pokemon/982/"},{"name":"scream-tail","url":"https://pokeapi.co/api/v2/pokemon/985/"},{"name":"iron-bundle","url":"https://pokeapi.co/api/v2/pokemon/991/"},{"name":"iron-thorns","url":"https://pokeapi.co/api/v2/pokemon/995/"},{"name":"frigibax","url":"https://pokeapi.co/api/v2/pokemon/996/"},{"name":"arctibax","url":"https://pokeapi.co/api/v2/pokemon/997/"},{"name":"baxcalibur","url":"https://pokeapi.co/api/v2/pokemon/998/"},{"name":"chien-pao","url":"https://pokeapi.co/api/v2/pokemon/1002/"},{"name":"rotom-frost","url":"https://pokeapi.co/api/v2/pokemon/10010/"},{"name":"castform-sunny","url":"https://pokeapi.co/api/v2/pokemon/10013/"},{"name":"castform-rainy","url":"https://pokeapi.co/api/v2/pokemon/10014/"},{"name":"castform-snowy","url":"https://pokeapi.co/api/v2/pokemon/10015/"},{"name":"basculin-blue-striped","url":"https://pokeapi.co/api/v2/pokemon/10016/"},{"name":"kyurem-black","url":"https://pokeapi.co/api/v2/pokemon/10022/"},{"name":"kyurem-white","url":"https://pokeapi.co/api/v2/pokemon/10023/"},{"name":"blastoise-mega","url":"https://pokeapi.co/api/v2/pokemon/10036/"},{"name":"kangaskhan-mega","url":"https://pokeapi.co/api/v2/pokemon/10039/"},{"name":"gyarados-mega","url":"https://pokeapi.co/api/v2/pokemon/10041/"},{"name":"mewtwo-mega-x","url":"https://pokeapi.co/api/v2/pokemon/10043/"},{"name":"mewtwo-mega-y","url":"https://pokeapi.co/api/v2/pokemon/10044/"},{"name":"tyranitar-mega","url":"https://pokeapi.co/api/v2/pokemon/10049/"},{"name":"aggron-mega","url":"https://pokeapi.co/api/v2/pokemon/10053/"},{"name":"absol-mega","url":"https://pokeapi.co/api/v2/pokemon/10057/"},{"name":"abomasnow-mega","url":"https://pokeapi.co/api/v2/pokemon/10060/"},{"name":"swampert-mega","url":"https://pokeapi.co/api/v2/pokemon/10064/"},{"name":"audino-mega","url":"https://pokeapi.co/api/v2/pokemon/10069/"},{"name":"sharpedo-mega","url":"https://pokeapi.co/api/v2/pokemon/10070/"},{"name":"slowbro-mega","url":"https://pokeapi.co/api/v2/pokemon/10071/"},{"name":"glalie-mega","url":"https://pokeapi.co/api/v2/pokemon/10074/"},{"name":"kyogre-primal","url":"https://pokeapi.co/api/v2/pokemon/10077/"},{"name":"rayquaza-mega","url":"https://pokeapi.co/api/v2/pokemon/10079/"},{"name":"lopunny-mega","url":"https://pokeapi.co/api/v2/pokemon/10088/"},{"name":"rattata-alola","url":"https://pokeapi.co/api/v2/pokemon/10091/"},{"name":"raticate-alola","url":"https://pokeapi.co/api/v2/pokemon/10092/"},{"name":"raticate-totem-alola","url":"https://pokeapi.co/api/v2/pokemon/10093/"},{"name":"sandshrew-alola","url":"https://pokeapi.co/api/v2/pokemon/10101/"},{"name":"sandslash-alola","url":"https://pokeapi.co/api/v2/pokemon/10102/"},{"name":"vulpix-alola","url":"https://pokeapi.co/api/v2/pokemon/10103/"},{"name":"ninetales-alola","url":"https://pokeapi.co/api/v2/pokemon/10104/"},{"name":"marowak-alola","url":"https://pokeapi.co/api/v2/pokemon/10115/"},{"name":"greninja-battle-bond","url":"https://pokeapi.co/api/v2/pokemon/10116/"},{"name":"greninja-ash","url":"https://pokeapi.co/api/v2/pokemon/10117/"},{"name":"marowak-totem","url":"https://pokeapi.co/api/v2/pokemon/10149/"},{"name":"araquanid-totem","url":"https://pokeapi.co/api/v2/pokemon/10153/"},{"name":"slowpoke-galar","url":"https://pokeapi.co/api/v2/pokemon/10164/"},{"name":"slowbro-galar","url":"https://pokeapi.co/api/v2/pokemon/10165/"},{"name":"mr-mime-galar","url":"https://pokeapi.co/api/v2/pokemon/10168/"},{"name":"slowking-galar","url":"https://pokeapi.co/api/v2/pokemon/10172/"},{"name":"corsola-galar","url":"https://pokeapi.co/api/v2/pokemon/10173/"},{"name":"zigzagoon-galar","url":"https://pokeapi.co/api/v2/pokemon/10174/"},{"name":"linoone-galar","url":"https://pokeapi.co/api/v2/pokemon/10175/"},{"name":"darumaka-galar","url":"https://pokeapi.co/api/v2/pokemon/10176/"},{"name":"darmanitan-galar-standard","url":"https://pokeapi.co/api/v2/pokemon/10177/"},{"name":"darmanitan-galar-zen","url":"https://pokeapi.co/api/v2/pokemon/10178/"},{"name":"cramorant-gulping","url":"https://pokeapi.co/api/v2/pokemon/10182/"},{"name":"cramorant-gorging","url":"https://pokeapi.co/api/v2/pokemon/10183/"},{"name":"eiscue-noice","url":"https://pokeapi.co/api/v2/pokemon/10185/"},{"name":"calyrex-ice","url":"https://pokeapi.co/api/v2/pokemon/10193/"},{"name":"qwilfish-hisui","url":"https://pokeapi.co/api/v2/pokemon/10234/"},{"name":"samurott-hisui","url":"https://pokeapi.co/api/v2/pokemon/10236/"},{"name":"sliggoo-hisui","url":"https://pokeapi.co/api/v2/pokemon/10241/"},{"name":"goodra-hisui","url":"https://pokeapi.co/api/v2/pokemon/10242/"},{"name":"avalugg-hisui","url":"https://pokeapi.co/api/v2/pokemon/10243/"},{"name":"dialga-origin","url":"https://pokeapi.co/api/v2/pokemon/10245/"},{"name":"palkia-origin","url":"https://pokeapi.co/api/v2/pokemon/10246/"},{"name":"basculin-white-striped","url":"https://pokeapi.co/api/v2/pokemon/10247/"},{"name":"basculegion-female","url":"https://pokeapi.co/api/v2/pokemon/10248/"},{"name":"dudunsparce-three-segment","url":"https://pokeapi.co/api/v2/pokemon/10255/"},{"name":"palafin-hero","url":"https://pokeapi.co/api/v2/pokemon/10256/"}],"machines":[{"machine":{"url":"https://pokeapi.co/api/v2/machine/262/"},"version_group":{"name":"red-blue","url":"https://pokeapi.co/api/v2/version-group/1/"}},{"machine":{"url":"https://pokeapi.co/api/v2/machine/263/"},"version_group":{"name":"yellow","url":"https://pokeapi.co/api/v2/version-group/2/"}},{"machine":{"url":"https://pokeapi.co/api/v2/machine/264/"},"version_group":{"name":"gold-silver","url":"https://pokeapi.co/api/v2/version-group/3/"}},{"machine":{"url":"https://pokeapi.co/api/v2/machine/265/"},"version_group":{"name":"crystal","url":"https://pokeapi.co/api/v2/version-group/4/"}},{"machine":{"url":"https://pokeapi.co/api/v2/machine/266/"},"version_group":{"name":"ruby-sapphire","url":"https://pokeapi.co/api/v2/version-group/5/"}},{"machine":{"url":"https://pokeapi.co/api/v2/machine/267/"},"version_group":{"name":"emerald","url":"https://pokeapi.co/api/v2/version-group/6/"}},{"machine":{"url":"https://pokeapi.co/api/v2/machine/268/"},"version_group":{"name":"firered-leafgreen","url":"https://pokeapi.co/api/v2/version-group/7/"}},{"machine":{"url":"https://pokeapi.co/api/v2/machine/269/"},"version_group":{"name":"diamond-pearl","url":"https://pokeapi.co/api/v2/version-group/8/"}},{"machine":{"url":"https://pokeapi.co/api/v2/machine/270/"},"version_group":{"name":"platinum","url":"https://pokeapi.co/api/v2/version-group/9/"}},{"machine":{"url":"https://pokeapi.co/api/v2/machine/271/"},"version_group":{"name":"heartgold-soulsilver","url":"https://pokeapi.co/api/v2/version-group/10/"}},{"machine":{"url":"https://pokeapi.co/api/v2/machine/272/"},"version_group":{"name":"black-white","url":"https://pokeapi.co/api/v2/version-group/11/"}},{"machine":{"url":"https://pokeapi.co/api/v2/machine/273/"},"version_group":{"name":"colosseum","url":"https://pokeapi.co/api/v2/version-group/12/"}},{"machine":{"url":"https://pokeapi.co/api/v2/machine/274/"},"version_group":{"name":"xd","url":"https://pokeapi.co/api/v2/version-group/13/"}},{"machine":{"url":"https://pokeapi.co/api/v2/machine/275/"},"version_group":{"name":"black-2-white-2","url":"https://pokeapi.co/api/v2/version-group/14/"}},{"machine":{"url":"https://pokeapi.co/api/v2/machine/276/"},"version_group":{"name":"x-y","url":"https://pokeapi.co/api/v2/version-group/15/"}},{"machine":{"url":"https://pokeapi.co/api/v2/machine/277/"},"version_group":{"name":"omega-ruby-alpha-sapphire","url":"https://pokeapi.co/api/v2/version-group/16/"}},{"machine":{"url":"https://pokeapi.co/api/v2/machine/278/"},"version_group":{"name":"sun-moon","url":"https://pokeapi.co/api/v2/version-group/17/"}},{"machine":{"url":"https://pokeapi.co/api/v2/machine/279/"},"version_group":{"name":"ultra-sun-ultra-moon","url":"https://pokeapi.co/api/v2/version-group/18/"}},{"machine":{"url":"https://pokeapi.co/api/v2/machine/1011/"},"version_group":{"name":"lets-go-pikachu-lets-go-eevee","url":"https://pokeapi.co/api/v2/version-group/19/"}},{"machine":{"url":"https://pokeapi.co/api/v2/machine/1576/"},"version_group":{"name":"sword-shield","url":"https://pokeapi.co/api/v2/version-group/20/"}}],"meta":{"ailment":{"name":"freeze","url":"https://pokeapi.co/api/v2/move-ailment/3/"},"ailment_chance":10,"category":{"name":"damage+ailment","url":"https://pokeapi.co/api/v2/move-category/4/"},"crit_rate":0,"drain":0,"flinch_chance":0,"healing":0,"max_hits":null,"max_turns":null,"min_hits":null,"min_turns":null,"stat_chance":0},"name":"blizzard","names":[{"language":{"name":"ja-Hrkt","url":"https://pokeapi.co/api/v2/language/1/"},"name":"ふぶき"},{"language":{"name":"ko","url":"https://pokeapi.co/api/v2/language/3/"},"name":"눈보라"},{"language":{"name":"zh-Hant","url":"https://pokeapi.co/api/v2/language/4/"},"name":"暴風雪"},{"language":{"name":"fr","url":"https://pokeapi.co/api/v2/language/5/"},"name":"Blizzard"},{"language":{"name":"de","url":"https://pokeapi.co/api/v2/language/6/"},"name":"Blizzard"},{"language":{"name":"es","url":"https://pokeapi.co/api/v2/language/7/"},"name":"Ventisca"},{"language":{"name":"it","url":"https://pokeapi.co/api/v2/language/8/"},"name":"Bora"},{"language":{"name":"en","url":"https://pokeapi.co/api/v2/language/9/"},"name":"Blizzard"},{"language":{"name":"ja","url":"https://pokeapi.co/api/v2/language/11/"},"name":"ふぶき"},{"language":{"name":"zh-Hans","url":"https://pokeapi.co/api/v2/language/12/"},"name":"暴风雪"}],"past_values":[{"accuracy":90,"effect_chance":null,"effect_entries":[],"power":null,"pp":null,"type":null,"version_group":{"name":"gold-silver","url":"https://pokeapi.co/api/v2/version-group/3/"}},{"accuracy":null,"effect_chance":null,"effect_entries":[],"power":120,"pp":null,"type":null,"version_group":{"name":"x-y","url":"https://pokeapi.co/api/v2/version-group/15/"}}],"power":110,"pp":5,"priority":0,"stat_changes":[],"super_contest_effect":{"url":"https://pokeapi.co/api/v2/super-contest-effect/17/"},"target":{"name":"all-opponents","url":"https://pokeapi.co/api/v2/move-target/11/"},"type":{"name":"ice","url":"https://pokeapi.co/api/v2/type/15/"}}