{"accuracy":95,"contest_combos":{"normal":{"use_after":[{"name":"growth","url":"https://pokeapi.co/api/v2/move/74/"}],"use_before":null},"super":{"use_after":null,"use_before":null}},"contest_effect":{"url":"https://pokeapi.co/api/v2/contest-effect/2/"},"contest_type":{"name":"cool","url":"https://pokeapi.co/api/v2/contest-type/1/"},"damage_class":{"name":"physical","url":"https://pokeapi.co/api/v2/move-damage-class/2/"},"effect_chance":null,"effect_changes":[],"effect_entries":[{"effect":"Inflicts regular damage.  User's critical hit rate is one level higher when using this move.","language":{"name":"en","url":"https://pokeapi.co/api/v2/language/9/"},"short_effect":"Has an increased chance for a critical hit."}],"flavor_text_entries":[{"flavor_text":"Has a high criti­\ncal hit ratio.","language":{"name":"en","url":"https://pokeapi.co/api/v2/language/9/"},"version_group":{"name":"gold-silver","url":"https://pokeapi.co/api/v2/version-group/3/"}},{"flavor_text":"Has a high criti­\ncal hit ratio.","language":{"name":"en","url":"https://pokeapi.co/api/v2/language/9/"},"version_group":{"name":"crystal","url":"https://pokeapi.co/api/v2/version-group/4/"}},{"flavor_text":"Cuts the enemy with leaves.\nHigh critical-hit ratio.","language":{"name":"en","url":"https://pokeapi.co/api/v2/language/9/"},"version_group":{"name":"ruby-sapphire","url":"https://pokeapi.co/api/v2/version-group/5/"}},{"flavor_text":"Cuts the enemy with leaves.\nHigh critical-hit ratio.","language":{"name":"en","url":"https://pokeapi.co/api/v2/language/9/"},"version_group":{"name":"emerald","url":"https://pokeapi.co/api/v2/version-group/6/"}},{"flavor_text":"The foe is hit with\na cutting leaf.\nIt has a high\ncritical-hit ratio.","language":{"name":"en","url":"https://pokeapi.co/api/v2/language/9/"},"version_group":{"name":"firered-leafgreen","url":"https://pokeapi.co/api/v2/version-group/7/"}},{"flavor_text":"A sharp-edged leaf is\nlaunched to slash at\nthe foe. It has a\nhigh critical-hit\nratio.","language":{"name":"en","url":"https://pokeapi.co/api/v2/language/9/"},"version_group":{"name":"diamond-pearl","url":"https://pokeapi.co/api/v2/version-group/8/"}},{"flavor_text":"Sharp-edged leaves\nare launched to slash\nat the foe. It has a\nhigh critical-hit\nratio.","language":{"name":"en","url":"https://pokeapi.co/api/v2/language/9/"},"version_group":{"name":"platinum","url":"https://pokeapi.co/api/v2/version-group/9/"}},{"flavor_text":"Sharp-edged leaves\nare launched to slash\nat the foe. It has a\nhigh critical-hit\nratio.","language":{"name":"en","url":"https://pokeapi.co/api/v2/language/9/"},"version_group":{"name":"heartgold-soulsilver","url":"https://pokeapi.co/api/v2/version-group/10/"}},{"flavor_text":"Des feuilles aiguisées comme des\nrasoirs entaillent l’ennemi.\nTaux de critiques élevé.","language":{"name":"fr","url":"https://pokeapi.co/api/v2/language/5/"},"version_group":{"name":"black-white","url":"https://pokeapi.co/api/v2/version-group/11/"}},{"flavor_text":"Sharp-edged leaves are launched\nto slash at the opposing team.\nCritical hits land more easily.","language":{"name":"en","url":"https://pokeapi.co/api/v2/language/9/"},"version_group":{"name":"black-white","url":"https://pokeapi.co/api/v2/version-group/11/"}},{"flavor_text":"Sharp-edged leaves are launched\nto slash at the opposing team.\nCritical hits land more easily.","language":{"name":"en","url":"https://pokeapi.co/api/v2/language/9/"},"version_group":{"name":"black-2-white-2","url":"https://pokeapi.co/api/v2/version-group/14/"}},{"flavor_text":"はっぱを　とばして\nあいてを　きりつけて　こうげきする。\nきゅうしょに　あたりやすい。","language":{"name":"ja-Hrkt","url":"https://pokeapi.co/api/v2/language/1/"},"version_group":{"name":"x-y","url":"https://pokeapi.co/api/v2/version-group/15/"}},{"flavor_text":"잎사귀를 날려\n상대를 베어 공격한다.\n급소에 맞기 쉽다.","language":{"name":"ko","url":"https://pokeapi.co/api/v2/language/3/"},"version_group":{"name":"x-y","url":"https://pokeapi.co/api/v2/version-group/15/"}},{"flavor_text":"Des feuilles aiguisées comme des rasoirs entaillent\nl’ennemi. Taux de critiques élevé.","language":{"name":"fr","url":"https://pokeapi.co/api/v2/language/5/"},"version_group":{"name":"x-y","url":"https://pokeapi.co/api/v2/version-group/15/"}},{"flavor_text":"Trifft das Ziel mit Blättern. Hohe Volltrefferquote.","language":{"name":"de","url":"https://pokeapi.co/api/v2/language/6/"},"version_group":{"name":"x-y","url":"https://pokeapi.co/api/v2/version-group/15/"}},{"flavor_text":"Corta con hojas afiladas. Suele ser crítico.","language":{"name":"es","url":"https://pokeapi.co/api/v2/language/7/"},"version_group":{"name":"x-y","url":"https://pokeapi.co/api/v2/version-group/15/"}},{"flavor_text":"Foglie taglienti sferzano i nemici intorno.\nProbabile brutto colpo.","language":{"name":"it","url":"https://pokeapi.co/api/v2/language/8/"},"version_group":{"name":"x-y","url":"https://pokeapi.co/api/v2/version-group/15/"}},{"flavor_text":"Sharp-edged leaves are launched\nto slash at the opposing Pokémon.\nCritical hits land more easily.","language":{"name":"en","url":"https://pokeapi.co/api/v2/language/9/"},"version_group":{"name":"x-y","url":"https://pokeapi.co/api/v2/version-group/15/"}},{"flavor_text":"はっぱを　とばして\n相手を　切りつけて　攻撃する。\n急所に　当たりやすい。","language":{"name":"ja","url":"https://pokeapi.co/api/v2/language/11/"},"version_group":{"name":"x-y","url":"https://pokeapi.co/api/v2/version-group/15/"}},{"flavor_text":"はっぱを　とばして\nあいてを　きりつけて　こうげきする。\nきゅうしょに　あたりやすい。","language":{"name":"ja-Hrkt","url":"https://pokeapi.co/api/v2/language/1/"},"version_group":{"name":"omega-ruby-alpha-sapphire","url":"https://pokeapi.co/api/v2/version-group/16/"}},{"flavor_text":"잎사귀를 날려\n상대를 베어 공격한다.\n급소에 맞기 쉽다.","language":{"name":"ko","url":"https://pokeapi.co/api/v2/language/3/"},"version_group":{"name":"omega-ruby-alpha-sapphire","url":"https://pokeapi.co/api/v2/version-group/16/"}},{"flavor_text":"Des feuilles aiguisées comme des rasoirs entaillent\nl’ennemi. Taux de critiques élevé.","language":{"name":"fr","url":"https://pokeapi.co/api/v2/language/5/"},"version_group":{"name":"omega-ruby-alpha-sapphire","url":"https://pokeapi.co/api/v2/version-group/16/"}},{"flavor_text":"Trifft das Ziel mit Blättern. Hohe Volltrefferquote.","language":{"name":"de","url":"https://pokeapi.co/api/v2/language/6/"},"version_group":{"name":"omega-ruby-alpha-sapphire","url":"https://pokeapi.co/api/v2/version-group/16/"}},{"flavor_text":"Corta con hojas afiladas. Suele ser crítico.","language":{"name":"es","url":"https://pokeapi.co/api/v2/language/7/"},"version_group":{"name":"omega-ruby-alpha-sapphire","url":"https://pokeapi.co/api/v2/version-group/16/"}},{"flavor_text":"Foglie taglienti sferzano i nemici intorno.\nProbabile brutto colpo.","language":{"name":"it","url":"https://pokeapi.co/api/v2/language/8/"},"version_group":{"name":"omega-ruby-alpha-sapphire","url":"https://pokeapi.co/api/v2/version-group/16/"}},{"flavor_text":"Sharp-edged leaves are launched\nto slash at the opposing Pokémon.\nCritical hits land more easily.","language":{"name":"en","url":"https://pokeapi.co/api/v2/language/9/"},"version_group":{"name":"omega-ruby-alpha-sapphire","url":"https://pokeapi.co/api/v2/version-group/16/"}},{"flavor_text":"はっぱを　とばして\n相手を　切りつけて　攻撃する。\n急所に　当たりやすい。","language":{"name":"ja","url":"https://pokeapi.co/api/v2/language/11/"},"version_group":{"name":"omega-ruby-alpha-sapphire","url":"https://pokeapi.co/api/v2/version-group/16/"}},{"flavor_text":"はっぱを　とばして\nあいてを　きりつけて　こうげきする。\nきゅうしょに　あたりやすい。","language":{"name":"ja-Hrkt","url":"https://pokeapi.co/api/v2/language/1/"},"version_group":{"name":"sun-moon","url":"https://pokeapi.co/api/v2/version-group/17/"}},{"flavor_text":"잎사귀를 날려\n상대를 베어 공격한다.\n급소에 맞기 쉽다.","language":{"name":"ko","url":"https://pokeapi.co/api/v2/language/3/"},"version_group":{"name":"sun-moon","url":"https://pokeapi.co/api/v2/version-group/17/"}},{"flavor_text":"飛射葉子，\n切斬對手進行攻擊。\n容易擊中要害。","language":{"name":"zh-Hant","url":"https://pokeapi.co/api/v2/language/4/"},"version_group":{"name":"sun-moon","url":"https://pokeapi.co/api/v2/version-group/17/"}},{"flavor_text":"Des feuilles aiguisées comme des rasoirs entaillent\nl’ennemi. Taux de critique élevé.","language":{"name":"fr","url":"https://pokeapi.co/api/v2/language/5/"},"version_group":{"name":"sun-moon","url":"https://pokeapi.co/api/v2/version-group/17/"}},{"flavor_text":"Trifft das Ziel mit Blättern. Hohe Volltrefferquote.","language":{"name":"de","url":"https://pokeapi.co/api/v2/language/6/"},"version_group":{"name":"sun-moon","url":"https://pokeapi.co/api/v2/version-group/17/"}},{"flavor_text":"Corta con hojas afiladas. Suele ser crítico.","language":{"name":"es","url":"https://pokeapi.co/api/v2/language/7/"},"version_group":{"name":"sun-moon","url":"https://pokeapi.co/api/v2/version-group/17/"}},{"flavor_text":"Foglie taglienti sferzano i nemici intorno.\nProbabile brutto colpo.","language":{"name":"it","url":"https://pokeapi.co/api/v2/language/8/"},"version_group":{"name":"sun-moon","url":"https://pokeapi.co/api/v2/version-group/17/"}},{"flavor_text":"Sharp-edged leaves are launched to slash at the\nopposing Pokémon. Critical hits land more easily.","language":{"name":"en","url":"https://pokeapi.co/api/v2/language/9/"},"version_group":{"name":"sun-moon","url":"https://pokeapi.co/api/v2/version-group/17/"}},{"flavor_text":"はっぱを　とばして\n相手を　切りつけて　攻撃する。\n急所に　当たりやすい。","language":{"name":"ja","url":"https://pokeapi.co/api/v2/language/11/"},"version_group":{"name":"sun-moon","url":"https://pokeapi.co/api/v2/version-group/17/"}},{"flavor_text":"飞出叶片，\n切斩对手进行攻击。\n容易击中要害。","language":{"name":"zh-Hans","url":"https://pokeapi.co/api/v2/language/12/"},"version_group":{"name":"sun-moon","url":"https://pokeapi.co/api/v2/version-group/17/"}},{"flavor_text":"はっぱを　とばして\nあいてを　きりつけて　こうげきする。\nきゅうしょに　あたりやすい。","language":{"name":"ja-Hrkt","url":"https://pokeapi.co/api/v2/language/1/"},"version_group":{"name":"ultra-sun-ultra-moon","url":"https://pokeapi.co/api/v2/version-group/18/"}},{"flavor_text":"잎사귀를 날려\n상대를 베어 공격한다.\n급소에 맞기 쉽다.","language":{"name":"ko","url":"https://pokeapi.co/api/v2/language/3/"},"version_group":{"name":"ultra-sun-ultra-moon","url":"https://pokeapi.co/api/v2/version-group/18/"}},{"flavor_text":"飛射葉子，\n切斬對手進行攻擊。\n容易擊中要害。","language":{"name":"zh-Hant","url":"https://pokeapi.co/api/v2/language/4/"},"version_group":{"name":"ultra-sun-ultra-moon","url":"https://pokeapi.co/api/v2/version-group/18/"}},{"flavor_text":"Des feuilles aiguisées comme des rasoirs entaillent\nl’ennemi. Taux de critique élevé.","language":{"name":"fr","url":"https://pokeapi.co/api/v2/language/5/"},"version_group":{"name":"ultra-sun-ultra-moon","url":"https://pokeapi.co/api/v2/version-group/18/"}},{"flavor_text":"Trifft das Ziel mit Blättern. Hohe Volltrefferquote.","language":{"name":"de","url":"https://pokeapi.co/api/v2/language/6/"},"version_group":{"name":"ultra-sun-ultra-moon","url":"https://pokeapi.co/api/v2/version-group/18/"}},{"flavor_text":"Corta con hojas afiladas. Suele ser crítico.","language":{"name":"es","url":"https://pokeapi.co/api/v2/language/7/"},"version_group":{"name":"ultra-sun-ultra-moon","url":"https://pokeapi.co/api/v2/version-group/18/"}},{"flavor_text":"Foglie taglienti sferzano i nemici intorno.\nProbabile brutto colpo.","language":{"name":"it","url":"https://pokeapi.co/api/v2/language/8/"},"version_group":{"name":"ultra-sun-ultra-moon","url":"https://pokeapi.co/api/v2/version-group/18/"}},{"flavor_text":"Sharp-edged leaves are launched to slash at the\nopposing Pokémon. Critical hits land more easily.","language":{"name":"en","url":"https://pokeapi.co/api/v2/language/9/"},"version_group":{"name":"ultra-sun-ultra-moon","url":"https://pokeapi.co/api/v2/version-group/18/"}},{"flavor_text":"はっぱを　とばして\n相手を　切りつけて　攻撃する。\n急所に　当たりやすい。","language":{"name":"ja","url":"https://pokeapi.co/api/v2/language/11/"},"version_group":{"name":"ultra-sun-ultra-moon","url":"https://pokeapi.co/api/v2/version-group/18/"}},{"flavor_text":"飞出叶片，\n切斩对手进行攻击。\n容易击中要害。","language":{"name":"zh-Hans","url":"https://pokeapi.co/api/v2/language/12/"},"version_group":{"name":"ultra-sun-ultra-moon","url":"https://pokeapi.co/api/v2/version-group/18/"}},{"flavor_text":"はっぱを　とばして\nあいてを　きりつけて　こうげきする。\nきゅうしょに　あたりやすい。","language":{"name":"ja-Hrkt","url":"https://pokeapi.co/api/v2/language/1/"},"version_group":{"name":"lets-go-pikachu-lets-go-eevee","url":"https://pokeapi.co/api/v2/version-group/19/"}},{"flavor_text":"잎사귀를 날려\n상대를 베어 공격한다.\n급소에 맞기 쉽다.","language":{"name":"ko","url":"https://pokeapi.co/api/v2/language/3/"},"version_group":{"name":"lets-go-pikachu-lets-go-eevee","url":"https://pokeapi.co/api/v2/version-group/19/"}},{"flavor_text":"飛射葉子，\n切斬對手進行攻擊。\n容易擊中要害。","language":{"name":"zh-Hant","url":"https://pokeapi.co/api/v2/language/4/"},"version_group":{"name":"lets-go-pikachu-lets-go-eevee","url":"https://pokeapi.co/api/v2/version-group/19/"}},{"flavor_text":"Des feuilles aiguisées comme des rasoirs entaillent\nl’ennemi. Taux de critique élevé.","language":{"name":"fr","url":"https://pokeapi.co/api/v2/language/5/"},"version_group":{"name":"lets-go-pikachu-lets-go-eevee","url":"https://pokeapi.co/api/v2/version-group/19/"}},{"flavor_text":"Trifft das Ziel mit Blättern. Hohe Volltrefferquote.","language":{"name":"de","url":"https://pokeapi.co/api/v2/language/6/"},"version_group":{"name":"lets-go-pikachu-lets-go-eevee","url":"https://pokeapi.co/api/v2/version-group/19/"}},{"flavor_text":"Corta con hojas afiladas. Suele ser crítico.","language":{"name":"es","url":"https://pokeapi.co/api/v2/language/7/"},"version_group":{"name":"lets-go-pikachu-lets-go-eevee","url":"https://pokeapi.co/api/v2/version-group/19/"}},{"flavor_text":"Foglie taglienti sferzano i nemici intorno.\nProbabile brutto colpo.","language":{"name":"it","url":"https://pokeapi.co/api/v2/language/8/"},"version_group":{"name":"lets-go-pikachu-lets-go-eevee","url":"https://pokeapi.co/api/v2/version-group/19/"}},{"flavor_text":"Sharp-edged leaves are launched to slash at the\nopposing Pokémon. Critical hits land more easily.","language":{"name":"en","url":"https://pokeapi.co/api/v2/language/9/"},"version_group":{"name":"lets-go-pikachu-lets-go-eevee","url":"https://pokeapi.co/api/v2/version-group/19/"}},{"flavor_text":"はっぱを　とばして\n相手を　切りつけて　攻撃する。\n急所に　当たりやすい。","language":{"name":"ja","url":"https://pokeapi.co/api/v2/language/11/"},"version_group":{"name":"lets-go-pikachu-lets-go-eevee","url":"https://pokeapi.co/api/v2/version-group/19/"}},{"flavor_text":"飞出叶片，\n切斩对手进行攻击。\n容易击中要害。","language":{"name":"zh-Hans","url":"https://pokeapi.co/api/v2/language/12/"},"version_group":{"name":"lets-go-pikachu-lets-go-eevee","url":"https://pokeapi.co/api/v2/version-group/19/"}},{"flavor_text":"はっぱを　とばして\nあいてを　きりつけて　こうげきする。\nきゅうしょに　あたりやすい。","language":{"name":"ja-Hrkt","url":"https://pokeapi.co/api/v2/language/1/"},"version_group":{"name":"sword-shield","url":"https://pokeapi.co/api/v2/version-group/20/"}},{"flavor_text":"잎사귀를 날려\n상대를 베어 공격한다.\n급소에 맞기 쉽다.","language":{"name":"ko","url":"https://pokeapi.co/api/v2/language/3/"},"version_group":{"name":"sword-shield","url":"https://pokeapi.co/api/v2/version-group/20/"}},{"flavor_text":"飛射葉子，\n切斬對手進行攻擊。\n容易擊中要害。","language":{"name":"zh-Hant","url":"https://pokeapi.co/api/v2/language/4/"},"version_group":{"name":"sword-shield","url":"https://pokeapi.co/api/v2/version-group/20/"}},{"flavor_text":"Des feuilles aiguisées comme des rasoirs entaillent\nl’ennemi. Taux de critiques élevé.","language":{"name":"fr","url":"https://pokeapi.co/api/v2/language/5/"},"version_group":{"name":"sword-shield","url":"https://pokeapi.co/api/v2/version-group/20/"}},{"flavor_text":"Greift gegnerische Pokémon mithilfe von Blättern an.\nHohe Volltrefferquote.","language":{"name":"de","url":"https://pokeapi.co/api/v2/language/6/"},"version_group":{"name":"sword-shield","url":"https://pokeapi.co/api/v2/version-group/20/"}},{"flavor_text":"Corta con hojas afiladas. Un ataque que suele ser\ncrítico.","language":{"name":"es","url":"https://pokeapi.co/api/v2/language/7/"},"version_group":{"name":"sword-shield","url":"https://pokeapi.co/api/v2/version-group/20/"}},{"flavor_text":"Foglie taglienti sferzano i nemici intorno.\nProbabile brutto colpo.","language":{"name":"it","url":"https://pokeapi.co/api/v2/language/8/"},"version_group":{"name":"sword-shield","url":"https://pokeapi.co/api/v2/version-group/20/"}},{"flavor_text":"Sharp-edged leaves are launched to slash at opposing\nPokémon. Critical hits land more easily.","language":{"name":"en","url":"https://pokeapi.co/api/v2/language/9/"},"version_group":{"name":"sword-shield","url":"https://pokeapi.co/api/v2/version-group/20/"}},{"flavor_text":"はっぱを　とばして\n相手を　切りつけて　攻撃する。\n急所に　当たりやすい。","language":{"name":"ja","url":"https://pokeapi.co/api/v2/language/11/"},"version_group":{"name":"sword-shield","url":"https://pokeapi.co/api/v2/version-group/20/"}},{"flavor_text":"飞出叶片，\n切斩对手进行攻击。\n容易击中要害。","language":{"name":"zh-Hans","url":"https://pokeapi.co/api/v2/language/12/"},"version_group":{"name":"sword-shield","url":"https://pokeapi.co/api/v2/version-group/20/"}}],"generation":{"name":"generation-i","url":"https://pokeapi.co/api/v2/generation/1/"},"id":75,"learned_by_pokemon":[{"name":"bulbasaur","url":"https://pokeapi.co/api/v2/pokemon/1/"},{"name":"ivysaur","url":"https://pokeapi.co/api/v2/pokemon/2/"},{"name":"venusaur","url":"https://pokeapi.co/api/v2/pokemon/3/"},{"name":"oddish","url":"https://pokeapi.co/api/v2/pokemon/43/"},{"name":"gloom","url":"https://pokeapi.co/api/v2/pokemon/44/"},{"name":"bellsprout","url":"https://pokeapi.co/api/v2/pokemon/69/"},{"name":"weepinbell","url":"https://pokeapi.co/api/v2/pokemon/70/"},{"name":"victreebel","url":"https://pokeapi.co/api/v2/pokemon/71/"},{"name":"farfetchd","url":"https://pokeapi.co/api/v2/pokemon/83/"},{"name":"chikorita","url":"https://pokeapi.co/api/v2/pokemon/152/"},{"name":"bayleef","url":"https://pokeapi.co/api/v2/pokemon/153/"},{"name":"meganium","url":"https://pokeapi.co/api/v2/pokemon/154/"},{"name":"sunkern","url":"https://pokeapi.co/api/v2/pokemon/191/"},{"name":"sunflora","url":"https://pokeapi.co/api/v2/pokemon/192/"},{"name":"lotad","url":"https://pokeapi.co/api/v2/pokemon/270/"},{"name":"nuzleaf","url":"https://pokeapi.co/api/v2/pokemon/274/"},{"name":"shiftry","url":"https://pokeapi.co/api/v2/pokemon/275/"},{"name":"roselia","url":"https://pokeapi.co/api/v2/pokemon/315/"},{"name":"tropius","url":"https://pokeapi.co/api/v2/pokemon/357/"},{"name":"turtwig","url":"https://pokeapi.co/api/v2/pokemon/387/"},{"name":"grotle","url":"https://pokeapi.co/api/v2/pokemon/388/"},{"name":"torterra","url":"https://pokeapi.co/api/v2/pokemon/389/"},{"name":"budew","url":"https://pokeapi.co/api/v2/pokemon/406/"},{"name":"wormadam-plant","url":"https://pokeapi.co/api/v2/pokemon/413/"},{"name":"cherubi","url":"https://pokeapi.co/api/v2/pokemon/420/"},{"name":"carnivine","url":"https://pokeapi.co/api/v2/pokemon/455/"},{"name":"snover","url":"https://pokeapi.co/api/v2/pokemon/459/"},{"name":"abomasnow","url":"https://pokeapi.co/api/v2/pokemon/460/"},{"name":"leafeon","url":"https://pokeapi.co/api/v2/pokemon/470/"},{"name":"sewaddle","url":"https://pokeapi.co/api/v2/pokemon/540/"},{"name":"swadloon","url":"https://pokeapi.co/api/v2/pokemon/541/"},{"name":"leavanny","url":"https://pokeapi.co/api/v2/pokemon/542/"},{"name":"cottonee","url":"https://pokeapi.co/api/v2/pokemon/546/"},{"name":"whimsicott","url":"https://pokeapi.co/api/v2/pokemon/547/"},{"name":"flabebe","url":"https://pokeapi.co/api/v2/pokemon/669/"},{"name":"floette","url":"https://pokeapi.co/api/v2/pokemon/670/"},{"name":"skiddo","url":"https://pokeapi.co/api/v2/pokemon/672/"},{"name":"gogoat","url":"https://pokeapi.co/api/v2/pokemon/673/"},{"name":"pumpkaboo-average","url":"https://pokeapi.co/api/v2/pokemon/710/"},{"name":"gourgeist-average","url":"https://pokeapi.co/api/v2/pokemon/711/"},{"name":"rowlet","url":"https://pokeapi.co/api/v2/pokemon/722/"},{"name":"dartrix","url":"https://pokeapi.co/api/v2/pokemon/723/"},{"name":"decidueye","url":"https://pokeapi.co/api/v2/pokemon/724/"},{"name":"fomantis","url":"https://pokeapi.co/api/v2/pokemon/753/"},{"name":"lurantis","url":"https://pokeapi.co/api/v2/pokemon/754/"},{"name":"bounsweet","url":"https://pokeapi.co/api/v2/pokemon/761/"},{"name":"steenee","url":"https://pokeapi.co/api/v2/pokemon/762/"},{"name":"tsareena","url":"https://pokeapi.co/api/v2/pokemon/763/"},{"name":"kartana","url":"https://pokeapi.co/api/v2/pokemon/798/"},{"name":"grookey","url":"https://pokeapi.co/api/v2/pokemon/810/"},{"name":"thwackey","url":"https://pokeapi.co/api/v2/pokemon/811/"},{"name":"rillaboom","url":"https://pokeapi.co/api/v2/pokemon/812/"},{"name":"gossifleur","url":"https://pokeapi.co/api/v2/pokemon/829/"},{"name":"eldegoss","url":"https://pokeapi.co/api/v2/pokemon/830/"},{"name":"smoliv","url":"https://pokeapi.co/api/v2/pokemon/928/"},{"name":"dolliv","url":"https://pokeapi.co/api/v2/pokemon/929/"},{"name":"arboliva","url":"https://pokeapi.co/api/v2/pokemon/930/"},{"name":"capsakid","url":"https://pokeapi.co/api/v2/pokemon/951/"},{"name":"scovillain","url":"https://pokeapi.co/api/v2/pokemon/952/"},{"name":"pumpkaboo-small","url":"https://pokeapi.co/api/v2/pokemon/10027/"},{"name":"pumpkaboo-large","url":"https://pokeapi.co/api/v2/pokemon/10028/"},{"name":"pumpkaboo-super","url":"https://pokeapi.co/api/v2/pokemon/10029/"},{"name":"gourgeist-small","url":"https://pokeapi.co/api/v2/pokemon/10030/"},{"name":"gourgeist-large","url":"https://pokeapi.co/api/v2/pokemon/10031/"},{"name":"gourgeist-super","url":"https://pokeapi.co/api/v2/pokemon/10032/"},{"name":"venusaur-mega","url":"https://pokeapi.co/api/v2/pokemon/10033/"},{"name":"abomasnow-mega","url":"https://pokeapi.co/api/v2/pokemon/10060/"},{"name":"floette-eternal","url":"https://pokeapi.co/api/v2/pokemon/10061/"},{"name":"lurantis-totem","url":"https://pokeapi.co/api/v2/pokemon/10128/"},{"name":"decidueye-hisui","url":"https://pokeapi.co/api/v2/pokemon/10244/"}],"machines":[],"meta":{"ailment":{"name":"none","url":"https://pokeapi.co/api/v2/move-ailment/0/"},"ailment_chance":0,"category":{"name":"damage","url":"https://pokeapi.co/api/v2/move-category/0/"},"crit_rate":1,"drain":0,"flinch_chance":0,"healing":0,"max_hits":null,"max_turns":null,"min_hits":null,"min_turns":null,"stat_chance":0},"name":"razor-leaf","names":[{"language":{"name":"ja-Hrkt","url":"https://pokeapi.co/api/v2/language/1/"},"name":"はっぱカッター"},{"language":{"name":"ko","url":"https://pokeapi.co/api/v2/language/3/"},"name":"잎날가르기"},{"language":{"name":"zh-Hant","url":"https://pokeapi.co/api/v2/language/4/"},"name":"飛葉快刀"},{"language":{"name":"fr","url":"https://pokeapi.co/api/v2/language/5/"},"name":"Tranch’Herbe"},{"language":{"name":"de","url":"https://pokeapi.co/api/v2/language/6/"},"name":"Rasierblatt"},{"language":{"name":"es","url":"https://pokeapi.co/api/v2/language/7/"},"name":"Hoja Afilada"},{"language":{"name":"it","url":"https://pokeapi.co/api/v2/language/8/"},"name":"Foglielama"},{"language":{"name":"en","url":"https://pokeapi.co/api/v2/language/9/"},"name":"Razor Leaf"},{"language":{"name":"ja","url":"https://pokeapi.co/api/v2/language/11/"},"name":"はっぱカッター"},{"language":{"name":"zh-Hans","url":"https://pokeapi.co/api/v2/language/12/"},"name":"飞叶快刀"}],"past_values":[],"power":55,"pp":25,"priority":0,"stat_changes":[],"super_contest_effect":{"url":"https://pokeapi.co/api/v2/super-contest-effect/5/"},"target":{"name":"all-opponents","url":"https://pokeapi.co/api/v2/move-target/11/"},"type":{"name":"grass","url":"https://pokeapi.co/api/v2/type/12/"}}