{"accuracy":90,"contest_combos":{"normal":{"use_after":[{"name":"charge","url":"https://pokeapi.co/api/v2/move/268/"}],"use_before":null},"super":{"use_after":null,"use_before":null}},"contest_effect":{"url":"https://pokeapi.co/api/v2/contest-effect/14/"},"contest_type":{"name":"cool","url":"https://pokeapi.co/api/v2/contest-type/1/"},"damage_class":{"name":"status","url":"https://pokeapi.co/api/v2/move-damage-class/1/"},"effect_chance":null,"effect_changes":[],"effect_entries":[{"effect":"Paralyzes the target.","language":{"name":"en","url":"https://pokeapi.co/api/v2/language/9/"},"short_effect":"Paralyzes the target."}],"flavor_text_entries":[{"flavor_text":"A move that may\ncause paralysis.","language":{"name":"en","url":"https://pokeapi.co/api/v2/language/9/"},"version_group":{"name":"gold-silver","url":"https://pokeapi.co/api/v2/version-group/3/"}},{"flavor_text":"A move that may\ncause paralysis.","language":{"name":"en","url":"https://pokeapi.co/api/v2/language/9/"},"version_group":{"name":"crystal","url":"https://pokeapi.co/api/v2/version-group/4/"}},{"flavor_text":"A weak jolt of electricity\nthat paralyzes the foe.","language":{"name":"en","url":"https://pokeapi.co/api/v2/language/9/"},"version_group":{"name":"ruby-sapphire","url":"https://pokeapi.co/api/v2/version-group/5/"}},{"flavor_text":"A weak jolt of electricity\nthat paralyzes the foe.","language":{"name":"en","url":"https://pokeapi.co/api/v2/language/9/"},"version_group":{"name":"emerald","url":"https://pokeapi.co/api/v2/version-group/6/"}},{"flavor_text":"A weak electric\nshock that is sure\nto cause paralysis\nif it hits.","language":{"name":"en","url":"https://pokeapi.co/api/v2/language/9/"},"version_group":{"name":"firered-leafgreen","url":"https://pokeapi.co/api/v2/version-group/7/"}},{"flavor_text":"A weak electric\ncharge is launched at\nthe foe.\nIt causes paralysis if\nit hits.","language":{"name":"en","url":"https://pokeapi.co/api/v2/language/9/"},"version_group":{"name":"diamond-pearl","url":"https://pokeapi.co/api/v2/version-group/8/"}},{"flavor_text":"A weak electric\ncharge is launched at\nthe foe.\nIt causes paralysis if\nit hits.","language":{"name":"en","url":"https://pokeapi.co/api/v2/language/9/"},"version_group":{"name":"platinum","url":"https://pokeapi.co/api/v2/version-group/9/"}},{"flavor_text":"A weak electric\ncharge is launched at\nthe foe.\nIt causes paralysis if\nit hits.","language":{"name":"en","url":"https://pokeapi.co/api/v2/language/9/"},"version_group":{"name":"heartgold-soulsilver","url":"https://pokeapi.co/api/v2/version-group/10/"}},{"flavor_text":"Un faible choc électrique frappe\nl’ennemi. Si l’attaque touche,\ncelui-ci est paralysé.","language":{"name":"fr","url":"https://pokeapi.co/api/v2/language/5/"},"version_group":{"name":"black-white","url":"https://pokeapi.co/api/v2/version-group/11/"}},{"flavor_text":"A weak electric charge is launched at\nthe target. It causes paralysis if it hits.","language":{"name":"en","url":"https://pokeapi.co/api/v2/language/9/"},"version_group":{"name":"black-white","url":"https://pokeapi.co/api/v2/version-group/11/"}},{"flavor_text":"A weak electric charge is launched at\nthe target. It causes paralysis if it hits.","language":{"name":"en","url":"https://pokeapi.co/api/v2/language/9/"},"version_group":{"name":"black-2-white-2","url":"https://pokeapi.co/api/v2/version-group/14/"}},{"flavor_text":"よわい　でんげきを　あびせる　ことで\nあいてを　まひ　じょうたいに　する。\n","language":{"name":"ja-Hrkt","url":"https://pokeapi.co/api/v2/language/1/"},"version_group":{"name":"x-y","url":"https://pokeapi.co/api/v2/version-group/15/"}},{"flavor_text":"약한 전격을 날려서\n상대를 마비 상태로 만든다.","language":{"name":"ko","url":"https://pokeapi.co/api/v2/language/3/"},"version_group":{"name":"x-y","url":"https://pokeapi.co/api/v2/version-group/15/"}},{"flavor_text":"Un faible choc électrique frappe l’ennemi.\nSi l’attaque le touche, celui-ci est paralysé.","language":{"name":"fr","url":"https://pokeapi.co/api/v2/language/5/"},"version_group":{"name":"x-y","url":"https://pokeapi.co/api/v2/version-group/15/"}},{"flavor_text":"Ein schwacher Stromstoß, der das Ziel paralysiert.","language":{"name":"de","url":"https://pokeapi.co/api/v2/language/6/"},"version_group":{"name":"x-y","url":"https://pokeapi.co/api/v2/version-group/15/"}},{"flavor_text":"Una ligera descarga que paraliza al objetivo si lo\nalcanza.","language":{"name":"es","url":"https://pokeapi.co/api/v2/language/7/"},"version_group":{"name":"x-y","url":"https://pokeapi.co/api/v2/version-group/15/"}},{"flavor_text":"Il bersaglio viene colpito da una debole scarica\nelettrica che, se va a segno, ne causa la paralisi.","language":{"name":"it","url":"https://pokeapi.co/api/v2/language/8/"},"version_group":{"name":"x-y","url":"https://pokeapi.co/api/v2/version-group/15/"}},{"flavor_text":"The user launches a weak jolt\nof electricity that paralyzes the target.","language":{"name":"en","url":"https://pokeapi.co/api/v2/language/9/"},"version_group":{"name":"x-y","url":"https://pokeapi.co/api/v2/version-group/15/"}},{"flavor_text":"弱い　電撃を　浴びせることで\n相手を　まひ状態に　する。\n","language":{"name":"ja","url":"https://pokeapi.co/api/v2/language/11/"},"version_group":{"name":"x-y","url":"https://pokeapi.co/api/v2/version-group/15/"}},{"flavor_text":"よわい　でんげきを　あびせる　ことで\nあいてを　まひ　じょうたいに　する。\n","language":{"name":"ja-Hrkt","url":"https://pokeapi.co/api/v2/language/1/"},"version_group":{"name":"omega-ruby-alpha-sapphire","url":"https://pokeapi.co/api/v2/version-group/16/"}},{"flavor_text":"약한 전격을 날려서\n상대를 마비 상태로 만든다.","language":{"name":"ko","url":"https://pokeapi.co/api/v2/language/3/"},"version_group":{"name":"omega-ruby-alpha-sapphire","url":"https://pokeapi.co/api/v2/version-group/16/"}},{"flavor_text":"Un faible choc électrique frappe l’ennemi.\nSi l’attaque le touche, celui-ci est paralysé.","language":{"name":"fr","url":"https://pokeapi.co/api/v2/language/5/"},"version_group":{"name":"omega-ruby-alpha-sapphire","url":"https://pokeapi.co/api/v2/version-group/16/"}},{"flavor_text":"Ein schwacher Stromstoß, der das Ziel paralysiert.","language":{"name":"de","url":"https://pokeapi.co/api/v2/language/6/"},"version_group":{"name":"omega-ruby-alpha-sapphire","url":"https://pokeapi.co/api/v2/version-group/16/"}},{"flavor_text":"Una ligera descarga que paraliza al objetivo si lo \nalcanza.","language":{"name":"es","url":"https://pokeapi.co/api/v2/language/7/"},"version_group":{"name":"omega-ruby-alpha-sapphire","url":"https://pokeapi.co/api/v2/version-group/16/"}},{"flavor_text":"Il nemico viene colpito da una debole scarica\nelettrica che, se va a segno, ne causa la paralisi. ","language":{"name":"it","url":"https://pokeapi.co/api/v2/language/8/"},"version_group":{"name":"omega-ruby-alpha-sapphire","url":"https://pokeapi.co/api/v2/version-group/16/"}},{"flavor_text":"The user launches a weak jolt\nof electricity that paralyzes the target.","language":{"name":"en","url":"https://pokeapi.co/api/v2/language/9/"},"version_group":{"name":"omega-ruby-alpha-sapphire","url":"https://pokeapi.co/api/v2/version-group/16/"}},{"flavor_text":"弱い　電撃を　浴びせることで\n相手を　まひ状態に　する。\n","language":{"name":"ja","url":"https://pokeapi.co/api/v2/language/11/"},"version_group":{"name":"omega-ruby-alpha-sapphire","url":"https://pokeapi.co/api/v2/version-group/16/"}},{"flavor_text":"よわい　でんげきを　あびせる　ことで\nあいてを　まひ　じょうたいに　する。","language":{"name":"ja-Hrkt","url":"https://pokeapi.co/api/v2/language/1/"},"version_group":{"name":"sun-moon","url":"https://pokeapi.co/api/v2/version-group/17/"}},{"flavor_text":"약한 전격을 날려서\n상대를 마비 상태로 만든다.","language":{"name":"ko","url":"https://pokeapi.co/api/v2/language/3/"},"version_group":{"name":"sun-moon","url":"https://pokeapi.co/api/v2/version-group/17/"}},{"flavor_text":"放出微弱的電流。\n讓對手陷入麻痺狀態。","language":{"name":"zh-Hant","url":"https://pokeapi.co/api/v2/language/4/"},"version_group":{"name":"sun-moon","url":"https://pokeapi.co/api/v2/version-group/17/"}},{"flavor_text":"Un faible choc électrique frappe l’ennemi.\nSi l’attaque le touche, celui-ci est paralysé.","language":{"name":"fr","url":"https://pokeapi.co/api/v2/language/5/"},"version_group":{"name":"sun-moon","url":"https://pokeapi.co/api/v2/version-group/17/"}},{"flavor_text":"Ein schwacher Stromstoß, der das Ziel paralysiert.","language":{"name":"de","url":"https://pokeapi.co/api/v2/language/6/"},"version_group":{"name":"sun-moon","url":"https://pokeapi.co/api/v2/version-group/17/"}},{"flavor_text":"Una ligera descarga que paraliza al objetivo si lo \nalcanza.","language":{"name":"es","url":"https://pokeapi.co/api/v2/language/7/"},"version_group":{"name":"sun-moon","url":"https://pokeapi.co/api/v2/version-group/17/"}},{"flavor_text":"Colpisce il bersaglio con una debole scarica\nelettrica che lo paralizza.","language":{"name":"it","url":"https://pokeapi.co/api/v2/language/8/"},"version_group":{"name":"sun-moon","url":"https://pokeapi.co/api/v2/version-group/17/"}},{"flavor_text":"The user launches a weak jolt of electricity that\nparalyzes the target.","language":{"name":"en","url":"https://pokeapi.co/api/v2/language/9/"},"version_group":{"name":"sun-moon","url":"https://pokeapi.co/api/v2/version-group/17/"}},{"flavor_text":"弱い　電撃を　浴びせることで\n相手を　まひ状態に　する。","language":{"name":"ja","url":"https://pokeapi.co/api/v2/language/11/"},"version_group":{"name":"sun-moon","url":"https://pokeapi.co/api/v2/version-group/17/"}},{"flavor_text":"向对手发出\n微弱的电击，\n从而让对手陷入麻痹状态。","language":{"name":"zh-Hans","url":"https://pokeapi.co/api/v2/language/12/"},"version_group":{"name":"sun-moon","url":"https://pokeapi.co/api/v2/version-group/17/"}},{"flavor_text":"よわい　でんげきを　あびせる　ことで\nあいてを　まひ　じょうたいに　する。","language":{"name":"ja-Hrkt","url":"https://pokeapi.co/api/v2/language/1/"},"version_group":{"name":"ultra-sun-ultra-moon","url":"https://pokeapi.co/api/v2/version-group/18/"}},{"flavor_text":"약한 전격을 날려서\n상대를 마비 상태로 만든다.","language":{"name":"ko","url":"https://pokeapi.co/api/v2/language/3/"},"version_group":{"name":"ultra-sun-ultra-moon","url":"https://pokeapi.co/api/v2/version-group/18/"}},{"flavor_text":"放出微弱的電流。\n讓對手陷入麻痺狀態。","language":{"name":"zh-Hant","url":"https://pokeapi.co/api/v2/language/4/"},"version_group":{"name":"ultra-sun-ultra-moon","url":"https://pokeapi.co/api/v2/version-group/18/"}},{"flavor_text":"Un faible choc électrique frappe l’ennemi.\nSi l’attaque le touche, celui-ci est paralysé.","language":{"name":"fr","url":"https://pokeapi.co/api/v2/language/5/"},"version_group":{"name":"ultra-sun-ultra-moon","url":"https://pokeapi.co/api/v2/version-group/18/"}},{"flavor_text":"Ein schwacher Stromstoß, der das Ziel paralysiert.","language":{"name":"de","url":"https://pokeapi.co/api/v2/language/6/"},"version_group":{"name":"ultra-sun-ultra-moon","url":"https://pokeapi.co/api/v2/version-group/18/"}},{"flavor_text":"Una ligera descarga que paraliza al objetivo si lo \nalcanza.","language":{"name":"es","url":"https://pokeapi.co/api/v2/language/7/"},"version_group":{"name":"ultra-sun-ultra-moon","url":"https://pokeapi.co/api/v2/version-group/18/"}},{"flavor_text":"Colpisce il bersaglio con una debole scarica\nelettrica che lo paralizza.","language":{"name":"it","url":"https://pokeapi.co/api/v2/language/8/"},"version_group":{"name":"ultra-sun-ultra-moon","url":"https://pokeapi.co/api/v2/version-group/18/"}},{"flavor_text":"The user launches a weak jolt of electricity that\nparalyzes the target.","language":{"name":"en","url":"https://pokeapi.co/api/v2/language/9/"},"version_group":{"name":"ultra-sun-ultra-moon","url":"https://pokeapi.co/api/v2/version-group/18/"}},{"flavor_text":"弱い　電撃を　浴びせることで\n相手を　まひ状態に　する。","language":{"name":"ja","url":"https://pokeapi.co/api/v2/language/11/"},"version_group":{"name":"ultra-sun-ultra-moon","url":"https://pokeapi.co/api/v2/version-group/18/"}},{"flavor_text":"向对手发出\n微弱的电击，\n从而让对手陷入麻痹状态。","language":{"name":"zh-Hans","url":"https://pokeapi.co/api/v2/language/12/"},"version_group":{"name":"ultra-sun-ultra-moon","url":"https://pokeapi.co/api/v2/version-group/18/"}},{"flavor_text":"よわい　でんげきを　あびせる　ことで\nあいてを　まひ　じょうたいに　する。","language":{"name":"ja-Hrkt","url":"https://pokeapi.co/api/v2/language/1/"},"version_group":{"name":"lets-go-pikachu-lets-go-eevee","url":"https://pokeapi.co/api/v2/version-group/19/"}},{"flavor_text":"약한 전격을 날려서\n상대를 마비 상태로 만든다.","language":{"name":"ko","url":"https://pokeapi.co/api/v2/language/3/"},"version_group":{"name":"lets-go-pikachu-lets-go-eevee","url":"https://pokeapi.co/api/v2/version-group/19/"}},{"flavor_text":"放出微弱的電流。\n讓對手陷入麻痺狀態。","language":{"name":"zh-Hant","url":"https://pokeapi.co/api/v2/language/4/"},"version_group":{"name":"lets-go-pikachu-lets-go-eevee","url":"https://pokeapi.co/api/v2/version-group/19/"}},{"flavor_text":"Un faible choc électrique frappe l’ennemi.\nSi l’attaque le touche, celui-ci est paralysé.","language":{"name":"fr","url":"https://pokeapi.co/api/v2/language/5/"},"version_group":{"name":"lets-go-pikachu-lets-go-eevee","url":"https://pokeapi.co/api/v2/version-group/19/"}},{"flavor_text":"Ein schwacher Stromstoß, der das Ziel paralysiert.","language":{"name":"de","url":"https://pokeapi.co/api/v2/language/6/"},"version_group":{"name":"lets-go-pikachu-lets-go-eevee","url":"https://pokeapi.co/api/v2/version-group/19/"}},{"flavor_text":"Una ligera descarga que paraliza al objetivo si lo \nalcanza.","language":{"name":"es","url":"https://pokeapi.co/api/v2/language/7/"},"version_group":{"name":"lets-go-pikachu-lets-go-eevee","url":"https://pokeapi.co/api/v2/version-group/19/"}},{"flavor_text":"Colpisce il bersaglio con una debole scarica\nelettrica che lo paralizza.","language":{"name":"it","url":"https://pokeapi.co/api/v2/language/8/"},"version_group":{"name":"lets-go-pikachu-lets-go-eevee","url":"https://pokeapi.co/api/v2/version-group/19/"}},{"flavor_text":"The user launches a weak jolt of electricity that\nparalyzes the target.","language":{"name":"en","url":"https://pokeapi.co/api/v2/language/9/"},"version_group":{"name":"lets-go-pikachu-lets-go-eevee","url":"https://pokeapi.co/api/v2/version-group/19/"}},{"flavor_text":"弱い　電撃を　浴びせることで\n相手を　まひ状態に　する。","language":{"name":"ja","url":"https://pokeapi.co/api/v2/language/11/"},"version_group":{"name":"lets-go-pikachu-lets-go-eevee","url":"https://pokeapi.co/api/v2/version-group/19/"}},{"flavor_text":"向对手发出\n微弱的电击，\n从而让对手陷入麻痹状态。","language":{"name":"zh-Hans","url":"https://pokeapi.co/api/v2/language/12/"},"version_group":{"name":"lets-go-pikachu-lets-go-eevee","url":"https://pokeapi.co/api/v2/version-group/19/"}},{"flavor_text":"よわい　でんげきを　あびせる　ことで\nあいてを　まひ　じょうたいに　する。","language":{"name":"ja-Hrkt","url":"https://pokeapi.co/api/v2/language/1/"},"version_group":{"name":"sword-shield","url":"https://pokeapi.co/api/v2/version-group/20/"}},{"flavor_text":"약한 전격을 날려서\n상대를 마비 상태로 만든다.","language":{"name":"ko","url":"https://pokeapi.co/api/v2/language/3/"},"version_group":{"name":"sword-shield","url":"https://pokeapi.co/api/v2/version-group/20/"}},{"flavor_text":"放出微弱的電流。\n讓對手陷入麻痺狀態。","language":{"name":"zh-Hant","url":"https://pokeapi.co/api/v2/language/4/"},"version_group":{"name":"sword-shield","url":"https://pokeapi.co/api/v2/version-group/20/"}},{"flavor_text":"Un faible choc électrique frappe l’ennemi.\nSi l’attaque le touche, celui-ci est paralysé.","language":{"name":"fr","url":"https://pokeapi.co/api/v2/language/5/"},"version_group":{"name":"sword-shield","url":"https://pokeapi.co/api/v2/version-group/20/"}},{"flavor_text":"Ein schwacher Stromstoß, der das Ziel paralysiert.","language":{"name":"de","url":"https://pokeapi.co/api/v2/language/6/"},"version_group":{"name":"sword-shield","url":"https://pokeapi.co/api/v2/version-group/20/"}},{"flavor_text":"Una ligera descarga que paraliza al objetivo si lo \nalcanza.","language":{"name":"es","url":"https://pokeapi.co/api/v2/language/7/"},"version_group":{"name":"sword-shield","url":"https://pokeapi.co/api/v2/version-group/20/"}},{"flavor_text":"Colpisce il bersaglio con una debole scarica\nelettrica che lo paralizza.","language":{"name":"it","url":"https://pokeapi.co/api/v2/language/8/"},"version_group":{"name":"sword-shield","url":"https://pokeapi.co/api/v2/version-group/20/"}},{"flavor_text":"The user launches a weak jolt of electricity that\nparalyzes the target.","language":{"name":"en","url":"https://pokeapi.co/api/v2/language/9/"},"version_group":{"name":"sword-shield","url":"https://pokeapi.co/api/v2/version-group/20/"}},{"flavor_text":"弱い　電撃を　浴びせることで\n相手を　まひ状態に　する。","language":{"name":"ja","url":"https://pokeapi.co/api/v2/language/11/"},"version_group":{"name":"sword-shield","url":"https://pokeapi.co/api/v2/version-group/20/"}},{"flavor_text":"向对手发出\n微弱的电击，\n从而让对手陷入麻痹状态。","language":{"name":"zh-Hans","url":"https://pokeapi.co/api/v2/language/12/"},"version_group":{"name":"sword-shield","url":"https://pokeapi.co/api/v2/version-group/20/"}}],"generation":{"name":"generation-i","url":"https://pokeapi.co/api/v2/generation/1/"},"id":86,"learned_by_pokemon":[{"name":"rattata","url":"https://pokeapi.co/api/v2/pokemon/19/"},{"name":"raticate","url":"https://pokeapi.co/api/v2/pokemon/20/"},{"name":"pikachu","url":"https://pokeapi.co/api/v2/pokemon/25/"},{"name":"raichu","url":"https://pokeapi.co/api/v2/pokemon/26/"},{"name":"clefairy","url":"https://pokeapi.co/api/v2/pokemon/35/"},{"name":"clefable","url":"https://pokeapi.co/api/v2/pokemon/36/"},{"name":"jigglypuff","url":"https://pokeapi.co/api/v2/pokemon/39/"},{"name":"wigglytuff","url":"https://pokeapi.co/api/v2/pokemon/40/"},{"name":"meowth","url":"https://pokeapi.co/api/v2/pokemon/52/"},{"name":"persian","url":"https://pokeapi.co/api/v2/pokemon/53/"},{"name":"abra","url":"https://pokeapi.co/api/v2/pokemon/63/"},{"name":"kadabra","url":"https://pokeapi.co/api/v2/pokemon/64/"},{"name":"alakazam","url":"https://pokeapi.co/api/v2/pokemon/65/"},{"name":"slowpoke","url":"https://pokeapi.co/api/v2/pokemon/79/"},{"name":"slowbro","url":"https://pokeapi.co/api/v2/pokemon/80/"},{"name":"magnemite","url":"https://pokeapi.co/api/v2/pokemon/81/"},{"name":"magneton","url":"https://pokeapi.co/api/v2/pokemon/82/"},{"name":"gengar","url":"https://pokeapi.co/api/v2/pokemon/94/"},{"name":"drowzee","url":"https://pokeapi.co/api/v2/pokemon/96/"},{"name":"hypno","url":"https://pokeapi.co/api/v2/pokemon/97/"},{"name":"voltorb","url":"https://pokeapi.co/api/v2/pokemon/100/"},{"name":"electrode","url":"https://pokeapi.co/api/v2/pokemon/101/"},{"name":"chansey","url":"https://pokeapi.co/api/v2/pokemon/113/"},{"name":"staryu","url":"https://pokeapi.co/api/v2/pokemon/120/"},{"name":"starmie","url":"https://pokeapi.co/api/v2/pokemon/121/"},{"name":"mr-mime","url":"https://pokeapi.co/api/v2/pokemon/122/"},{"name":"electabuzz","url":"https://pokeapi.co/api/v2/pokemon/125/"},{"name":"gyarados","url":"https://pokeapi.co/api/v2/pokemon/130/"},{"name":"jolteon","url":"https://pokeapi.co/api/v2/pokemon/135/"},{"name":"porygon","url":"https://pokeapi.co/api/v2/pokemon/137/"},{"name":"zapdos","url":"https://pokeapi.co/api/v2/pokemon/145/"},{"name":"dratini","url":"https://pokeapi.co/api/v2/pokemon/147/"},{"name":"dragonair","url":"https://pokeapi.co/api/v2/pokemon/148/"},{"name":"dragonite","url":"https://pokeapi.co/api/v2/pokemon/149/"},{"name":"mewtwo","url":"https://pokeapi.co/api/v2/pokemon/150/"},{"name":"mew","url":"https://pokeapi.co/api/v2/pokemon/151/"},{"name":"chinchou","url":"https://pokeapi.co/api/v2/pokemon/170/"},{"name":"lanturn","url":"https://pokeapi.co/api/v2/pokemon/171/"},{"name":"pichu","url":"https://pokeapi.co/api/v2/pokemon/172/"},{"name":"cleffa","url":"https://pokeapi.co/api/v2/pokemon/173/"},{"name":"igglybuff","url":"https://pokeapi.co/api/v2/pokemon/174/"},{"name":"togepi","url":"https://pokeapi.co/api/v2/pokemon/175/"},{"name":"togetic","url":"https://pokeapi.co/api/v2/pokemon/176/"},{"name":"natu","url":"https://pokeapi.co/api/v2/pokemon/177/"},{"name":"xatu","url":"https://pokeapi.co/api/v2/pokemon/178/"},{"name":"mareep","url":"https://pokeapi.co/api/v2/pokemon/179/"},{"name":"flaaffy","url":"https://pokeapi.co/api/v2/pokemon/180/"},{"name":"ampharos","url":"https://pokeapi.co/api/v2/pokemon/181/"},{"name":"aipom","url":"https://pokeapi.co/api/v2/pokemon/190/"},{"name":"espeon","url":"https://pokeapi.co/api/v2/pokemon/196/"},{"name":"umbreon","url":"https://pokeapi.co/api/v2/pokemon/197/"},{"name":"murkrow","url":"https://pokeapi.co/api/v2/pokemon/198/"},{"name":"slowking","url":"https://pokeapi.co/api/v2/pokemon/199/"},{"name":"misdreavus","url":"https://pokeapi.co/api/v2/pokemon/200/"},{"name":"girafarig","url":"https://pokeapi.co/api/v2/pokemon/203/"},{"name":"forretress","url":"https://pokeapi.co/api/v2/pokemon/205/"},{"name":"dunsparce","url":"https://pokeapi.co/api/v2/pokemon/206/"},{"name":"snubbull","url":"https://pokeapi.co/api/v2/pokemon/209/"},{"name":"granbull","url":"https://pokeapi.co/api/v2/pokemon/210/"},{"name":"qwilfish","url":"https://pokeapi.co/api/v2/pokemon/211/"},{"name":"remoraid","url":"https://pokeapi.co/api/v2/pokemon/223/"},{"name":"octillery","url":"https://pokeapi.co/api/v2/pokemon/224/"},{"name":"porygon2","url":"https://pokeapi.co/api/v2/pokemon/233/"},{"name":"stantler","url":"https://pokeapi.co/api/v2/pokemon/234/"},{"name":"elekid","url":"https://pokeapi.co/api/v2/pokemon/239/"},{"name":"miltank","url":"https://pokeapi.co/api/v2/pokemon/241/"},{"name":"blissey","url":"https://pokeapi.co/api/v2/pokemon/242/"},{"name":"raikou","url":"https://pokeapi.co/api/v2/pokemon/243/"},{"name":"tyranitar","url":"https://pokeapi.co/api/v2/pokemon/248/"},{"name":"lugia","url":"https://pokeapi.co/api/v2/pokemon/249/"},{"name":"ho-oh","url":"https://pokeapi.co/api/v2/pokemon/250/"},{"name":"celebi","url":"https://pokeapi.co/api/v2/pokemon/251/"},{"name":"zigzagoon","url":"https://pokeapi.co/api/v2/pokemon/263/"},{"name":"linoone","url":"https://pokeapi.co/api/v2/pokemon/264/"},{"name":"ralts","url":"https://pokeapi.co/api/v2/pokemon/280/"},{"name":"kirlia","url":"https://pokeapi.co/api/v2/pokemon/281/"},{"name":"gardevoir","url":"https://pokeapi.co/api/v2/pokemon/282/"},{"name":"vigoroth","url":"https://pokeapi.co/api/v2/pokemon/288/"},{"name":"slaking","url":"https://pokeapi.co/api/v2/pokemon/289/"},{"name":"nosepass","url":"https://pokeapi.co/api/v2/pokemon/299/"},{"name":"skitty","url":"https://pokeapi.co/api/v2/pokemon/300/"},{"name":"delcatty","url":"https://pokeapi.co/api/v2/pokemon/301/"},{"name":"sableye","url":"https://pokeapi.co/api/v2/pokemon/302/"},{"name":"aggron","url":"https://pokeapi.co/api/v2/pokemon/306/"},{"name":"electrike","url":"https://pokeapi.co/api/v2/pokemon/309/"},{"name":"manectric","url":"https://pokeapi.co/api/v2/pokemon/310/"},{"name":"plusle","url":"https://pokeapi.co/api/v2/pokemon/311/"},{"name":"minun","url":"https://pokeapi.co/api/v2/pokemon/312/"},{"name":"volbeat","url":"https://pokeapi.co/api/v2/pokemon/313/"},{"name":"illumise","url":"https://pokeapi.co/api/v2/pokemon/314/"},{"name":"gulpin","url":"https://pokeapi.co/api/v2/pokemon/316/"},{"name":"swalot","url":"https://pokeapi.co/api/v2/pokemon/317/"},{"name":"spoink","url":"https://pokeapi.co/api/v2/pokemon/325/"},{"name":"grumpig","url":"https://pokeapi.co/api/v2/pokemon/326/"},{"name":"zangoose","url":"https://pokeapi.co/api/v2/pokemon/335/"},{"name":"castform","url":"https://pokeapi.co/api/v2/pokemon/351/"},{"name":"kecleon","url":"https://pokeapi.co/api/v2/pokemon/352/"},{"name":"shuppet","url":"https://pokeapi.co/api/v2/pokemon/353/"},{"name":"banette","url":"https://pokeapi.co/api/v2/pokemon/354/"},{"name":"chimecho","url":"https://pokeapi.co/api/v2/pokemon/358/"},{"name":"absol","url":"https://pokeapi.co/api/v2/pokemon/359/"},{"name":"regirock","url":"https://pokeapi.co/api/v2/pokemon/377/"},{"name":"regice","url":"https://pokeapi.co/api/v2/pokemon/378/"},{"name":"registeel","url":"https://pokeapi.co/api/v2/pokemon/379/"},{"name":"latias","url":"https://pokeapi.co/api/v2/pokemon/380/"},{"name":"latios","url":"https://pokeapi.co/api/v2/pokemon/381/"},{"name":"kyogre","url":"https://pokeapi.co/api/v2/pokemon/382/"},{"name":"groudon","url":"https://pokeapi.co/api/v2/pokemon/383/"},{"name":"rayquaza","url":"https://pokeapi.co/api/v2/pokemon/384/"},{"name":"jirachi","url":"https://pokeapi.co/api/v2/pokemon/385/"},{"name":"deoxys-normal","url":"https://pokeapi.co/api/v2/pokemon/386/"},{"name":"bidoof","url":"https://pokeapi.co/api/v2/pokemon/399/"},{"name":"bibarel","url":"https://pokeapi.co/api/v2/pokemon/400/"},{"name":"shinx","url":"https://pokeapi.co/api/v2/pokemon/403/"},{"name":"luxio","url":"https://pokeapi.co/api/v2/pokemon/404/"},{"name":"luxray","url":"https://pokeapi.co/api/v2/pokemon/405/"},{"name":"pachirisu","url":"https://pokeapi.co/api/v2/pokemon/417/"},{"name":"ambipom","url":"https://pokeapi.co/api/v2/pokemon/424/"},{"name":"drifloon","url":"https://pokeapi.co/api/v2/pokemon/425/"},{"name":"drifblim","url":"https://pokeapi.co/api/v2/pokemon/426/"},{"name":"buneary","url":"https://pokeapi.co/api/v2/pokemon/427/"},{"name":"lopunny","url":"https://pokeapi.co/api/v2/pokemon/428/"},{"name":"mismagius","url":"https://pokeapi.co/api/v2/pokemon/429/"},{"name":"honchkrow","url":"https://pokeapi.co/api/v2/pokemon/430/"},{"name":"chingling","url":"https://pokeapi.co/api/v2/pokemon/433/"},{"name":"mime-jr","url":"https://pokeapi.co/api/v2/pokemon/439/"},{"name":"happiny","url":"https://pokeapi.co/api/v2/pokemon/440/"},{"name":"magnezone","url":"https://pokeapi.co/api/v2/pokemon/462/"},{"name":"electivire","url":"https://pokeapi.co/api/v2/pokemon/466/"},{"name":"togekiss","url":"https://pokeapi.co/api/v2/pokemon/468/"},{"name":"porygon-z","url":"https://pokeapi.co/api/v2/pokemon/474/"},{"name":"gallade","url":"https://pokeapi.co/api/v2/pokemon/475/"},{"name":"probopass","url":"https://pokeapi.co/api/v2/pokemon/476/"},{"name":"froslass","url":"https://pokeapi.co/api/v2/pokemon/478/"},{"name":"rotom","url":"https://pokeapi.co/api/v2/pokemon/479/"},{"name":"uxie","url":"https://pokeapi.co/api/v2/pokemon/480/"},{"name":"mesprit","url":"https://pokeapi.co/api/v2/pokemon/481/"},{"name":"azelf","url":"https://pokeapi.co/api/v2/pokemon/482/"},{"name":"dialga","url":"https://pokeapi.co/api/v2/pokemon/483/"},{"name":"palkia","url":"https://pokeapi.co/api/v2/pokemon/484/"},{"name":"regigigas","url":"https://pokeapi.co/api/v2/pokemon/486/"},{"name":"giratina-altered","url":"https://pokeapi.co/api/v2/pokemon/487/"},{"name":"cresselia","url":"https://pokeapi.co/api/v2/pokemon/488/"},{"name":"darkrai","url":"https://pokeapi.co/api/v2/pokemon/491/"},{"name":"arceus","url":"https://pokeapi.co/api/v2/pokemon/493/"},{"name":"victini","url":"https://pokeapi.co/api/v2/pokemon/494/"},{"name":"watchog","url":"https://pokeapi.co/api/v2/pokemon/505/"},{"name":"lillipup","url":"https://pokeapi.co/api/v2/pokemon/506/"},{"name":"herdier","url":"https://pokeapi.co/api/v2/pokemon/507/"},{"name":"stoutland","url":"https://pokeapi.co/api/v2/pokemon/508/"},{"name":"purrloin","url":"https://pokeapi.co/api/v2/pokemon/509/"},{"name":"liepard","url":"https://pokeapi.co/api/v2/pokemon/510/"},{"name":"munna","url":"https://pokeapi.co/api/v2/pokemon/517/"},{"name":"musharna","url":"https://pokeapi.co/api/v2/pokemon/518/"},{"name":"blitzle","url":"https://pokeapi.co/api/v2/pokemon/522/"},{"name":"zebstrika","url":"https://pokeapi.co/api/v2/pokemon/523/"},{"name":"woobat","url":"https://pokeapi.co/api/v2/pokemon/527/"},{"name":"swoobat","url":"https://pokeapi.co/api/v2/pokemon/528/"},{"name":"audino","url":"https://pokeapi.co/api/v2/pokemon/531/"},{"name":"sigilyph","url":"https://pokeapi.co/api/v2/pokemon/561/"},{"name":"minccino","url":"https://pokeapi.co/api/v2/pokemon/572/"},{"name":"cinccino","url":"https://pokeapi.co/api/v2/pokemon/573/"},{"name":"gothita","url":"https://pokeapi.co/api/v2/pokemon/574/"},{"name":"gothorita","url":"https://pokeapi.co/api/v2/pokemon/575/"},{"name":"gothitelle","url":"https://pokeapi.co/api/v2/pokemon/576/"},{"name":"solosis","url":"https://pokeapi.co/api/v2/pokemon/577/"},{"name":"duosion","url":"https://pokeapi.co/api/v2/pokemon/578/"},{"name":"reuniclus","url":"https://pokeapi.co/api/v2/pokemon/579/"},{"name":"deerling","url":"https://pokeapi.co/api/v2/pokemon/585/"},{"name":"sawsbuck","url":"https://pokeapi.co/api/v2/pokemon/586/"},{"name":"emolga","url":"https://pokeapi.co/api/v2/pokemon/587/"},{"name":"joltik","url":"https://pokeapi.co/api/v2/pokemon/595/"},{"name":"galvantula","url":"https://pokeapi.co/api/v2/pokemon/596/"},{"name":"ferroseed","url":"https://pokeapi.co/api/v2/pokemon/597/"},{"name":"ferrothorn","url":"https://pokeapi.co/api/v2/pokemon/598/"},{"name":"klink","url":"https://pokeapi.co/api/v2/pokemon/599/"},{"name":"klang","url":"https://pokeapi.co/api/v2/pokemon/600/"},{"name":"klinklang","url":"https://pokeapi.co/api/v2/pokemon/601/"},{"name":"tynamo","url":"https://pokeapi.co/api/v2/pokemon/602/"},{"name":"eelektrik","url":"https://pokeapi.co/api/v2/pokemon/603/"},{"name":"eelektross","url":"https://pokeapi.co/api/v2/pokemon/604/"},{"name":"elgyem","url":"https://pokeapi.co/api/v2/pokemon/605/"},{"name":"beheeyem","url":"https://pokeapi.co/api/v2/pokemon/606/"},{"name":"stunfisk","url":"https://pokeapi.co/api/v2/pokemon/618/"},{"name":"pawniard","url":"https://pokeapi.co/api/v2/pokemon/624/"},{"name":"bisharp","url":"https://pokeapi.co/api/v2/pokemon/625/"},{"name":"durant","url":"https://pokeapi.co/api/v2/pokemon/632/"},{"name":"deino","url":"https://pokeapi.co/api/v2/pokemon/633/"},{"name":"zweilous","url":"https://pokeapi.co/api/v2/pokemon/634/"},{"name":"hydreigon","url":"https://pokeapi.co/api/v2/pokemon/635/"},{"name":"cobalion","url":"https://pokeapi.co/api/v2/pokemon/638/"},{"name":"thundurus-incarnate","url":"https://pokeapi.co/api/v2/pokemon/642/"},{"name":"zekrom","url":"https://pokeapi.co/api/v2/pokemon/644/"},{"name":"meloetta-aria","url":"https://pokeapi.co/api/v2/pokemon/648/"},{"name":"genesect","url":"https://pokeapi.co/api/v2/pokemon/649/"},{"name":"furfrou","url":"https://pokeapi.co/api/v2/pokemon/676/"},{"name":"espurr","url":"https://pokeapi.co/api/v2/pokemon/677/"},{"name":"meowstic-male","url":"https://pokeapi.co/api/v2/pokemon/678/"},{"name":"helioptile","url":"https://pokeapi.co/api/v2/pokemon/694/"},{"name":"heliolisk","url":"https://pokeapi.co/api/v2/pokemon/695/"},{"name":"amaura","url":"https://pokeapi.co/api/v2/pokemon/698/"},{"name":"aurorus","url":"https://pokeapi.co/api/v2/pokemon/699/"},{"name":"dedenne","url":"https://pokeapi.co/api/v2/pokemon/702/"},{"name":"klefki","url":"https://pokeapi.co/api/v2/pokemon/707/"},{"name":"xerneas","url":"https://pokeapi.co/api/v2/pokemon/716/"},{"name":"hoopa","url":"https://pokeapi.co/api/v2/pokemon/720/"},{"name":"grubbin","url":"https://pokeapi.co/api/v2/pokemon/736/"},{"name":"charjabug","url":"https://pokeapi.co/api/v2/pokemon/737/"},{"name":"vikavolt","url":"https://pokeapi.co/api/v2/pokemon/738/"},{"name":"morelull","url":"https://pokeapi.co/api/v2/pokemon/755/"},{"name":"shiinotic","url":"https://pokeapi.co/api/v2/pokemon/756/"},{"name":"salandit","url":"https://pokeapi.co/api/v2/pokemon/757/"},{"name":"salazzle","url":"https://pokeapi.co/api/v2/pokemon/758/"},{"name":"type-null","url":"https://pokeapi.co/api/v2/pokemon/772/"},{"name":"silvally","url":"https://pokeapi.co/api/v2/pokemon/773/"},{"name":"togedemaru","url":"https://pokeapi.co/api/v2/pokemon/777/"},{"name":"mimikyu-disguised","url":"https://pokeapi.co/api/v2/pokemon/778/"},{"name":"drampa","url":"https://pokeapi.co/api/v2/pokemon/780/"},{"name":"tapu-koko","url":"https://pokeapi.co/api/v2/pokemon/785/"},{"name":"solgaleo","url":"https://pokeapi.co/api/v2/pokemon/791/"},{"name":"lunala","url":"https://pokeapi.co/api/v2/pokemon/792/"},{"name":"nihilego","url":"https://pokeapi.co/api/v2/pokemon/793/"},{"name":"xurkitree","url":"https://pokeapi.co/api/v2/pokemon/796/"},{"name":"necrozma","url":"https://pokeapi.co/api/v2/pokemon/800/"},{"name":"magearna","url":"https://pokeapi.co/api/v2/pokemon/801/"},{"name":"zeraora","url":"https://pokeapi.co/api/v2/pokemon/807/"},{"name":"meltan","url":"https://pokeapi.co/api/v2/pokemon/808/"},{"name":"melmetal","url":"https://pokeapi.co/api/v2/pokemon/809/"},{"name":"wooloo","url":"https://pokeapi.co/api/v2/pokemon/831/"},{"name":"dubwool","url":"https://pokeapi.co/api/v2/pokemon/832/"},{"name":"yamper","url":"https://pokeapi.co/api/v2/pokemon/835/"},{"name":"boltund","url":"https://pokeapi.co/api/v2/pokemon/836/"},{"name":"toxtricity-amped","url":"https://pokeapi.co/api/v2/pokemon/849/"},{"name":"hatenna","url":"https://pokeapi.co/api/v2/pokemon/856/"},{"name":"hattrem","url":"https://pokeapi.co/api/v2/pokemon/857/"},{"name":"hatterene","url":"https://pokeapi.co/api/v2/pokemon/858/"},{"name":"impidimp","url":"https://pokeapi.co/api/v2/pokemon/859/"},{"name":"morgrem","url":"https://pokeapi.co/api/v2/pokemon/860/"},{"name":"grimmsnarl","url":"https://pokeapi.co/api/v2/pokemon/861/"},{"name":"obstagoon","url":"https://pokeapi.co/api/v2/pokemon/862/"},{"name":"mr-rime","url":"https://pokeapi.co/api/v2/pokemon/866/"},{"name":"pincurchin","url":"https://pokeapi.co/api/v2/pokemon/871/"},{"name":"morpeko-full-belly","url":"https://pokeapi.co/api/v2/pokemon/877/"},{"name":"dracozolt","url":"https://pokeapi.co/api/v2/pokemon/880/"},{"name":"arctozolt","url":"https://pokeapi.co/api/v2/pokemon/881/"},{"name":"duraludon","url":"https://pokeapi.co/api/v2/pokemon/884/"},{"name":"dreepy","url":"https://pokeapi.co/api/v2/pokemon/885/"},{"name":"drakloak","url":"https://pokeapi.co/api/v2/pokemon/886/"},{"name":"dragapult","url":"https://pokeapi.co/api/v2/pokemon/887/"},{"name":"regieleki","url":"https://pokeapi.co/api/v2/pokemon/894/"},{"name":"wyrdeer","url":"https://pokeapi.co/api/v2/pokemon/899/"},{"name":"pawmi","url":"https://pokeapi.co/api/v2/pokemon/921/"},{"name":"pawmo","url":"https://pokeapi.co/api/v2/pokemon/922/"},{"name":"pawmot","url":"https://pokeapi.co/api/v2/pokemon/923/"},{"name":"tandemaus","url":"https://pokeapi.co/api/v2/pokemon/924/"},{"name":"maushold","url":"https://pokeapi.co/api/v2/pokemon/925/"},{"name":"tadbulb","url":"https://pokeapi.co/api/v2/pokemon/938/"},{"name":"bellibolt","url":"https://pokeapi.co/api/v2/pokemon/939/"},{"name":"wattrel","url":"https://pokeapi.co/api/v2/pokemon/940/"},{"name":"kilowattrel","url":"https://pokeapi.co/api/v2/pokemon/941/"},{"name":"tinkatink","url":"https://pokeapi.co/api/v2/pokemon/957/"},{"name":"tinkatuff","url":"https://pokeapi.co/api/v2/pokemon/958/"},{"name":"tinkaton","url":"https://pokeapi.co/api/v2/pokemon/959/"},{"name":"farigiraf","url":"https://pokeapi.co/api/v2/pokemon/981/"},{"name":"kingambit","url":"https://pokeapi.co/api/v2/pokemon/983/"},{"name":"scream-tail","url":"https://pokeapi.co/api/v2/pokemon/985/"},{"name":"flutter-mane","url":"https://pokeapi.co/api/v2/pokemon/987/"},{"name":"sandy-shocks","url":"https://pokeapi.co/api/v2/pokemon/989/"},{"name":"iron-thorns","url":"https://pokeapi.co/api/v2/pokemon/995/"},{"name":"gholdengo","url":"https://pokeapi.co/api/v2/pokemon/1000/"},{"name":"iron-valiant","url":"https://pokeapi.co/api/v2/pokemon/1006/"},{"name":"miraidon","url":"https://pokeapi.co/api/v2/pokemon/1008/"},{"name":"deoxys-attack","url":"https://pokeapi.co/api/v2/pokemon/10001/"},{"name":"deoxys-defense","url":"https://pokeapi.co/api/v2/pokemon/10002/"},{"name":"deoxys-speed","url":"https://pokeapi.co/api/v2/pokemon/10003/"},{"name":"giratina-origin","url":"https://pokeapi.co/api/v2/pokemon/10007/"},{"name":"rotom-heat","url":"https://pokeapi.co/api/v2/pokemon/10008/"},{"name":"rotom-wash","url":"https://pokeapi.co/api/v2/pokemon/10009/"},{"name":"rotom-frost","url":"https://pokeapi.co/api/v2/pokemon/10010/"},{"name":"rotom-fan","url":"https://pokeapi.co/api/v2/pokemon/10011/"},{"name":"rotom-mow","url":"https://pokeapi.co/api/v2/pokemon/10012/"},{"name":"castform-sunny","url":"https://pokeapi.co/api/v2/pokemon/10013/"},{"name":"castform-rainy","url":"https://pokeapi.co/api/v2/pokemon/10014/"},{"name":"castform-snowy","url":"https://pokeapi.co/api/v2/pokemon/10015/"},{"name":"meloetta-pirouette","url":"https://pokeapi.co/api/v2/pokemon/10018/"},{"name":"thundurus-therian","url":"https://pokeapi.co/api/v2/pokemon/10020/"},{"name":"meowstic-female","url":"https://pokeapi.co/api/v2/pokemon/10025/"},{"name":"alakazam-mega","url":"https://pokeapi.co/api/v2/pokemon/10037/"},{"name":"gyarados-mega","url":"https://pokeapi.co/api/v2/pokemon/10041/"},{"name":"mewtwo-mega-x","url":"https://pokeapi.co/api/v2/pokemon/10043/"},{"name":"mewtwo-mega-y","url":"https://pokeapi.co/api/v2/pokemon/10044/"},{"name":"ampharos-mega","url":"https://pokeapi.co/api/v2/pokemon/10045/"},{"name":"tyranitar-mega","url":"https://pokeapi.co/api/v2/pokemon/10049/"},{"name":"gardevoir-mega","url":"https://pokeapi.co/api/v2/pokemon/10051/"},{"name":"aggron-mega","url":"https://pokeapi.co/api/v2/pokemon/10053/"},{"name":"manectric-mega","url":"https://pokeapi.co/api/v2/pokemon/10055/"},{"name":"banette-mega","url":"https://pokeapi.co/api/v2/pokemon/10056/"},{"name":"absol-mega","url":"https://pokeapi.co/api/v2/pokemon/10057/"},{"name":"latias-mega","url":"https://pokeapi.co/api/v2/pokemon/10062/"},{"name":"latios-mega","url":"https://pokeapi.co/api/v2/pokemon/10063/"},{"name":"gallade-mega","url":"https://pokeapi.co/api/v2/pokemon/10068/"},{"name":"audino-mega","url":"https://pokeapi.co/api/v2/pokemon/10069/"},{"name":"slowbro-mega","url":"https://pokeapi.co/api/v2/pokemon/10071/"},{"name":"kyogre-primal","url":"https://pokeapi.co/api/v2/pokemon/10077/"},{"name":"groudon-primal","url":"https://pokeapi.co/api/v2/pokemon/10078/"},{"name":"rayquaza-mega","url":"https://pokeapi.co/api/v2/pokemon/10079/"},{"name":"pikachu-rock-star","url":"https://pokeapi.co/api/v2/pokemon/10080/"},{"name":"pikachu-belle","url":"https://pokeapi.co/api/v2/pokemon/10081/"},{"name":"pikachu-pop-star","url":"https://pokeapi.co/api/v2/pokemon/10082/"},{"name":"pikachu-phd","url":"https://pokeapi.co/api/v2/pokemon/10083/"},{"name":"pikachu-libre","url":"https://pokeapi.co/api/v2/pokemon/10084/"},{"name":"pikachu-cosplay","url":"https://pokeapi.co/api/v2/pokemon/10085/"},{"name":"hoopa-unbound","url":"https://pokeapi.co/api/v2/pokemon/10086/"},{"name":"lopunny-mega","url":"https://pokeapi.co/api/v2/pokemon/10088/"},{"name":"pikachu-original-cap","url":"https://pokeapi.co/api/v2/pokemon/10094/"},{"name":"pikachu-hoenn-cap","url":"https://pokeapi.co/api/v2/pokemon/10095/"},{"name":"pikachu-sinnoh-cap","url":"https://pokeapi.co/api/v2/pokemon/10096/"},{"name":"pikachu-unova-cap","url":"https://pokeapi.co/api/v2/pokemon/10097/"},{"name":"pikachu-kalos-cap","url":"https://pokeapi.co/api/v2/pokemon/10098/"},{"name":"pikachu-alola-cap","url":"https://pokeapi.co/api/v2/pokemon/10099/"},{"name":"raichu-alola","url":"https://pokeapi.co/api/v2/pokemon/10100/"},{"name":"meowth-alola","url":"https://pokeapi.co/api/v2/pokemon/10107/"},{"name":"persian-alola","url":"https://pokeapi.co/api/v2/pokemon/10108/"},{"name":"geodude-alola","url":"https://pokeapi.co/api/v2/pokemon/10109/"},{"name":"graveler-alola","url":"https://pokeapi.co/api/v2/pokemon/10110/"},{"name":"golem-alola","url":"https://pokeapi.co/api/v2/pokemon/10111/"},{"name":"vikavolt-totem","url":"https://pokeapi.co/api/v2/pokemon/10122/"},{"name":"mimikyu-busted","url":"https://pokeapi.co/api/v2/pokemon/10143/"},{"name":"mimikyu-totem-disguised","url":"https://pokeapi.co/api/v2/pokemon/10144/"},{"name":"mimikyu-totem-busted","url":"https://pokeapi.co/api/v2/pokemon/10145/"},{"name":"magearna-original","url":"https://pokeapi.co/api/v2/pokemon/10147/"},{"name":"pikachu-partner-cap","url":"https://pokeapi.co/api/v2/pokemon/10148/"},{"name":"togedemaru-totem","url":"https://pokeapi.co/api/v2/pokemon/10154/"},{"name":"necrozma-dusk","url":"https://pokeapi.co/api/v2/pokemon/10155/"},{"name":"necrozma-dawn","url":"https://pokeapi.co/api/v2/pokemon/10156/"},{"name":"necrozma-ultra","url":"https://pokeapi.co/api/v2/pokemon/10157/"},{"name":"pikachu-starter","url":"https://pokeapi.co/api/v2/pokemon/10158/"},{"name":"pikachu-world-cap","url":"https://pokeapi.co/api/v2/pokemon/10160/"},{"name":"slowpoke-galar","url":"https://pokeapi.co/api/v2/pokemon/10164/"},{"name":"slowbro-galar","url":"https://pokeapi.co/api/v2/pokemon/10165/"},{"name":"mr-mime-galar","url":"https://pokeapi.co/api/v2/pokemon/10168/"},{"name":"slowking-galar","url":"https://pokeapi.co/api/v2/pokemon/10172/"},{"name":"zigzagoon-galar","url":"https://pokeapi.co/api/v2/pokemon/10174/"},{"name":"linoone-galar","url":"https://pokeapi.co/api/v2/pokemon/10175/"},{"name":"stunfisk-galar","url":"https://pokeapi.co/api/v2/pokemon/10180/"},{"name":"toxtricity-low-key","url":"https://pokeapi.co/api/v2/pokemon/10184/"},{"name":"morpeko-hangry","url":"https://pokeapi.co/api/v2/pokemon/10187/"},{"name":"voltorb-hisui","url":"https://pokeapi.co/api/v2/pokemon/10231/"},{"name":"electrode-hisui","url":"https://pokeapi.co/api/v2/pokemon/10232/"},{"name":"dialga-origin","url":"https://pokeapi.co/api/v2/pokemon/10245/"},{"name":"palkia-origin","url":"https://pokeapi.co/api/v2/pokemon/10246/"},{"name":"maushold-family-of-three","url":"https://pokeapi.co/api/v2/pokemon/10257/"},{"name":"miraidon-low-power-mode","url":"https://pokeapi.co/api/v2/pokemon/10268/"},{"name":"miraidon-drive-mode","url":"https://pokeapi.co/api/v2/pokemon/10269/"},{"name":"miraidon-aquatic-mode","url":"https://pokeapi.co/api/v2/pokemon/10270/"},{"name":"miraidon-glide-mode","url":"https://pokeapi.co/api/v2/pokemon/10271/"}],"machines":[{"machine":{"url":"https://pokeapi.co/api/v2/machine/281/"},"version_group":{"name":"sword-shield","url":"https://pokeapi.co/api/v2/version-group/20/"}},{"machine":{"url":"https://pokeapi.co/api/v2/machine/320/"},"version_group":{"name":"lets-go-pikachu-lets-go-eevee","url":"https://pokeapi.co/api/v2/version-group/19/"}},{"machine":{"url":"https://pokeapi.co/api/v2/machine/882/"},"version_group":{"name":"red-blue","url":"https://pokeapi.co/api/v2/version-group/1/"}},{"machine":{"url":"https://pokeapi.co/api/v2/machine/883/"},"version_group":{"name":"yellow","url":"https://pokeapi.co/api/v2/version-group/2/"}},{"machine":{"url":"https://pokeapi.co/api/v2/machine/1232/"},"version_group":{"name":"diamond-pearl","url":"https://pokeapi.co/api/v2/version-group/8/"}},{"machine":{"url":"https://pokeapi.co/api/v2/machine/1233/"},"version_group":{"name":"platinum","url":"https://pokeapi.co/api/v2/version-group/9/"}},{"machine":{"url":"https://pokeapi.co/api/v2/machine/1234/"},"version_group":{"name":"heartgold-soulsilver","url":"https://pokeapi.co/api/v2/version-group/10/"}},{"machine":{"url":"https://pokeapi.co/api/v2/machine/1235/"},"version_group":{"name":"black-white","url":"https://pokeapi.co/api/v2/version-group/11/"}},{"machine":{"url":"https://pokeapi.co/api/v2/machine/1236/"},"version_group":{"name":"black-2-white-2","url":"https://pokeapi.co/api/v2/version-group/14/"}},{"machine":{"url":"https://pokeapi.co/api/v2/machine/1237/"},"version_group":{"name":"x-y","url":"https://pokeapi.co/api/v2/version-group/15/"}},{"machine":{"url":"https://pokeapi.co/api/v2/machine/1238/"},"version_group":{"name":"omega-ruby-alpha-sapphire","url":"https://pokeapi.co/api/v2/version-group/16/"}},{"machine":{"url":"https://pokeapi.co/api/v2/machine/1239/"},"version_group":{"name":"sun-moon","url":"https://pokeapi.co/api/v2/version-group/17/"}},{"machine":{"url":"https://pokeapi.co/api/v2/machine/1240/"},"version_group":{"name":"ultra-sun-ultra-moon","url":"https://pokeapi.co/api/v2/version-group/18/"}}],"meta":{"ailment":{"name":"paralysis","url":"https://pokeapi.co/api/v2/move-ailment/1/"},"ailment_chance":0,"category":{"name":"ailment","url":"https://pokeapi.co/api/v2/move-category/1/"},"crit_rate":0,"drain":0,"flinch_chance":0,"healing":0,"max_hits":null,"max_turns":null,"min_hits":null,"min_turns":null,"stat_chance":0},"name":"thunder-wave","names":[{"language":{"name":"ja-Hrkt","url":"https://pokeapi.co/api/v2/language/1/"},"name":"でんじは"},{"language":{"name":"ko","url":"https://pokeapi.co/api/v2/language/3/"},"name":"전기자석파"},{"language":{"name":"zh-Hant","url":"https://pokeapi.co/api/v2/language/4/"},"name":"電磁波"},{"language":{"name":"fr","url":"https://pokeapi.co/api/v2/language/5/"},"name":"Cage Éclair"},{"language":{"name":"de","url":"https://pokeapi.co/api/v2/language/6/"},"name":"Donnerwelle"},{"language":{"name":"es","url":"https://pokeapi.co/api/v2/language/7/"},"name":"Onda Trueno"},{"language":{"name":"it","url":"https://pokeapi.co/api/v2/language/8/"},"name":"Tuononda"},{"language":{"name":"en","url":"https://pokeapi.co/api/v2/language/9/"},"name":"Thunder Wave"},{"language":{"name":"ja","url":"https://pokeapi.co/api/v2/language/11/"},"name":"でんじは"},{"language":{"name":"zh-Hans","url":"https://pokeapi.co/api/v2/language/12/"},"name":"电磁波"}],"past_values":[{"accuracy":100,"effect_chance":null,"effect_entries":[],"power":null,"pp":null,"type":null,"version_group":{"name":"sun-moon","url":"https://pokeapi.co/api/v2/version-group/17/"}}],"power":null,"pp":20,"priority":0,"stat_changes":[],"super_contest_effect":{"url":"https://pokeapi.co/api/v2/super-contest-effect/19/"},"target":{"name":"selected-pokemon","url":"https://pokeapi.co/api/v2/move-target/10/"},"type":{"name":"electric","url":"https://pokeapi.co/api/v2/type/13/"}}