{"accuracy":30,"contest_combos":{"normal":{"use_after":[{"name":"earthquake","url":"https://pokeapi.co/api/v2/move/89/"}],"use_before":null},"super":{"use_after":null,"use_before":null}},"contest_effect":{"url":"https://pokeapi.co/api/v2/contest-effect/14/"},"contest_type":{"name":"tough","url":"https://pokeapi.co/api/v2/contest-type/5/"},"damage_class":{"name":"physical","url":"https://pokeapi.co/api/v2/move-damage-class/2/"},"effect_chance":null,"effect_changes":[],"effect_entries":[{"effect":"Inflicts damage equal to the target's max HP.  Ignores accuracy and evasion modifiers.  This move's accuracy is 30% plus 1% for each level the user is higher than the target.  If the user is a lower level than the target, this move will fail.\n\nBecause this move inflicts a specific and finite amount of damage, endure still prevents the target from fainting.\n\nThe effects of lock on, mind reader, and no guard still apply, as long as the user is equal or higher level than the target.  However, they will not give this move a chance to break through detect or protect.","language":{"name":"en","url":"https://pokeapi.co/api/v2/language/9/"},"short_effect":"Causes a one-hit KO."}],"flavor_text_entries":[{"flavor_text":"A ground-type,\none-hit KO attack.","language":{"name":"en","url":"https://pokeapi.co/api/v2/language/9/"},"version_group":{"name":"gold-silver","url":"https://pokeapi.co/api/v2/version-group/3/"}},{"flavor_text":"A ground-type,\none-hit KO attack.","language":{"name":"en","url":"https://pokeapi.co/api/v2/language/9/"},"version_group":{"name":"crystal","url":"https://pokeapi.co/api/v2/version-group/4/"}},{"flavor_text":"A one-hit KO move that\ndrops the foe in a fissure.","language":{"name":"en","url":"https://pokeapi.co/api/v2/language/9/"},"version_group":{"name":"ruby-sapphire","url":"https://pokeapi.co/api/v2/version-group/5/"}},{"flavor_text":"A one-hit KO move that\ndrops the foe in a fissure.","language":{"name":"en","url":"https://pokeapi.co/api/v2/language/9/"},"version_group":{"name":"emerald","url":"https://pokeapi.co/api/v2/version-group/6/"}},{"flavor_text":"The foe is dropped\ninto a fissure.\nThe foe faints if it\nhits.","language":{"name":"en","url":"https://pokeapi.co/api/v2/language/9/"},"version_group":{"name":"firered-leafgreen","url":"https://pokeapi.co/api/v2/version-group/7/"}},{"flavor_text":"The user opens up a\nfissure in the ground\nand drops the foe in.\nThe target instantly\nfaints if it hits.","language":{"name":"en","url":"https://pokeapi.co/api/v2/language/9/"},"version_group":{"name":"diamond-pearl","url":"https://pokeapi.co/api/v2/version-group/8/"}},{"flavor_text":"The user opens up a\nfissure in the ground\nand drops the foe in.\nThe target instantly\nfaints if it hits.","language":{"name":"en","url":"https://pokeapi.co/api/v2/language/9/"},"version_group":{"name":"platinum","url":"https://pokeapi.co/api/v2/version-group/9/"}},{"flavor_text":"The user opens up a\nfissure in the ground\nand drops the foe in.\nThe target instantly\nfaints if it hits.","language":{"name":"en","url":"https://pokeapi.co/api/v2/language/9/"},"version_group":{"name":"heartgold-soulsilver","url":"https://pokeapi.co/api/v2/version-group/10/"}},{"flavor_text":"Le lanceur fait tomber l’ennemi dans une\ncrevasse. Si cette attaque réussit,\nelle met K.O. sur le coup.","language":{"name":"fr","url":"https://pokeapi.co/api/v2/language/5/"},"version_group":{"name":"black-white","url":"https://pokeapi.co/api/v2/version-group/11/"}},{"flavor_text":"The user opens up a fissure in the ground\nand drops the target in.\nThe target instantly faints if it hits.","language":{"name":"en","url":"https://pokeapi.co/api/v2/language/9/"},"version_group":{"name":"black-white","url":"https://pokeapi.co/api/v2/version-group/11/"}},{"flavor_text":"The user opens up a fissure in the ground\nand drops the target in.\nThe target instantly faints if it hits.","language":{"name":"en","url":"https://pokeapi.co/api/v2/language/9/"},"version_group":{"name":"black-2-white-2","url":"https://pokeapi.co/api/v2/version-group/14/"}},{"flavor_text":"じわれの　さけめに\nあいてを　おとして　こうげきする。\nあたれば　いちげきで　ひんしに　する。","language":{"name":"ja-Hrkt","url":"https://pokeapi.co/api/v2/language/1/"},"version_group":{"name":"x-y","url":"https://pokeapi.co/api/v2/version-group/15/"}},{"flavor_text":"땅이 갈라진 곳에\n상대를 떨어뜨려 공격한다.\n맞으면 일격에 기절한다.","language":{"name":"ko","url":"https://pokeapi.co/api/v2/language/3/"},"version_group":{"name":"x-y","url":"https://pokeapi.co/api/v2/version-group/15/"}},{"flavor_text":"Le lanceur fait tomber l’ennemi dans une crevasse.\nSi cette attaque réussit, elle met K.O. sur le coup.","language":{"name":"fr","url":"https://pokeapi.co/api/v2/language/5/"},"version_group":{"name":"x-y","url":"https://pokeapi.co/api/v2/version-group/15/"}},{"flavor_text":"Das Ziel wird in eine Erdspalte geworfen.\nIst die Attacke erfolgreich, führt sie zu einem K.O.","language":{"name":"de","url":"https://pokeapi.co/api/v2/language/6/"},"version_group":{"name":"x-y","url":"https://pokeapi.co/api/v2/version-group/15/"}},{"flavor_text":"Abre una grieta en el suelo y mete al objetivo en\nella. Fulmina en un golpe.","language":{"name":"es","url":"https://pokeapi.co/api/v2/language/7/"},"version_group":{"name":"x-y","url":"https://pokeapi.co/api/v2/version-group/15/"}},{"flavor_text":"Chi la usa crea una spaccatura nel terreno e cerca\ndi gettarvici dentro il bersaglio. Se va a segno,\nil Pokémon colpito va KO.","language":{"name":"it","url":"https://pokeapi.co/api/v2/language/8/"},"version_group":{"name":"x-y","url":"https://pokeapi.co/api/v2/version-group/15/"}},{"flavor_text":"The user opens up a fissure in the ground\nand drops the target in.\nThe target faints instantly if this attack hits.","language":{"name":"en","url":"https://pokeapi.co/api/v2/language/9/"},"version_group":{"name":"x-y","url":"https://pokeapi.co/api/v2/version-group/15/"}},{"flavor_text":"地割れの　裂け目に\n相手を　落として　攻撃する。\n当たれば　一撃で　ひんしに　する。","language":{"name":"ja","url":"https://pokeapi.co/api/v2/language/11/"},"version_group":{"name":"x-y","url":"https://pokeapi.co/api/v2/version-group/15/"}},{"flavor_text":"じわれの　さけめに\nあいてを　おとして　こうげきする。\nあたれば　いちげきで　ひんしに　する。","language":{"name":"ja-Hrkt","url":"https://pokeapi.co/api/v2/language/1/"},"version_group":{"name":"omega-ruby-alpha-sapphire","url":"https://pokeapi.co/api/v2/version-group/16/"}},{"flavor_text":"땅이 갈라진 곳에\n상대를 떨어뜨려 공격한다.\n맞으면 일격에 기절한다.","language":{"name":"ko","url":"https://pokeapi.co/api/v2/language/3/"},"version_group":{"name":"omega-ruby-alpha-sapphire","url":"https://pokeapi.co/api/v2/version-group/16/"}},{"flavor_text":"Le lanceur fait tomber l’ennemi dans une crevasse.\nSi cette attaque réussit, elle met K.O. sur le coup.","language":{"name":"fr","url":"https://pokeapi.co/api/v2/language/5/"},"version_group":{"name":"omega-ruby-alpha-sapphire","url":"https://pokeapi.co/api/v2/version-group/16/"}},{"flavor_text":"Das Ziel wird in eine Erdspalte geworfen.\nIst die Attacke erfolgreich, führt sie zu einem K.O.","language":{"name":"de","url":"https://pokeapi.co/api/v2/language/6/"},"version_group":{"name":"omega-ruby-alpha-sapphire","url":"https://pokeapi.co/api/v2/version-group/16/"}},{"flavor_text":"Abre una grieta en el suelo y mete al objetivo en ella. \nFulmina en un golpe.","language":{"name":"es","url":"https://pokeapi.co/api/v2/language/7/"},"version_group":{"name":"omega-ruby-alpha-sapphire","url":"https://pokeapi.co/api/v2/version-group/16/"}},{"flavor_text":"Chi la usa crea una spaccatura nel terreno e cerca\ndi gettarvici dentro il bersaglio. Se va a segno,\nil Pokémon colpito va KO.","language":{"name":"it","url":"https://pokeapi.co/api/v2/language/8/"},"version_group":{"name":"omega-ruby-alpha-sapphire","url":"https://pokeapi.co/api/v2/version-group/16/"}},{"flavor_text":"The user opens up a fissure in the ground\nand drops the target in.\nThe target faints instantly if this attack hits.","language":{"name":"en","url":"https://pokeapi.co/api/v2/language/9/"},"version_group":{"name":"omega-ruby-alpha-sapphire","url":"https://pokeapi.co/api/v2/version-group/16/"}},{"flavor_text":"地割れの　裂け目に\n相手を　落として　攻撃する。\n当たれば　一撃で　ひんしに　する。","language":{"name":"ja","url":"https://pokeapi.co/api/v2/language/11/"},"version_group":{"name":"omega-ruby-alpha-sapphire","url":"https://pokeapi.co/api/v2/version-group/16/"}},{"flavor_text":"じわれの　さけめに\nあいてを　おとして　こうげきする。\nあたれば　いちげきで　ひんしに　する。","language":{"name":"ja-Hrkt","url":"https://pokeapi.co/api/v2/language/1/"},"version_group":{"name":"sun-moon","url":"https://pokeapi.co/api/v2/version-group/17/"}},{"flavor_text":"땅이 갈라진 곳에\n상대를 떨어뜨려 공격한다.\n맞으면 일격에 기절한다.","language":{"name":"ko","url":"https://pokeapi.co/api/v2/language/3/"},"version_group":{"name":"sun-moon","url":"https://pokeapi.co/api/v2/version-group/17/"}},{"flavor_text":"讓對手掉進地面的\n裂縫中進行攻擊。\n只要命中就會一擊瀕死。","language":{"name":"zh-Hant","url":"https://pokeapi.co/api/v2/language/4/"},"version_group":{"name":"sun-moon","url":"https://pokeapi.co/api/v2/version-group/17/"}},{"flavor_text":"Le lanceur fait tomber l’ennemi dans une crevasse.\nSi cette attaque réussit, elle met K.O. sur le coup.","language":{"name":"fr","url":"https://pokeapi.co/api/v2/language/5/"},"version_group":{"name":"sun-moon","url":"https://pokeapi.co/api/v2/version-group/17/"}},{"flavor_text":"Das Ziel wird in eine Erdspalte geworfen. Ist die\nAttacke erfolgreich, führt sie zu einem K.O.","language":{"name":"de","url":"https://pokeapi.co/api/v2/language/6/"},"version_group":{"name":"sun-moon","url":"https://pokeapi.co/api/v2/version-group/17/"}},{"flavor_text":"Abre una grieta en el suelo y mete al objetivo en ella. \nFulmina en un golpe.","language":{"name":"es","url":"https://pokeapi.co/api/v2/language/7/"},"version_group":{"name":"sun-moon","url":"https://pokeapi.co/api/v2/version-group/17/"}},{"flavor_text":"Chi la usa crea una spaccatura nel terreno e cerca\ndi gettarvici dentro il bersaglio. Se va a segno,\nil Pokémon colpito va KO.","language":{"name":"it","url":"https://pokeapi.co/api/v2/language/8/"},"version_group":{"name":"sun-moon","url":"https://pokeapi.co/api/v2/version-group/17/"}},{"flavor_text":"The user opens up a fissure in the ground and drops\nthe target in. The target faints instantly if this\nattack hits.","language":{"name":"en","url":"https://pokeapi.co/api/v2/language/9/"},"version_group":{"name":"sun-moon","url":"https://pokeapi.co/api/v2/version-group/17/"}},{"flavor_text":"地割れの　裂け目に\n相手を　落として　攻撃する。\n当たれば　一撃で　ひんしに　する。","language":{"name":"ja","url":"https://pokeapi.co/api/v2/language/11/"},"version_group":{"name":"sun-moon","url":"https://pokeapi.co/api/v2/version-group/17/"}},{"flavor_text":"让对手掉落于地裂的\n裂缝中进行攻击。\n只要命中就会一击濒死。","language":{"name":"zh-Hans","url":"https://pokeapi.co/api/v2/language/12/"},"version_group":{"name":"sun-moon","url":"https://pokeapi.co/api/v2/version-group/17/"}},{"flavor_text":"じわれの　さけめに\nあいてを　おとして　こうげきする。\nあたれば　いちげきで　ひんしに　する。","language":{"name":"ja-Hrkt","url":"https://pokeapi.co/api/v2/language/1/"},"version_group":{"name":"ultra-sun-ultra-moon","url":"https://pokeapi.co/api/v2/version-group/18/"}},{"flavor_text":"땅이 갈라진 곳에\n상대를 떨어뜨려 공격한다.\n맞으면 일격에 기절한다.","language":{"name":"ko","url":"https://pokeapi.co/api/v2/language/3/"},"version_group":{"name":"ultra-sun-ultra-moon","url":"https://pokeapi.co/api/v2/version-group/18/"}},{"flavor_text":"讓對手掉進地面的\n裂縫中進行攻擊。\n只要命中就會一擊瀕死。","language":{"name":"zh-Hant","url":"https://pokeapi.co/api/v2/language/4/"},"version_group":{"name":"ultra-sun-ultra-moon","url":"https://pokeapi.co/api/v2/version-group/18/"}},{"flavor_text":"Le lanceur fait tomber l’ennemi dans une crevasse.\nSi cette attaque réussit, elle met K.O. sur le coup.","language":{"name":"fr","url":"https://pokeapi.co/api/v2/language/5/"},"version_group":{"name":"ultra-sun-ultra-moon","url":"https://pokeapi.co/api/v2/version-group/18/"}},{"flavor_text":"Das Ziel wird in eine Erdspalte geworfen. Ist die\nAttacke erfolgreich, führt sie zu einem K.O.","language":{"name":"de","url":"https://pokeapi.co/api/v2/language/6/"},"version_group":{"name":"ultra-sun-ultra-moon","url":"https://pokeapi.co/api/v2/version-group/18/"}},{"flavor_text":"Abre una grieta en el suelo y mete al objetivo en ella. \nFulmina en un golpe.","language":{"name":"es","url":"https://pokeapi.co/api/v2/language/7/"},"version_group":{"name":"ultra-sun-ultra-moon","url":"https://pokeapi.co/api/v2/version-group/18/"}},{"flavor_text":"Chi la usa crea una spaccatura nel terreno e cerca\ndi gettarvici dentro il bersaglio. Se va a segno,\nil Pokémon colpito va KO.","language":{"name":"it","url":"https://pokeapi.co/api/v2/language/8/"},"version_group":{"name":"ultra-sun-ultra-moon","url":"https://pokeapi.co/api/v2/version-group/18/"}},{"flavor_text":"The user opens up a fissure in the ground and drops\nthe target in. The target faints instantly if this\nattack hits.","language":{"name":"en","url":"https://pokeapi.co/api/v2/language/9/"},"version_group":{"name":"ultra-sun-ultra-moon","url":"https://pokeapi.co/api/v2/version-group/18/"}},{"flavor_text":"地割れの　裂け目に\n相手を　落として　攻撃する。\n当たれば　一撃で　ひんしに　する。","language":{"name":"ja","url":"https://pokeapi.co/api/v2/language/11/"},"version_group":{"name":"ultra-sun-ultra-moon","url":"https://pokeapi.co/api/v2/version-group/18/"}},{"flavor_text":"让对手掉落于地裂的\n裂缝中进行攻击。\n只要命中就会一击濒死。","language":{"name":"zh-Hans","url":"https://pokeapi.co/api/v2/language/12/"},"version_group":{"name":"ultra-sun-ultra-moon","url":"https://pokeapi.co/api/v2/version-group/18/"}},{"flavor_text":"じわれの　さけめに\nあいてを　おとして　こうげきする。\nあたれば　いちげきで　ひんしに　する。","language":{"name":"ja-Hrkt","url":"https://pokeapi.co/api/v2/language/1/"},"version_group":{"name":"lets-go-pikachu-lets-go-eevee","url":"https://pokeapi.co/api/v2/version-group/19/"}},{"flavor_text":"땅이 갈라진 곳에\n상대를 떨어뜨려 공격한다.\n맞으면 일격에 기절한다.","language":{"name":"ko","url":"https://pokeapi.co/api/v2/language/3/"},"version_group":{"name":"lets-go-pikachu-lets-go-eevee","url":"https://pokeapi.co/api/v2/version-group/19/"}},{"flavor_text":"讓對手掉進地面的\n裂縫中進行攻擊。\n只要命中就會一擊瀕死。","language":{"name":"zh-Hant","url":"https://pokeapi.co/api/v2/language/4/"},"version_group":{"name":"lets-go-pikachu-lets-go-eevee","url":"https://pokeapi.co/api/v2/version-group/19/"}},{"flavor_text":"Le lanceur fait tomber l’ennemi dans une crevasse.\nSi cette attaque réussit, elle met K.O. sur le coup.","language":{"name":"fr","url":"https://pokeapi.co/api/v2/language/5/"},"version_group":{"name":"lets-go-pikachu-lets-go-eevee","url":"https://pokeapi.co/api/v2/version-group/19/"}},{"flavor_text":"Das Ziel wird in eine Erdspalte geworfen. Ist die\nAttacke erfolgreich, führt sie zu einem K.O.","language":{"name":"de","url":"https://pokeapi.co/api/v2/language/6/"},"version_group":{"name":"lets-go-pikachu-lets-go-eevee","url":"https://pokeapi.co/api/v2/version-group/19/"}},{"flavor_text":"Abre una grieta en el suelo y mete al objetivo en ella. \nFulmina en un golpe.","language":{"name":"es","url":"https://pokeapi.co/api/v2/language/7/"},"version_group":{"name":"lets-go-pikachu-lets-go-eevee","url":"https://pokeapi.co/api/v2/version-group/19/"}},{"flavor_text":"Chi la usa crea una spaccatura nel terreno e cerca\ndi gettarvici dentro il bersaglio. Se va a segno,\nil Pokémon colpito va KO.","language":{"name":"it","url":"https://pokeapi.co/api/v2/language/8/"},"version_group":{"name":"lets-go-pikachu-lets-go-eevee","url":"https://pokeapi.co/api/v2/version-group/19/"}},{"flavor_text":"The user opens up a fissure in the ground and drops\nthe target in. The target faints instantly if this\nattack hits.","language":{"name":"en","url":"https://pokeapi.co/api/v2/language/9/"},"version_group":{"name":"lets-go-pikachu-lets-go-eevee","url":"https://pokeapi.co/api/v2/version-group/19/"}},{"flavor_text":"地割れの　裂け目に\n相手を　落として　攻撃する。\n当たれば　一撃で　ひんしに　する。","language":{"name":"ja","url":"https://pokeapi.co/api/v2/language/11/"},"version_group":{"name":"lets-go-pikachu-lets-go-eevee","url":"https://pokeapi.co/api/v2/version-group/19/"}},{"flavor_text":"让对手掉落于地裂的\n裂缝中进行攻击。\n只要命中就会一击濒死。","language":{"name":"zh-Hans","url":"https://pokeapi.co/api/v2/language/12/"},"version_group":{"name":"lets-go-pikachu-lets-go-eevee","url":"https://pokeapi.co/api/v2/version-group/19/"}},{"flavor_text":"じわれの　さけめに\nあいてを　おとして　こうげきする。\nあたれば　いちげきで　ひんしに　する。","language":{"name":"ja-Hrkt","url":"https://pokeapi.co/api/v2/language/1/"},"version_group":{"name":"sword-shield","url":"https://pokeapi.co/api/v2/version-group/20/"}},{"flavor_text":"땅이 갈라진 곳에\n상대를 떨어뜨려 공격한다.\n맞으면 일격에 기절한다.","language":{"name":"ko","url":"https://pokeapi.co/api/v2/language/3/"},"version_group":{"name":"sword-shield","url":"https://pokeapi.co/api/v2/version-group/20/"}},{"flavor_text":"讓對手掉進地面的\n裂縫中進行攻擊。\n只要命中就會一擊瀕死。","language":{"name":"zh-Hant","url":"https://pokeapi.co/api/v2/language/4/"},"version_group":{"name":"sword-shield","url":"https://pokeapi.co/api/v2/version-group/20/"}},{"flavor_text":"Le lanceur fait tomber l’ennemi dans une crevasse.\nSi cette attaque réussit, elle met K.O. sur le coup.","language":{"name":"fr","url":"https://pokeapi.co/api/v2/language/5/"},"version_group":{"name":"sword-shield","url":"https://pokeapi.co/api/v2/version-group/20/"}},{"flavor_text":"Das Ziel wird in eine Erdspalte geworfen. Ist die Attacke\nerfolgreich, führt sie zu einem K.O.","language":{"name":"de","url":"https://pokeapi.co/api/v2/language/6/"},"version_group":{"name":"sword-shield","url":"https://pokeapi.co/api/v2/version-group/20/"}},{"flavor_text":"Abre una grieta en el suelo y mete al objetivo en ella. \nFulmina en un golpe.","language":{"name":"es","url":"https://pokeapi.co/api/v2/language/7/"},"version_group":{"name":"sword-shield","url":"https://pokeapi.co/api/v2/version-group/20/"}},{"flavor_text":"Chi la usa crea una spaccatura nel terreno e cerca\ndi gettarvici dentro il bersaglio. Se va a segno,\nil Pokémon colpito va KO.","language":{"name":"it","url":"https://pokeapi.co/api/v2/language/8/"},"version_group":{"name":"sword-shield","url":"https://pokeapi.co/api/v2/version-group/20/"}},{"flavor_text":"The user opens up a fissure in the ground and drops\nthe target in. The target faints instantly if this\nattack hits.","language":{"name":"en","url":"https://pokeapi.co/api/v2/language/9/"},"version_group":{"name":"sword-shield","url":"https://pokeapi.co/api/v2/version-group/20/"}},{"flavor_text":"地割れの　裂け目に\n相手を　落として　攻撃する。\n当たれば　一撃で　ひんしに　する。","language":{"name":"ja","url":"https://pokeapi.co/api/v2/language/11/"},"version_group":{"name":"sword-shield","url":"https://pokeapi.co/api/v2/version-group/20/"}},{"flavor_text":"让对手掉落于地裂的\n裂缝中进行攻击。\n只要命中就会一击濒死。","language":{"name":"zh-Hans","url":"https://pokeapi.co/api/v2/language/12/"},"version_group":{"name":"sword-shield","url":"https://pokeapi.co/api/v2/version-group/20/"}}],"generation":{"name":"generation-i","url":"https://pokeapi.co/api/v2/generation/1/"},"id":90,"learned_by_pokemon":[{"name":"charizard","url":"https://pokeapi.co/api/v2/pokemon/6/"},{"name":"blastoise","url":"https://pokeapi.co/api/v2/pokemon/9/"},{"name":"ekans","url":"https://pokeapi.co/api/v2/pokemon/23/"},{"name":"arbok","url":"https://pokeapi.co/api/v2/pokemon/24/"},{"name":"sandshrew","url":"https://pokeapi.co/api/v2/pokemon/27/"},{"name":"sandslash","url":"https://pokeapi.co/api/v2/pokemon/28/"},{"name":"nidoqueen","url":"https://pokeapi.co/api/v2/pokemon/31/"},{"name":"nidoking","url":"https://pokeapi.co/api/v2/pokemon/34/"},{"name":"diglett","url":"https://pokeapi.co/api/v2/pokemon/50/"},{"name":"dugtrio","url":"https://pokeapi.co/api/v2/pokemon/51/"},{"name":"poliwhirl","url":"https://pokeapi.co/api/v2/pokemon/61/"},{"name":"poliwrath","url":"https://pokeapi.co/api/v2/pokemon/62/"},{"name":"machop","url":"https://pokeapi.co/api/v2/pokemon/66/"},{"name":"machoke","url":"https://pokeapi.co/api/v2/pokemon/67/"},{"name":"machamp","url":"https://pokeapi.co/api/v2/pokemon/68/"},{"name":"geodude","url":"https://pokeapi.co/api/v2/pokemon/74/"},{"name":"graveler","url":"https://pokeapi.co/api/v2/pokemon/75/"},{"name":"golem","url":"https://pokeapi.co/api/v2/pokemon/76/"},{"name":"slowpoke","url":"https://pokeapi.co/api/v2/pokemon/79/"},{"name":"slowbro","url":"https://pokeapi.co/api/v2/pokemon/80/"},{"name":"onix","url":"https://pokeapi.co/api/v2/pokemon/95/"},{"name":"cubone","url":"https://pokeapi.co/api/v2/pokemon/104/"},{"name":"marowak","url":"https://pokeapi.co/api/v2/pokemon/105/"},{"name":"lickitung","url":"https://pokeapi.co/api/v2/pokemon/108/"},{"name":"rhyhorn","url":"https://pokeapi.co/api/v2/pokemon/111/"},{"name":"rhydon","url":"https://pokeapi.co/api/v2/pokemon/112/"},{"name":"kangaskhan","url":"https://pokeapi.co/api/v2/pokemon/115/"},{"name":"tauros","url":"https://pokeapi.co/api/v2/pokemon/128/"},{"name":"lapras","url":"https://pokeapi.co/api/v2/pokemon/131/"},{"name":"snorlax","url":"https://pokeapi.co/api/v2/pokemon/143/"},{"name":"mew","url":"https://pokeapi.co/api/v2/pokemon/151/"},{"name":"swinub","url":"https://pokeapi.co/api/v2/pokemon/220/"},{"name":"phanpy","url":"https://pokeapi.co/api/v2/pokemon/231/"},{"name":"wailmer","url":"https://pokeapi.co/api/v2/pokemon/320/"},{"name":"camerupt","url":"https://pokeapi.co/api/v2/pokemon/323/"},{"name":"torkoal","url":"https://pokeapi.co/api/v2/pokemon/324/"},{"name":"trapinch","url":"https://pokeapi.co/api/v2/pokemon/328/"},{"name":"vibrava","url":"https://pokeapi.co/api/v2/pokemon/329/"},{"name":"flygon","url":"https://pokeapi.co/api/v2/pokemon/330/"},{"name":"barboach","url":"https://pokeapi.co/api/v2/pokemon/339/"},{"name":"whiscash","url":"https://pokeapi.co/api/v2/pokemon/340/"},{"name":"spheal","url":"https://pokeapi.co/api/v2/pokemon/363/"},{"name":"groudon","url":"https://pokeapi.co/api/v2/pokemon/383/"},{"name":"shieldon","url":"https://pokeapi.co/api/v2/pokemon/410/"},{"name":"shellos","url":"https://pokeapi.co/api/v2/pokemon/422/"},{"name":"munchlax","url":"https://pokeapi.co/api/v2/pokemon/446/"},{"name":"hippopotas","url":"https://pokeapi.co/api/v2/pokemon/449/"},{"name":"hippowdon","url":"https://pokeapi.co/api/v2/pokemon/450/"},{"name":"drilbur","url":"https://pokeapi.co/api/v2/pokemon/529/"},{"name":"excadrill","url":"https://pokeapi.co/api/v2/pokemon/530/"},{"name":"stunfisk","url":"https://pokeapi.co/api/v2/pokemon/618/"},{"name":"landorus-incarnate","url":"https://pokeapi.co/api/v2/pokemon/645/"},{"name":"mudbray","url":"https://pokeapi.co/api/v2/pokemon/749/"},{"name":"cufant","url":"https://pokeapi.co/api/v2/pokemon/878/"},{"name":"nacli","url":"https://pokeapi.co/api/v2/pokemon/932/"},{"name":"dondozo","url":"https://pokeapi.co/api/v2/pokemon/977/"},{"name":"ting-lu","url":"https://pokeapi.co/api/v2/pokemon/1003/"},{"name":"wormadam-sandy","url":"https://pokeapi.co/api/v2/pokemon/10004/"},{"name":"landorus-therian","url":"https://pokeapi.co/api/v2/pokemon/10021/"},{"name":"groudon-primal","url":"https://pokeapi.co/api/v2/pokemon/10078/"},{"name":"camerupt-mega","url":"https://pokeapi.co/api/v2/pokemon/10087/"},{"name":"diglett-alola","url":"https://pokeapi.co/api/v2/pokemon/10105/"},{"name":"dugtrio-alola","url":"https://pokeapi.co/api/v2/pokemon/10106/"},{"name":"stunfisk-galar","url":"https://pokeapi.co/api/v2/pokemon/10180/"}],"machines":[{"machine":{"url":"https://pokeapi.co/api/v2/machine/522/"},"version_group":{"name":"red-blue","url":"https://pokeapi.co/api/v2/version-group/1/"}},{"machine":{"url":"https://pokeapi.co/api/v2/machine/523/"},"version_group":{"name":"yellow","url":"https://pokeapi.co/api/v2/version-group/2/"}}],"meta":{"ailment":{"name":"none","url":"https://pokeapi.co/api/v2/move-ailment/0/"},"ailment_chance":0,"category":{"name":"ohko","url":"https://pokeapi.co/api/v2/move-category/9/"},"crit_rate":0,"drain":0,"flinch_chance":0,"healing":0,"max_hits":null,"max_turns":null,"min_hits":null,"min_turns":null,"stat_chance":0},"name":"fissure","names":[{"language":{"name":"ja-Hrkt","url":"https://pokeapi.co/api/v2/language/1/"},"name":"じわれ"},{"language":{"name":"ko","url":"https://pokeapi.co/api/v2/language/3/"},"name":"땅가르기"},{"language":{"name":"zh-Hant","url":"https://pokeapi.co/api/v2/language/4/"},"name":"地裂"},{"language":{"name":"fr","url":"https://pokeapi.co/api/v2/language/5/"},"name":"Abîme"},{"language":{"name":"de","url":"https://pokeapi.co/api/v2/language/6/"},"name":"Geofissur"},{"language":{"name":"es","url":"https://pokeapi.co/api/v2/language/7/"},"name":"Fisura"},{"language":{"name":"it","url":"https://pokeapi.co/api/v2/language/8/"},"name":"Abisso"},{"language":{"name":"en","url":"https://pokeapi.co/api/v2/language/9/"},"name":"Fissure"},{"language":{"name":"ja","url":"https://pokeapi.co/api/v2/language/11/"},"name":"じわれ"},{"language":{"name":"zh-Hans","url":"https://pokeapi.co/api/v2/language/12/"},"name":"地裂"}],"past_values":[],"power":null,"pp":5,"priority":0,"stat_changes":[],"super_contest_effect":{"url":"https://pokeapi.co/api/v2/super-contest-effect/9/"},"target":{"name":"selected-pokemon","url":"https://pokeapi.co/api/v2/move-target/10/"},"type":{"name":"ground","url":"https://pokeapi.co/api/v2/type/5/"}}