{"abilities":[{"ability":{"name":"swift-swim","url":"https://pokeapi.co/api/v2/ability/33/"},"is_hidden":false,"slot":1},{"ability":{"name":"rattled","url":"https://pokeapi.co/api/v2/ability/155/"},"is_hidden":true,"slot":3}],"base_experience":40,"forms":[{"name":"magikarp","url":"https://pokeapi.co/api/v2/pokemon-form/129/"}],"game_indices":[{"game_index":133,"version":{"name":"red","url":"https://pokeapi.co/api/v2/version/1/"}},{"game_index":133,"version":{"name":"blue","url":"https://pokeapi.co/api/v2/version/2/"}},{"game_index":133,"version":{"name":"yellow","url":"https://pokeapi.co/api/v2/version/3/"}},{"game_index":129,"version":{"name":"gold","url":"https://pokeapi.co/api/v2/version/4/"}},{"game_index":129,"version":{"name":"silver","url":"https://pokeapi.co/api/v2/version/5/"}},{"game_index":129,"version":{"name":"crystal","url":"https://pokeapi.co/api/v2/version/6/"}},{"game_index":129,"version":{"name":"ruby","url":"https://pokeapi.co/api/v2/version/7/"}},{"game_index":129,"version":{"name":"sapphire","url":"https://pokeapi.co/api/v2/version/8/"}},{"game_index":129,"version":{"name":"emerald","url":"https://pokeapi.co/api/v2/version/9/"}},{"game_index":129,"version":{"name":"firered","url":"https://pokeapi.co/api/v2/version/10/"}},{"game_index":129,"version":{"name":"leafgreen","url":"https://pokeapi.co/api/v2/version/11/"}},{"game_index":129,"version":{"name":"diamond","url":"https://pokeapi.co/api/v2/version/12/"}},{"game_index":129,"version":{"name":"pearl","url":"https://pokeapi.co/api/v2/version/13/"}},{"game_index":129,"version":{"name":"platinum","url":"https://pokeapi.co/api/v2/version/14/"}},{"game_index":129,"version":{"name":"heartgold","url":"https://pokeapi.co/api/v2/version/15/"}},{"game_index":129,"version":{"name":"soulsilver","url":"https://pokeapi.co/api/v2/version/16/"}},{"game_index":129,"version":{"name":"black","url":"https://pokeapi.co/api/v2/version/17/"}},{"game_index":129,"version":{"name":"white","url":"https://pokeapi.co/api/v2/version/18/"}},{"game_index":129,"version":{"name":"black-2","url":"https://pokeapi.co/api/v2/version/21/"}},{"game_index":129,"version":{"name":"white-2","url":"https://pokeapi.co/api/v2/version/22/"}}],"height":9,"held_items":[],"id":129,"is_default":true,"location_area_encounters":"https://pokeapi.co/api/v2/pokemon/129/encounters","moves":[{"move":{"name":"tackle","url":"https://pokeapi.co/api/v2/move/33/"},"version_group_details":[{"level_learned_at":15,"move_learn_method":{"name":"level-up","url":"https://pokeapi.co/api/v2/move-learn-method/1/"},"version_group":{"name":"red-blue","url":"https://pokeapi.co/api/v2/version-group/1/"}},{"level_learned_at":15,"move_learn_method":{"name":"level-up","url":"https://pokeapi.co/api/v2/move-learn-method/1/"},"version_group":{"name":"yellow","url":"https://pokeapi.co/api/v2/version-group/2/"}},{"level_learned_at":15,"move_learn_method":{"name":"level-up","url":"https://pokeapi.co/api/v2/move-learn-method/1/"},"version_group":{"name":"gold-silver","url":"https://pokeapi.co/api/v2/version-group/3/"}},{"level_learned_at":15,"move_learn_method":{"name":"level-up","url":"https://pokeapi.co/api/v2/move-learn-method/1/"},"version_group":{"name":"crystal","url":"https://pokeapi.co/api/v2/version-group/4/"}},{"level_learned_at":15,"move_learn_method":{"name":"level-up","url":"https://pokeapi.co/api/v2/move-learn-method/1/"},"version_group":{"name":"ruby-sapphire","url":"https://pokeapi.co/api/v2/version-group/5/"}},{"level_learned_at":15,"move_learn_method":{"name":"level-up","url":"https://pokeapi.co/api/v2/move-learn-method/1/"},"version_group":{"name":"emerald","url":"https://pokeapi.co/api/v2/version-group/6/"}},{"level_learned_at":15,"move_learn_method":{"name":"level-up","url":"https://pokeapi.co/api/v2/move-learn-method/1/"},"version_group":{"name":"firered-leafgreen","url":"https://pokeapi.co/api/v2/version-group/7/"}},{"level_learned_at":15,"move_learn_method":{"name":"level-up","url":"https://pokeapi.co/api/v2/move-learn-method/1/"},"version_group":{"name":"diamond-pearl","url":"https://pokeapi.co/api/v2/version-group/8/"}},{"level_learned_at":15,"move_learn_method":{"name":"level-up","url":"https://pokeapi.co/api/v2/move-learn-method/1/"},"version_group":{"name":"platinum","url":"https://pokeapi.co/api/v2/version-group/9/"}},{"level_learned_at":15,"move_learn_method":{"name":"level-up","url":"https://pokeapi.co/api/v2/move-learn-method/1/"},"version_group":{"name":"heartgold-soulsilver","url":"https://pokeapi.co/api/v2/version-group/10/"}},{"level_learned_at":15,"move_learn_method":{"name":"level-up","url":"https://pokeapi.co/api/v2/move-learn-method/1/"},"version_group":{"name":"black-white","url":"https://pokeapi.co/api/v2/version-group/11/"}},{"level_learned_at":15,"move_learn_method":{"name":"level-up","url":"https://pokeapi.co/api/v2/move-learn-method/1/"},"version_group":{"name":"colosseum","url":"https://pokeapi.co/api/v2/version-group/12/"}},{"level_learned_at":15,"move_learn_method":{"name":"level-up","url":"https://pokeapi.co/api/v2/move-learn-method/1/"},"version_group":{"name":"xd","url":"https://pokeapi.co/api/v2/version-group/13/"}},{"level_learned_at":15,"move_learn_method":{"name":"level-up","url":"https://pokeapi.co/api/v2/move-learn-method/1/"},"version_group":{"name":"black-2-white-2","url":"https://pokeapi.co/api/v2/version-group/14/"}},{"level_learned_at":15,"move_learn_method":{"name":"level-up","url":"https://pokeapi.co/api/v2/move-learn-method/1/"},"version_group":{"name":"x-y","url":"https://pokeapi.co/api/v2/version-group/15/"}},{"level_learned_at":15,"move_learn_method":{"name":"level-up","url":"https://pokeapi.co/api/v2/move-learn-method/1/"},"version_group":{"name":"omega-ruby-alpha-sapphire","url":"https://pokeapi.co/api/v2/version-group/16/"}},{"level_learned_at":15,"move_learn_method":{"name":"level-up","url":"https://pokeapi.co/api/v2/move-learn-method/1/"},"version_group":{"name":"sun-moon","url":"https://pokeapi.co/api/v2/version-group/17/"}},{"level_learned_at":15,"move_learn_method":{"name":"level-up","url":"https://pokeapi.co/api/v2/move-learn-method/1/"},"version_group":{"name":"ultra-sun-ultra-moon","url":"https://pokeapi.co/api/v2/version-group/18/"}},{"level_learned_at":15,"move_learn_method":{"name":"level-up","url":"https://pokeapi.co/api/v2/move-learn-method/1/"},"version_group":{"name":"lets-go-pikachu-lets-go-eevee","url":"https://pokeapi.co/api/v2/version-group/19/"}},{"level_learned_at":15,"move_learn_method":{"name":"level-up","url":"https://pokeapi.co/api/v2/move-learn-method/1/"},"version_group":{"name":"sword-shield","url":"https://pokeapi.co/api/v2/version-group/20/"}},{"level_learned_at":15,"move_learn_method":{"name":"level-up","url":"https://pokeapi.co/api/v2/move-learn-method/1/"},"version_group":{"name":"scarlet-violet","url":"https://pokeapi.co/api/v2/version-group/25/"}}]},{"move":{"name":"hydro-pump","url":"https://pokeapi.co/api/v2/move/56/"},"version_group_details":[{"level_learned_at":0,"move_learn_method":{"name":"machine","url":"https://pokeapi.co/api/v2/move-learn-method/4/"},"version_group":{"name":"sword-shield","url":"https://pokeapi.co/api/v2/version-group/20/"}}]},{"move":{"name":"splash","url":"https://pokeapi.co/api/v2/move/150/"},"version_group_details":[{"level_learned_at":1,"move_learn_method":{"name":"level-up","url":"https://pokeapi.co/api/v2/move-learn-method/1/"},"version_group":{"name":"red-blue","url":"https://pokeapi.co/api/v2/version-group/1/"}},{"level_learned_at":1,"move_learn_method":{"name":"level-up","url":"https://pokeapi.co/api/v2/move-learn-method/1/"},"version_group":{"name":"yellow","url":"https://pokeapi.co/api/v2/version-group/2/"}},{"level_learned_at":1,"move_learn_method":{"name":"level-up","url":"https://pokeapi.co/api/v2/move-learn-method/1/"},"version_group":{"name":"gold-silver","url":"https://pokeapi.co/api/v2/version-group/3/"}},{"level_learned_at":1,"move_learn_method":{"name":"level-up","url":"https://pokeapi.co/api/v2/move-learn-method/1/"},"version_group":{"name":"crystal","url":"https://pokeapi.co/api/v2/version-group/4/"}},{"level_learned_at":1,"move_learn_method":{"name":"level-up","url":"https://pokeapi.co/api/v2/move-learn-method/1/"},"version_group":{"name":"ruby-sapphire","url":"https://pokeapi.co/api/v2/version-group/5/"}},{"level_learned_at":1,"move_learn_method":{"name":"level-up","url":"https://pokeapi.co/api/v2/move-learn-method/1/"},"version_group":{"name":"emerald","url":"https://pokeapi.co/api/v2/version-group/6/"}},{"level_learned_at":1,"move_learn_method":{"name":"level-up","url":"https://pokeapi.co/api/v2/move-learn-method/1/"},"version_group":{"name":"firered-leafgreen","url":"https://pokeapi.co/api/v2/version-group/7/"}},{"level_learned_at":1,"move_learn_method":{"name":"level-up","url":"https://pokeapi.co/api/v2/move-learn-method/1/"},"version_group":{"name":"diamond-pearl","url":"https://pokeapi.co/api/v2/version-group/8/"}},{"level_learned_at":1,"move_learn_method":{"name":"level-up","url":"https://pokeapi.co/api/v2/move-learn-method/1/"},"version_group":{"name":"platinum","url":"https://pokeapi.co/api/v2/version-group/9/"}},{"level_learned_at":1,"move_learn_method":{"name":"level-up","url":"https://pokeapi.co/api/v2/move-learn-method/1/"},"version_group":{"name":"heartgold-soulsilver","url":"https://pokeapi.co/api/v2/version-group/10/"}},{"level_learned_at":1,"move_learn_method":{"name":"level-up","url":"https://pokeapi.co/api/v2/move-learn-method/1/"},"version_group":{"name":"black-white","url":"https://pokeapi.co/api/v2/version-group/11/"}},{"level_learned_at":1,"move_learn_method":{"name":"level-up","url":"https://pokeapi.co/api/v2/move-learn-method/1/"},"version_group":{"name":"colosseum","url":"https://pokeapi.co/api/v2/version-group/12/"}},{"level_learned_at":1,"move_learn_method":{"name":"level-up","url":"https://pokeapi.co/api/v2/move-learn-method/1/"},"version_group":{"name":"xd","url":"https://pokeapi.co/api/v2/version-group/13/"}},{"level_learned_at":1,"move_learn_method":{"name":"level-up","url":"https://pokeapi.co/api/v2/move-learn-method/1/"},"version_group":{"name":"black-2-white-2","url":"https://pokeapi.co/api/v2/version-group/14/"}},{"level_learned_at":1,"move_learn_method":{"name":"level-up","url":"https://pokeapi.co/api/v2/move-learn-method/1/"},"version_group":{"name":"x-y","url":"https://pokeapi.co/api/v2/version-group/15/"}},{"level_learned_at":1,"move_learn_method":{"name":"level-up","url":"https://pokeapi.co/api/v2/move-learn-method/1/"},"version_group":{"name":"omega-ruby-alpha-sapphire","url":"https://pokeapi.co/api/v2/version-group/16/"}},{"level_learned_at":1,"move_learn_method":{"name":"level-up","url":"https://pokeapi.co/api/v2/move-learn-method/1/"},"version_group":{"name":"sun-moon","url":"https://pokeapi.co/api/v2/version-group/17/"}},{"level_learned_at":1,"move_learn_method":{"name":"level-up","url":"https://pokeapi.co/api/v2/move-learn-method/1/"},"version_group":{"name":"ultra-sun-ultra-moon","url":"https://pokeapi.co/api/v2/version-group/18/"}},{"level_learned_at":1,"move_learn_method":{"name":"level-up","url":"https://pokeapi.co/api/v2/move-learn-method/1/"},"version_group":{"name":"lets-go-pikachu-lets-go-eevee","url":"https://pokeapi.co/api/v2/version-group/19/"}},{"level_learned_at":1,"move_learn_method":{"name":"level-up","url":"https://pokeapi.co/api/v2/move-learn-method/1/"},"version_group":{"name":"sword-shield","url":"https://pokeapi.co/api/v2/version-group/20/"}},{"level_learned_at":1,"move_learn_method":{"name":"level-up","url":"https://pokeapi.co/api/v2/move-learn-method/1/"},"version_group":{"name":"scarlet-violet","url":"https://pokeapi.co/api/v2/version-group/25/"}}]},{"move":{"name":"flail","url":"https://pokeapi.co/api/v2/move/175/"},"version_group_details":[{"level_learned_at":30,"move_learn_method":{"name":"level-up","url":"https://pokeapi.co/api/v2/move-learn-method/1/"},"version_group":{"name":"gold-silver","url":"https://pokeapi.co/api/v2/version-group/3/"}},{"level_learned_at":30,"move_learn_method":{"name":"level-up","url":"https://pokeapi.co/api/v2/move-learn-method/1/"},"version_group":{"name":"crystal","url":"https://pokeapi.co/api/v2/version-group/4/"}},{"level_learned_at":30,"move_learn_method":{"name":"level-up","url":"https://pokeapi.co/api/v2/move-learn-method/1/"},"version_group":{"name":"ruby-sapphire","url":"https://pokeapi.co/api/v2/version-group/5/"}},{"level_learned_at":30,"move_learn_method":{"name":"level-up","url":"https://pokeapi.co/api/v2/move-learn-method/1/"},"version_group":{"name":"emerald","url":"https://pokeapi.co/api/v2/version-group/6/"}},{"level_learned_at":30,"move_learn_method":{"name":"level-up","url":"https://pokeapi.co/api/v2/move-learn-method/1/"},"version_group":{"name":"firered-leafgreen","url":"https://pokeapi.co/api/v2/version-group/7/"}},{"level_learned_at":30,"move_learn_method":{"name":"level-up","url":"https://pokeapi.co/api/v2/move-learn-method/1/"},"version_group":{"name":"diamond-pearl","url":"https://pokeapi.co/api/v2/version-group/8/"}},{"level_learned_at":30,"move_learn_method":{"name":"level-up","url":"https://pokeapi.co/api/v2/move-learn-method/1/"},"version_group":{"name":"platinum","url":"https://pokeapi.co/api/v2/version-group/9/"}},{"level_learned_at":30,"move_learn_method":{"name":"level-up","url":"https://pokeapi.co/api/v2/move-learn-method/1/"},"version_group":{"name":"heartgold-soulsilver","url":"https://pokeapi.co/api/v2/version-group/10/"}},{"level_learned_at":30,"move_learn_method":{"name":"level-up","url":"https://pokeapi.co/api/v2/move-learn-method/1/"},"version_group":{"name":"black-white","url":"https://pokeapi.co/api/v2/version-group/11/"}},{"level_learned_at":30,"move_learn_method":{"name":"level-up","url":"https://pokeapi.co/api/v2/move-learn-method/1/"},"version_group":{"name":"colosseum","url":"https://pokeapi.co/api/v2/version-group/12/"}},{"level_learned_at":30,"move_learn_method":{"name":"level-up","url":"https://pokeapi.co/api/v2/move-learn-method/1/"},"version_group":{"name":"xd","url":"https://pokeapi.co/api/v2/version-group/13/"}},{"level_learned_at":30,"move_learn_method":{"name":"level-up","url":"https://pokeapi.co/api/v2/move-learn-method/1/"},"version_group":{"name":"black-2-white-2","url":"https://pokeapi.co/api/v2/version-group/14/"}},{"level_learned_at":30,"move_learn_method":{"name":"level-up","url":"https://pokeapi.co/api/v2/move-learn-method/1/"},"version_group":{"name":"x-y","url":"https://pokeapi.co/api/v2/version-group/15/"}},{"level_learned_at":30,"move_learn_method":{"name":"level-up","url":"https://pokeapi.co/api/v2/move-learn-method/1/"},"version_group":{"name":"omega-ruby-alpha-sapphire","url":"https://pokeapi.co/api/v2/version-group/16/"}},{"level_learned_at":30,"move_learn_method":{"name":"level-up","url":"https://pokeapi.co/api/v2/move-learn-method/1/"},"version_group":{"name":"sun-moon","url":"https://pokeapi.co/api/v2/version-group/17/"}},{"level_learned_at":30,"move_learn_method":{"name":"level-up","url":"https://pokeapi.co/api/v2/move-learn-method/1/"},"version_group":{"name":"ultra-sun-ultra-moon","url":"https://pokeapi.co/api/v2/version-group/18/"}},{"level_learned_at":25,"move_learn_method":{"name":"level-up","url":"https://pokeapi.co/api/v2/move-learn-method/1/"},"version_group":{"name":"sword-shield","url":"https://pokeapi.co/api/v2/version-group/20/"}},{"level_learned_at":25,"move_learn_method":{"name":"level-up","url":"https://pokeapi.co/api/v2/move-learn-method/1/"},"version_group":{"name":"scarlet-violet","url":"https://pokeapi.co/api/v2/version-group/25/"}}]},{"move":{"name":"bounce","url":"https://pokeapi.co/api/v2/move/340/"},"version_group_details":[{"level_learned_at":0,"move_learn_method":{"name":"tutor","url":"https://pokeapi.co/api/v2/move-learn-method/3/"},"version_group":{"name":"platinum","url":"https://pokeapi.co/api/v2/version-group/9/"}},{"level_learned_at":0,"move_learn_method":{"name":"tutor","url":"https://pokeapi.co/api/v2/move-learn-method/3/"},"version_group":{"name":"heartgold-soulsilver","url":"https://pokeapi.co/api/v2/version-group/10/"}},{"level_learned_at":0,"move_learn_method":{"name":"tutor","url":"https://pokeapi.co/api/v2/move-learn-method/3/"},"version_group":{"name":"black-2-white-2","url":"https://pokeapi.co/api/v2/version-group/14/"}},{"level_learned_at":0,"move_learn_method":{"name":"tutor","url":"https://pokeapi.co/api/v2/move-learn-method/3/"},"version_group":{"name":"omega-ruby-alpha-sapphire","url":"https://pokeapi.co/api/v2/version-group/16/"}},{"level_learned_at":0,"move_learn_method":{"name":"tutor","url":"https://pokeapi.co/api/v2/move-learn-method/3/"},"version_group":{"name":"ultra-sun-ultra-moon","url":"https://pokeapi.co/api/v2/version-group/18/"}},{"level_learned_at":0,"move_learn_method":{"name":"machine","url":"https://pokeapi.co/api/v2/move-learn-method/4/"},"version_group":{"name":"sword-shield","url":"https://pokeapi.co/api/v2/version-group/20/"}}]}],"name":"magikarp","order":210,"past_types":[],"species":{"name":"magikarp","url":"https://pokeapi.co/api/v2/pokemon-species/129/"},"sprites":{"back_default":"https://raw.githubusercontent.com/PokeAPI/sprites/master/sprites/pokemon/back/129.png","back_female":"https://raw.githubusercontent.com/PokeAPI/sprites/master/sprites/pokemon/back/female/129.png","back_shiny":"https://raw.githubusercontent.com/PokeAPI/sprites/master/sprites/pokemon/back/shiny/129.png","back_shiny_female":"https://raw.githubusercontent.com/PokeAPI/sprites/master/sprites/pokemon/back/shiny/female/129.png","front_default":"https://raw.githubusercontent.com/PokeAPI/sprites/master/sprites/pokemon/129.png","front_female":"https://raw.githubusercontent.com/PokeAPI/sprites/master/sprites/pokemon/female/129.png","front_shiny":"https://raw.githubusercontent.com/PokeAPI/sprites/master/sprites/pokemon/shiny/129.png","front_shiny_female":"https://raw.githubusercontent.com/PokeAPI/sprites/master/sprites/pokemon/shiny/female/129.png","other":{"dream_world":{"front_default":"https://raw.githubusercontent.com/PokeAPI/sprites/master/sprites/pokemon/other/dream-world/129.svg","front_female":null},"home":{"front_default":"https://raw.githubusercontent.com/PokeAPI/sprites/master/sprites/pokemon/other/home/129.png","front_female":"https://raw.githubusercontent.com/PokeAPI/sprites/master/sprites/pokemon/other/home/female/129.png","front_shiny":"https://raw.githubusercontent.com/PokeAPI/sprites/master/sprites/pokemon/other/home/shiny/129.png","front_shiny_female":"https://raw.githubusercontent.com/PokeAPI/sprites/master/sprites/pokemon/other/home/shiny/female/129.png"},"official-artwork":{"front_default":"https://raw.githubusercontent.com/PokeAPI/sprites/master/sprites/pokemon/other/official-artwork/129.png","front_shiny":"https://raw.githubusercontent.com/PokeAPI/sprites/master/sprites/pokemon/other/official-artwork/shiny/129.png"}},"versions":{"generation-i":{"red-blue":{"back_default":"https://raw.githubusercontent.com/PokeAPI/sprites/master/sprites/pokemon/versions/generation-i/red-blue/back/129.png","back_gray":"https://raw.githubusercontent.com/PokeAPI/sprites/master/sprites/pokemon/versions/generation-i/red-blue/back/gray/129.png","back_transparent":"https://raw.githubusercontent.com/PokeAPI/sprites/master/sprites/pokemon/versions/generation-i/red-blue/transparent/back/129.png","front_default":"https://raw.githubusercontent.com/PokeAPI/sprites/master/sprites/pokemon/versions/generation-i/red-blue/129.png","front_gray":"https://raw.githubusercontent.com/PokeAPI/sprites/master/sprites/pokemon/versions/generation-i/red-blue/gray/129.png","front_transparent":"https://raw.githubusercontent.com/PokeAPI/sprites/master/sprites/pokemon/versions/generation-i/red-blue/transparent/129.png"},"yellow":{"back_default":"https://raw.githubusercontent.com/PokeAPI/sprites/master/sprites/pokemon/versions/generation-i/yellow/back/129.png","back_gray":"https://raw.githubusercontent.com/PokeAPI/sprites/master/sprites/pokemon/versions/generation-i/yellow/back/gray/129.png","back_transparent":"https://raw.githubusercontent.com/PokeAPI/sprites/master/sprites/pokemon/versions/generation-i/yellow/transparent/back/129.png","front_default":"https://raw.githubusercontent.com/PokeAPI/sprites/master/sprites/pokemon/versions/generation-i/yellow/129.png","front_gray":"https://raw.githubusercontent.com/PokeAPI/sprites/master/sprites/pokemon/versions/generation-i/yellow/gray/129.png","front_transparent":"https://raw.githubusercontent.com/PokeAPI/sprites/master/sprites/pokemon/versions/generation-i/yellow/transparent/129.png"}},"generation-ii":{"crystal":{"back_default":"https://raw.githubusercontent.com/PokeAPI/sprites/master/sprites/pokemon/versions/generation-ii/crystal/back/129.png","back_shiny":"https://raw.githubusercontent.com/PokeAPI/sprites/master/sprites/pokemon/versions/generation-ii/crystal/back/shiny/129.png","back_shiny_transparent":"https://raw.githubusercontent.com/PokeAPI/sprites/master/sprites/pokemon/versions/generation-ii/crystal/transparent/back/shiny/129.png","back_transparent":"https://raw.githubusercontent.com/PokeAPI/sprites/master/sprites/pokemon/versions/generation-ii/crystal/transparent/back/129.png","front_default":"https://raw.githubusercontent.com/PokeAPI/sprites/master/sprites/pokemon/versions/generation-ii/crystal/129.png","front_shiny":"https://raw.githubusercontent.com/PokeAPI/sprites/master/sprites/pokemon/versions/generation-ii/crystal/shiny/129.png","front_shiny_transparent":"https://raw.githubusercontent.com/PokeAPI/sprites/master/sprites/pokemon/versions/generation-ii/crystal/transparent/shiny/129.png","front_transparent":"https://raw.githubusercontent.com/PokeAPI/sprites/master/sprites/pokemon/versions/generation-ii/crystal/transparent/129.png"},"gold":{"back_default":"https://raw.githubusercontent.com/PokeAPI/sprites/master/sprites/pokemon/versions/generation-ii/gold/back/129.png","back_shiny":"https://raw.githubusercontent.com/PokeAPI/sprites/master/sprites/pokemon/versions/generation-ii/gold/back/shiny/129.png","front_default":"https://raw.githubusercontent.com/PokeAPI/sprites/master/sprites/pokemon/versions/generation-ii/gold/129.png","front_shiny":"https://raw.githubusercontent.com/PokeAPI/sprites/master/sprites/pokemon/versions/generation-ii/gold/shiny/129.png","front_transparent":"https://raw.githubusercontent.com/PokeAPI/sprites/master/sprites/pokemon/versions/generation-ii/gold/transparent/129.png"},"silver":{"back_default":"https://raw.githubusercontent.com/PokeAPI/sprites/master/sprites/pokemon/versions/generation-ii/silver/back/129.png","back_shiny":"https://raw.githubusercontent.com/PokeAPI/sprites/master/sprites/pokemon/versions/generation-ii/silver/back/shiny/129.png","front_default":"https://raw.githubusercontent.com/PokeAPI/sprites/master/sprites/pokemon/versions/generation-ii/silver/129.png","front_shiny":"https://raw.githubusercontent.com/PokeAPI/sprites/master/sprites/pokemon/versions/generation-ii/silver/shiny/129.png","front_transparent":"https://raw.githubusercontent.com/PokeAPI/sprites/master/sprites/pokemon/versions/generation-ii/silver/transparent/129.png"}},"generation-iii":{"emerald":{"front_default":"https://raw.githubusercontent.com/PokeAPI/sprites/master/sprites/pokemon/versions/generation-iii/emerald/129.png","front_shiny":"https://raw.githubusercontent.com/PokeAPI/sprites/master/sprites/pokemon/versions/generation-iii/emerald/shiny/129.png"},"firered-leafgreen":{"back_default":"https://raw.githubusercontent.com/PokeAPI/sprites/master/sprites/pokemon/versions/generation-iii/firered-leafgreen/back/129.png","back_shiny":"https://raw.githubusercontent.com/PokeAPI/sprites/master/sprites/pokemon/versions/generation-iii/firered-leafgreen/back/shiny/129.png","front_default":"https://raw.githubusercontent.com/PokeAPI/sprites/master/sprites/pokemon/versions/generation-iii/firered-leafgreen/129.png","front_shiny":"https://raw.githubusercontent.com/PokeAPI/sprites/master/sprites/pokemon/versions/generation-iii/firered-leafgreen/shiny/129.png"},"ruby-sapphire":{"back_default":"https://raw.githubusercontent.com/PokeAPI/sprites/master/sprites/pokemon/versions/generation-iii/ruby-sapphire/back/129.png","back_shiny":"https://raw.githubusercontent.com/PokeAPI/sprites/master/sprites/pokemon/versions/generation-iii/ruby-sapphire/back/shiny/129.png","front_default":"https://raw.githubusercontent.com/PokeAPI/sprites/master/sprites/pokemon/versions/generation-iii/ruby-sapphire/129.png","front_shiny":"https://raw.githubusercontent.com/PokeAPI/sprites/master/sprites/pokemon/versions/generation-iii/ruby-sapphire/shiny/129.png"}},"generation-iv":{"diamond-pearl":{"back_default":"https://raw.githubusercontent.com/PokeAPI/sprites/master/sprites/pokemon/versions/generation-iv/diamond-pearl/back/129.png","back_female":"https://raw.githubusercontent.com/PokeAPI/sprites/master/sprites/pokemon/versions/generation-iv/diamond-pearl/back/female/129.png","back_shiny":"https://raw.githubusercontent.com/PokeAPI/sprites/master/sprites/pokemon/versions/generation-iv/diamond-pearl/back/shiny/129.png","back_shiny_female":"https://raw.githubusercontent.com/PokeAPI/sprites/master/sprites/pokemon/versions/generation-iv/diamond-pearl/back/shiny/female/129.png","front_default":"https://raw.githubusercontent.com/PokeAPI/sprites/master/sprites/pokemon/versions/generation-iv/diamond-pearl/129.png","front_female":"https://raw.githubusercontent.com/PokeAPI/sprites/master/sprites/pokemon/versions/generation-iv/diamond-pearl/female/129.png","front_shiny":"https://raw.githubusercontent.com/PokeAPI/sprites/master/sprites/pokemon/versions/generation-iv/diamond-pearl/shiny/129.png","front_shiny_female":"https://raw.githubusercontent.com/PokeAPI/sprites/master/sprites/pokemon/versions/generation-iv/diamond-pearl/shiny/female/129.png"},"heartgold-soulsilver":{"back_default":"https://raw.githubusercontent.com/PokeAPI/sprites/master/sprites/pokemon/versions/generation-iv/heartgold-soulsilver/back/129.png","back_female":"https://raw.githubusercontent.com/PokeAPI/sprites/master/sprites/pokemon/versions/generation-iv/heartgold-soulsilver/back/female/129.png","back_shiny":"https://raw.githubusercontent.com/PokeAPI/sprites/master/sprites/pokemon/versions/generation-iv/heartgold-soulsilver/back/shiny/129.png","back_shiny_female":"https://raw.githubusercontent.com/PokeAPI/sprites/master/sprites/pokemon/versions/generation-iv/heartgold-soulsilver/back/shiny/female/129.png","front_default":"https://raw.githubusercontent.com/PokeAPI/sprites/master/sprites/pokemon/versions/generation-iv/heartgold-soulsilver/129.png","front_female":"https://raw.githubusercontent.com/PokeAPI/sprites/master/sprites/pokemon/versions/generation-iv/heartgold-soulsilver/female/129.png","front_shiny":"https://raw.githubusercontent.com/PokeAPI/sprites/master/sprites/pokemon/versions/generation-iv/heartgold-soulsilver/shiny/129.png","front_shiny_female":"https://raw.githubusercontent.com/PokeAPI/sprites/master/sprites/pokemon/versions/generation-iv/heartgold-soulsilver/shiny/female/129.png"},"platinum":{"back_default":"https://raw.githubusercontent.com/PokeAPI/sprites/master/sprites/pokemon/versions/generation-iv/platinum/back/129.png","back_female":"https://raw.githubusercontent.com/PokeAPI/sprites/master/sprites/pokemon/versions/generation-iv/platinum/back/female/129.png","back_shiny":"https://raw.githubusercontent.com/PokeAPI/sprites/master/sprites/pokemon/versions/generation-iv/platinum/back/shiny/129.png","back_shiny_female":"https://raw.githubusercontent.com/PokeAPI/sprites/master/sprites/pokemon/versions/generation-iv/platinum/back/shiny/female/129.png","front_default":"https://raw.githubusercontent.com/PokeAPI/sprites/master/sprites/pokemon/versions/generation-iv/platinum/129.png","front_female":"https://raw.githubusercontent.com/PokeAPI/sprites/master/sprites/pokemon/versions/generation-iv/platinum/female/129.png","front_shiny":"https://raw.githubusercontent.com/PokeAPI/sprites/master/sprites/pokemon/versions/generation-iv/platinum/shiny/129.png","front_shiny_female":"https://raw.githubusercontent.com/PokeAPI/sprites/master/sprites/pokemon/versions/generation-iv/platinum/shiny/female/129.png"}},"generation-v":{"black-white":{"animated":{"back_default":"https://raw.githubusercontent.com/PokeAPI/sprites/master/sprites/pokemon/versions/generation-v/black-white/animated/back/129.gif","back_female":"https://raw.githubusercontent.com/PokeAPI/sprites/master/sprites/pokemon/versions/generation-v/black-white/animated/back/female/129.gif","back_shiny":"https://raw.githubusercontent.com/PokeAPI/sprites/master/sprites/pokemon/versions/generation-v/black-white/animated/back/shiny/129.gif","back_shiny_female":"https://raw.githubusercontent.com/PokeAPI/sprites/master/sprites/pokemon/versions/generation-v/black-white/animated/back/shiny/female/129.gif","front_default":"https://raw.githubusercontent.com/PokeAPI/sprites/master/sprites/pokemon/versions/generation-v/black-white/animated/129.gif","front_female":"https://raw.githubusercontent.com/PokeAPI/sprites/master/sprites/pokemon/versions/generation-v/black-white/animated/female/129.gif","front_shiny":"https://raw.githubusercontent.com/PokeAPI/sprites/master/sprites/pokemon/versions/generation-v/black-white/animated/shiny/129.gif","front_shiny_female":"https://raw.githubusercontent.com/PokeAPI/sprites/master/sprites/pokemon/versions/generation-v/black-white/animated/shiny/female/129.gif"},"back_default":"https://raw.githubusercontent.com/PokeAPI/sprites/master/sprites/pokemon/versions/generation-v/black-white/back/129.png","back_female":"https://raw.githubusercontent.com/PokeAPI/sprites/master/sprites/pokemon/versions/generation-v/black-white/back/female/129.png","back_shiny":"https://raw.githubusercontent.com/PokeAPI/sprites/master/sprites/pokemon/versions/generation-v/black-white/back/shiny/129.png","back_shiny_female":"https://raw.githubusercontent.com/PokeAPI/sprites/master/sprites/pokemon/versions/generation-v/black-white/back/shiny/female/129.png","front_default":"https://raw.githubusercontent.com/PokeAPI/sprites/master/sprites/pokemon/versions/generation-v/black-white/129.png","front_female":"https://raw.githubusercontent.com/PokeAPI/sprites/master/sprites/pokemon/versions/generation-v/black-white/female/129.png","front_shiny":"https://raw.githubusercontent.com/PokeAPI/sprites/master/sprites/pokemon/versions/generation-v/black-white/shiny/129.png","front_shiny_female":"https://raw.githubusercontent.com/PokeAPI/sprites/master/sprites/pokemon/versions/generation-v/black-white/shiny/female/129.png"}},"generation-vi":{"omegaruby-alphasapphire":{"front_default":"https://raw.githubusercontent.com/PokeAPI/sprites/master/sprites/pokemon/versions/generation-vi/omegaruby-alphasapphire/129.png","front_female":"https://raw.githubusercontent.com/PokeAPI/sprites/master/sprites/pokemon/versions/generation-vi/omegaruby-alphasapphire/female/129.png","front_shiny":"https://raw.githubusercontent.com/PokeAPI/sprites/master/sprites/pokemon/versions/generation-vi/omegaruby-alphasapphire/shiny/129.png","front_shiny_female":"https://raw.githubusercontent.com/PokeAPI/sprites/master/sprites/pokemon/versions/generation-vi/omegaruby-alphasapphire/shiny/female/129.png"},"x-y":{"front_default":"https://raw.githubusercontent.com/PokeAPI/sprites/master/sprites/pokemon/versions/generation-vi/x-y/129.png","front_female":"https://raw.githubusercontent.com/PokeAPI/sprites/master/sprites/pokemon/versions/generation-vi/x-y/female/129.png","front_shiny":"https://raw.githubusercontent.com/PokeAPI/sprites/master/sprites/pokemon/versions/generation-vi/x-y/shiny/129.png","front_shiny_female":"https://raw.githubusercontent.com/PokeAPI/sprites/master/sprites/pokemon/versions/generation-vi/x-y/shiny/female/129.png"}},"generation-vii":{"icons":{"front_default":"https://raw.githubusercontent.com/PokeAPI/sprites/master/sprites/pokemon/versions/generation-vii/icons/129.png","front_female":null},"ultra-sun-ultra-moon":{"front_default":"https://raw.githubusercontent.com/PokeAPI/sprites/master/sprites/pokemon/versions/generation-vii/ultra-sun-ultra-moon/129.png","front_female":"https://raw.githubusercontent.com/PokeAPI/sprites/master/sprites/pokemon/versions/generation-vii/ultra-sun-ultra-moon/female/129.png","front_shiny":"https://raw.githubusercontent.com/PokeAPI/sprites/master/sprites/pokemon/versions/generation-vii/ultra-sun-ultra-moon/shiny/129.png","front_shiny_female":"https://raw.githubusercontent.com/PokeAPI/sprites/master/sprites/pokemon/versions/generation-vii/ultra-sun-ultra-moon/shiny/female/129.png"}},"generation-viii":{"icons":{"front_default":"https://raw.githubusercontent.com/PokeAPI/sprites/master/sprites/pokemon/versions/generation-viii/icons/129.png","front_female":null}}}},"stats":[{"base_stat":20,"effort":0,"stat":{"name":"hp","url":"https://pokeapi.co/api/v2/stat/1/"}},{"base_stat":10,"effort":0,"stat":{"name":"attack","url":"https://pokeapi.co/api/v2/stat/2/"}},{"base_stat":55,"effort":0,"stat":{"name":"defense","url":"https://pokeapi.co/api/v2/stat/3/"}},{"base_stat":15,"effort":0,"stat":{"name":"special-attack","url":"https://pokeapi.co/api/v2/stat/4/"}},{"base_stat":20,"effort":0,"stat":{"name":"special-defense","url":"https://pokeapi.co/api/v2/stat/5/"}},{"base_stat":80,"effort":1,"stat":{"name":"speed","url":"https://pokeapi.co/api/v2/stat/6/"}}],"types":[{"slot":1,"type":{"name":"water","url":"https://pokeapi.co/api/v2/type/11/"}}],"weight":100}